"物理身份","表名","表说明","元数据匹配","九库写入范围","第一模块文档命中","文档入口","中间加工读取任务数","共享加工群","全部观察写入任务","全部观察读取任务","外部相邻任务"
"dataset:69785cc9a0d695eac2629aef28717879ef35525fbe2cac9c7c1bcf56aa22ebc5","odata_n_tit.d_v_risk_rm_bundlereport_tit","【AI】风控视图-期权子交易信息表","PHYSICAL_IDENTITY","否","否","","1","","50050;103285;172105;172107","10580;92541;223556","50050;103285;172105;172107;10580;92541"
"dataset:ffc020bd561430a094057f0b8b7943f0334a9f607d58bdb4140bb88bcb6de530","odata_n_prd.p_basicproduct","","PHYSICAL_IDENTITY","否","否","","5","","60399","34358;61577;66092;66093;66109;66204;66251","60399;34358"
"dataset:ebec7743b9d4aa4b6d6e7d074d1a4ad8983a7feff1f83e80e35ca6d4fac5deb1","odata_n_tit.a_adm_role","","PHYSICAL_IDENTITY","否","否","","0","","34880;63612","37062;159423;208179;208180;208181","34880;63612;37062;208179;208180;208181"
"dataset:4fc4d0a47ebba2b1d1b3ad77a4426d641a28a35df269993dffd66d40710153b1","odata_n_tit.a_adm_role_access","","PHYSICAL_IDENTITY","否","否","","0","","34881;63613","159421;208179;208180;208181","34881;63613;208179;208180;208181"
"dataset:d5118074fb52dca8e413175ab7d5acc51ab3729739cbefd1e331df02f21986c6","odata_n_tit.a_adm_user","","PHYSICAL_IDENTITY","否","否","","0","","34882;63837","37063;159420;159422;208179;208180;208181","34882;63837;37063;208179;208180;208181"
"dataset:931edc907ad2fe50f80da7b6c8f89a4a513cda10571c0cd3243bf0918879ef96","odata_n_tit.b_trd_deal","","PHYSICAL_IDENTITY","否","否","","1","","34883;63759","159419;219264","34883;63759"
"dataset:52abd378619a93780f25da47d23a77d4cb2bb1061e2a35f22acc2f3b99f2257c","odata_n_tit.r_ref_option_general_info","","PHYSICAL_IDENTITY","否","否","","1","","34889;63608","228650;234175","34889;63608;234175"
"dataset:81eaa6ca0630f09266c0ed9dff249a332690b82c914727dcb7f11d63bdb9cead","odata_n_tit.a_adm_user_role","","PHYSICAL_IDENTITY","否","否","","0","","34899;63860","37327;177461;208179;208180;208181","34899;63860;37327;208179;208180;208181"
"dataset:17ba9220ec9d6fda387800eaabb46560c702a2b9006c7c1d143288932d2453b5","odata_n_tit.r_ref_listed_option_props","","PHYSICAL_IDENTITY","否","否","","0","","34915;63687","176204","34915;63687"
"dataset:10ab9c402fed4844054342104db09968c79ab41a32d180f0fc12f27108cd50d9","odata_n_tit.tit_r_ref_instrument_wind_curve_s","","PHYSICAL_IDENTITY","否","否","","0","","35072;63821","172069","35072;63821"
"dataset:6c86767dda915fdf6e9e094c5140f3ab93e995ad66cdc4e7efa31d031a9caedf","odata_n_ta5.d_ta_tfundinfo","TA基金信息表","PHYSICAL_IDENTITY","否","否","","1","","35541;62512","39356;69786;69848","35541;62512"
"dataset:cdc417deb302c596c9beb7c14af7d68196b6e713561b66b7c21861b7aad28aee","pdata_n.t01_indv","个人","PHYSICAL_IDENTITY","是","是（并非已逐分支核验）","docs/00-20260914-图谱认知/01-tit入模/02-TIT入模去向.md;docs/00-20260914-图谱认知/01-tit入模/03-关键入模链路.md;docs/00-20260914-图谱认知/01-tit入模/05-去向与未命中分类.md;docs/00-20260914-图谱认知/01-tit入模/T01-主体与交易对手/当事人与交易对手.md","6","K044;K026","63741;104298;105075","37438;66147;68275;76191;123776;123781",""
"dataset:dbdcdd68a5e4d632f77d494331fcd3f5eabd2f9b6cb5d1b086c36afe3389150b","pdata_n.t01_pty_addr_info","当事人地址信息","PHYSICAL_IDENTITY","是","否","","8","K044;K026","63590;63605;63617;63667;63669;63671;63713;63747;63755;63772;63856","37438;66147;66148;67780;68275;68873;73353;73354;140678;158195","73353;73354"
"dataset:5bfdfb891d6f792ccd0127077895e7e1a1bdbeebe222f3e1fa2d5dc882ca211a","pdata_n.t01_pty_idty_info","每天一份快照，存放所有当事人的各种身份识别证件信息，如身份证、护照、军官证、社会保障编号、驾驶证等，一个当事人有多个证件的，以多条记录存在。","PHYSICAL_IDENTITY","是","是（并非已逐分支核验）","docs/00-20260914-图谱认知/01-tit入模/02-TIT入模去向.md;docs/00-20260914-图谱认知/01-tit入模/T01-主体与交易对手/当事人与交易对手.md","8","K044;K026","63779;63784;63819;219164","37438;66147;68275;68873;71716;73353;73354;76191;136594;158195;164841;177390;178833;206482;208825;227251;227254;232822;234256;234575","73353;73354;136594;164841;177390;178833;206482;227251;227254;232822;234256;234575"
"dataset:239a9b9edba7f63f77863d2822c27172249fd49cfeec086ceb1dd7395387b59c","pdata_n.t01_pty_inr_org_rela_h","当事人内部机构关系历史","PHYSICAL_IDENTITY","是","否","","16","K044;K026;K039;K040;K042;K041","63238","37438;66147;66148;67780;68275;68873;73353;73354;76191;175419;175427;176693;177395;177407;192442;196245;196248;197534;197760;202294;202307;202401;202402;202538;202541;202691;202693;203676;207665;208353;209813;209817;228803","73353;73354;175419;175427;176693;177395;177407;192442;196245;196248;197534;197760;207665;208353;209813;209817;228803"
"dataset:23b13077753b594b6dc75f0395dd6620018b6e30f0d7ed7b83668862bf3d4c67","pdata_n.t01_pty_name","每日一份快照，存放所有当事人的名称变动历史，拉链数据存储","PHYSICAL_IDENTITY","是","是（并非已逐分支核验）","docs/00-20260914-图谱认知/01-tit入模/02-TIT入模去向.md;docs/00-20260914-图谱认知/01-tit入模/05-去向与未命中分类.md;docs/00-20260914-图谱认知/01-tit入模/T01-主体与交易对手/当事人与交易对手.md","42","K044;K026;K068;K087;K090;K093;K096","63634;63653;63700;63702;63703;63731;63732;63775;63792;63794;63805;63823;73196;77079;104299;105076;144561","37438;66147;66148;68275;68873;73354;76191;107018;107024;107281;107481;113694;118174;119044;134549;144300;145871;147185;158195;159177;162676;163077;163640;163672;166644;167391;173282;176360;176443;176525;176874;182264;185234;199736;200030;200078;201568;206952;207458;207545;207753;209119;211492;211619;211623;215700;218951;227251;227254;228195;229121;231741;232822;232836;233302;234256;234575;237888;242931;245918","73354;162676;163640;182264;201568;207458;207753;215700;227251;227254;228195;231741;232822;232836;233302;234256;234575;237888"
"dataset:6b107f6cc3771c2f871533d146534893afd147bb58b319c019df5112b141324b","pdata_n.t01_pty_rat","每日一份快照，存放所有当事人的各种内外部评级信息，如评级类型、评级机构，评级日期，评级结果等，包含反洗钱评级、客户风险评级、私募基金风险评级、期权风险评级等，一个当事人存在多种评级时，以多条记录存在。","PHYSICAL_IDENTITY","是","是（并非已逐分支核验）","docs/00-20260914-图谱认知/01-tit入模/02-TIT入模去向.md;docs/00-20260914-图谱认知/01-tit入模/05-去向与未命中分类.md;docs/00-20260914-图谱认知/01-tit入模/T01-主体与交易对手/当事人与交易对手.md","12","K044;K026","63711;63712;63764;63825;63827;63846;104300;105077","37438;66147;66148;68275;68873;73353;73354;119044;134549;135427;140692;141103;147185;158195;229384","73353;73354;135427"
"dataset:aafa6e82b3afe24cf86169f572c672438bf29da2549459b5ee3523a419cee497","pdata_n.t01_pty_stat_h","当事人状态历史","PHYSICAL_IDENTITY","是","否","","8","K044;K026","63610;63611;63683;63734;63753;63787;72715","37438;66147;66148;68275;68873;76191;135972;158195",""
"dataset:c63a1d4ba2d991eee977b9ebcc200de429636d291ba9218448851250889ddd22","pdata_n.t04_inr_org_name_h","内部机构名称历史","PHYSICAL_IDENTITY","是","是（并非已逐分支核验）","docs/00-20260914-图谱认知/01-tit入模/02-TIT入模去向.md;docs/00-20260914-图谱认知/01-tit入模/05-去向与未命中分类.md","10","K044;K026","61491;61492;61494;61623;89510;91097;94419;165635;197403","37438;63376;66147;66148;68275;68873;76191;93115;163672;175419;175427;176693;177395;177407;192442;196245;196248;197534;208353;209813;209817;211623;228803","175419;175427;176693;177395;177407;192442;196245;196248;197534;208353;209813;209817;228803"
"dataset:b1fca94aab4a5e5c489c9d1c06c3324a93677e7a3355aed315971b3f50233f55","pdata_n.t01_pty_ecif_map","当事人ECIF对照信息","PHYSICAL_IDENTITY","是","否","","4","K044;K026","63187","37438;66147;66148;125840;158195","125840"
"dataset:41c79fc4d5f07e133e0cf614fabc864f4c5f7426d422ca1b3720572872dec951","pdata_n.ref_dw_cd_val","仓库代码取值","PHYSICAL_IDENTITY","是","否","","34","K044;K026;K048;K059;K066;K008;K087;K074","62633;142305;186147","37438;61593;63376;66147;66148;67899;68275;68873;75890;75911;76191;86840;86841;86842;102071;102072;102073;104454;104734;119044;121540;134442;135427;139708;146428;158195;159677;163672;171292;176330;176360;176599;176600;176610;176874;176877;177390;177414;178833;187687;191371;202354;207271;207458;207753;210140;210413;211623;212720;212721;212728;220650;221300;229384;232822;234256;234575;242931;242988;243918","104454;121540;134442;135427;139708;146428;171292;176599;176600;176610;177390;177414;178833;187687;202354;207271;207458;207753;210140;210413;212720;212721;232822;234256;234575;243918"
"dataset:5ae63b1571562da6b312951da1502799db1864df676a7975d1bba3482b707f6a","pdata_n.t01_pty","每天增量更新，存放当事人开户信息","PHYSICAL_IDENTITY","是","是（并非已逐分支核验）","docs/00-20260914-图谱认知/01-tit入模/02-TIT入模去向.md;docs/00-20260914-图谱认知/01-tit入模/T01-主体与交易对手/当事人与交易对手.md","20","K044;K048;K026;K078","61526;61601;63101;63165;63168;63179;63182;63195;63206;63216;63262;76984;77076;77078;144556","37438;63187;63446;66147;66148;67780;68275;68873;73353;73354;76191;76846;123776;123781;136285;136377;141103;158195;159827;208909;212078;229384;242931","73353;73354;212078"
"dataset:6fe25163880c746448571f127e3e774ec3d12233239487215a34281dfd0dbdfa","pdata_n.t98_cust_indv_cust_base_info","T98_个人客户基本信息","PHYSICAL_IDENTITY","是","否","","11","K077;K015","37438;66147","76185;76186;78321;104454;112088;121469;135361;135663;136128;136188;136594;137467;139708;140633;140676;144891;147357;150023;156579;158972;160518;164841;167299;168458;173057;174370;174537;174918;174933;197653;206853;206855;229443;229655;237113;239134;240212","76185;76186;78321;104454;112088;121469;136128;136188;136594;137467;139708;140633;140676;144891;147357;150023;156579;158972;160518;164841;167299;168458;197653;229443;229655;239134"
"dataset:c6aa4577ef4f038aa1448edf13a83b1da0662f5f9a0465c599336992369f567d","odata_n_mot.m_tpdtfundinfo","","PHYSICAL_IDENTITY","否","否","","0","","38070","39719;69635;69801","38070"
"dataset:48904e45f83350400f59ba2b8f343e70e4949bf42f3b17c57267ca2d85253826","odata_n_acv.h_tfundinfo","","PHYSICAL_IDENTITY","否","否","","1","","38165;60753","39719;69635;69782","38165;60753"
"dataset:d5b08c027cf4e95f2e27a3707514d47daeb285cfdf39b0c9bca0fd7c34da6b75","odata_n_mot.m_tpdtfundextinfo","","PHYSICAL_IDENTITY","否","否","","0","","38677","39719;69635;69801","38677"
"dataset:d1d317cd9977de850494e7de333613711dc9d5f0343bcf41f687737495ed186c","pdata_news_n.t02_scr_base_info","证券基本信息","PHYSICAL_IDENTITY","是","是（并非已逐分支核验）","docs/00-20260914-图谱认知/01-tit入模/02-TIT入模去向.md;docs/00-20260914-图谱认知/01-tit入模/05-去向与未命中分类.md;docs/00-20260914-图谱认知/01-tit入模/T02-产品标的与市场数据/01-产品基础资料/00-产品基础资料全貌.md;docs/00-20260914-图谱认知/01-tit入模/T02-产品标的与市场数据/01-产品基础资料/01 金融工具主数据.md;docs/00-20260914-图谱认知/01-tit入模/T02-产品标的与市场数据/02-行情与市场参数/01.1 通用行情.md;docs/00-20260914-图谱认知/01-tit入模/T02-产品标的与市场数据/02-行情与市场参数/01.2 风管行情.md;docs/00-20260914-图谱认知/01-tit入模/T02-产品标的与市场数据/02-行情与市场参数/01.3 期权reset.md;docs/00-20260914-图谱认知/01-tit入模/T02-产品标的与市场数据/02-行情与市场参数/02.2 利率报价.md;docs/00-20260914-图谱认知/01-tit入模/T02-产品标的与市场数据/his/产品标的与市场数据.md","209","K045;K046;K001;K053;K054;K055;K056;K057;K065;K032;K090;K037;K098;K074;K100;K043","39356;39719;59446;59485;59493;61529;61577;69471;69617;69635;69642;69774;69801;69848;70117;103230;103232;105024","59440;59441;59444;59448;59449;59454;59457;66002;66039;66040;66041;66125;66185;66203;66251;66263;66670;69260;69311;69312;69341;69415;69416;69417;69498;69631;69644;69645;69646;69647;69648;69652;69670;69671;69672;69687;69692;69700;69708;69721;69722;69739;69754;69755;69772;69773;69776;69782;69808;69825;69829;69832;69837;69844;69852;69854;69871;69946;69984;69986;69994;69999;70011;70019;70020;70021;70022;70027;70047;70048;70077;70079;70099;70127;70199;70205;70229;70318;70324;70343;70346;70348;70361;70404;70429;70478;70539;70584;70610;71716;72099;72482;72513;73252;75070;76629;76846;86835;88733;90350;91298;91511;91519;92881;92889;93524;98969;100240;101560;102369;102594;102802;103234;103235;103236;103237;103242;103243;103249;103251;103252;103253;103990;104271;104663;104908;104933;105612;105745;105746;105862;107776;110000;114003;115939;117812;117826;117827;119465;125380;127897;127999;130668;134690;135195;137531;138291;139409;140678;141277;142064;142684;144020;144022;144159;144301;144303;144765;146743;148046;150805;150919;152924;154677;155318;158115;158117;158210;158292;158972;159323;159487;160530;160753;161314;161618;162326;162328;162583;163027;163256;163993;163994;164647;165804;168844;170264;170265;170365;170648;171427;176204;176350;180086;180088;182870;183785;185234;187687;188381;189829;189830;190113;191254;191516;191534;191546;191973;194512;195641;197540;200356;201969;202912;202914;203575;205016;207284;207834;208352;208603;211486;211515;211516;211619;211987;212078;212881;214752;216321;216325;216335;216340;216345;216347;216348;218316;218469;219012;219014;219287;219386;220548;220860;221125;221138;221300;223531;226025;226278;227254;227816;228195;228593;229978;231934;234860;238658;239134;244283;245506;245662;246168","134690;158972;161314;162583;187687;191973;197540;200356;212078;227254;228195;229978;239134"
"dataset:fd860ce27df3284489969320268802c16749974e7649caa06a548161051ec5d1","odata_n_tit.d_v_trs_for_risk","TRS监控表","PHYSICAL_IDENTITY","否","否","","1","","40224;66118","41828;71734;176873","40224;66118;41828;71734"
"dataset:13a1323e3fce0ae3ba00188427912a0987453cbc1b438f490a5ff0a319a5eb3a","odata_n_tit.d_v_trs_param_for_risk","期权台账","PHYSICAL_IDENTITY","否","否","","2","","40226;66119","41831;71703;107625;107647","40226;66119;41831;71703"
"dataset:7245754603d5486c5ca1f18f69d30cfc201f8b13ad2ec5203c256f0332fde1e5","odata_n_tit.d_v_retail_option_param","零售视图-期权台账","PHYSICAL_IDENTITY","否","否","","2","","75089;75090","41831;71703;107631;109973","75089;75090;41831;71703"
"dataset:7a707349d90bfa49f6d2fcddaa10e7c671788696a6a73669914ead16d198fec6","odata_n_tit.d_risk_pressure_test_loss_detail","风控压力测试损失明细","PHYSICAL_IDENTITY","否","否","","0","","42766;67148","54507;106208;107350","42766;67148;54507"
"dataset:d6f5be320abc79e75b8a2d2d76cd73d5d7379c3bf61a4a9d7f622e0da037af0c","odata_n_tit.d_risk_eod_report_metric_value","日终限额报告-指标实际值","PHYSICAL_IDENTITY","否","否","","2","","43854;71733","54507;106216;107480","43854;71733;54507"
"dataset:5c382766cc3f2b284ef59d6f91cec2b6391a90a5651690a7868a175344814697","odata_n_tit.m_ref_div_curve","","PHYSICAL_IDENTITY","否","否","","0","","44122;71652","228422","44122;71652"
"dataset:317970ae08423ff0a3015c4be0ed434a0efb34c25e6f68da2858aa27a39289cf","odata_n_tit.d_v_fin_trs_trade_record","【AI】财务视图-互换交易流水","PHYSICAL_IDENTITY","否","否","","2","","44596;71681","44645;184959;199179","44596;71681;44645"
"dataset:5621a5acd46078ee53d8ee43f47da96fbb073ad944d36a859334631310fd8b39","odata_n_tit.d_v_fin_trs","【AI】财务视图-Titans互换信息","PHYSICAL_IDENTITY","否","否","","2","","44601;71810","44648;185032;199176","44601;71810;44648"
"dataset:3ee2d929f854df8e6a9d94f4b44c586a299d0e9a92d5af28eeb12949662b46eb","odata_n_tit.d_v_risk_cross_border_trs","【AI】风控视图-跨境互换","PHYSICAL_IDENTITY","否","否","","4","","44724;71636;89172;120002","106589;107062;143973;143974","44724;71636;89172;120002"
"dataset:ed5e995c3763586de2272397abe83b8672a600693ad3d1f11cf771f5e858f03e","odata_n_tit.d_v_fin_capital_acct_mapping","【AI】财务视图-Titans资金账户信息","PHYSICAL_IDENTITY","否","否","","2","","45738;71641","45831;198021;199182","45738;71641;45831"
"dataset:6c76bd297d655c4a646ab78d43e1fadc8ade374dae2a001f7d523ee581a8a138","odata_n_tit.d_ref_vol_surface","【AI】波动率曲面定义表","PHYSICAL_IDENTITY","否","否","","0","","46064;71782","103242;103243","46064;71782"
"dataset:c2af7b415bf4db1b82d62bf16c8b575c8f90ea0ab34c2fcd9dafe295b03a2a5b","odata_n_tit.d_ref_vol_surface_structure","【AI】波动率曲面结构定义","PHYSICAL_IDENTITY","否","否","","0","","46065;71781","103245;103246","46065;71781"
"dataset:375f53f3b4d751e2da98b90c0cd682dfbe69d1dd13beb27fceabda7c041352d5","odata_n_tit.d_ref_volsurface_instance","【AI】DM-波动率实例表","PHYSICAL_IDENTITY","否","否","","0","","46068;71890","103248;103250","46068;71890"
"dataset:1be480c3a62d838b355909fd260a8869bf6834a1af69d734cc2be500637454ba","odata_n_tit.d_ref_instrument_code","【AI】证券-证券编码","PHYSICAL_IDENTITY","否","否","","1","","46070;71813","103236;103237;246035","46070;71813"
"dataset:8dee50da0e88f398339c662e7f0439129ca68fb4554e22cd9dfe21f61ccdacec","odata_n_tit.d_v_risk_plreport_contract","风控视图-合约维度盈亏数据表","PHYSICAL_IDENTITY","否","否","","2","","52578;71630;171353;171354;172106;172108;200585;201066;212496;212497","54350;107284;107482","52578;71630;171353;171354;172106;172108;200585;201066;212496;212497;54350"
"dataset:d447eec4d7b09da0d1148dc1abc768193e951a77731a7de1164d3e41c6f5588f","odata_n_tit.d_trd_otc_trade","【AI】交易-OTC—交易表（父类）","PHYSICAL_IDENTITY","否","否","","17","K059;K028;K076;K089","52806;71698","86840;86841;103053;103930;105055;105383;105386;105387;105388;105395;105522;105526;105527;105529;106661;106676;107636;110827;110828;119489;133052;133054;133055;134213;134215;134545;141596;156492;156494;156495;156496;156497;156498;156499;156500;160494;169636;183084;183096;183098;206789;208636;209839;211472;211541;211596;211644;211692;211693;211694;211695;211697;211698;211699;216458;220427;220650;222569;222726;224028;234575;246739","52806;71698;103053;222569;222726;234575"
"dataset:e1eaae56e560b2ba53a81136aca353135888bafd0a81ada1e5b12fe47333545f","odata_n_rcc.a_clientinfo","","PHYSICAL_IDENTITY","否","否","","3","K025","60472","57572;57574;61601;63227;63238;63611;63653;63671;63711;63741;63764;63779;63807;63846;69161;70723;74079;74383;86106;104628;202200;202201","60472;74079;86106;202200;202201"
"dataset:aae4a8990adb3405ff8af2c8ae94928e4b78e3e5c7ba88e6e7fc6eb9921ad605","odata_n_rcc.a_organinfo","机构客户信息表","PHYSICAL_IDENTITY","否","否","","5","","60426","57572;63148;63209;63227;63416;63646;63669;63779;63807;74063;86106;100514;111410","60426;74063;86106"
"dataset:71971a99b87b0481d0a8790abc33720ffa263533e9b532f22e3efb5b53846140","pdata_n.ref_cd_cvt_map","代码转换对照","PHYSICAL_IDENTITY","否","否","","221","K011;K005;K017;K024;K049;K025;K050;K051;K048;K001;K029;K008;K014;K031;K004;K009;K089;K021;K093","","57572;61476;61497;61520;61521;61547;61580;61601;61641;61645;62525;62590;62593;62967;63115;63130;63132;63148;63164;63165;63179;63182;63195;63209;63239;63348;63361;63370;63372;63382;63385;63389;63397;63403;63405;63409;63410;63413;63415;63416;63418;63419;63433;63434;63436;63440;63441;63458;63460;63605;63610;63611;63646;63667;63669;63671;63698;63712;63741;63753;63772;63779;63784;63787;63789;63790;63807;63808;63856;64075;64103;64107;64127;64183;64184;64189;64205;64210;64260;64303;64649;64777;65423;65513;65538;65648;65803;65968;66090;67899;69189;69548;69878;69879;72208;73176;75005;75911;77074;77083;80211;80256;80257;80258;85260;87030;87032;91304;91492;93518;95340;95657;97286;97287;98403;98517;99917;100156;100911;100919;101329;102414;102638;102639;103928;103929;103930;103937;103938;103941;103942;103943;104627;104734;105053;105054;105055;105072;105073;105074;105383;105392;105395;105522;106083;106589;106590;107062;107284;107482;107625;107631;107636;107647;108951;108952;109369;109973;110164;110346;110832;110993;112119;112120;121280;121575;121720;123781;124565;124566;127023;132350;132351;132353;134442;134528;134536;134537;134540;134546;135427;137368;138028;138186;138194;138206;138208;142888;143973;143974;144295;144296;144299;144556;144558;145137;146386;146516;148415;149557;149814;150221;150757;151338;151342;151652;151655;152824;153067;153220;154147;154944;155602;156296;156500;158720;158725;159177;159419;159421;159422;159489;159495;159497;159498;159506;159677;160522;160710;160714;160791;160792;160794;160795;162676;163027;163077;163286;163712;163771;163965;164123;164124;164367;166009;166644;167963;169392;169636;169638;170348;172288;173559;173965;173966;173967;173973;175141;175241;175246;175990;176525;176610;176827;176864;177390;178833;179726;180113;180164;180284;180692;180714;181553;181556;183084;183088;183091;183093;183096;183098;184842;185023;185024;185025;187506;187509;188414;188419;188424;188429;189432;189434;196270;197337;197339;199176;199871;200030;200078;200759;201568;202201;203506;203839;203916;203917;203918;203919;203920;203921;204668;207458;207513;207514;207529;207753;208143;208755;209119;209862;209894;210339;210759;210760;211472;211535;211541;211596;211639;211640;211644;211809;212026;212078;212234;212235;215700;219085;220640;223192;224327;225912;227251;227254;231741;232684;232822;232836;234256;234575;234584;242878;243712;244380;244970;245918;246200;246308","63130;63239;64260;77083;99917;100911;100919;110346;110832;132350;132351;132353;134442;135427;137368;138028;154944;162676;169392;175141;175241;175246;176610;177390;178833;180284;201568;202201;203506;203839;204668;207458;207513;207514;207529;207753;209894;212078;215700;219085;224327;225912;227251;227254;231741;232822;232836;234256;234575;246308"
"dataset:468f32c2e0e81f4af996ea87debc44fd7dccbdfbe4e8e110f1eaba4a379a5925","pdata_n.t01_pty_stati_info_h","历史拉链表，增量更新存放所有当事人其它的重要的统计数据信息，如机构联系人数量、我司可联系人员数量、客户团队明细、客户考核产品信息、客户年收入等，信息比较多，具体统计信息项内容可查看仓库代码字段","PHYSICAL_IDENTITY","是","是（并非已逐分支核验）","docs/00-20260914-图谱认知/01-tit入模/02-TIT入模去向.md;docs/00-20260914-图谱认知/01-tit入模/05-去向与未命中分类.md;docs/00-20260914-图谱认知/01-tit入模/T01-主体与交易对手/当事人与交易对手.md","25","K026;K093","57572;90735;100514;114401;114423;173975","67780;68275;68873;114782;134549;143860;147185;150022;158195;172257;172288;173137;174026;174032;184662;195334;200030;200078;200180;206789;209119;215700;219099;232822;233302;234256;234575;243831;244011;244100;244109;244135","114782;184662;215700;232822;233302;234256;234575"
"dataset:afac39341b13fd68baba16642025a47ced18a7c6abccfb5d061cade720a7096c","pdata_n.t01_pty_imp_lkman","每天一份快照，存放所有当事人的各类重要联系人的名称，生日、联系方式、证件等信息，如当事人的法定代表人、经办人、联系人、控股股东、负责人、委派代表、产品资产管理人、产品资产托管人、实际受益人、实际控制人、操作控制人等，一个当事人有多个重要联系人的，以多条记录存在","PHYSICAL_IDENTITY","是","是（并非已逐分支核验）","docs/00-20260914-图谱认知/01-tit入模/02-TIT入模去向.md;docs/00-20260914-图谱认知/01-tit入模/T01-主体与交易对手/当事人与交易对手.md","4","K026","57574;63646;63666;63668;63698;63789;63790;63807;63808;73176;150755","66148;68275;68873;73353;73354;158195","73353;73354"
"dataset:d00c6e6515f0f1fd6f5266ee3f042b2984ce1741ddc45ef22e561768a1135554","odata_n_uip.w_codeandsname","业务代码及简称","PHYSICAL_IDENTITY","否","否","","1","","59166","59493;70229","59166"
"dataset:8c8675e50043b4804d4df835c78c4ef69792a52b3d37df8c699111ddef59ae6d","odata_n_tit.d_v_fin_capital_change","资金总额变动视图","PHYSICAL_IDENTITY","否","否","","2","","59199;71817","59339;185038;199181","59199;71817;59339"
"dataset:5d2be019b1c0d94fabf1d9165edf81be4eac6d45860323a1b0a8a547dbed3c71","odata_n_tit.d_v_fin_option_info","财务视图-Titans期权信息","PHYSICAL_IDENTITY","否","否","","2","","59200;71741","59340;185518;199178","59200;71741;59340"
"dataset:8975dac6cea68835dcd6f467fc815466fc740a6605512a25a0b7145d46636866","odata_n_tit.d_v_fin_option_trade_record","财务视图-OPTION交易流水","PHYSICAL_IDENTITY","否","否","","2","","59201;71737","59341;185525;199180","59201;71737;59341"
"dataset:60b13c5b33b8eaafcb2ba2396719472c9f49872a7e0e5d8dd02c66f3f0325be9","odata_n_icc.u_optcode","","PHYSICAL_IDENTITY","否","否","","0","","59281","59446","59281"
"dataset:6b608d6e20afc02ed8e2bf2b8239b4d682853f832395308ae2df73c054c2cccd","odata_n_icc.u_stkcode","证券代码表","PHYSICAL_IDENTITY","否","否","","0","","59399","59446","59399"
"dataset:51984a290a0dfffd3e0f14e0fdbf7f00dfbeadc6584a78462e09e5ee6ab6bfcb","odata_n_icc.p_prodcode","","PHYSICAL_IDENTITY","否","否","","0","","59400","59446","59400"
"dataset:4e81eb16f0888753234c62425515101bc811514090064de88388a290e62e081c","odata_n_uip.w_tb_object_1120","沪深交易所行情","PHYSICAL_IDENTITY","否","否","","2","K045","59412","59441;66203","59412"
"dataset:f2cf60a789866f583c38e6a13a2e44669a340a62ae2025eafcab9eb9e4869dc5","odata_n_rcc.h_his_assurecode","担保证券信息历史表","PHYSICAL_IDENTITY","否","否","","4","K045;K046","59413","59440;59441;66185;66203","59413"
"dataset:59684e526aca3367c57e22bf45c260695e3867e0f514af59f263c669dd47cfd6","odata_n_uip.w_windcustomcode","Wind兼容代码","PHYSICAL_IDENTITY","否","否","","4","","59416","59493;69700;70229;70324;114003","59416"
"dataset:5bc53754301f99feb6461b5275ba8d9b0ef11c3bd95f2e3106a711066095459b","odata_n_uip.w_compintroduction","","PHYSICAL_IDENTITY","否","否","","1","","59425","218318","59425"
"dataset:79e69fb68708e1d5859a639894c26005ce86241d45cf608fd23f68ac9d802800","odata_n_rcc.h_his_price","【AI】历史价格表","PHYSICAL_IDENTITY","否","否","","3","K045","59428","59440;66203;192217","59428"
"dataset:d61a2c036a6714d0be1ba8f4cc244fe9779a27b6e4131bfb89af69654e39a25b","odata_n_rcc.a_stock","","PHYSICAL_IDENTITY","否","否","","2","","59433","59448;63370","59433"
"dataset:cadbfadd0972296a77680eb4256fd85e9264501b43b47befcc329eb933ed4723","odata_n_icc.a_stock","","PHYSICAL_IDENTITY","否","否","","2","","59435","59454;63370","59435"
"dataset:1c2c8e683476f5892ba2e87163991fe0608caa45aff0871908b9ce8616fdd876","odata_n_rcc.h_his_optprice","期权历史行情表","PHYSICAL_IDENTITY","否","否","","2","K045","59468","59440;66203","59468"
"dataset:0ac67b63719f6ea3f351ad800a8d293556cfd87b40a5f7c1df7ed5ca37ef7656","pdata_news_n.t02_exch_quot_h","证券交易日行情","PHYSICAL_IDENTITY","是","否","","7","K078","59440;59441;59457;69631;69708;69825;72482","66187;110179;136285;136377;145137;170408;203575;216347","170408"
"dataset:d6fd30fb48ffee224e4808497748ee45e36c673e6293af1e0cd34deca9c93946","odata_n_uip.w_tb_object_1090","证券","PHYSICAL_IDENTITY","否","否","","2","K045","59459","59441;66203","59459"
"dataset:c1e715904740ef6d2e4b3e8c90cf1a845b68d0844fb3a8a1ed7c62e232c2c47c","odata_n_rcc.u_stkcode","证券代码表","PHYSICAL_IDENTITY","否","否","","8","K045","59465","59441;59485;63361;63403;66203;157296;161314;185023;185024;185025","59465;161314"
"dataset:be13dee927651da0dfaceb56476b859a60e486fb01bcb1cce7aed91724b28e84","odata_n_rcc.h_his_stockjour","","PHYSICAL_IDENTITY","否","否","","1","","59486","59444","59486"
"dataset:879c9ca3e7fa50b1981471a74f67a0842f2687b8d4a5dcc8fa24ac76caca5701","pdata_news_n.t02_pub_covt_const","常量转换表","PHYSICAL_IDENTITY","是","是（并非已逐分支核验）","docs/00-20260914-图谱认知/01-tit入模/T02-产品标的与市场数据/01-产品基础资料/05.6 公司行为.md;docs/00-20260914-图谱认知/01-tit入模/T02-产品标的与市场数据/02-行情与市场参数/02.1 汇率中间价.md","108","K055;K057;K030;K009;K090;K092;K098","74850","59444;59446;59448;59449;59454;59471;59485;59493;63326;65994;66002;66021;66039;66040;66099;66263;69341;69471;69477;69617;69631;69652;69687;69692;69708;69754;69774;69794;69825;69844;69946;70077;70079;70229;70318;70324;70343;70348;70361;70539;72482;72513;76629;89673;92881;98969;99157;103203;103204;103230;103232;103238;103239;103990;105024;105612;105616;105862;105863;107776;109410;127999;130668;137531;141277;144066;144298;144301;146743;148046;148697;150805;151206;151207;151401;154677;155160;155854;158210;158292;158671;159250;159487;160530;164723;165051;165949;167380;170264;170265;171040;172823;172848;175782;175843;176599;176600;176610;176827;176983;177018;181555;182209;185234;188381;189542;190113;190375;190382;191011;191516;194512;195641;196129;196973;203859;203884;207513;207753;208428;210184;211516;211619;211752;214752;218318;219012;219287;219386;219460;219622;219732;219865;220548;222346;227816;230720;230735;230766;230777;230792;234568;244379;246527","176599;176600;176610;191011;196973;207513;207753;234568"
"dataset:b8a0298ec07bc20fe5d69828348c3c0871f950e8fb89dfcad60783d6cdc9e35b","pdata_news_n.t02_scr_base_info_pre","","PHYSICAL_IDENTITY","是","否","","0","","59444;59445;59447;59448;59449;59454","59446;59485",""
"dataset:feb25b1d8e1f43ce1386fb5785e5f483815f3f6a949a9264aacd0ff50e7e7e40","pdata_news_n.t02_scr_cd_rplc_info","","PHYSICAL_IDENTITY","否","否","","0","","","59446;59485;59493;69471;69774;103230;103232;105024",""
"dataset:2b41a71427f0d9ec8eaccb30fe4a90198124296a80c55495e4577819c20755ae","odata_n_rcc.p_derivprodcode","","PHYSICAL_IDENTITY","否","否","","0","","59464","59446;59485;61249","59464;61249"
"dataset:2549ba8f79d970d2213fd9a99ec23349d8117cd86cb34440a5b0221425d72201","odata_n_icc.h_his_stockjour","","PHYSICAL_IDENTITY","否","否","","1","","59450","59449","59450"
"dataset:ae36484ed1856fc4b760eabbe9b37ad9c78c06aac90a2d0c2c21c8c9761fe1bd","odata_n_rcc.u_optcode","","PHYSICAL_IDENTITY","否","否","","0","","59453","59485","59453"
"dataset:25c11c92a0e780728f014bc25df2949b9fd8e041c0cb1f8ae8fd3248b04b4317","odata_n_icc.h_his_price","【AI】历史价格表","PHYSICAL_IDENTITY","否","否","","2","K046","59482","59457;66185","59482"
"dataset:98323631b89bf3793afd49b56661a6b4eb1ab2f3064977e842c3141a9ae605c9","odata_n_icc.h_his_optprice","期权历史行情表","PHYSICAL_IDENTITY","否","否","","2","K046","59483","59457;66185","59483"
"dataset:3daf176b6433371147aaabd9a1c5c14ef1174ae5220afb95eb824070bf323e32","odata_n_oao.c_applies","","PHYSICAL_IDENTITY","否","否","","1","","59462","59462;66285","59462"
"dataset:4013d9909887d66f13d42d38407b64daebbcb2b577e3cc78c4daf9ba12421388","odata_n_rcc.p_prodcode","","PHYSICAL_IDENTITY","否","否","","1","","59463","59485;177018","59463"
"dataset:4b2e607fa2e3fc68016dda102e1db1044876bedbb6d6f7306f88a3677ab30ee2","odata_n_uip.w_compintroduction_p","公司简介","PHYSICAL_IDENTITY","否","否","","1","","214046","59471","214046"
"dataset:9ce39fb0742629e2f4658e8c4c5c25318a01a30636cd45a150489e8297eaadfd","pdata_news_n.t02_co_base_info","企业基本信息","PHYSICAL_IDENTITY","是","否","","25","K098;K101","59471;63326;69477;69816;89673;109410","59493;69404;69471;69617;69722;69773;69946;70324;70474;70539;70610;72513;87510;99917;105024;151206;156491;158115;159487;165051;213889;219287;219622;219732;219736;220860;229009;229012;229013;229014;229015","87510;99917"
"dataset:3a57103e1b7e73fb1e45f1c74af7b2f0d4f3f24e08a7a1a248fddd117003ff3d","pdata_news_n.t02_scr_base_info_rcc_tmp_c","","PHYSICAL_IDENTITY","否","否","","0","","","59485",""
"dataset:a6b650f195027332fa27c00c6bbae5a3d0a5a74d6821d50570b3d2788cac3f15","odata_n_uip.w_asharetypecode","类型编码表","PHYSICAL_IDENTITY","否","否","","10","","59488","59493;69754;69755;70079;70324;70404;70478;100240;141241;158115;226025","59488"
"dataset:571cb7f0fe3f80a7e11769a861b19ab9f2605ccf4e9a494b9f26280b582961d0","odata_n_oao.c_tsys_order","订单表","PHYSICAL_IDENTITY","否","否","","1","","59489","64210","59489"
"dataset:38cd7e32ae1576482f3ce0ec1c2a3d024f7402147c3580768a0baf78ab272a8d","odata_n_uip.w_ussharewindcustomcode","美股Wind兼容代码","PHYSICAL_IDENTITY","否","否","","0","","","59493",""
"dataset:4f501d56086f09d07758c46c22d74dcefa31206f527d28a40ad9b9aee989b896","odata_n_rcc.a_stockholder","","PHYSICAL_IDENTITY","否","否","","11","","60318","63460;63779;63964;64107;64127;64183;69878;69879;92767;92769;111410;185023;185024;185025","60318"
"dataset:fb9457f9aac1f480d2e5b973dff4e5d7e41557c49d9066d32955add2642f0dde","odata_n_rcc.a_fundaccount","资产账号表","PHYSICAL_IDENTITY","否","否","","3","","60324","63435;63741;64075;64103;64205;64303;74079;80256;80257","60324;74079"
"dataset:01e765b0268303097f867f5870e7c923b1153a458e72ee0a2b8c0bff2b2be1b4","odata_n_lps.c_vw_hagf_xl","","PHYSICAL_IDENTITY","否","否","","1","","60325","63361","60325"
"dataset:45fda0f370d885a8a4e905576483b0fd82ecafc580aad4e746900c6023253104","odata_n_lps.p_sys_settle_dept","","PHYSICAL_IDENTITY","否","否","","1","","60327","61491;61520;61624","60327"
"dataset:dc5e83c54aa01ab85d35934a0dd8c7b3213d43f3a506f151142416e088fcc972","odata_n_erp.a_gf_organization_units_v","","PHYSICAL_IDENTITY","否","否","","0","","60328","61606","60328"
"dataset:4085974e3056b34464d101e6cec52779a93666c2b38b2f41df221d4057329f60","odata_n_rcc.u_businflag","","PHYSICAL_IDENTITY","否","否","","1","","60338","62543","60338"
"dataset:bd34564cfcf5f5e47083bf373ecdacea1f5ebb3c8c0349e7f4b2887017685797","odata_n_crm.c_tyybxx","","PHYSICAL_IDENTITY","否","否","","1","","60339","61641","60339"
"dataset:1eafc6f29f6f2a25b7531f50910c3c2283c827c3c8a2e0b570c5469c5d65e6f7","odata_n_rcc.h_his_secumdeliver","","PHYSICAL_IDENTITY","否","否","","1","","60346","63409","60346"
"dataset:4a78f03faec92ecd2a87984a81f840df19595b1a5512b984f77a94d24299443f","odata_n_rcc.h_his_derivdeliver","","PHYSICAL_IDENTITY","否","否","","1","","60349","63410","60349"
"dataset:d098a29f28c3fee6f2b571307f315c73f1b70b4a471d122a4ba9c0d0116cb28f","odata_n_rcc.a_organprodinfo","","PHYSICAL_IDENTITY","否","否","","1","","60351","63113;63808;74063;74073","60351;74063;74073"
"dataset:7b390744a9a3914b5af8715d916253b558390267534f88b1bfcb40cd39fcf0c1","odata_n_lps.p_sys_cust_dept","","PHYSICAL_IDENTITY","否","否","","2","","60352","61610;63361;63403","60352"
"dataset:b299882ed0409d80edb29f588054d7b3313da2ebc3e5f3b89732032ec303ae9a","odata_n_prd.p_prod_manual_label_rel_view","","PHYSICAL_IDENTITY","否","否","","1","","60357","66251","60357"
"dataset:c86b79bc56163326e9534f806817e0e9d7e58eabca4af5cff6f2cf71ee197d49","odata_n_icc.h_his_compact","实时合约历史表","PHYSICAL_IDENTITY","否","否","","2","","60360","63115;66021","60360"
"dataset:4373a17ba0d5077e417c4c3a25b623530f5e3374bcfe947d86a9882702803e41","odata_n_ta5.d_ta_tnetvalueday","","PHYSICAL_IDENTITY","否","否","","1","","60367","70584","60367"
"dataset:0cd04e877e193c067a38b64f463977c67389eb51b00befe8444066d4f54d13fe","odata_n_icc.h_his_secumdeliver","","PHYSICAL_IDENTITY","否","否","","1","","60374","63441","60374"
"dataset:6a21b5024b08c642c9f5f5e9b64ab9b7b7e87501d04c8d0f158f78e75f8461cd","odata_n_ta5.d_ta_taccoinfo","","PHYSICAL_IDENTITY","否","否","","4","K017","60380","63165;63212;63385;63605;63753;63789;63792;63819;63825","60380"
"dataset:bdf7782ca3fb068baba9be7b74567a2640dd31af81d05c0a92fd1b72a49645fe","odata_n_ois.o_otc_incomecertificate","","PHYSICAL_IDENTITY","否","否","","2","","60382","66251;92881","60382"
"dataset:9958097387b3db26c8a8c343be110e7d51f7ea0b0568f6dcfb4b5643ede18b04","odata_n_rcc.h_his_compact","实时合约历史表","PHYSICAL_IDENTITY","否","否","","3","","60384","63115;64649;65994","60384"
"dataset:9c5da292bfb1d4c97628d793d4b2e3f7f4d691594c43b436b60d1497246c805e","odata_n_rcc.a_secumshare","","PHYSICAL_IDENTITY","否","否","","1","","60393","63372","60393"
"dataset:0b65a45575aaea6da6b52a8ee9f9af64e8097b2e3942d2699bd0f5ff350a0364","odata_n_icc.o_optfundaccount","","PHYSICAL_IDENTITY","否","否","","2","","60395","63435;148445","60395"
"dataset:f1a6e2e48e4e8f780f3cd07cbc49103f9866c2ca043c9dec23f83e72078b097c","odata_n_rcc.a_prodadvshare","","PHYSICAL_IDENTITY","否","否","","1","","60396","63389","60396"
"dataset:c8d40bf9710038c6f190261d2aa32fdd61132abd767e47e06585e24c34bc5983","odata_n_rcc.a_clientprefer","","PHYSICAL_IDENTITY","否","否","","1","","60397","63416;63741;63764","60397"
"dataset:a1c68d95e1ae1bda774921ae279726bb966c61e0e1717399f1e043e36877e7d7","odata_n_rcc.h_his_secumentrust_s","","PHYSICAL_IDENTITY","否","否","","1","","60404","66090","60404"
"dataset:2f173a1fd4e8af8b60f3484ce0ec57009b1fe8bfb08f76ae0308c3d23e6fd88e","odata_n_crm.c_txscpkfgx","","PHYSICAL_IDENTITY","否","否","","1","","60405","63180","60405"
"dataset:9e41a00f7cd60d9ae6ea6d7754d70e7b34c3bd9ae86b0d457a5f06d1fc190f37","odata_n_rcc.h_his_compactjour","","PHYSICAL_IDENTITY","否","否","","1","","60413","63397","60413"
"dataset:715c0e8a3dd5409e86b2ae94a02c3c590e115d41b44294e016746b9792ed56b9","odata_n_crm.c_trzrq_zrt_kfgx_new","","PHYSICAL_IDENTITY","否","否","","1","","60425","63243","60425"
"dataset:cf5fab39217df6b71a889b7e4c49c74e1e64e888381ab3b2aed727c494db611d","odata_n_rcc.u_sysdictionary","数据字典","PHYSICAL_IDENTITY","否","否","","3","","60427","62633;177018;199435","60427"
"dataset:8d8bdb6d4c275296aad81107c4cdda34982ec11184f9a83ac1e8c22695030e7b","odata_n_rcc.t_optfundaccount","","PHYSICAL_IDENTITY","否","否","","2","","60428","63435;148445","60428"
"dataset:29db36826f8cb6afcfe583f527d304591d1eff710105e021e32f339ebb3fea0f","odata_n_icc.a_secumshare","","PHYSICAL_IDENTITY","否","否","","1","","60437","63458","60437"
"dataset:f093573265f9157cded6b63450407fd3f39a7abeb05fc28582029de1dd9556a5","odata_n_ecr.s_v_crm_acc_credentials","","PHYSICAL_IDENTITY","否","否","","2","K024","60440","63217;63413;63784","60440"
"dataset:7a34821d216507732649a036b5a1d2c1e99eac3fdf85bf17d8d9b52eea936a91","odata_n_crm.c_tryxx","人员信息","PHYSICAL_IDENTITY","否","否","","2","","60444","63090;63119","60444"
"dataset:b34bae0fa13dffb92f23e4db6d04ae32a986af64be0f3006b9d7825b61112f76","odata_n_crm.c_tfwgx","","PHYSICAL_IDENTITY","否","否","","1","","60447","63090","60447"
"dataset:12c8ab96de17b23e4288e6a06ca53492502cb987030eea4b1b43e3af2e483f46","odata_n_rcc.h_his_deriventrust","","PHYSICAL_IDENTITY","否","否","","1","","60448","65648","60448"
"dataset:1acee60d87b7859169e1120ab49d26bfc8fd34f39cdd2649af096dadaf8e839d","odata_n_ecr.s_v_crm_account_info","","PHYSICAL_IDENTITY","否","否","","6","K024","60449","63164;63195;63217;63413;63610;63667;63784;63805;208317","60449"
"dataset:175638359c6f948bb59f1f58d76f3b9749bc4615ecde009470e4bdddb4ba4ab8","odata_n_ois.o_otc_derivative_counterparty","衍生品交易对手维护表","PHYSICAL_IDENTITY","否","否","","15","K059","60450","63131;63132;63168;63382;63590;63698;63703;63712;63734;86840;86841;86842;105743;117081;133049;147452;149555;149557;220650;232556","60450"
"dataset:18cfa37d136d5ef0881ba83490a11d53dcac458f16d3ee8a08520844cbe7b351","odata_n_ecr.s_v_crm_acc_addr","","PHYSICAL_IDENTITY","否","否","","4","K024","60451","63164;63217;63413;63667","60451"
"dataset:f976d39703c2140f193b9e8691d64ea8724305a056312c199d7084337658c1aa","odata_n_rms.n_crm_customer","","PHYSICAL_IDENTITY","否","否","","3","","60455","61526;63133;63348;63732;63856","60455"
"dataset:2892ee8dfe324a80d0d67a3f3f6612c36a6893671a749e557482ba6b7757f5a7","odata_n_hpb.t_torganizationinfo","","PHYSICAL_IDENTITY","否","否","","2","","60456","63182;63418;63668;63702;63747","60456"
"dataset:a47dbc79f6ef478c5debdec5c91139f3f770ad72457bb643e5491be653071193","odata_n_icc.h_his_compactjour","合约流水历史表","PHYSICAL_IDENTITY","否","否","","2","","60461","63397;63436","60461"
"dataset:30ba2ca889e807f5a22460ea32296496e4a5ddc3139418f16acfee5c63175fb7","odata_n_ta5.d_ta_tacconet","","PHYSICAL_IDENTITY","否","否","","1","","60463","63415","60463"
"dataset:23971273c9efa81359c29c22e467ad722013c2e8a9618242de6b9f7299e04515","odata_n_ta5.d_ta_tcustomerinfo","","PHYSICAL_IDENTITY","否","否","","4","K017","60464","63165;63212;63385;63605;63753;63789;63792;63819;63825","60464"
"dataset:50cdecf446b4719ffd135b5aea1f18138d17bea62a94c41a5c87bf3397236839","odata_n_rcc.u_allbranch","券商机构表","PHYSICAL_IDENTITY","否","否","","1","","60465","61523;61607;61622;61623;134442","60465;134442"
"dataset:b199d25e9b1889df83a4dca9ac0152d839d6b4ac24c05b5e5f7d195254b419c5","odata_n_rcc.a_clientinfox","客户扩展信息","PHYSICAL_IDENTITY","否","否","","1","","60466","63227;63416;63741;63807;63808;74063;74073;74079","60466;74063;74073;74079"
"dataset:46231b4d5d28a6a817d646a98363bbbffc29144de67416a97713675597f177ad","odata_n_rcc.a_secumholder","","PHYSICAL_IDENTITY","否","否","","2","","60468","63410;65648","60468"
"dataset:ccaaf92e6faf8f6e82209720115a095833858410e7d11371f96cc4a2bffa0188","odata_n_rcc.a_client","一柜通客户信息表","PHYSICAL_IDENTITY","否","否","","5","K025","60471","61601;63238;63416;63611;63653;63669;63671;63711;63741;63764;63779;63807;63846;74079;86044;202200;202201","60471;74079;86044;202200;202201"
"dataset:78e9a67cb6e2905a2d66d5443bd750a3c1bb80d1ce2babd76308845f94569054","odata_n_crm.c_tsrp_kfgx","","PHYSICAL_IDENTITY","否","否","","1","","60474","63242","60474"
"dataset:bf2070632bf3b6dad20296d0c4051b2bf504727859d56543f031bc86f09a3be3","odata_n_rcc.o_clientoptctrl","","PHYSICAL_IDENTITY","否","否","","0","","60476","63711","60476"
"dataset:7463396985a00e19239cc6c98ef69e89c4d6b9f7f5e4b638bb921e3aa057f013","odata_n_lps.s_vw_sagf_xs","","PHYSICAL_IDENTITY","否","否","","1","","60479","63403","60479"
"dataset:d5569ff1e3af4aaf6504efe91fc583fcaca5b190e51305b114f009b58d8d2bc2","odata_n_nbo.u_clientprefer","","PHYSICAL_IDENTITY","否","否","","0","","60481","63764","60481"
"dataset:f91ab699fe781aec13cb8f8286c3f1f8788a911379983fb1fea0e02e93eedeff","odata_n_erp.a_fnd_flex_values_vl","","PHYSICAL_IDENTITY","否","否","","0","","60553","61536;61638;197403","60553"
"dataset:a83f46a2fc841e4da640cee1dd5191b6e5702ae5a05a5c8ac4a43d6a9e6f3c2d","odata_n_ecr.s_cx_div_info_v","","PHYSICAL_IDENTITY","否","否","","1","","60556","243236","60556"
"dataset:8f54d077503142a10a68af746c5827e1455698ad6695aa8243bfa83258364d2b","odata_n_rcc.u_exchangedate","","PHYSICAL_IDENTITY","否","否","","1","","60565","62548","60565"
"dataset:a2b61b30a5063c2bbb8022a45ade9005d1b172dc53081bba144d07a50109eb57","odata_n_rms.n_anl_group","","PHYSICAL_IDENTITY","否","否","","2","","60567","61501;61639","60567"
"dataset:22f55eb21f2b2f610eac5ee48f3aaa4a9ec1f81141a14d1fdd2968d83d0baba9","odata_n_uip.q_md_trade_cal","","PHYSICAL_IDENTITY","否","否","","1","","60571","66099","60571"
"dataset:86ac5a2fbd799f976c63cd84f21af7eecbde0f6d57eed41af09695c81017b0f0","odata_n_hfm.h_gfhfm_entity_desc","","PHYSICAL_IDENTITY","否","否","","1","","60574","72228","60574"
"dataset:8283ec2563811dba98f2066db7e9662afdbfb27ff750e46e662eb2444e3364d9","odata_n_hfm.rpt_cux_hdm_dim_entity_tree_v","","PHYSICAL_IDENTITY","否","否","","1","","60580","63400","60580"
"dataset:ad4046222cb28d9c2b8c054ee4e7d8d6eced115e8d913ba3c9437ae41e9a0fc3","odata_n_erp.a_fnd_flex_value_sets","","PHYSICAL_IDENTITY","否","否","","0","","60584","61536;61638;197403","60584"
"dataset:966ecebb4faa06d075b6778cfaf9ab993c2a8678494b32f6d2795cd549113d4d","odata_n_rms.n_sprt_orgobject","","PHYSICAL_IDENTITY","否","否","","1","","60596","99570","60596"
"dataset:62d4c7d656ac2a0f00a9611fc53cb151a94f50acd1db3b21bfe41a6fdd881d77","odata_n_rms.n_um_userinfo","","PHYSICAL_IDENTITY","否","否","","1","","60597","99570","60597"
"dataset:5082b70f711f66da36e7c4b0e4fc459a08eca33e0f19a4a937a3fd66dd02a2f5","odata_n_uip.q_sys_code","参数集合","PHYSICAL_IDENTITY","否","否","","5","","60604","66099;69341;69477;69498;138291","60604"
"dataset:4038f52ee68b39da874b97f892b7cafda808b217967ba668cff68fc674f920f0","odata_n_uip.d_t_enterprise","企业基本信息表","PHYSICAL_IDENTITY","否","否","","2","","60605","63326;141022","60605"
"dataset:22e7423a1344db6eac358595af94f232cabb4d195f4b5c50adb93acb95e0679d","odata_n_erp.a_gl_code_combinations","","PHYSICAL_IDENTITY","否","否","","1","","60606","61604","60606"
"dataset:03c3c10c7238c68a0334afaeaae05916f0d55ae583c391771dbe5fbad43c1804","odata_n_prd.c_prod_income_cust_relation","","PHYSICAL_IDENTITY","否","否","","1","","60608","66109","60608"
"dataset:e1dafe783cab18993e45823e7ae0b87b5809ee3ff0b8ffde85523284163849ed","odata_n_rcc.h_his_prodadvdeliver","","PHYSICAL_IDENTITY","否","否","","1","","60611","63405","60611"
"dataset:43aa59ea95b1b6b8a838f5f0f967878f4e096bc18cc92cb48ab095713be57e61","odata_n_hfm.h_gfhfm_entity_item","","PHYSICAL_IDENTITY","否","否","","1","","60612","72228","60612"
"dataset:75d0da26c32ae9fefde221f8e842613a451a3adcba0acd56d292ad27e3b9df79","odata_n_prd.c_prod_income","","PHYSICAL_IDENTITY","否","否","","1","","60614","66109","60614"
"dataset:aff9686c3a044c353249643b529e12e326cbcd0a67b9bba2932ac7b7017462cc","odata_n_prd.c_prod_income_detail","","PHYSICAL_IDENTITY","否","否","","1","","60616","66109","60616"
"dataset:dcf12d76a86f0b245eb578699c632dd94469bcd10e215cfb6e1973227b68cf99","odata_n_ppm.p_person_base_info","","PHYSICAL_IDENTITY","否","否","","4","K005","60618","61521;61615;61642;61645","60618"
"dataset:8f2d256c56a36658ea239944e5e86507b6bfbb9f85f65aed323db81c7bbe71e5","odata_n_sta.s_tcustomerinfo","","PHYSICAL_IDENTITY","否","否","","3","","60735","63179;63434;63772;63787;63790;63794","60735"
"dataset:7a7b286bd3e21269d9cf45fb3240d53980482172851cd230541da8d19ef31504","odata_n_uip.w_cbondrating","国债券信用评级","PHYSICAL_IDENTITY","否","否","","1","","60746","235489","60746"
"dataset:5236929cf4bae447c5861acd03d2d35b2436098edb42c18db88be2f37dd64c59","odata_n_xir.m_tbnd","债券表","PHYSICAL_IDENTITY","否","否","","4","","60754","69617;99157;107776;141277;218316","60754"
"dataset:8e382a12e687cdfe6830f37c0d3b83b85b50c9adeaf1dc58ae749e0952c65735","odata_n_xir.m_tfnd","","PHYSICAL_IDENTITY","否","否","","0","","60758","69617","60758"
"dataset:b5ae56b8c5bfe5a06abfd788b3d495fbfd9a9cf1743f10fb5c07b6f4140c7c89","odata_n_uip.w_cmfundsplit","","PHYSICAL_IDENTITY","否","否","","1","","60773","69700","60773"
"dataset:02629c28bca2bf1ba9213f1fb2b752b770cef73d59e03c48402293b9a36c7ae9","odata_n_rcc.h_his_stockholderjour","","PHYSICAL_IDENTITY","否","否","","1","","60777","65513","60777"
"dataset:5ae96fd7287eaf40a136537ca165dabb3a42807bbfb0279d97ff54b974a1a87f","odata_n_uip.w_bsharedividend","","PHYSICAL_IDENTITY","否","否","","2","K057","60783","70348;137531","60783"
"dataset:6fcfff7809645fec8091f997635eb6ea84f1f5c910ed0fa399dd2c837ecfff31","odata_n_cvs.y5_tp_asset","","PHYSICAL_IDENTITY","否","否","","1","","60798","69772;69801","60798"
"dataset:05412da1491479b10864f14e52861b81cce321f222c70264b000d149ec511a73","odata_n_gpb.u_sys_org","","PHYSICAL_IDENTITY","否","否","","1","","60813","63262;63478;63634","60813"
"dataset:4ab28164b19de42eb0020ed23a07cb9c65259b2c494684c379b7d03207c7078c","odata_n_xpb.t_company_company","","PHYSICAL_IDENTITY","否","否","","2","K049","60814","63101;63419;63731;63755","60814"
"dataset:bf4bc732ca733e997fa4ff7bedd64f9704f85a58ea51401ff6e68cd97c427f84","odata_n_rcc.h_his_soptregjour","","PHYSICAL_IDENTITY","否","否","","1","","60823","65423","60823"
"dataset:1146543b275b3286b89d913f0fefa773df5c6e03ea1a2f18c8c42843f01bb5ab","odata_n_uip.w_neeqssecindustriesclass","","PHYSICAL_IDENTITY","否","否","","1","","60935","69773","60935"
"dataset:6408ee08c3643c2bb47ef1f9499fceb156832a8ce6208c661b40aa848e14e418","odata_n_sta.s_taccoinfo","","PHYSICAL_IDENTITY","否","否","","1","","60938","63179;63787","60938"
"dataset:eed861b908cfdcbaf940267e7d576545731fd2da82178edf3a243617954df2bb","odata_n_prd.prd_p_go_ctrl_product","","PHYSICAL_IDENTITY","否","否","","1","","60952","66204","60952"
"dataset:793b415eb6e2cd3153f8de920eb8123d5f01bb457316707b125a4187b371efd5","odata_n_crm.c_ttzgw_qyxy","","PHYSICAL_IDENTITY","否","否","","1","","60961","63119","60961"
"dataset:86c522d31c9301c41de9fe9e36142f0f894d89faf7ef8c2245074d707cde7573","odata_n_uip.w_chinaclosedfundeodprice","中国封闭式基金日行情","PHYSICAL_IDENTITY","否","否","","1","","60976","69631","60976"
"dataset:074a1f26f17f3d9d784b6df49e6ff971a66274d343194c782f07b007e3f08293","odata_n_uip.w_asharerightissue","中国A股配股","PHYSICAL_IDENTITY","否","否","","4","K055","60984","69692;69825;70404;233395","60984"
"dataset:5002070cbfe8ad0bca576ad8c494331a564665959b8eb786343793f5e989fd1c","odata_n_uip.w_ashareipo","中国A股首次公开发行","PHYSICAL_IDENTITY","否","否","","1","","60994","233392","60994"
"dataset:5f347782cdd52793a29139484a17edabff9ef02bc1df1a62264fe5ca0b7f1aeb","odata_n_uip.w_ashareindustriescode","行业代码","PHYSICAL_IDENTITY","否","否","","17","","60997","69260;69644;69645;69646;69647;69648;69672;69721;69722;69739;69773;69776;69837;69871;104271;159323;233387","60997"
"dataset:6001f283393fc92e98067ae40333fcae38c9e84c6181fb7fb6a59dc2d38338c6","odata_n_uip.w_hkshareanncolumn","","PHYSICAL_IDENTITY","否","否","","1","","61000","69415","61000"
"dataset:c4df93937627e3dfbe81ba9839ce75dcc5b18ac64c08eb1c116f63b2c1344ee8","odata_n_prd.p_offline_prod_share_his","","PHYSICAL_IDENTITY","否","否","","1","","61028","66092","61028"
"dataset:38daf6fe068e7a9225c6ff12a8920f42d8e3a697ff54963fb04752bcd30f99c8","odata_n_uip.w_asharesseindustriesclass","","PHYSICAL_IDENTITY","否","否","","1","","61042","69644","61042"
"dataset:70ac4cbe97af21038ca1f12761eca3c4bf83e9f0bec96b0d2368fac5115c514c","odata_n_uip.w_ashareeodderivativeindicator","","PHYSICAL_IDENTITY","否","否","","1","","61045","70361","61045"
"dataset:fc33487829cddb1c01a52252c4738496ddbd0f367b68c1e6fce23073d213af49","odata_n_uip.w_asharecniindustriesclass","","PHYSICAL_IDENTITY","否","否","","1","","61046","69645","61046"
"dataset:68ca61ef8b9e41074d27f0408f6474ceca6fc66ead653130eacd1bda906bd16a","odata_n_uip.q_md_security","证券主表","PHYSICAL_IDENTITY","否","否","","5","","61049","69341;69471;69498;69708;70343;72482","61049"
"dataset:ed5dcf3c9e731ee17e2fe86ace757e390a58f6c696a79bd50c2b2545ee3a7f40","odata_n_uip.w_cdrdescription","中国存托凭证基本资料","PHYSICAL_IDENTITY","否","否","","1","","61051","66263","61051"
"dataset:a8b4e6b38e93486581d4bf6cd57ece5c794b809fea5471ecdc2ba4070fb73a09","odata_n_uip.w_hkshareanninf","","PHYSICAL_IDENTITY","否","否","","1","","61053","69415","61053"
"dataset:d25ba4bf8f2cd93e97e92051d8052da65f1131a2aad1d1d2026a4e26efbd84c2","odata_n_ta5.d_ta_tbusinflag","","PHYSICAL_IDENTITY","否","否","","1","","61059","62588","61059"
"dataset:f17a68e04eaa20d687afb5939073fee124a7b3fd31d72a05529b6496c7bc08e2","odata_n_uip.w_hkshareeodprices","香港股票日行情","PHYSICAL_IDENTITY","否","否","","1","","61061","69687","61061"
"dataset:63fe7133c52c77a3765201aca5106dda20f21fa3e97a97bd6c75af76e155bcc3","odata_n_mot.m_tpdtwindingupinfo","","PHYSICAL_IDENTITY","否","否","","1","","61071","69832","61071"
"dataset:ff0158fba81f70c7a59415f0ee11d2d0f4fd4cd8a7e5e0b3b0edd48632d21d44","odata_n_uip.w_ashareseo","中国A股增发","PHYSICAL_IDENTITY","否","否","","2","","61100","70324;232538","61100"
"dataset:b4fc3c5cc7d98591c94fba3d55dafa2ae4fdef03279a562ee8df62836411157d","odata_n_ta5.d_ta_tconfirm","","PHYSICAL_IDENTITY","否","否","","1","","61107","64605","61107"
"dataset:10fe0a7a5f84953167e54fd8071f344a53e1b98c8493fec9a9bc53cb9c58a6b0","odata_n_uip.w_hkscmembers","","PHYSICAL_IDENTITY","否","否","","2","","61110","66125;182870","61110"
"dataset:1902c6307e20b2918ba09f8835640907ae7b62d5cf01c11736dc9223cfa41011","odata_n_uip.w_asharebalancesheet","中国A股资产负债表","PHYSICAL_IDENTITY","否","否","","1","","61114","232196","61114"
"dataset:124dac99653a562cafb17c25f3d0793213f98affc66c2499286cc655da63eed6","odata_n_ta5.d_ta_tdividenddetail","","PHYSICAL_IDENTITY","否","否","","1","","61116","65237","61116"
"dataset:df5bbdd63a848194c26ac279e075170522337f4f300947127d3e4295df85d21a","odata_n_uip.q_mkt_fx_qt_rate","","PHYSICAL_IDENTITY","否","否","","1","","61118","151206","61118"
"dataset:c6adfc037672b252eb57d449915feb0ed297a128dcdc159bd5ca40a8f53beb97","odata_n_uip.w_ashareeodprices","A股日行情","PHYSICAL_IDENTITY","否","否","","2","K055","61121","69692;69825","61121"
"dataset:c6e6424b8af26bbc4e88146b1db2921a46b7938c625c5f8dfad10cf16fe2acc1","odata_n_acv.h_ttmp_h_gzb","","PHYSICAL_IDENTITY","否","否","","1","","61127","62967","61127"
"dataset:fdc98cca7630a9cd3a42cbcb1dcd2440aad84ef2db2b3e2e39eaa20e4bc997da","odata_n_uip.w_hksharest","","PHYSICAL_IDENTITY","否","否","","1","","61133","70011","61133"
"dataset:abdbe100c461c190e27590ba10b35bb32bae626276d726e909c3f0ded4497901","odata_n_uip.w_neeqst","","PHYSICAL_IDENTITY","否","否","","1","","61134","70022","61134"
"dataset:eb71c7f6f4ce3652a4f30108d4a480ea1cfb234ad894112a2748e2a040b8e872","odata_n_uip.w_cbondst","","PHYSICAL_IDENTITY","否","否","","1","","61135","70021","61135"
"dataset:8a7554c48ac3ab942be9a999f7d678782c06f579ea9e4348b78e4ad403a1818a","odata_n_uip.w_bsharest","","PHYSICAL_IDENTITY","否","否","","1","","61136","70020","61136"
"dataset:176b9db04242f8b1c398f977bdac62303ce0c54f90c8a89b1048dc15796fddbb","odata_n_bpm.g_v_bpm_document","","PHYSICAL_IDENTITY","否","否","","1","","61144","100156","61144"
"dataset:300e241fe62dde0f88a589de68049198ef6366bc9836d0c3561ea169b8678bbc","odata_n_uip.w_asareplantrade","中国A股股东拟增减持计划","PHYSICAL_IDENTITY","否","否","","1","","61219","232546","61219"
"dataset:4b496b3d08d078aeb0c416c6bde6d6c3f8c6cfee799407fa0d30deb50e2ba4f3","odata_n_rcc.u_underlycode","","PHYSICAL_IDENTITY","否","否","","1","","61227","62593","61227"
"dataset:de672be8746de0b25444bd7d37636e520e5a85c7d658f89a75a051a9b3aeb5bd","odata_n_uip.d_t_equity_family_tree_level6_all","6层族谱数据表","PHYSICAL_IDENTITY","否","否","","3","","61246","138806;138807;141022","61246"
"dataset:fede574fe1031dc1bbef5a2051931e6a3657cd8179e64731d5a805d26d2e8753","odata_n_uip.q_eco_data_gf","","PHYSICAL_IDENTITY","否","否","","1","","61255","69956","61255"
"dataset:dda2eac6deca80ca893be02e039a8a4eb4457fe80e5ac42805074d69a7ec4a4e","odata_n_ta5.d_ta_tfundstatusday","","PHYSICAL_IDENTITY","否","否","","1","","61261","70584","61261"
"dataset:279724011d5da4e012debd9b9b3fbc671a66bcfc8d7c8d395b54aeec21448989","odata_n_uip.q_mkt_fx_ref_rate","","PHYSICAL_IDENTITY","否","否","","1","","61269","151207","61269"
"dataset:110e19a359f9576226dc19bea9c17e1ca6e1b6b36202216a0813aa2e69c7a865","odata_n_uip.w_asharemargintradesum","","PHYSICAL_IDENTITY","否","否","","1","","61294","69996","61294"
"dataset:0113c70ae5c1d25872dfbf0d9c1b039c863c338957073bce429836ac35b8dcf0","odata_n_rcc.u_assurecode","","PHYSICAL_IDENTITY","否","否","","2","","61300","62590;75070","61300"
"dataset:f7fff48310b14c92243c9fc94dd6289d7140f8e14619050bd25f56a47dc2cd18","odata_n_rcc.r_refcashcompact","","PHYSICAL_IDENTITY","否","否","","2","K051","61325","64189;65538","61325"
"dataset:53fffb0cd61936b051c6d684eaffc2d6fa7a8a351cfa666dee72c8e5c61a1580","odata_n_uip.q_md_sec_halt","","PHYSICAL_IDENTITY","否","否","","1","","61327","70205","61327"
"dataset:13322109cfb17bb4d98b69e8127e2934e66c85467b252961e174556afd80454b","odata_n_icc.a_cashaccount","","PHYSICAL_IDENTITY","否","否","","1","","61330","63435","61330"
"dataset:0d015373b446efe86d3b4a6757e00fa136aeb505ff91ed6af6bd814659ca794a","odata_n_cvs.a_tp_orginfo","","PHYSICAL_IDENTITY","否","否","","1","","61347","63398;63775","61347"
"dataset:8df4e16f0af578ede498a652c7e957b73f72662335dfd3722b792e3025b169d8","odata_n_uip.w_chinamutualfundsector","","PHYSICAL_IDENTITY","否","否","","1","","61360","69871","61360"
"dataset:96ac81ca557f4281c24b78674ae571ef334a4b4a492c4efb18f902af29049ea2","odata_n_icc.a_fundaccount","","PHYSICAL_IDENTITY","否","否","","1","","61371","63435;64075;64303","61371"
"dataset:e9f8d4d26c0db22899ec6d750258f2671c5c1585ad5ed29d8e384b5924703162","odata_n_crm.c_tgqjl_jljhgl","","PHYSICAL_IDENTITY","否","否","","3","","61382","75003;75005;79088","61382"
"dataset:efa2154cd5ce12a878dc38fd0b6afadd1c9f265354d6cd0d18e1b11c09013b2a","odata_n_pas.j_hssorg_org","组织表","PHYSICAL_IDENTITY","否","否","","11","K005;K029","141676","61476;61492;61524;61540;61564;61609;61641;61645;87152;127023;145723;146581;148415;186350","141676"
"dataset:8c0592a1b30a84b640548bd540d7b2691afbfc09b00c527169e793be68bd875f","odata_n_pas.j_hssorg_org_ver","组织版本信息表","PHYSICAL_IDENTITY","否","否","","12","K005;K029","141673","61476;61492;61524;61540;61564;61584;61609;61641;61645;87152;127023;145723;146581;148415;186350","141673"
"dataset:d4e6292482cfcdf197a51da17a4ed01b6a65cca9711f5c3a31e8a5d979962a69","pdata_n.t04_inr_org","内部机构","PHYSICAL_IDENTITY","是","是（并非已逐分支核验）","docs/00-20260914-图谱认知/01-tit入模/02-TIT入模去向.md;docs/00-20260914-图谱认知/01-tit入模/05-去向与未命中分类.md","7","","61476;61520;61523;61543;61638;89514;91096;94260;165634","61593;63376;63446;93115;123776;127360;134442;137368;169945;186430;230140","127360;134442;137368;230140"
"dataset:ee33869f36de2ee34bb32c3cb9be20b8607414450ebcd494a8fcb3c0927f2ca5","temp.t04_inr_org_name_h_temp_lps001","","PHYSICAL_IDENTITY","否","否","","0","","","61491",""
"dataset:f41a09dfc419c33b848033a50eaa263d3e2bd10d2fc632bc669620484fbee9a2","odata_n_ioa.i_gf_department","","PHYSICAL_IDENTITY","否","否","","6","K058","63031;71238","61493;61494;61543;61608;73031;73034;87152;175974;243236","63031;71238"
"dataset:f7b640c95cab60e9035e399622a5f4adb7670c963709240b8afc22469ebdde5a","temp.t04_oas_inr_org_temp","","PHYSICAL_IDENTITY","否","否","","0","","","61493",""
"dataset:fe4fb2c37cf5c5b12f25749f2b30939ae3bcc0fd262a8a1e20024e85e2130b0d","temp.t04_oas_inr_org_mid","","PHYSICAL_IDENTITY","否","否","","0","","","61493",""
"dataset:f3220d17adb7ad0f6af98219cb6f23d95aef21d31d05d485365086740340522b","pdata_n.t04_oas_inr_org","OA内部机构","PHYSICAL_IDENTITY","是","否","","9","K073","61493","63376;93115;105743;107383;121433;121434;123776;127360;133136;137368;169945;170132;230140","107383;127360;137368;230140"
"dataset:29b4491a7f852b46d4900098d669196dca6fe5848546cc56f99c2514c4ef6bc0","temp.t04_inr_org_name_h_temp_ioa006","","PHYSICAL_IDENTITY","否","否","","0","","","61494",""
"dataset:583f487b989172b44cd72a3321787d67a005444aca71b842e2fede0de17b339a","temp.t04_inr_org_name_h_mid_ioa006","","PHYSICAL_IDENTITY","否","否","","0","","","61494",""
"dataset:eafa58d3a685e8b428cf9dc34fb7da5d92f51b586b50b2790b70b4fee35fdefb","odata_n_pas.j_hssemp_employee_basedoc_ver","【AI】员工档案版本","PHYSICAL_IDENTITY","否","否","","12","K011;K005","141666","61497;61524;61546;61547;61629;61645;87450;132906;153221;153222;168290;186350","141666"
"dataset:6235c04014ca24ee658a6b5e3cf71a79b4a11c8894780d85c905a2c3396b38fc","pdata_n.t04_emp_frnt","员工表前置-用于加工智慧人力员工范围-临时表","PHYSICAL_IDENTITY","是","否","","20","K011;K005","186350","61497;61521;61524;61540;61546;61547;61629;61645;87152;87450;132906;146581;153220;153221;153222;160710;176156;193982;199864;208648",""
"dataset:2a1c364265e9e25d8297d79c783740a56027676178e1251b72c72648f0466fed","pdata_n.t04_emp_idty_info_h","员工鉴别信息历史","PHYSICAL_IDENTITY","是","否","","0","","61497","",""
"dataset:9891a3ee5a8effd825f12f09fc58ac43159a96e22408a2b1fd405e242e3444ff","odata_n_rms.rd_q_org_grp_rela","研究方向一二级映射表","PHYSICAL_IDENTITY","否","否","","1","","61602","61501","61602"
"dataset:2e5721c8ac7e66b4ea035520cec268e0415a9a778c20fc730cd36d7ecd3e52fc","pdata_n.t04_emp_grp","员工组","PHYSICAL_IDENTITY","是","否","","1","","61501;61639","63446",""
"dataset:1a9bf52fa389076c9effde9469e8056a9379a6b6c29d13a9811f579f929d79d7","temp.t04_inr_org_temp_lps001","","PHYSICAL_IDENTITY","否","否","","0","","","61520",""
"dataset:77d0e8c5015851b10d98d6f3d4894c971cd35d4290f3b3bb2071ca5090335dfe","odata_n_pas.j_hssemp_employee_other","其他个人信息","PHYSICAL_IDENTITY","否","否","","5","K005","141926","61521;61645;87450;168290;186350","141926"
"dataset:1dafa3696b2c51f678dee80a3f470ee20f8f6be127d0ea359104da6424d1e799","odata_n_pas.j_hssemp_employee_other_ver","其他个人信息版本表","PHYSICAL_IDENTITY","否","否","","5","K005","141889","61521;61645;87450;168290;186350","141889"
"dataset:bd08e56b40d4078926545fa32c45ffbc203e18f957c9d9bb0564e2af3e343475","odata_n_pas.j_hssemp_employee_post","员工分配信息表","PHYSICAL_IDENTITY","否","否","","10","K005","141888","61521;61524;61540;61629;61645;87152;153220;160710;186350;208648","141888"
"dataset:89dc9a9c1f4a0159fde3bf76fa94b0b13d762d7444a3440824358077f0bbb926","odata_n_pas.j_hssemp_employee_post_ver","员工分配信息版本表","PHYSICAL_IDENTITY","否","否","","9","K005","141668","61521;61524;61540;61629;61645;87152;153220;186350;208648","141668"
"dataset:ac92afa3a3b909dec729ea7c8058d0891c7c5779162a0e5374ea84d1445d9260","odata_n_pas.j_hssbsi_defdoc_detail","【AI】自定义档案子表","PHYSICAL_IDENTITY","否","否","","12","K005","142152","61521;61524;61540;61547;61564;61580;61584;61629;61645;153220;163965;186350","142152"
"dataset:ecbe9e83b04b6847a48bcaad8458abab89bbb8a7384fb1f39fc72864f207cefb","odata_n_pas.j_hssemp_employee_post_status","分配状态表","PHYSICAL_IDENTITY","否","否","","8","K005","141887","61521;61524;61540;61629;61645;87152;153220;186350","141887"
"dataset:b58ca81430c6d45ecf3bd8b01fbe2f90571757c5b4cdd2c5846dd7011cbc3220","pdata_n.t04_emp_stat_h","历史拉链表，用于存放员工状态（如在职、离职、休假）历史记录，按照状态类型记录员工在不同时期的有效状态代码。","PHYSICAL_IDENTITY","是","否","","0","","61521","",""
"dataset:1b80a51ab48fa2a199cc114ab246b22b8223d7c19bb9004768e8cb1cd4e91ef2","temp.t04_inr_org_temp_rcc001","","PHYSICAL_IDENTITY","否","否","","0","","","61523",""
"dataset:d2c8428e2d346a2570eb33e8ffc2e204eb7038ad178dfab44ef673a6fdd3f64c","odata_n_pas.j_hssorg_post","岗位表","PHYSICAL_IDENTITY","否","否","","3","K005","141671","61524;61584;61645","141671"
"dataset:f1d8d9e34c86d604e5a176b300b3ee6613446ec65ddfddf60f0a0d128ee0d25a","odata_n_pas.j_hssorg_post_ver","岗位版本表","PHYSICAL_IDENTITY","否","否","","3","K005","141557","61524;61584;61645","141557"
"dataset:e1dafc76f9e26b9688cc8edda802df7f93a561c67d28154d661d4bd0a879a0f4","odata_n_pas.j_hssemp_employee_basedoc","员工基础信息表","PHYSICAL_IDENTITY","否","否","","8","K005;K011","141936","61524;61547;61629;61645;132906;153222;168290;186350","141936"
"dataset:4d5cb2ecd7735c5dcf9d2b0896e515c46ea4c16f8e5fba8b85b79bbd72fd7be0","pdata_n.ref_cd_cvt_map_temp","代码转换对照临时表","PHYSICAL_IDENTITY","否","否","","0","","","61524;61645;103943;105074;110346;114023;121575;121720;124561;180284;194780;200060;202899;202900;207935;208593;209862;211547;211856;211929;212185;216176;216182;216526;218212;221601;225926;226111;228970;229582;229762;231741;243712","110346;180284;211856;216176;216182;216526;218212;225926;229762;231741"
"dataset:9199f273af152e1ce70da2a7a52868fadfc8535b34eaa4bfa37b50c8a021c6f6","pdata_n.t04_emp_pos_asgn_h","员工职位分配历史","PHYSICAL_IDENTITY","是","否","","2","","61524;99570","136990;169392;191371","169392"
"dataset:7f2b7cc2cffc64fa19530c86ea7490fee7fe0ee469285fb619180fff5d00e275","odata_n_erp.a_fnd_flex_value_norm_hierarchy","","PHYSICAL_IDENTITY","否","否","","0","","61563","61536","61563"
"dataset:0cc0819a31b8c6fb6acff3efea562a44c117e512be6b8ca6669d483d8b824ad5","pdata_n.t04_inr_org_rela_h_erp038_temp","","PHYSICAL_IDENTITY","否","否","","0","","","61536",""
"dataset:76bcc71e2293601d21b5e64bd773b5966b48ef0db41e4adcbee50962f04be725","pdata_n.t04_inr_org_rela_h","内部机构关系历史","PHYSICAL_IDENTITY","是","是（并非已逐分支核验）","docs/00-20260914-图谱认知/01-tit入模/02-TIT入模去向.md;docs/00-20260914-图谱认知/01-tit入模/05-去向与未命中分类.md;docs/00-20260914-图谱认知/01-tit入模/T04-机构用户与权限/01 公司与部门.md","12","","61536;61606;61607;61608;61609;61610;89511;91098;94421;165637","61593;63376;63400;63446;66109;93115;125840;136990;145651;147945;147985;150023;169945;171292;175419;175427;176693;191371;192442;201463;202354;207070;209813;209817;210140;210413;212720;212721;243781","125840;147945;147985;150023;171292;175419;175427;176693;192442;202354;207070;209813;209817;210140;210413;212720;212721"
"dataset:2ae56f7acac054a386a803d126462d42b755417f8ff7e15bc339095b83340dac","odata_n_ioa.i_gf_user_del","已删除的用户信息表（同步）","PHYSICAL_IDENTITY","否","否","","6","K058","63036;71419","61539;61612;73031;73034;87152;99570;134215","63036;71419"
"dataset:7bd7115e1a02453f7db5827ae92c820d2a5dc8f020c2917a1230f7230880493a","pdata_n.t04_oas_user_adtnl_info","OA用户附加信息","PHYSICAL_IDENTITY","是","否","","0","","61539;61655","",""
"dataset:e0698fed5237cdfe445b0f70176989ad287ba711c3790da53404cb832fd17965","pdata_n.t04_emp_inr_org_rela_h","员工内部机构关系历史","PHYSICAL_IDENTITY","是","否","","2","","61540;87152;146581","63376;123776;147889","147889"
"dataset:127ca7fdafc5ff4f760d719074a3eb3c8cd5607083566bb74ac91f6f498d097f","temp.t04_inr_org_temp_ioa006","","PHYSICAL_IDENTITY","否","否","","0","","","61543",""
"dataset:9e16ed90283c2b6ad87043a10268eff77b95356580e88c317db95a2a99551fd6","pdata_n.t04_emp_name_h","员工名称历史","PHYSICAL_IDENTITY","是","否","","1","","61546;61642","216569",""
"dataset:bc8c66a901cdcaf9c3c81d83270b75f8100321d59f5bb296a2ef4e50929578e6","odata_n_pas.j_hssemp_employee_contact","员工联系信息表","PHYSICAL_IDENTITY","否","否","","1","","141937","61547","141937"
"dataset:79519f20c3e179fc61cc412866c8c502b23897320ef887c22196f58fd7fb544a","odata_n_pas.j_hssemp_employee_contact_ver","员工联系信息版本表","PHYSICAL_IDENTITY","否","否","","1","","141938","61547","141938"
"dataset:4d90735b48528112e2c3ab781a08816679c3a75f67e2f9d53190b4704d608533","odata_n_pas.j_hssorg_org_address","组织地址表","PHYSICAL_IDENTITY","否","否","","1","","141674","61547","141674"
"dataset:ba72dc14a5c9f3576838ad3d05ea5c1d06cdc9240b32b1bf9c0ab5fb00c9c2f2","pdata_n.t04_emp_addr_h","员工地址历史","PHYSICAL_IDENTITY","是","否","","0","","61547;61615","",""
"dataset:181d4160bb17d13474862bf00a561ac5e01ec04e96b8b0da732e1a7b84791a13","odata_n_aum.c_tapp_channeltype_special","","PHYSICAL_IDENTITY","否","否","","4","K023","237461","61560;62895;62922;62923","237461"
"dataset:7b5675b5bd055bc9113f5153fa1d498baf915b1ff9dbea0093cafda79cb2b07b","pdata_n.t08_chan_rela_h","渠道关系历史","PHYSICAL_IDENTITY","是","否","","1","","61560","67780",""
"dataset:b22e3511ad9908186d4983a49146a6ea4538d61b9c46be3c0c66b2b727c500fd","odata_n_erp.a_hr_operating_units","","PHYSICAL_IDENTITY","否","否","","1","","167608","61564","167608"
"dataset:44da04a3f7d4b8df59e8037797ebdd586f5e44361bed5a46131da7541dff4db2","pdata_n.t04_erp_inr_org","行政管理内部机构","PHYSICAL_IDENTITY","是","否","","6","","61564","63376;93115;123776;125840;134263;136594;136990;171292;186430;191371;202354;210140;210413;212720;212721","125840;134263;136594;171292;202354;210140;210413;212720;212721"
"dataset:4db8aa55ce40db06353dbe35858ca5eefae93df348e25de00ead4721dfb2b94f","pdata_n.t98_org_emp_base_info","T98_员工基本信息","PHYSICAL_IDENTITY","是","否","","57","K073;K015;K016","61573","63446;66109;105743;107383;108930;108944;109044;121433;121434;123776;133136;134442;136594;136990;137368;144891;147889;147945;147985;148806;149243;152234;152257;152592;152613;152727;153126;155612;158280;159585;159756;159973;160257;161271;161899;161920;166614;167299;168458;169392;170132;170725;170941;171292;173057;173843;174370;174537;174918;174933;177390;177407;177414;177677;177681;178833;189204;190435;191371;193642;193671;193686;193691;193766;193770;193799;193800;196465;197534;199244;199245;199246;199809;199817;199879;201197;202091;202354;202681;203714;203828;203979;207271;207351;207665;208353;210140;210413;212630;212720;212721;213385;216569;218029;218037;219085;222830;222860;224741;228803;229121;235224;235230;236184;243781;243790","107383;134442;136594;137368;144891;147889;147945;147985;152234;152257;152592;152613;152727;155612;166614;167299;168458;169392;171292;177390;177407;177414;177677;177681;178833;190435;196465;197534;201197;202091;202354;203714;203979;207271;207665;208353;210140;210413;212630;212720;212721;213385;218029;218037;219085;222860;224741;228803;236184"
"dataset:d23111438241cd8bf73b7e35164083fb383bc6bc0e4613c54cdc9d7f6079dfb6","odata_n_erp.g_gl_balances","","PHYSICAL_IDENTITY","否","否","","1","","61578","61644","61578"
"dataset:7a13e9da4490f94acddc8fff7d292bf4649fae502361cc96e3a23d1621855ec7","pdata_n.t04_job_info","职务信息","PHYSICAL_IDENTITY","是","否","","1","","61580","169392;191371","169392"
"dataset:166c2646e28d6e7cc1549c0ff309679c6933cf5a99e1a7d77bcfb663c4c4f5b7","pdata_n.t04_pos_info_h","职位信息历史","PHYSICAL_IDENTITY","是","否","","0","","61584","169392","169392"
"dataset:3d4ee17862e810dfb0095d72a52762bf02f510762ab1e9467ae481bc89fa2eff","pdata_n.t04_inr_org_stat_h","内部机构状态历史","PHYSICAL_IDENTITY","是","否","","2","","61624;148415","61593;63376",""
"dataset:7de755917626ef968bde08b922d23fa5b254ec7b05e55935647335b08059c6ae","pdata_n.t04_inr_org_phys_addr_h","内部机构物理地址历史","PHYSICAL_IDENTITY","是","否","","2","","61641","61593;63376;150023","150023"
"dataset:4f8f33c836066703c0db193405ded2a4abab9a84f921ececd2f045158772de0b","pdata_n.t06_admin_area","行政区域","PHYSICAL_IDENTITY","否","否","docs/00-20260914-图谱认知/01-tit入模/T06 区域范围说明.md","7","K017","","61593;61641;63177;63605;63617;102931;102934;118180;150023;203119","63177;150023;203119"
"dataset:87bb0c983bbd36efbb7599b806d1e6cf6427317bbf474cd3a1ae3e191638d224","pdata_n.t98_org_brch_div_info","每天一份快照，存放我司分支机构的清单，机构编号使用柜台的编号，机构名称使用ERP机构的名称，所属分公司数据从ERP获取","PHYSICAL_IDENTITY","是","否","","46","K012;K069;K073;K074;K077;K015","61593","66109;66551;76186;98312;98318;100130;104454;105497;105743;108930;108944;109044;109513;112088;113694;118180;121433;121434;121469;121540;123571;123668;123776;124476;131654;133136;134442;135109;135361;135427;135530;135663;136128;136188;136594;136990;137020;137594;147889;147945;147985;148906;148911;149001;149087;149092;149841;155612;156579;160518;163725;164841;166614;167299;168458;170408;173057;174370;174537;174918;174933;175419;175427;176693;177395;177407;187687;190237;192442;196245;196248;197534;197760;197997;201197;201463;201626;202071;202486;202516;202836;203119;203714;207070;207271;207665;208353;209813;209817;212242;214294;216955;216982;228803;231751;231804;231821;232164;234266;236184;237113;239134;243781;243790","76186;100130;104454;112088;121469;121540;124476;134442;135109;135427;135530;136128;136188;136594;137020;137594;147889;147945;147985;149001;149841;155612;156579;160518;164841;166614;167299;168458;170408;175419;175427;176693;177395;177407;187687;192442;196245;196248;197534;197760;197997;201197;201626;202071;203119;203714;207070;207271;207665;208353;209813;209817;228803;231804;231821;232164;236184;239134"
"dataset:5d9e672575ee965039476db2fbdb92e6a0ee878738b96b97562468b823b08951","odata_n_uip.w_ashareleadunderwriter","","PHYSICAL_IDENTITY","否","否","","1","","61596","70324","61596"
"dataset:3c1214cd782adc5fb7bd345fbbb4f1832166cd43bd4fef8273e96bbbf428ef37","pdata_n.t09_subj_comb","科目组合","PHYSICAL_IDENTITY","是","否","","1","","61604","72228",""
"dataset:91f0d85d3ceb53c2e3631803fd73753a63054ecd7868d8f7f40e58b117841191","pdata_n.t04_inr_org_rela_h_ioa006_temp","","PHYSICAL_IDENTITY","否","否","","0","","","61608",""
"dataset:55810010a5ece9ba715a537784f914d795947af02f767c6e7d034ce3cdf0122c","pdata_n.t04_inr_org_rela_h_ioa006_mid","","PHYSICAL_IDENTITY","否","否","","0","","","61608",""
"dataset:ffae0c8b94bcfecebb6a375f9fcc50f5edc0706472bba5e3dbc8978df0742198","odata_n_ioa.i_gf_user","用户信息表（同步工程）","PHYSICAL_IDENTITY","否","否","","9","K058","63035;71422","61612;61631;61655;61660;73031;73034;87152;99570;134215;175974","63035;71422"
"dataset:3f2cdeaec208cd8e2d9c5615365e847c05629a5956d552267ca0edd4648dc2ac","temp.t04_user_emp_rela_h_ioa004_temp","","PHYSICAL_IDENTITY","否","否","","0","","","61612",""
"dataset:91704536ccb461377de63fab3b60ecd7f3037d85ddc342424fdbd79ff1597132","temp.t04_user_emp_rela_h_ioa004_mid","","PHYSICAL_IDENTITY","否","否","","0","","","61612",""
"dataset:bbb7a4d4171e4a0fcbbbd5b332adaf6d2bf81a98eea572781976a99c551334df","pdata_n.t04_user_emp_rela_h","用户员工关系历史","PHYSICAL_IDENTITY","是","否","","3","K080","61612","63376;134442;137368;149053;149054","134442;137368"
"dataset:160348f44d2c298e1e0897c6c09506b07df460db2ff7642dbcb1159fb220ab22","temp.t04_emp_addr_h_temp_ppm001","","PHYSICAL_IDENTITY","否","否","","0","","","61615",""
"dataset:50c99fed63c151d64f483c36e51661697d46aec084e3010cd595726316594ad5","pdata_n.t04_inr_org_cont_info_h","内部机构联系信息历史","PHYSICAL_IDENTITY","是","否","","1","","61622","63376",""
"dataset:7d0e8ed157a29e2b3a8a809bd1389092c4899d4dfc9b461aedf7781c09a07eba","temp.t04_inr_org_name_h_temp_rcc001","","PHYSICAL_IDENTITY","否","否","","0","","","61623",""
"dataset:0e1a6804456b166dceb44b0d379cfe77757640342a3cef96fcd26606672a9c66","pdata_n.t04_emp_rela_h","员工关系历史","PHYSICAL_IDENTITY","是","否","","0","","61629;176156","202972;203714","202972;203714"
"dataset:97a4c9346a62b7daf9886a804f9418121ee0e3802663d11cd36559010e407e11","pdata_n.t04_user_stat_h","用户状态历史","PHYSICAL_IDENTITY","是","否","","0","","61631","",""
"dataset:ba28142dcb93378017c95453f9f190b839deae1a69e4f7f9cb03ce2e59d9272b","temp.t04_inr_org_temp_erp038","","PHYSICAL_IDENTITY","否","否","","0","","","61638",""
"dataset:4f5333684ad20a4b90a96272181b11cf50e7e4afdcfdcaa4032403e465060fcb","temp.t04_emp_name_h_temp_ppm001","","NONE","否","否","","0","","","61642",""
"dataset:855c44b3abfaed9f96beef13c06bd5cd2652da2bb02de419f4d430d83c389070","pdata_n.t09_subj_bal_s","科目余额历史","PHYSICAL_IDENTITY","是","否","","1","","61644","72228",""
"dataset:c79ade2c36d1224e9276db7a92f0eb5c476a553b6fb66ba0d858b38d5bfd1c9c","odata_n_pas.j_hssemp_employee_termination","终止雇佣信息表","PHYSICAL_IDENTITY","否","否","","1","K005","141883","61645","141883"
"dataset:a8e4a9377a989985a38f4b14deebf21666b19255facac1c5c2742ed1b1d43ece","pdata_n.t04_emp_temp","","PHYSICAL_IDENTITY","否","否","","1","K005","","61645",""
"dataset:0bd7b74a571809d525b469527c576988a46d5a0e04a12728502014a7c2845245","pdata_n.t04_emp","员工表","PHYSICAL_IDENTITY","是","否","","6","","61645","63090;63180;63242;63376;95888;134442;146581;171292;191371;202354;210140;210413;212720;212721","95888;134442;171292;202354;210140;210413;212720;212721"
"dataset:5c9ba619ca0176deacfcb7ee59cc05b0b5db3d9ccfec8d8501eeaf33024c23b7","temp.t04_user_addr_h_temp_ioa004","","PHYSICAL_IDENTITY","否","否","","0","","","61660",""
"dataset:5c2cb23b51d04a22298eac4ac0bc8fe99ab9c7fb1d34369e1d208d583cb6b417","temp.t04_user_addr_h_mid_ioa004","","PHYSICAL_IDENTITY","否","否","","0","","","61660",""
"dataset:19e174d2b7a471abf021abff54dec78af5c7a10cc175b999a0d2c43bae031649","pdata_n.t04_user_addr_h","用户地址历史","PHYSICAL_IDENTITY","是","否","","2","","61660","124737;140678",""
"dataset:0bbe6db9ca9cc471765a188b5e12ef055680125f56b7065f869db1e044fac23c","odata_n_cvs.a_t_pa_product","","PHYSICAL_IDENTITY","否","否","","2","","61758","69772;80211","61758"
"dataset:b875cf18c550d352003b6c6e77fa849d70fc65767c48ea11a5106401daaecc93","odata_n_icc.r_refcashcompact","","PHYSICAL_IDENTITY","否","否","","2","K050","61764","64184;65803","61764"
"dataset:19388bdc67901bd1cec1ee76b8864f67442e04069b1c75e2b2a873a1fe33dd6f","odata_n_cvs.a_t_pa_pro_extend","","PHYSICAL_IDENTITY","否","否","","1","","61765","69772","61765"
"dataset:714507c9530403ad488c0521d16c58bed9f20bcabbce39dbb874abf365eae235","odata_n_uip.w_hkshareeodderivativeindex","","PHYSICAL_IDENTITY","否","否","","1","","61773","70318","61773"
"dataset:9d3da3a7917d74dbe2d4e06b0ab6ca2ac8f15ad0391c82cf75243a97c9ef7015","odata_n_ams.a_c12_customer","","PHYSICAL_IDENTITY","否","否","","3","","61776","63206;63433;63617;63683;63700","61776"
"dataset:61ba298eaf36e8fbc0cc262444ab5a935dffa32b9a9843f6c497be6c2e35794e","odata_n_cvs.a_dcp_accountseal","","PHYSICAL_IDENTITY","否","否","","1","","61789","69772","61789"
"dataset:edff989dddb89e0ef35561d28c5b051cde5727f7f6e34d664d46d157c7d77372","odata_n_acv.h_tsysinfo","","PHYSICAL_IDENTITY","否","否","","3","","61852","69782;71716;72099","61852"
"dataset:51ec90692e3122c99c83c3878ad40da73494ee1e5bcbcf67f7d3614a2df544a9","odata_n_uip.q_bond_issue","债券发行","PHYSICAL_IDENTITY","否","否","","1","","61863","69341","61863"
"dataset:902978001d3f27f21888149196841973cdbaeda28eb4419041888c5a2a5a56f5","odata_n_uip.q_bond","债券基础资料","PHYSICAL_IDENTITY","否","否","","1","","61866","69341","61866"
"dataset:27f363927c15e4dc94ef8716e3ba6c5eff5c0c9759fb71d801ba95183328d612","odata_n_uip.q_equ_type","股票分类","PHYSICAL_IDENTITY","否","否","","2","","61883","70343;154677","61883"
"dataset:2bd7ceb11c805fce8839f4f3fdff4a277edea810a5f55edb95cc4de9b535a9a3","odata_n_po3.t_tstockinfo","证券信息表","PHYSICAL_IDENTITY","否","否","","0","","61885","69774","61885"
"dataset:ad019deac17c6da544109ff074f112d9f44a547165d6a73f71dc1fe51267c82a","odata_n_uip.q_mkt_equd_adj_af","","PHYSICAL_IDENTITY","否","否","","1","","61926","69708","61926"
"dataset:8bccdbd81bd1aad421e0d61e81944467a747129e7dfc1e380ed139f85657c0ad","odata_n_uip.q_mkt_equd","","PHYSICAL_IDENTITY","否","否","","1","","61927","69708","61927"
"dataset:fe80b13b680d242c97c4f0686f97bd0f28de493b848e3c5fa2e98fad07912147","odata_n_uip.q_bond_ticker","债券代码对照表","PHYSICAL_IDENTITY","否","否","","2","","61940","69341;69498","61940"
"dataset:ca8f75c9f42d5f9ed444efc509683fb25f6f3b5377d26572f248f6b4838ae642","odata_n_uip.w_ashareplacementdetails","中国A股网下配售机构获配明细","PHYSICAL_IDENTITY","否","否","","2","","62056","70539;232288","62056"
"dataset:d67b5639f8eba29ce19f4d2ca9744d9f19a3b7cc48c27df4f855da5f4514daec","odata_n_uip.w_cdreodprices","中国存托凭证日行情","PHYSICAL_IDENTITY","否","否","","1","","62075","69844","62075"
"dataset:a5c3ac05ad581abb30bebd0754ccc4cb2a5cd7ec1945326ca0450d41cb2ce7ce","odata_n_ecr.s_cx_custody_access_list_v","","PHYSICAL_IDENTITY","否","否","","1","","62077","63164","62077"
"dataset:d039790ac211d845db3998e94d5e035c6e800cb90dfde6b38abcfee1f343c046","odata_n_acv.h_ttmpgzb_index","","PHYSICAL_IDENTITY","否","否","","1","","62089","62947","62089"
"dataset:6bc5fb89ebd1af5ada488e306fc460b23314384a7950bb661accf9d141b34a4b","odata_n_uip.w_ashareswnindustriesclass","","PHYSICAL_IDENTITY","否","否","","2","","62097","69837;238658","62097"
"dataset:16e2f94e03a3603cb69547fd94f46acc3252b77f9fc79f34f652d4c11b9b8feb","odata_n_uip.q_equ_shhk_forex","","PHYSICAL_IDENTITY","否","否","","1","","62137","70158","62137"
"dataset:bfdeac124c628ff1ff043a7b35300de7a8029c5e68b15a77d72b6667ac7df0ad","odata_n_xir.t_ttrd_acc_prop_enum","","PHYSICAL_IDENTITY","否","否","","1","","62145","62579","62145"
"dataset:cd53b410ce48530f6942c2534ddd214f2491b18deb6807cafa7becec413a0d7f","odata_n_xir.m_tcompany","公司信息","PHYSICAL_IDENTITY","否","否","","1","","62149","89673","62149"
"dataset:4d5635d9182adfcbeb35212c2c389427182e1f0993cf2554f62198dd0e6b6499","odata_n_uip.q_bond_conv_stock_item","可转债回售条款触发信息","PHYSICAL_IDENTITY","否","否","","1","","62185","69498","62185"
"dataset:d4f73e891b9d6bfddb19c1c583429a273131b126c2aedaeee6f5ee1701b0311a","odata_n_ta5.d_ta_ttransfercommissioncfm","","PHYSICAL_IDENTITY","否","否","","1","","62191","64777","62191"
"dataset:dcee6a6ffc031474de7a756dd98d7faef7e2cd03c365a400d356e172d5e38a24","odata_n_uip.w_cbondeodprices_zl","中国债券债券行情(沪深交易所)","PHYSICAL_IDENTITY","否","否","","2","","62193","69652;235483","62193"
"dataset:982a4ca992a5a0a28dead1a729c9722390e7527642ecef6b9f0afadd2df8eff5","odata_n_uip.q_bond_conv_exp","可转债预发行","PHYSICAL_IDENTITY","否","否","","1","","62195","69498","62195"
"dataset:0529c0ea718b20c605a09fe791507b5280d4959ad42f613c95fe16af17ae6310","odata_n_rcc.u_stockgroup","","PHYSICAL_IDENTITY","否","否","","1","","62209","62525","62209"
"dataset:75ecc54cdabe9776f71d328e342e7d6c924d359626f4adce0c247115c9a09854","odata_n_uip.q_bond_conv","可转债发行基本资料","PHYSICAL_IDENTITY","否","否","","1","","62211","69498","62211"
"dataset:76fc1f62ac46deb9f7d91a94f3355eb294f18d77e6a90bc29702d2560bcc8b3d","odata_n_uip.w_cdreodderivativeindicator","","PHYSICAL_IDENTITY","否","否","","1","","62289","70346","62289"
"dataset:6980e84c4640942b31d77718fc6ec07c001593b6b1236dacb4bc11ab6891670a","odata_n_uip.q_mkt_adjf_af","","PHYSICAL_IDENTITY","否","否","","1","","62292","69708","62292"
"dataset:d9068943b7867377be78c220c8d05c9e0f9573cc2ccc7929b94c0c1c4ef12021","odata_n_uip.w_aswsindexeod","","PHYSICAL_IDENTITY","否","否","","1","","62296","69986","62296"
"dataset:fa83a34b4d048190f62054f23ccbe3f35355fc86333e83ccda86c4cc9cd39945","odata_n_uip.w_asharemarginsubject","","PHYSICAL_IDENTITY","否","否","","1","","62303","221120","62303"
"dataset:aca0fac336b396e3cc6bb656f9fece0f6a0d45a37596c0308710c62604cbd332","odata_n_uip.w_aindexhs300weight","沪深300指数成份股次日开盘权重","PHYSICAL_IDENTITY","否","否","","1","","62351","69984","62351"
"dataset:4c1a84acafc14c5f129fb376a1830087406c51a09e2d0f86eeca96c0be1dba29","odata_n_erp.a_gf_sl_cost_center_v","","PHYSICAL_IDENTITY","否","否","","1","","62374","72228","62374"
"dataset:1f09d11b48c32258971e2ddb7f607cc9eb2aff5585744291b0d022de6809a123","odata_n_uip.w_ashareblocktrade","中国A股大宗交易数据","PHYSICAL_IDENTITY","否","否","","1","","62427","232542","62427"
"dataset:b26d283e3a9c2daf8cf8fde9148290756193815bc50070e7f3d7d568ca6b062c","odata_n_uip.w_hkshareswindustriesclass","","PHYSICAL_IDENTITY","否","否","","1","","62428","69776","62428"
"dataset:30b634c1f3dc08a9f743322919b06f7cc0ff6051e6f279a790012d4211aad566","odata_n_uip.w_cfundtacode","","PHYSICAL_IDENTITY","否","否","","1","","62429","114003","62429"
"dataset:825c616dcecf962dc630a93ee5d2f0fb2dd3fdff0a6375933000460bce1020ea","odata_n_uip.w_usshareinfo","美股基本资料","PHYSICAL_IDENTITY","否","否","","1","","62433","69946","62433"
"dataset:1eb18218ce9620fcf5f765c33a6c2797e38610ae3bd8575a50a0b2fecf86f48d","pdata_n.t99_rcc_scr_grp_ref","零售证券分组参数表","PHYSICAL_IDENTITY","是","否","","1","","62525","117812",""
"dataset:f470d2c6434827d6fb41905daf13912c814054792f0efe06b2dda75ce47a1976","odata_ecif.ecif_p_code_string","码值信息表","PHYSICAL_IDENTITY","否","否","","1","","62535","128184;201313","62535;201313"
"dataset:39c0e70b0ddcd865723236545c40524e930b9c32c3967211005b1689f2ab1968","pdata_n.t99_rcc_busi_flag_ref","零售业务标志参数表","PHYSICAL_IDENTITY","是","否","","2","K069","62543","109513;123668",""
"dataset:80e77dd15d66421283233c671e56420e23022daa4f47e28e6ff36bbd12027902","temp.t99_trd_cal_ref_exchdate_rcc","","NONE","否","否","","0","","","62548",""
"dataset:e3fb5fc9a470e4d6a83176f130286a3ad47b66652c3b551e6a40d6f8fd1495da","temp.t99_trd_cal_ref_calendar_day","","NONE","否","否","","0","","","62548",""
"dataset:30a45da7fcbdb2d48cab3d0633a118bfbd9a81fe395bc3f35c8f3298e9b3e185","pdata_n.t99_trd_cal_ref","交易日历表","PHYSICAL_IDENTITY","是","否","","23","K004;K002;K010;K021","62548","118174;144343;159497;159498;159506;160791;160794;178749;178766;180145;180208;183769;183777;183817;183820;185564;185587;185661;185665;187703;188419;188429;211987",""
"dataset:8a62fd5e67aef637a2700993051a9cdcd36b058a0899fdea8acba32a2b4fa4de","odata_n_gks.j_recommendrelationlog","","PHYSICAL_IDENTITY","否","否","","1","","62577","64854","62577"
"dataset:d64347969bdc2584529b0c7db76f4ab14496b24637f75543e3a14eb81d6783ca","pdata_n.t99_xir_acct_prop_ref","恒泰账户属性枚举值","PHYSICAL_IDENTITY","是","否","","1","","62579","242931",""
"dataset:19758c22fdfca0d2f25bc9479e44686f4452109d0b6a6b49aa8a6ccdb9960bb1","pdata_n.t99_ams_busi_flag_ref","资管业务标志参数表","PHYSICAL_IDENTITY","是","否","","1","","62588","223194",""
"dataset:8e8764d89fecee9a972366051c509690af3c083ecae7ff906877283c198b88e5","pdata_n.t99_marg_ass_scr_info","两融标的券信息","PHYSICAL_IDENTITY","是","否","","2","","62590","117812;117826;170408;229978","170408;229978"
"dataset:9ad0acadd3a667c2248c0acef2c6c457488f26170ebeb93a85f1a357c290bc7c","pdata_n.t99_marg_undrl_scr_info","两融担保证券信息","PHYSICAL_IDENTITY","是","否","","2","","62593","117812;117827",""
"dataset:96a49b24f17111a455c5db73bd4d6dfecd3f3ef0d88100acf0bbd64b469c6750","odata_n_uip.w_cbondamount","中国债券份额变动","PHYSICAL_IDENTITY","否","否","","1","","62609","235297","62609"
"dataset:ff70d323c798c3f0bbc274b57007ac6aec1b3617173ef74080b88f544e62e261","pdata_n.ref_dw_cd_list","仓库代码清单","PHYSICAL_IDENTITY","否","否","","3","","","62633;142305;177390;186147","177390"
"dataset:8bce569efe5a1a049141847c4c2c9472f4ab1f72c9d32652f202dc0e4e4ff5b4","odata_n_rcc.h_his_securate","","PHYSICAL_IDENTITY","否","否","","2","","62714","66297;160674","62714"
"dataset:144c7339e2e8ca08c68a787884bfc1e005545eec08b89635671619d2755eee8a","odata_n_uip.w_bsharedescriptionzl","中国B股基本资料[增量]","PHYSICAL_IDENTITY","否","否","","1","","62722","66039","62722"
"dataset:ced023f613feac0f4de2d81c2ed305e622f5f06ee0ab783784ff3bb0e9721ec8","odata_n_uip.w_neeqsdescriptionzl","股转系统股票基本资料[增量]","PHYSICAL_IDENTITY","否","否","","1","","62723","66040","62723"
"dataset:33f5986f973b5bdcbd316310867fee84e9acb40757f546df3831e5969f722b97","odata_ecif.ecif_e_t00_cust_acct_ref_s","客户账户信息","PHYSICAL_IDENTITY","否","否","","3","K048","62746","63187;67899;74079;104734","62746;74079"
"dataset:ad64c3508dffeecb5dcdc1d8a8b5816e423c365608d092eef7745e84c078a82d","odata_ecif.ecif_e_t01_cust_base_info_s","客户基本信息","PHYSICAL_IDENTITY","否","否","","4","K048","62747","63187;65968;67899;104734","62747"
"dataset:383e20388e5ead7e0b3a003a8c1d6902e7c125b7947da3bed9374387798d3dd5","odata_n_uip.w_hksharedescription","香港股票基本资料","PHYSICAL_IDENTITY","否","否","","2","","62765","66041;103990","62765"
"dataset:f8ce7b290aac51a311ece592b6f62700aa35b03ed895c6e1e9ef00b8f07a5569","odata_n_uip.w_asharedescription","中国A股基本资料","PHYSICAL_IDENTITY","否","否","","1","","62782","66002","62782"
"dataset:253881d7f4a9c00ee3a1a925896b815a7f88b499f2990cafb6d2e94e2c78d90c","odata_n_uip.w_cbondindustrywind","中国Wind债券分类板块","PHYSICAL_IDENTITY","否","否","","1","","62791","233401","62791"
"dataset:4e7cebf4cb3b0f6ee50f448b3be948771384d244afd422078b112f24c757f7b1","odata_n_erp.a_dw_fnd_flex_values_vl","","PHYSICAL_IDENTITY","否","否","","1","","62818","72228","62818"
"dataset:63624a79ab989410def21da7a2daf183e800751a3abee45f3c9241e59ddac2e5","odata_n_oao.c_channeltype","","PHYSICAL_IDENTITY","否","否","","2","K047","","62891;62908",""
"dataset:a3a83bbea3f4e35c2fbaaa28f45037c3c0e99b0ba9f40cc9949d90f4f8ee26ea","odata_n_gks.upload_boss_channel","渠道信息表","PHYSICAL_IDENTITY","否","否","","2","K047","","62891;62908",""
"dataset:7e9c74bf5ae1a2c3f93b7b2a9f5d1e5d4e2b4daf7fce8454e9374a9cf3fdbf6c","odata_n_aum.c_tapp_channeltype_discount","","PHYSICAL_IDENTITY","否","否","","5","K047;K023","192359","62891;62895;62908;62922;62923","192359"
"dataset:61e1bc06bf5807da2a106ab13fb8d8f7679de1477b5b81557aec32f5d535643f","odata_n_osc.c_t_b_brokerchannel","代理渠道状态表","PHYSICAL_IDENTITY","否","否","","2","K047","114137","62891;62908","114137"
"dataset:26214d2e6eb87fe8dfb9615c76f91b94cb107d11dd84c551794f85b8baa2c766","odata_n_oao.c_prioritychanneltype","","PHYSICAL_IDENTITY","否","否","","2","K047","","62891;62908",""
"dataset:8a949cfb1e61ccc870e85a5307b68d222a86fc12406f8e17833e0da715a6552a","pdata_n.t08_gks_chan_info","金钥匙渠道信息","PHYSICAL_IDENTITY","是","否","","7","K007","62891;62908","67780;87202;87209;87210;87211;89449;89450",""
"dataset:59f410e5aae36a1c373134b335045473e30a51f347fe1926710a22e0d8462045","odata_n_aum.r_tapp_channeltype","","PHYSICAL_IDENTITY","否","否","","3","K023","192357","62895;62922;62923","192357"
"dataset:350ad54a3adf8eb51240dd41395e577cb24c95116168444caefe012de8d87df5","temp.t08_crm_dvrs_chan_info_temp_aum082","","PHYSICAL_IDENTITY","否","否","","0","","","62895",""
"dataset:02ee06d7f6959350ae401cdf4c39dd0e2dd3bbc7abc4f3b25e988063a11e201f","pdata_n.t08_crm_dvrs_chan_info","开户引流渠道信息","PHYSICAL_IDENTITY","是","否","","2","","62895;62922;62923","67780;159677",""
"dataset:a3d4e81c330d13eeac900239ff5c541fdd4ecba937fefa0adfed4f4d0b7694c8","temp.t08_crm_dvrs_chan_info_temp_aum098","","PHYSICAL_IDENTITY","否","否","","0","","","62922",""
"dataset:140e8fe60e021e5faf1f3a7171050e2bcd0745a571cbcf75bf0c26f70fabf111","temp.t08_crm_dvrs_chan_info_temp_aum083","","PHYSICAL_IDENTITY","否","否","","0","","","62923",""
"dataset:207a9fdc3d52c2675492879c34bd25a91500999821d5536c0fff195b5ce777bf","pdata_n.t09_acv_valu_idx_info","托管外包估值索引信息","PHYSICAL_IDENTITY","是","否","","1","","62947","101456",""
"dataset:987639011e95b085a5ff59bd81ca7c138e5a965dfdb22412e0ca12edf764a6b0","odata_n_tpa.d_wbgz_gzb","估值报表","PHYSICAL_IDENTITY","否","否","","1","","163452","62967","163452"
"dataset:a865d503a0215de628a776bebceb98da4a20bda76a3e619f18df577de52f2716","pdata_n.t09_valu_h","估值历史","PHYSICAL_IDENTITY","是","否","","3","","62967;80211","92777;101456;166547;200356","200356"
"dataset:c4887568feaa0ad9c44f1b550683516a8d47c06095f619b2951137481d21fefd","odata_n_ioa.i_gf_role","","PHYSICAL_IDENTITY","否","否","","2","K058","63032;71237","73031;73034","63032;71237"
"dataset:22d550cb45abd344b4a3739a7a35cf6011b33b10df54c219209a58b9cc86f99f","odata_n_ioa.i_gf_role_user","","PHYSICAL_IDENTITY","否","否","","3","K058","63034;71242","73031;73034;87152","63034;71242"
"dataset:32f50e052cd20aa0b4d07002bebdb6b0acba8acbea0c07fad0d83e106b23f2ab","odata_n_aum.a_tcust_rela","【AI】客户关系历史表","PHYSICAL_IDENTITY","否","否","","3","","101685","63090;102002;145872","101685"
"dataset:3bf85551621bf99db1137b80218a46d2a331bba310593c5cb7c9d0ffe876b833","pdata_n.t01_pty_emp_rela","当事人员工关系历史","PHYSICAL_IDENTITY","是","否","","15","K026;K039","63090;63119;63121;63180;63242;63243;123795;145872;221009","68275;68873;97636;140767;144891;165154;197534;199143;199170;199241;199337;199739;202400;202516;202539;203115;203676;207665;208353;212242;216569;228803;235142","140767;144891;197534;199143;199170;207665;208353;228803"
"dataset:64aeaaefbc94f1948552b6eddc1210c2f1a0124b935ffb15c48b5f127c2948e0","odata_n_xpb.p_company_company","","PHYSICAL_IDENTITY","否","否","","2","K049","149718","63101;63419;63755","149718"
"dataset:9f3f4fd6e547fc8ed1f2cd09d694bc3e517ea9ab56e4f91a18590e9eb9b0526a","pdata_n.t01_pty_prd_info","当事人产品信息","PHYSICAL_IDENTITY","是","否","","7","K026;K066","63113","68873;73354;102071;102072;102073;136594;149932;149946;164841;216357","73354;136594;164841"
"dataset:a1204d2a09bb3e88846113bdab2670cc25892d5579b6a1a84894725370196b9e","pdata_n.t03_marg_comp_info","融资融券合约信息","PHYSICAL_IDENTITY","是","否","","4","","63115","212422;212525;216350;216376",""
"dataset:be1a4f359bc254184d0c8477a979402d5377b0d12003868e0f22ea0b444014e3","odata_n_aum.r_trela_hook_norm","","PHYSICAL_IDENTITY","否","否","","1","","217407","63121","217407"
"dataset:a4cbd877b665fa3ac405982ddebaea8a21289cea3e34071887cb51f67e613554","pdata_n.t01_corp_reg_info","企业注册信息","PHYSICAL_IDENTITY","是","否","","2","K026","63131;63133;63209;63212;63217;72208","66148;68873;73353;73354;177390;178833;219085","73353;73354;177390;178833;219085"
"dataset:d7f2062d76bf74e2d4262950c795e6a946b271af41c303b8e9b33f51faae5847","pdata_n.t01_otc_deri_cust","OTC衍生品客户","PHYSICAL_IDENTITY","是","是（并非已逐分支核验）","docs/00-20260914-图谱认知/01-tit入模/02-TIT入模去向.md;docs/00-20260914-图谱认知/01-tit入模/T01-主体与交易对手/04 额度.md;docs/00-20260914-图谱认知/01-tit入模/T01-主体与交易对手/当事人与交易对手.md","16","K071;K008;K096;K099","63132;144562;150757;179726","113993;114013;123776;123781;134549;159177;167391;171179;173282;176941;177390;178833;206482;206952;207513;220979;220981;222830;229121;232822;234575;234576;237888","177390;178833;206482;207513;232822;234575;237888"
"dataset:5bde8186f635633420571838157f4d8dea5404aac2774424462e8fc03048471d","pdata_n.t01_pty_indt_h","当事人行业历史","PHYSICAL_IDENTITY","是","否","","1","","63148","73353;73354;158195;177390;178833;219085","73353;73354;177390;178833;219085"
"dataset:c36be9ba7a6b4016056597f30e6c752ad7752cf875a8f005a0391e53aaef9f08","odata_n_ecr.s_cx_custody_access_list","托管管理人准入清单","PHYSICAL_IDENTITY","否","否","","1","","92052","63164","92052"
"dataset:ad2be03f69dd791852857e376bde5552b9437c23607e8f620fa5dfab2480b3db","pdata_n.t01_mngr_org_info","管理人信息","PHYSICAL_IDENTITY","是","否","","1","","63164","71716;219085","219085"
"dataset:b5166cb9112bd46722829d43be7fb0cc73938b8fae25a4de759c682edbdf72da","odata_n_crm.c_prod_sales_relation","","PHYSICAL_IDENTITY","否","否","","1","","63181","63241","63181"
"dataset:d872c4266b37b0a21f1445544313b79ea1f1be0e81faa5890979980ee5c3e3b0","temp.ecif_e_v_ecif_cust_uid_rel_s","","PHYSICAL_IDENTITY","否","否","","0","","","63187",""
"dataset:aeb66ef07c2a80e133f1a0a0f5ac221589ad60bac2058de7eb3c2f48c90f7f1a","odata_ecif.ecif_e_t02_cust_uid_rel_s","","NONE","否","否","","0","","","63187;104734",""
"dataset:75b540af41db9715c6d45c2b4ca98ed862b4a2fe105080993b7f3184b8ee9140","odata_n_cmi.a_hsi_tenant","","PHYSICAL_IDENTITY","否","否","","3","","193245","63216;63399;63666;63713;63823;63827;199198","193245"
"dataset:c6f3e6ed27cdd3882a7cf8d67939e9974594586181990f18d99d8189c3f0dca1","temp.t01_pty_clas_h_temp_rcc005","","PHYSICAL_IDENTITY","否","否","","0","","","63227",""
"dataset:f4927d9028a49bcc2df716c12afc0361c1f8432ef9ab4dcbdbb033ff15a3046d","pdata_n.t01_pty_clas_h","历史拉链表，存放各当事人从不同维度不同视角的分类信息，并记录数据变动历史。同一个当事人可以有多个不同的分类，以多条记录存放。","PHYSICAL_IDENTITY","是","是（并非已逐分支核验）","docs/00-20260914-图谱认知/01-tit入模/02-TIT入模去向.md;docs/00-20260914-图谱认知/01-tit入模/05-去向与未命中分类.md;docs/00-20260914-图谱认知/01-tit入模/T01-主体与交易对手/当事人与交易对手.md","9","K066;K078","63227;69161;70723;74383;74388;104628;105380","102071;102072;102073;119044;134549;136285;136377;147185;195334",""
"dataset:f02308fdc2ab458ac838cc59959409791d493257a905c6976f5a9ea277accea5","spdata_n.t01_corp_ap_info","我司对公关联人信息","PHYSICAL_IDENTITY","否","否","","2","","63239","220640;220860","63239"
"dataset:2c296785f81743a267ac619287253a2f0331013805345144c14c76ab61cf43ea","${src_table_crm}.t_acs_cust_bill_list","","NONE","否","否","","0","","","63240",""
"dataset:447f4ff6ccbae88ac80b32cc38628fc8c34844131e054a886e48af6bdad5ccf0","pdata_n.t01_pty_inr_list_det","当事人内部名单明细","PHYSICAL_IDENTITY","是","否","","0","","63240;91107;94958;95304;105920;199198;212185","203119","203119"
"dataset:60ceb59ef512b5184ba0599ccc58f106994714f5534a717b873a38738332d85d","pdata_n.t01_prd_sale_rela_clm","客户产品销售关系认领","PHYSICAL_IDENTITY","是","否","","3","","63241","108930;108944;109044",""
"dataset:f9ac02bef325e879ffefb66eaf19ba8cf72f081ebd6896834b7abde2cf028a1d","pdata_news_n.t02_pub_cst_info","常量表","PHYSICAL_IDENTITY","否","否","","13","K090","","63326;69996;69999;70077;70079;70173;107018;107024;144066;144300;185234;208735;211619;227816",""
"dataset:aea7560d27e002906fec9d0ebcf56b5837c5218d7e6531420e58a82d91b17ba6","odata_n_uip.d_t_admin_division_code","行政区域代码表","PHYSICAL_IDENTITY","否","否","","1","","","63326",""
"dataset:3ae5f32b05b8f64d7d9d73dc4c6c1176b196541b04b9063490a0dcbe1dbb0ab2","odata_n_uip.d_t_hkcompanys","香港企业表","PHYSICAL_IDENTITY","否","否","","1","","","63326",""
"dataset:de8d738fb8593d6bb6b11f02397348212a088d3bfa2e784e18b1b32b0490012d","odata_n_uip.d_t_public_institution","事业单位基本信息表","PHYSICAL_IDENTITY","否","否","","1","","","63326",""
"dataset:2f95356065ab6753dcfa8a0c503765b85fad898dae500b291fef4943ffda5e1b","odata_n_uip.d_t_organization","社会组织基本信息表","PHYSICAL_IDENTITY","否","否","","1","","","63326",""
"dataset:54f985c93586e8d4baa3084e79fc83a818c6297dca26526ec6f179275ec55380","odata_ecif.ecif_s_otr_entpr_cert_modify","企业证件信息修改每日全量表","PHYSICAL_IDENTITY","否","否","","1","","","63326",""
"dataset:aa6bc0cb785d74be087d7df8cb9d8238813db7c423d3d52eea7cb7c4a6dcde4d","pdata_n.t01_corp_cust","对公客户","PHYSICAL_IDENTITY","是","否","","19","K026;K038","63348;63382;63385;63398;63399;63413;63416;63418;63419;63433;63434;63478;72713;76304;77074;79797;91845;92718;144558","66148;68873;73353;73354;76191;123776;123781;147185;158195;159827;167072;178833;201252;201318;201483;203879;208608;219085;223867;229121;230202;231146;234576","73353;73354;178833;219085"
"dataset:4905189dd89c5da7017dddbdfa5e8da1d08ebf03f46debc601fec4aefd66e82b","pdata_n.t03_agt_hold_shr_h_lps_temp1","","NONE","否","否","","0","","","63361;63403",""
"dataset:b541ee7ffea38314bf174341786f5c1c692b653197a496dd5176a458ccdbb0c3","pdata_n.t03_agt_hold_shr_h_lps_temp2","","NONE","否","否","","0","","","63361;63403",""
"dataset:519cda04786142f4d55a5c2fbeef549c1d9da6c54df2068fcf34846ca00c3142","pdata_n.t03_agt_hold_shr_h","协议持有份额历史","PHYSICAL_IDENTITY","是","否","","9","","63361;63370;63372;63389;63403;63440;63458;64127","66093;66187;76847;140940;141103;158725;158972;170408;212422;212525;242931;242988","140940;158972;170408"
"dataset:716d3568cd093feec6fa8adce1b69c9625239d07958c94d9d9ae10e1e826cf5d","pdata_n.t04_inr_org_stati_info_h","内部机构统计信息历史","PHYSICAL_IDENTITY","是","否","","3","K080","243236","63376;149053;149054",""
"dataset:f2d368159fd3f209247f97922cedcc01ae23319e8efb1a9cb4dfda223a0ef9f1","pdata_n.t04_user_role_dept","用户角色部门关系","PHYSICAL_IDENTITY","是","否","","2","","73031;73034","63376;124737",""
"dataset:cf0236b336a2497c749395176ba54d19e4fc1d3af51aa0623481c40763c5e506","pdata_n.t04_inr_org_clas_h","内部机构分类历史","PHYSICAL_IDENTITY","是","否","","1","","127023","63376",""
"dataset:6306aa8160c659139b6013f9d5909ace1b571ab9b54276debf249fe9b1a2dea7","pdata_n.t04_rcc_inr_org","经纪柜台内部机构","PHYSICAL_IDENTITY","否","否","","1","","","63376",""
"dataset:cc71a462e6835a97a15afc9e7b802600711e89f25b6790724cd1f609fc461f6e","pdata_n.t04_inr_org_hrch_rela","内部机构层级关系","PHYSICAL_IDENTITY","是","否","","1","","145723","63376",""
"dataset:47068ca5ac59a4633ea61c850015efe34dd8522affa8eb38101d20d31ef99017","pdata_n.t98_org_inr_org_base_info","每天一份快照，每天全量更新，记录和统计期货客户交叉销售业务的客户 - 员工 - 机构对应关系及时间维度信息。","PHYSICAL_IDENTITY","是","否","","4","","63376","63446;95888;123776;169392;175419;175427;176693;177677;177681;186430;191371;192442;196465;207070;209813;209817;218029;218037","95888;169392;175419;175427;176693;177677;177681;192442;196465;207070;209813;209817;218029;218037"
"dataset:62daa682a6efe7d123762c96d3d393d34dc8d275ab2d1987a1fb0dcc07df23a0","odata_n_ta5.d_gf_tcusttype","","PHYSICAL_IDENTITY","否","否","","1","K017","161303","63385","161303"
"dataset:3e79f9dff39c7bf4cd8692f0ad2881e939e23aac6ac5dff2f6c23e9d47de9a82","pdata_n.t05_marg_comp_evt","融资融券合约事件","PHYSICAL_IDENTITY","是","否","","4","K022","63397;63436","76186;203699;203702;203704;203709","76186"
"dataset:12bdf83aa0476d02bc1dc1abf0fecfb48c2ca953cef4c70f900c951bb6c6ab37","pdata_n.t98_fin_sob_org_rela_root_tmp0","","PHYSICAL_IDENTITY","否","否","","1","","","63400",""
"dataset:8379345f3766b4b022b6edb0c1e09c54def3ac16fdedc7208153ad8508204efc","pdata_n.t98_fin_sob_org_rela_tmp2","","PHYSICAL_IDENTITY","是","否","","0","","63400","",""
"dataset:aef0bf100606deaefd14d145172bba2f85c4d8e8215596dc363a6737b658b16b","pdata_n.t98_fin_sob_root_rela","财务帐套机构根节点关系表","PHYSICAL_IDENTITY","是","否","","1","","63400","72228",""
"dataset:17d719fe55b2f3715f779e4ee9abae6512d3afed242337e8de4fdb8f4c907e19","pdata_n.t05_exch_scr_deli_evt","证券交割事件","PHYSICAL_IDENTITY","是","否","","8","K069","63405;63409;63410;63441","66278;109513;112088;113694;121540;123668;140940;148763;156579;158720;158972;159677;170408;205098;239134","112088;121540;140940;156579;158972;170408;239134"
"dataset:1d91669ada509c1ce79a3f3de6b13ecc5f7fbfa5c8f07e0b2f3046963dd65c96","pdata_n.t03_ams_fnd_trd_acct","资管基金交易账户","PHYSICAL_IDENTITY","是","否","","2","","63415","76846;208909",""
"dataset:91cd687d70418b090085f6fff179773c42f46f16ce9a7eabb9a13b1cb8713e9b","pdata_n.t03_ast_acct","资产账户","PHYSICAL_IDENTITY","是","否","","12","K026;K012;K027","63435","66148;66551;66616;68094;68275;68873;104454;149908;150197;158972;162821;163725;168458;197997;201626;205098;207545","104454;158972;168458;197997;201626"
"dataset:f098cd25573557671945c363d5eccd521f5a374cc1e28186938df4a763fc7a60","odata_n_xir.t_ttrd_acc_balance_secu_his","","NONE","否","否","","0","","","63440",""
"dataset:4799320283c4da5c23210c87df1e99d5d6fb07e0d2b584b68c3ac8f871e4bcf0","pdata_news_n.t02_scr_main_uw_info","中国证券发行主承销商","PHYSICAL_IDENTITY","否","否","","1","","","63446",""
"dataset:0d6f5cdaccd10987a7da1327791bded928a316f8dae07f5250ed1d7f09e6f914","pdata_n.t98_inr_co_dept_info","内部公司部门信息","PHYSICAL_IDENTITY","是","否","","1","","72228","63446",""
"dataset:4a60053c3e0579e19077c9ee9d11e600a68111bd4d04440a8fd80fb1b16e1c22","dm_index_n.grp_type_info","组合类型信息","PHYSICAL_IDENTITY","否","否","","2","","","63446;76846",""
"dataset:c068faabef5c1265f552c9dc8c7acd4f88a685b3ff46d87544746b4a30ae3ea7","dm_index_n.grp_def","组合定义","PHYSICAL_IDENTITY","是","否","","445","K019;K060;K007;K061;K062;K006;K064;K065;K066;K070;K075;K077;K078;K013;K080;K081;K082;K084;K085;K033;K034;K015;K020;K091;K016;K038;K094;K039;K040;K041;K042;K095;K022;K100;K083","63446;76846;85251;86835;88733;123215;200369;201192;237301","66492;66493;66502;66592;80025;87089;87097;87100;87130;87141;87175;87202;87209;87210;87211;87348;89236;89449;89450;91519;91651;92112;92113;92220;92502;92777;93338;93506;93524;95164;95340;95516;95888;96834;96843;96844;97042;97630;97635;97636;97696;98223;98312;98318;98403;98517;98519;98520;98572;98584;98677;98751;98900;99145;99207;99293;99529;99839;100014;100054;100130;100478;100500;100712;101039;101358;101399;101646;102071;102072;102073;102792;102931;102934;103077;103369;103884;103886;103888;103889;103907;104345;104366;104454;105497;109095;109744;110190;110851;110993;111730;112592;112602;112835;114545;114555;115321;115939;118180;119797;119885;119889;119910;121401;121469;121540;121726;122189;122206;122207;122736;123377;123569;123590;123593;123712;123713;123726;124177;125079;125474;125666;125754;125840;126217;126255;128144;129461;131654;134263;134282;134283;134604;135109;135361;135427;135530;135663;135972;135973;135974;135975;136285;136377;136594;136912;136990;137020;137179;137362;137467;138708;138715;139496;139708;140003;140678;140692;140940;141103;141353;141904;142847;143951;144887;144891;145137;145235;145651;146553;146788;147810;147847;147889;147921;148124;148368;148419;148763;148806;148906;148911;149001;149048;149053;149054;149087;149092;149236;149243;149249;149270;149841;149908;149916;149929;149932;149946;149948;149951;149973;149982;149991;150023;150197;150631;150646;152234;152257;152592;152613;152846;152879;153126;154068;154232;155410;155612;156244;156245;158205;158207;158280;158338;158480;158659;158972;159248;159287;159303;159585;159756;159763;159768;159827;159973;159991;160031;160235;160257;160518;160773;160780;161054;161152;161271;161841;161844;161845;161848;161899;161920;162117;162120;162136;162564;162610;162618;162821;164410;165154;165692;165928;166547;166588;166614;167072;167299;167458;167463;167466;167523;167822;168458;169317;169368;170002;170011;170275;170281;170351;170408;170725;170804;170818;170822;170832;170941;171292;171347;171364;171370;173057;174370;174537;174918;174933;175023;175419;175427;175726;176398;176693;177395;177407;177473;177677;177681;180160;180321;180850;183028;184082;184119;184787;184973;184974;185235;186494;187205;187693;187699;187703;187725;187781;187791;187911;187976;189181;189204;190237;190435;190620;191673;191689;192442;193068;193247;193642;193671;193686;193691;193766;193770;193799;193800;193805;193806;194860;194864;195334;195842;196245;196248;196465;196985;197534;197653;197701;197760;197997;199143;199170;199240;199241;199242;199244;199245;199246;199337;199408;199482;199706;199727;199739;199760;199809;199817;199879;200048;200180;200499;200633;201252;201299;201318;201463;201483;201551;201626;201644;201657;201695;201699;201976;201980;201993;201994;202020;202038;202073;202091;202160;202172;202175;202279;202286;202294;202295;202307;202353;202354;202397;202398;202399;202400;202401;202402;202403;202486;202490;202516;202538;202539;202540;202541;202550;202673;202681;202688;202689;202691;202692;202693;202694;202836;203102;203115;203119;203306;203311;203384;203566;203676;203699;203702;203704;203709;203756;203828;203879;203958;203979;205645;205915;206200;206201;206208;206467;206510;206945;207070;207271;207351;207560;207665;208182;208186;208353;208608;208626;208983;209813;209817;210140;210413;212242;212720;212721;212945;217770;218029;218037;218236;218244;218252;218255;218404;219085;224741;225262;225770;226278;228803;230006;230016;230911;231751;231804;231821;231934;232003;232164;232556;232650;232651;232652;232653;232655;232675;232676;232677;232820;234130;234147;234266;234350;234362;234392;234860;234954;235142;235224;235230;235234;235871;235878;236123;236184;236275;236483;237113;237421;237586;237804;237807;239434;240212;241773;243229;243357;243650;243781;244156;244873","95888;100130;104454;121469;121540;123726;125079;125840;126255;134263;135109;135427;135530;136594;137020;137467;139708;140940;144891;147889;149001;149841;150023;152234;152257;152592;152613;155612;158972;160518;166614;167299;167523;168458;170408;171292;175419;175427;176693;177395;177407;177677;177681;190435;191673;191689;192442;196245;196248;196465;197534;197653;197701;197760;197997;199143;199170;201626;202091;202354;203119;203384;203958;203979;206467;206510;206945;207070;207271;207665;208353;208983;209813;209817;210140;210413;212720;212721;212945;218029;218037;218236;218244;218252;218255;218404;219085;224741;228803;231804;231821;232164;234954;236184;236483;237586;237804;237807;243229;244873"
"dataset:38ea2daac600755e2d83ec518486f2aa3427f400ab134eaa11d4ed2d5f62b4b9","odata_n_icc.a_stockholder","经纪证券账户表","PHYSICAL_IDENTITY","否","否","","1","","76391","63460","76391"
"dataset:4c726630c4e2d4f06d31074d02ddcb414a59dbe516a678546f58c8dd8d467401","pdata_n.t03_scr_acct","证券账户","PHYSICAL_IDENTITY","是","否","","16","K026;K027","63460","66148;68061;68094;68196;68275;68873;76191;93506;99839;104454;109095;114555;123712;123713;135567;140692;141103;193247","104454;135567"
"dataset:641737f14213f132d60c3b49303e768eebc1f26c99c84576d7a397506d4f0132","odata_n_uip.w_asharesecindustriesclass","","PHYSICAL_IDENTITY","否","否","","1","","63600","69739","63600"
"dataset:f0fe9ee6b42bac0024708bd95f158487f3dcb5ce463204035d2d7bf0167f6892","odata_n_ois.o_option_parameter","期权参数表","PHYSICAL_IDENTITY","否","否","","1","","63684","217451","63684"
"dataset:7dada430fc2789852f924e483563616aca460b30bdba8cb221223b613574ed1f","odata_n_oom.g_aml_deriv_riskrep","风险等级报备","PHYSICAL_IDENTITY","否","否","","0","","189309","63712","189309"
"dataset:344b25dc7687e6cae6e21a7e76778f9ca716327537082f9f5bdf3023f2f46fee","odata_n_nbo.b_crdtconcatinfo","","PHYSICAL_IDENTITY","否","否","","0","","186040","63741;74079","186040;74079"
"dataset:20c91d83d5e46ed397d157d32ccda4967f7d0f214c8ea4ba6ee81d98e9f84a99","temp.t01_pty_idty_info_temprcc_organinfo","","NONE","否","否","","0","","","63779",""
"dataset:84ad4f7d629f894b92e7776688bb7a300c6db93574d8170621a9d875a205188e","odata_n_ois.o_counterparty_account","","PHYSICAL_IDENTITY","否","否","","1","","63782","199856","63782"
"dataset:32827aec6df738fad57c782263dc55124f549b534be9d877484ef9c39152d2cf","odata_n_uip.w_cindexfutureseodprices","","PHYSICAL_IDENTITY","否","否","","1","","63847","70127","63847"
"dataset:ed26996e90625a4af76a06209ed28e4ebdb8a962cfb38c636e3771f11a5e5479","odata_n_rms.n_crm_customer_address","客户地址信息关系表","PHYSICAL_IDENTITY","否","否","","1","","146669","63856","146669"
"dataset:e89dba043755828f3fa87b845c9d23c17004d1195e133ee33ed327847ac3441e","temp.t03_agt_righ_h_temp_rcc009","","PHYSICAL_IDENTITY","否","否","","0","","","63964",""
"dataset:d7f23b33fbb925931af023ba05cbada4f19c36538332177a50f928f6a35ff917","pdata_n.t03_agt_righ_h","协议权限历史","PHYSICAL_IDENTITY","是","否","","3","K027","63964","68196;95173;162821",""
"dataset:99b2bf7c63cc86041968d57852d4dc8bba50b16341319b877c638c129b5885ed","odata_n_prd.c_exotic_prod_account_rel","","PHYSICAL_IDENTITY","否","否","","1","","64028","198518","64028"
"dataset:598747862bde024b370c36d2eaabef46434511e11bbd1b8e16a77eb76a927114","odata_n_prd.c_exotic_prod_account","","PHYSICAL_IDENTITY","否","否","","1","","64029","156296","64029"
"dataset:ea59ee1294e93d77a33483631d4b69d7edca954fc529ea9c4bc946e16c88744c","odata_n_uip.w_chinamutualfundtrackingindex","中国共同基金被动型基金跟踪指数","PHYSICAL_IDENTITY","否","否","","2","","64042","90350;235008","64042"
"dataset:b22e950c4ee223152462392cc934b1ed1222453fc87e7b6657879ca18d311b40","pdata_n.t03_agt_stat_h","历史拉链表，存放所有协议的各种状态的变动历史，存放状态清单请查看仓库代码-协议状态类型代码CD040,协议状态代码CD041","PHYSICAL_IDENTITY","是","是（并非已逐分支核验）","docs/00-20260914-图谱认知/01-tit入模/02-TIT入模去向.md;docs/00-20260914-图谱认知/01-tit入模/05-去向与未命中分类.md;docs/00-20260914-图谱认知/01-tit入模/T03-协议账户与合约/06 合约分类与状态.md;docs/00-20260914-图谱认知/01-tit入模/T03-协议账户与合约/06.2 合约状态.md;docs/00-20260914-图谱认知/01-tit入模/T03-协议账户与合约/附录A 标准模型字典.md","8","K026;K027","64075;64183;64205;103937;103938;169638;183088","66148;68061;68094;68196;68275;68873;119044;149948;197997;201568;201626;232836","197997;201568;201626;232836"
"dataset:a05e4e6d32bd15f75b75df57638a0747d6698312e6002269833609173ea00578","odata_n_rcc.h_his_refcashcompact","","PHYSICAL_IDENTITY","否","否","","3","K051","","64078;64189;65538;213683",""
"dataset:b52b049aa9810da00e7856b8f7af010fcdf468a7538a806e5e7720e2e9152fb8","temp.t03_agt_rela_h_temp_rcc087","","PHYSICAL_IDENTITY","否","否","","0","","","64078",""
"dataset:cde265fca2ac0b7fac9997cf9da45673d49572fb81184d312f54ad89919c45c0","temp.t03_agt_rela_h_mid_rcc087","","PHYSICAL_IDENTITY","否","否","","0","","","64078",""
"dataset:f71ed2df603c69558c7effb4b700bf8461eb35fbeaeac7e58d1db4b6abb13b4b","pdata_n.t03_agt_rela_h","历史拉链表，存放各类协议之间的关系，如资金账户与其它各类账户，合同、合约的关系，证券账户与其它各类合约的关系等，关系清单请查看仓库代码-协议关系类型代码CD051。","PHYSICAL_IDENTITY","是","是（并非已逐分支核验）","docs/00-20260914-图谱认知/01-tit入模/02-TIT入模去向.md;docs/00-20260914-图谱认知/01-tit入模/05-去向与未命中分类.md;docs/00-20260914-图谱认知/01-tit入模/T03-协议账户与合约/04 当事人与角色.md;docs/00-20260914-图谱认知/01-tit入模/T03-协议账户与合约/附录A 标准模型字典.md","90","K090;K093;K074","64078;64168;103935;103936;105061;105063;105388;105529;107938;108070;144288;183087","107018;107024;107937;114782;119044;123781;134140;134143;134146;134148;134157;134477;134478;134519;134527;134528;134530;134533;134536;134537;134538;134540;134546;134548;134557;134561;143830;143897;144300;145583;149779;149902;155157;155906;162676;163077;163599;163672;166021;166644;172252;172296;172318;175112;176525;180692;180700;180714;181553;181555;181556;182264;184662;185234;187506;187509;197337;197339;200030;200078;201568;205519;207458;207514;207753;207902;207904;207906;207917;208143;208265;208266;209119;209894;211619;211623;212078;215630;215700;219390;219391;221300;221899;221901;223192;227251;227254;228089;228094;228195;230182;231741;232822;232836;233302;234256;234575;237639;237888;239260;239262;242611;244970;245094;245219;245412;245661;245676;245817;245828;245845;245885;245918","114782;162676;182264;184662;201568;207458;207514;207753;209894;212078;215700;227251;227254;228195;231741;232822;232836;233302;234256;234575;237888;239260;239262"
"dataset:3a5f52761496ff23035b77170e69177d3b344618e4c778a1a0b4fe513c6639aa","pdata_n.t03_agt","历史拉链表，自存放当事人在我司业务活动中达成的各类协议的共性信息，主要包含来源于各系统的各种账户、合约、合同等数据，主要有协议编号、协议修饰符、市场代码、生效日期、到期日期、协议状态代码、币种代码等属性，本主题下的所有的协议都已协议编号和协议修饰符作为联合主键；","PHYSICAL_IDENTITY","是","是（并非已逐分支核验）","docs/00-20260914-图谱认知/01-tit入模/02-TIT入模去向.md;docs/00-20260914-图谱认知/01-tit入模/03-关键入模链路.md;docs/00-20260914-图谱认知/01-tit入模/05-去向与未命中分类.md;docs/00-20260914-图谱认知/01-tit入模/T03-协议账户与合约/01.1 资金账户.md;docs/00-20260914-图谱认知/01-tit入模/T03-协议账户与合约/01.2 保证金账户.md","20","K027;K080;K093;K096","64103;64107;64303;103928;103929;103930;105053;105054;105055;105381;105383;105521;105522;151338;169636;183084;211541","68094;68196;109095;114782;143860;145871;149053;149054;163672;172288;173137;184662;187687;193247;197337;197997;200030;200078;201626;206952;207545;211492;211623;215700;223192;230127;236759;243918","114782;184662;187687;197997;201626;215700;230127;243918"
"dataset:541b93493efbd137b6251dee2db0c3fde25907fa463d3e53295c86e4303fe669","odata_n_rcc.a_soptreg","","PHYSICAL_IDENTITY","否","否","","1","","64377","64127","64377"
"dataset:17979fac4391c6e65c1f26bb94bcedc68e35796f11d090b5c2de95b27f923318","odata_n_icc.h_his_refcashcompact","","PHYSICAL_IDENTITY","否","否","","3","K050","","64168;64184;65803;213683",""
"dataset:1a1b93ca37faf8507c1a83c73fe5e8312611ab78ae60f739ca7cd9e968dce789","temp.t03_agt_rela_h_temp_icc087","","PHYSICAL_IDENTITY","否","否","","0","","","64168",""
"dataset:cad1d4671c1955e3b54a9113d1b5cf00d7c152a0e67a37eee6c147af77c4b490","temp.t03_agt_rela_h_mid_icc087","","PHYSICAL_IDENTITY","否","否","","0","","","64168",""
"dataset:409e402321ddd6d581ee8b4200f370cd03a0a1e4f79eed2200b2f47ad6f3a991","temp.t03_agt_stat_h_temp_rcc009","","PHYSICAL_IDENTITY","否","否","","0","","","64183",""
"dataset:b9556c515ad2242870cb0ddaf1d847f8bbdc944751fae7239b40fcc941634f28","pdata_n.t03_cash_comp_info","头寸合约信息","PHYSICAL_IDENTITY","是","否","","2","","64184;64189","208143;209747",""
"dataset:fe63d78e831034867e4a2abad38414d29efaf0e32452b249bb9fc741c90f7aad","temp.t03_agt_stat_h_temp_rcc008","","PHYSICAL_IDENTITY","否","否","","0","","","64205",""
"dataset:e4d9e570ec6ba653976a5f8dbe41b1d98bc30a7e44d79899d0eb1d6c83854c4e","pdata_n.t03_oao_ord_info","网上开户订单信息","PHYSICAL_IDENTITY","是","否","","5","","64210","67780;87100;103889;134251;136990;137594","137594"
"dataset:2e3e70ee2216803759d1f25ef3cde0cf9169909f12907fe7d8c761b582249b48","spdata_n.t03_po3_comb_hold_adtnl","资管O32投资组合持仓附加","PHYSICAL_IDENTITY","否","否","","2","","64260","87358;126176;230365","64260;87358"
"dataset:ec0ac3c7cc21d61aa251a39b7a05342e305a6d0bfb226a9f5155a6f165d7a6df","pdata_n.t05_ams_ta_trd_cfm_evt","资管TA交易确认事件","PHYSICAL_IDENTITY","是","否","","2","","64605","208825;223194",""
"dataset:45ecd53769096369226d8b85173946f268f4632ec812a9aeab616f970ea2a99c","pdata_n.t03_agt_intr_h","协议利息历史","PHYSICAL_IDENTITY","是","否","","2","","64649;65538;65803","208143;216350",""
"dataset:edbf30014f0ba405028e7dce326a96200255d79d87080a6d4a7276e989553f8a","odata_n_uip.w_cfuturespricechangelimit","","PHYSICAL_IDENTITY","否","否","","1","","64763","170365","64763"
"dataset:cadbb2deb1ce2b93e406d88b32c12c6bb1d989488601afcbd050cd86ee0f7d0b","pdata_n.t05_ams_ta_otc_mtch_cfm_evt","存放资管OTC转让委托成交明细确认流水，信息来源资管TA5","PHYSICAL_IDENTITY","是","否","","1","","64777","208910",""
"dataset:e7adaf94be152874c4086a9e3d810857ba4ffcc7429ead7c34e412fb1db79e65","pdata_n.t05_gks_oact_rsrv_evt","金钥匙开户预约事件","PHYSICAL_IDENTITY","是","否","","1","","64854","67780",""
"dataset:7bcb7f7a4fafa953277bc39ee74de634d216e91d9ff7cd4cd414d727934984c8","odata_n_ois.g_fdsypz_ledger","【AI】浮动收益凭证台账","PHYSICAL_IDENTITY","否","否","","2","","64970","104908;208996","64970"
"dataset:9cded0417d4fdba6f4207c525fb96728a72b7a462d521ee8b4e3a6bbc05bb6ba","pdata_n.t05_ams_divd_det","资管分红明细","PHYSICAL_IDENTITY","是","否","","1","","65237","223194",""
"dataset:638ddb3994f36fb99037246049199ebcb56896b1823b4ece9937f499c9c9217d","pdata_n.t05_exch_sopt_shr_chg_evt","场内自主行权股份变动事件","PHYSICAL_IDENTITY","是","否","","0","","65423","",""
"dataset:4da742aac0278c286953bb8f8031d4a910518ba38a636991b0d9f91b89917b20","pdata_n.t05_acct_chg_evt","账户变动事件表","PHYSICAL_IDENTITY","是","否","","7","K027;K026","65513","68061;68094;68196;68275;68873;73353;73354;134251;193247","73353;73354"
"dataset:104cf7d83c96213c3631e464c09fe57bc27f1f996a71a3f63550ba7c86bb7361","pdata_n.t05_income_vchr_entr_evt","收益凭证委托事件","PHYSICAL_IDENTITY","是","否","","1","","65648","163027",""
"dataset:3b2e8edae90af3f93c1eebe8ebe4cbb5451473ab82879279042b6ff5e140e986","odata_n_crm.q_client_wx_rel","","PHYSICAL_IDENTITY","否","否","","1","","","65920",""
"dataset:0649879072e0b33486a2484130c1e716c810e44a28c4a1aa23a79cd3926aa2a3","pdata_n.t05_wecom_kyc_auth_evt","企业微信KYC认证事件","PHYSICAL_IDENTITY","是","否","","4","","65920","99293;115321;138715;140003;144891;167299","144891;167299"
"dataset:cfad4a26d3fe2f1cb3ef60704f226cd284d4dfa6ab64b18e03ef24aeda736089","pdata_n.t97_ecf_cust_base_info","T97_ECIF客户基本信息","PHYSICAL_IDENTITY","是","否","","0","","65968","73353;73354","73353;73354"
"dataset:40a8cf6ac0bb50dce54fea940ab6f529285e32562f1b729dd3a1022a4e2ca11e","odata_n_uip.w_asharecjzqindustriesclass","","PHYSICAL_IDENTITY","否","否","","1","","65975","104271","65975"
"dataset:164e0671fcce8ea7d17ba2d0495120f7a80d84f1bfee94330e4ec196ab440240","odata_ygt.nygt_h_his_compact","","PHYSICAL_IDENTITY","否","否","","1","","","65994",""
"dataset:a8c2cd175d491f4f3d947c64b2c36fc49709979671135ffd28de226f61166750","pdata_news_n.t02_marg_base_info","两融产品基本信息表","PHYSICAL_IDENTITY","是","否","","10","K001;K022","65994;66021","66413;66419;66471;89260;95146;203699;203702;203704;203709;203756",""
"dataset:638ae4f95d3d68e18114824fcd55db95954632b29d19f41c3b80cd6486604227","pdata_news_n.t02_stk_base_info","股票基本信息","PHYSICAL_IDENTITY","是","否","","15","K098;K043","66002;66039;66040;66041;66263;69946;70343;154677","110851;140678;144157;158972;201197;211987;212881;215886;216356;219287;219732;219736;220548;220860;221888;238523;243790","158972;201197"
"dataset:e08f7455efca1b906711fd37892cad25ac030ac6820c9cfed8cdbfc798ae78aa","odata_n_xir.t_ttrd_otc_trade_extend","交易拓展表","PHYSICAL_IDENTITY","否","否","","2","","66061","242931;242988","66061"
"dataset:419a49ecd0f8890987ace3dba290090a76b2bded51a34143bec646f39cc3865d","odata_n_xir.m_tbill","","PHYSICAL_IDENTITY","否","否","","0","","66063","69617","66063"
"dataset:c73efaa637e56b8167adf1443bcb4045563a24e306b7b99586e6dee6cdaa19a4","pdata_n.t05_otc_chrem_entr_evt","场外理财委托事件","PHYSICAL_IDENTITY","是","否","","4","K061","66090;95657","92112;92113;135974;163027",""
"dataset:4f843543ab4d974a9389e323a1b1810adc16fd65383a1ad851d27841802cb8da","pdata_news_n.t02_scr_type","证券类型分类","PHYSICAL_IDENTITY","是","否","","16","K001;K065","66251","66092;66093;66187;66278;66411;66412;66413;66415;66416;66686;71585;100054;115939;121540;140678;195842;205098","121540"
"dataset:1d47dbf22ef9288e7701f319185fb97c801092725701c2aacfa9ecb3ad2fb84d","pdata_n.t98_cust_prd_ret_info","T98_客户全产品保有明细表","PHYSICAL_IDENTITY","是","否","","9","K065;K081","66092;66093;66187","91519;93524;100054;105497;108930;115939;149249;149270;175419;175427;176693;192442;201463;209813;209817","175419;175427;176693;192442;209813;209817"
"dataset:f674bf805ec80e0af9876a4671c05e7448634463e8e2726b6a6e644db8b0afd6","pdata_news_n.t02_prd_unit_nav_h","基金净值表","PHYSICAL_IDENTITY","是","否","","2","","66124","66093;210134",""
"dataset:6c7bd6a6488ef126e1462384c4b12aab7641487b13cc9e8b8ae639cfb8d93ca9","pdata_news_n.t02_scr_trd_cal","交易日历表","PHYSICAL_IDENTITY","是","否","","23","K055;K013;K094","66099;70173","69825;70043;101456;145137;147847;148368;148419;148763;149001;149048;149236;149841;149951;152592;153126;161054;161152;162136;187205;190435;202038;202294;202295;205098;205645;208182;224741;231804;231821;234350","149001;149841;152592;190435;224741;231804;231821"
"dataset:2d87411da2cb02d807d2abcc3c612e9b5ce66cf542ac24e8db3d779e19f27e70","pdata_n.t05_prd_cust_cms_div_bm_appr_evt","产品户佣金切分基准审批事件","PHYSICAL_IDENTITY","是","否","","1","","156296","66109",""
"dataset:aa2f4bdd7e3a6d20f6cc6ea4a92e960296e4938dec122ead685b562902e7fde5","pdata_nds.exotic_prd_account_rel","产品户-产品关系表","PHYSICAL_IDENTITY","是","否","","1","","198518","66109",""
"dataset:913961269c2671865859357df2fc1eebb71849922759a4de4135b7f83179faf4","pdata_n.t09_bill","账单","PHYSICAL_IDENTITY","是","否","","1","","92365","66109",""
"dataset:ff1272abd3b2a3ddc3e2145a85b0a75ffed8fed65c38e0a685fb83dfdbb36ff8","odata_n_prd.b_prod_income_detail_mid","收入明细中间表","PHYSICAL_IDENTITY","否","否","","1","","139675","66109","139675"
"dataset:9cce3d0e4ac4e341e537163e694b20f9098333431883a2d723ffbe145e9742c1","temp_n.otc_rcvb_income_calc_result_final_gs_his","","PHYSICAL_IDENTITY","否","否","","0","","","66109",""
"dataset:e4b3adf0b6ff37620a08c69009d1d80e6d37a0148814261f0adc2418edd6b23d","pdata_n.t98_brok_corp_cust_base_info","T98_经纪业务对公客户基本信息","PHYSICAL_IDENTITY","是","否","","67","K066;K069;K074;K070;K100","68873","66109;95340;97042;97696;98312;98318;98403;98517;98519;98520;102071;102072;102073;102931;102934;105497;109513;118180;119797;121401;121540;121726;123571;123668;123726;125079;125840;126217;126255;134251;135109;135427;135567;135972;135973;135974;137362;140692;140940;143951;144891;145651;147847;147889;148368;148763;159677;160235;160518;162821;163027;170408;171292;175419;175427;176693;177395;177407;177677;177681;187687;187791;190237;190435;192442;196245;196248;196465;197534;197701;197997;199241;201626;202354;202516;202836;203119;203676;205098;206945;207545;207665;208353;209813;209817;210413;212242;216357;216569;218029;218037;218236;218244;218252;218255;218404;224741;226278;228803;231751;232164;232650;232651;232652;232653;232655;232675;232676;232677;232820;234130;234147;234860;234954;235142;236184;237421;237807;243781","121540;123726;125079;125840;126255;135109;135427;135567;140940;144891;147889;160518;170408;171292;175419;175427;176693;177395;177407;177677;177681;187687;190435;192442;196245;196248;196465;197534;197701;197997;201626;202354;203119;206945;207665;208353;209813;209817;210413;218029;218037;218236;218244;218252;218255;218404;224741;228803;232164;234954;236184;237807"
"dataset:614a64a5e316dd0bfd1bbf96342394df4b7960974092b1e29a5d172f56898d5e","pdata_n.t98_cust_prd_income_info","客户产品级各系统产品收入汇总表","PHYSICAL_IDENTITY","是","否","","1","","66109","109044",""
"dataset:f5fa38360deaa05f2c378ec3079c16308d34208443b52a74c9b6f4a357f2e9dc","odata_n_uip.sql_gc_i_product_price_day","产品净值数据","PHYSICAL_IDENTITY","否","否","","1","","","66124",""
"dataset:83a7b4124a5d6e08972b2aae20b5c3dcce7ab3cfe2e464091e7ac53525399b19","pdata_news_n.t02_stk_compnt_info","股票成分股信息","PHYSICAL_IDENTITY","是","否","","1","","66125","220548",""
"dataset:bfe61f71331c7fe17bbac1d3f9257711d39afae9d75f0f2bf7c4f9223cea0d1b","pdata_n.t98_cust_corp_cust_base_info","T98_对公客户基本信息","PHYSICAL_IDENTITY","是","否","","9","K015","66148","76185;76186;112088;113694;121469;136594;137467;139708;140633;140676;147357;150023;156579;158972;160518;164841;167299;168458;173057;174370;174537;174918;174933;197653;206853;206855;229655;237113;239134","76185;76186;112088;121469;136594;137467;139708;140633;140676;147357;150023;156579;158972;160518;164841;167299;168458;197653;229655;239134"
"dataset:ff4ada98a3cca4c014bd2b0674d6f9d60cd9020789491ae0117b75aac70b3038","pdata_news_n.t02_exch_quot_s","证券交易行情","PHYSICAL_IDENTITY","是","否","","10","K043","66185;66203;69652;69687;69692;69844;127999","205098;211987;212422;212525;212881;216321;216325;238523;245506;245662",""
"dataset:0364631d3b58d75357387b676cd3703efdf2cef71e1e74846a0ce39d5ccc1f8c","pdata_news_n.t02_fxr_incon","市场交易互通汇率表","PHYSICAL_IDENTITY","是","否","","4","","66297;70158;70159;145218","66187;145059;212525;230410",""
"dataset:84a35a1b28b98b8055f2f277dd3ee093a9767abd0446bb7fb91dff84b7a07ca0","pdata_news_n.t02_prd_fin_info","产品中心产品基本信息","PHYSICAL_IDENTITY","是","否","","10","K039;K040","66204","108930;108944;109044;154232;202397;202400;202401;202540;202541;202550",""
"dataset:8229ff996532d11e7dd2869a9200d665306511855cd009469ebb59fc1118f690","odata_n_uip.w_usstockeodprices","","PHYSICAL_IDENTITY","否","否","","1","","66240","127999","66240"
"dataset:ad066ac89537e0ec30607edc7e9fb06ec9b3fe7fcace14e43c2e0ee1defb6f72","pdata_n.t98_cust_prd_sale_info","T98_客户全产品销售明细表","PHYSICAL_IDENTITY","是","否","","1","","66278","108944;175419;175427;176693;192442;209813;209817","175419;175427;176693;192442;209813;209817"
"dataset:f89d0e8d54ac99f51a0bef46c95e42bb4b6046a314679e1371b5225b2e55f0f5","pdata_n.t05_oao_applies_evt","网上开户订单步骤事件","PHYSICAL_IDENTITY","是","否","","1","","66285","67780",""
"dataset:d08f85661862d7d7876abde7806af27d155bbdbf2d9135bf128ac0c0ce67c577","dm_index_n.hold_def_hot","持仓定义热表","PHYSICAL_IDENTITY","否","否","","26","K001;K052;K012","","66411;66412;66413;66415;66416;66417;66418;66419;66471;66551;66616;66632;66670;66676;66686;71585;73382;83444;85033;90018;91298;91304;95146;95173;154181;163725",""
"dataset:191733b644683debcaf5f64ccbae0898efb6bcb765372b79ce26ceea1def9c56","dm_index_n.hold_tag_relation_pre","持仓标签关系","PHYSICAL_IDENTITY","否","否","","24","K001;K052","","66411;66412;66413;66415;66416;66417;66418;66419;66425;66471;66539;66665;66670;66686;66704;71585;73382;85033;90018;91298;91304;157148;176356;177297",""
"dataset:ea13700b2ea673c78faf939fe9d42a6bd44807c4f225628c84b1e10dcf5ceceb","dm_index_n.tag_def","标签定义表","PHYSICAL_IDENTITY","否","否","","190","K001;K052;K012;K061;K064;K065;K070;K077;K082;K075;K034;K039;K040;K041;K094;K083","","66411;66412;66413;66415;66416;66417;66418;66419;66425;66471;66492;66493;66502;66539;66551;66592;66616;66665;66670;66676;66686;66704;71585;73382;80025;83444;85033;89260;90018;91298;91304;92112;92113;95146;95164;95173;95340;96834;96843;96844;97696;98223;98517;98519;98520;98572;98584;99145;99207;99293;99839;100054;100712;101358;101399;101646;103077;103369;103907;104345;105497;109095;109744;110993;112592;112602;112835;114555;119797;119885;119910;121401;121726;123569;123590;123593;123712;123713;125474;125754;128144;131654;134282;134283;134604;135361;135530;135663;135972;135973;135974;135975;136594;136912;137020;137179;137362;138708;138715;140003;140692;141103;142847;143951;145235;146788;147810;149908;149916;149929;149932;149946;149948;149973;149982;150023;150197;154181;154232;156244;156245;157148;158338;158659;159287;159303;159827;160518;162120;162564;162610;162618;162821;163725;164410;165692;165928;167072;167822;169317;169368;170002;170275;170281;170804;170818;170822;170832;171347;171364;171370;176356;177297;184119;186494;187693;187781;187791;190620;195842;196985;197653;198739;199242;199246;199482;199706;199760;200048;200180;200499;200633;201299;202073;202353;202397;202398;202399;202490;202550;202688;203566;203676;205915;206467;206510;207560;208182;208186;208608;208626;208983;217770;225262;230006;236123;240212;241773;243650","135530;136594;137020;150023;160518;197653;206467;206510;208983"
"dataset:42779470775ef8db8fe643c6b9c8f61e3f906ff7b0c2af73a27c429cd9616cc7","dm_index_n.hold_tag_relation","持仓标签关系","PHYSICAL_IDENTITY","是","否","","12","K018","66411;66412;66413;66415;66416;66417;66418;66419;66425;66471;66539;66551;66616;66632;66665;66670;66676;66686;66704;71585;73382;83444;85033;89260;90018;91298;91304;95146;95173;154181;157148;163725;176356;177297","66492;66493;66502;66541;66592;107360;148763;157103;164410;166106;166108;203119;203676;237807","203119;237807"
"dataset:1dd20252e0b04aa6367e89d208f77f9407f9d58ba52621ce0dff97246d8ce60f","pdata_news_n.t02_opt_contr_info","期权动态合约信息","PHYSICAL_IDENTITY","否","否","","2","K052","","66417;66418",""
"dataset:0a77fe229475727a06b3c70d5d2fe5c775fbbbaf3f174bf25128b7c063848384","dm_index_n.grp_hold_relation","组合持仓关系表","PHYSICAL_IDENTITY","是","否","","6","K018","66492;66493;66502;66592;164410","66541;107360;157103;166106;166108;203119;203676;237807","203119;237807"
"dataset:6eb8ca038b1e00987a486654758fb869e5e715d975d49474c2e022cb0087799b","odata_n_uip.w_chinamutualfundshare","中国共同基金份额","PHYSICAL_IDENTITY","否","否","","2","","66506","69671;235392","66506"
"dataset:4009e8ebab352ebefac3469d2c1860072294c3deeee47fe4474849f234d37cad","odata_n_uip.w_tb_object_0001","Wind标准证券代码表","PHYSICAL_IDENTITY","否","否","","1","","66515","236085","66515"
"dataset:3866abe66514cfb5e49712744a3e851b734238d96bbb33ae732b97c677ee1bd7","dm_index_n.hold_index","持仓指标","PHYSICAL_IDENTITY","否","否","","5","K018","","66541;107360;110851;166106;166108",""
"dataset:bb8cd6a637f31952df85940fc60e1257e6a274357cb06797c2ffeb901354d99b","dm_index_n.index_grp_trade_amt_exch_rcc","组合指标表_场内交易金额_零售柜台","PHYSICAL_IDENTITY","是","否","","1","","66541","80025;170408;202354;210140","170408;202354;210140"
"dataset:a8a72cdbb4692d19e1824c6ae0c632709baec26fbef81f39a4d468678f6732d3","dm_index_n.real_account_info","真实账户信息","PHYSICAL_IDENTITY","否","否","","17","K012;K014;K032","","66551;66616;66676;71585;83444;85033;95173;149814;150221;151655;152924;163725;164123;164647;167963;168844;184842",""
"dataset:ae8478ede5f1c90a74f3150af9ca9b51b6d33cb9e971ba50f57e1caf6bdc5d46","pdata_n.t03_agt_pty_rela_h","历史拉链表，存放协议与当事人的关系及变动历史，如协议持有人、协议本方销售商、协议对手方销售商、协议持有人对应的客户编号等，协议当事人关系清单请查看仓库代码-协议当事人关系类型代码CD050。","PHYSICAL_IDENTITY","是","是（并非已逐分支核验）","docs/00-20260914-图谱认知/01-tit入模/02-TIT入模去向.md;docs/00-20260914-图谱认知/01-tit入模/05-去向与未命中分类.md;docs/00-20260914-图谱认知/01-tit入模/T03-协议账户与合约/01.1 资金账户.md;docs/00-20260914-图谱认知/01-tit入模/T03-协议账户与合约/01.2 保证金账户.md;docs/00-20260914-图谱认知/01-tit入模/T03-协议账户与合约/04 当事人与角色.md;docs/00-20260914-图谱认知/01-tit入模/T03-协议账户与合约/附录A 标准模型字典.md","14","K012;K087","103931;103932;103933;103934;105058;105384;169637;183085;222317","66676;107018;134167;140676;149948;171618;172257;172272;173282;174026;176360;176874;184662;206855;213442;218951;230127","140676;184662;230127"
"dataset:aa871f66dcec312a13aff8f347b8ec36a514dc63b8e29ab1d27a268afb020bab","odata_n_uip.w_asharemargintrade","","PHYSICAL_IDENTITY","否","否","","1","","66715","69994","66715"
"dataset:7898a68a7198c01ff35f61ce090c7016c48f0b53669cc6dcb4cd7bc659552589","odata_n_uip.w_aindexmembers","","PHYSICAL_IDENTITY","否","否","","1","","67157","70047","67157"
"dataset:cccd61526052be6493abdbfb51c8440318089d3ce7f903f3a5fff415b642a719","odata_n_uip.w_asharedividend","中国A股分红","PHYSICAL_IDENTITY","否","否","","4","K055;K057","67174","69692;69825;70348;137531","67174"
"dataset:47b133a3a5fb123ab88effaf001d2f0bf21245ca95c18d4d65edfa197c53a6a7","odata_n_uip.w_ashareindustriesclass","","PHYSICAL_IDENTITY","否","否","","1","","67175","69672","67175"
"dataset:feea627302c288f1dac406a8d11b531614397186d8d144be5a231a0a666a001a","odata_n_crm.c_tgqjl_jldxgl","","PHYSICAL_IDENTITY","否","否","","1","","67337","104627;104628","67337"
"dataset:6917cae2fbb4cf798a358852d5dcb9f45af58457a6951599958d29d45e2d510d","odata_n_uip.q_equ_inst_sstate","","PHYSICAL_IDENTITY","否","否","","1","","67432","138291","67432"
"dataset:5725c9346046f3f6f04087a58d9c5b567b6a762773561c8d76de4f19bdab77f4","odata_n_crm.c_tssgskh_khbl","","PHYSICAL_IDENTITY","否","否","","1","","67435","69161;69548;104628","67435"
"dataset:47828a734fbd3417a2888841394475c7bbacce1e0d5b41dd9b7b5de2017a3aba","odata_ecif.ecif_e_t01_prod_cust_info_s","","PHYSICAL_IDENTITY","否","否","","1","","67694","104734","67694"
"dataset:144e1951eb920c36a642c7dd06604f8d7d61dff5920bbdee860a1c3e598ad26c","pdata_n.cal_table","","NONE","否","否","","0","","","67780",""
"dataset:b5089d9774ba9c11d37ab478a5bef4565497b889e936433fe8187424c16840e5","pdata_n.t98_crm_cust_chan_info","T98_经纪客户开户渠道信息","PHYSICAL_IDENTITY","是","否","","3","K060","67780","87175;87348;159677",""
"dataset:e49a066e944084b141cde63382e498b516c3f3aeed9fe2a6d0abbb9eb847c5f8","odata_n_uip.q_mkt_fundd_adj","","PHYSICAL_IDENTITY","否","否","","1","","67872","72482","67872"
"dataset:9d504bf1a98fb23240a9264b54be035f0e82b987613815235998f770c779788b","pdata_n.t97_ecf_cust_acct_info","T97_ECIF客户账户信息","PHYSICAL_IDENTITY","是","否","","0","","67899","73353;73354","73353;73354"
"dataset:a881414725e4f6c6172e98ce21a85c062b0f9f356a3318b732c33106eedbdb12","odata_n_crm.c_t_zdkh_khmx","","PHYSICAL_IDENTITY","否","否","","1","","","68005",""
"dataset:4a0d90f58a5736187b92099c64ec42be999db3396df9826b5bb40f4da1ca23ac","pdata_n.t98_brok_imp_cust_list","T98_经纪业务重点客户清单","PHYSICAL_IDENTITY","是","否","","0","","68005","167299","167299"
"dataset:70c0159250d5cdd722433c4aa9beca1e4bbd639fdad7ccf159f174f4e14ed90d","pdata_n.t98_cust_brok_mng_rela_info","每天一份快照，存放经纪业务的客户的各种管理关系信息，从T01主题相关表加工得到，宽表形式","PHYSICAL_IDENTITY","是","否","","19","K060;K069;K015","68061","87175;97635;97636;97696;100478;102792;104366;109513;121540;136594;147889;168458;170408;173057;174370;174537;174918;174933;190237;201197;216569;235224;237113;239134;243781;243790","121540;136594;147889;168458;170408;201197;239134"
"dataset:7ac42558fef06b1fd2fb083947bc3874a9851ff1ec7490ab3317346efecd9ccc","pdata_n.t03_agt_stati_info_h","历史拉链表，存放所有协议的各种统计信息及变动历史，该数据为从源系统获取的重要统计数据，非大数据平台计算的指标。","PHYSICAL_IDENTITY","是","是（并非已逐分支核验）","docs/00-20260914-图谱认知/01-tit入模/02-TIT入模去向.md;docs/00-20260914-图谱认知/01-tit入模/05-去向与未命中分类.md;docs/00-20260914-图谱认知/01-tit入模/T02-产品标的与市场数据/01-产品基础资料/04.1 发行产品底层资产.md;docs/00-20260914-图谱认知/01-tit入模/T03-协议账户与合约/01.2 保证金账户.md;docs/00-20260914-图谱认知/01-tit入模/T03-协议账户与合约/附录A 标准模型字典.md","43","K027;K068;K008;K087;K090;K093","98304;103939;105069;105385;105387;105527;144289;210925","68094;107018;107024;107281;107481;107937;118174;119044;123781;143830;143897;144300;149779;151145;155015;162676;162821;163077;163640;163672;166644;172288;173137;176330;176360;176443;176525;176874;180692;180700;180714;181553;181555;181556;185234;187506;187509;200030;200078;207458;207545;207753;209119;211619;211623;212078;215700;227251;227254;231741;232822;233302;234256;234575;244970;245918","162676;163640;207458;207753;212078;215700;227251;227254;231741;232822;233302;234256;234575"
"dataset:53f96094c7f4eb700ac7c3942b69c1e2dd0cbb40a36ead1ee4df620ecf17ed20","pdata_n.t03_agt_clas_h","历史拉链表，存放各类协议的各种分类字段信息。","PHYSICAL_IDENTITY","是","是（并非已逐分支核验）","docs/00-20260914-图谱认知/01-tit入模/02-TIT入模去向.md;docs/00-20260914-图谱认知/01-tit入模/05-去向与未命中分类.md;docs/00-20260914-图谱认知/01-tit入模/T03-协议账户与合约/06 合约分类与状态.md;docs/00-20260914-图谱认知/01-tit入模/T03-协议账户与合约/06.1 业务分类.md;docs/00-20260914-图谱认知/01-tit入模/T03-协议账户与合约/附录A 标准模型字典.md","19","K027;K026;K090","98094;106661;106676;139853;144287;211812","68094;68275;68873;107018;107024;119044;134530;140676;144300;162676;163077;163672;166644;176525;185234;206855;207458;207753;209119;211619;211623;212078;232822;234256;234575;244970;245918","140676;162676;207458;207753;212078;232822;234256;234575"
"dataset:dc1eae78af130b9e4bd21a3ec620089a009d2da4c5291673044b30d1b429295a","pdata_n.t98_brok_ast_acct_base_info","T98_经纪柜台资产账户基本信息","PHYSICAL_IDENTITY","是","否","","13","","68094","109744;121726;135109;135427;135975;146788;148763;158720;159677;170408;187781;206945;212026;212422;212525;216357;237113;237804;239134","135109;135427;170408;206945;237804;239134"
"dataset:400302bcf7daa666c67e32eacbeb75fc06273483bebfc271e2a2bcb604fdd1cc","pdata_n.t98_brok_scr_acct_base_info","T98_经纪柜台证券账户基本信息","PHYSICAL_IDENTITY","是","否","","4","","68196","119797;119910;123593;135109;135427;159677","135109;135427"
"dataset:2eb2a33c62057a1e01375519b9e6c34ad4eabe5f525dd5f6b073fade8163badf","pdata_n.t98_brok_indv_cust_base_info","每天一份快照，存放经纪业务的个人客户的常用信息，从T01主题相关表加工得到，宽表形式","PHYSICAL_IDENTITY","是","否","","70","K060;K069;K070;K074;K100","68275","87175;87348;95340;97042;97696;98312;98318;98403;98517;98519;98520;100130;102931;102934;104454;105497;109513;112835;118180;119797;121401;121540;121726;123571;123668;123726;125079;125840;126217;126255;131654;134251;135109;135427;135567;135972;135973;135974;136990;137594;140692;140940;143951;144891;145651;146788;147847;147889;148368;148763;159677;160235;160518;162821;163027;170408;171292;175419;175427;176693;177395;177407;177677;177681;187781;187791;190237;190435;192442;196245;196248;196465;197534;197701;197997;199241;201626;202354;202516;202836;203119;203676;205098;206945;207545;207560;207665;208353;209813;209817;210413;212242;216357;216569;218029;218037;218236;218244;218252;218255;218404;224741;226278;228803;231751;232164;232650;232651;232652;232653;232655;232675;232676;232677;232820;234130;234147;234860;234954;235142;236184;237421;243781","100130;104454;121540;123726;125079;125840;126255;135109;135427;135567;137594;140940;144891;147889;160518;170408;171292;175419;175427;176693;177395;177407;177677;177681;190435;192442;196245;196248;196465;197534;197701;197997;201626;202354;203119;206945;207665;208353;209813;209817;210413;218029;218037;218236;218244;218252;218255;218404;224741;228803;232164;234954;236184"
"dataset:1e4876dadcbcb9c043dda98531e51ac7676fb55920c7c9c7461d6af4f9be2ba4","odata_n_crm.c_tapp_mobile_uid","","PHYSICAL_IDENTITY","否","否","","1","","","68399",""
"dataset:3fa84cd8b57401d2f1f4ac6179ed617dfbedbd9b8290d6115b1e645470e61147","pdata_n.t98_crm_oact_pty_id_mobile_map_info","金管家开户期客户编号与手机号映射关系信息","PHYSICAL_IDENTITY","是","否","","3","K060","68399","87100;87175;87348;87970","87970"
"dataset:fba018b00f709c0b6835f3a85bf5992585e7108778f2dfeb57af758626046ad6","odata_n_uip.w_asharest","","PHYSICAL_IDENTITY","否","否","","1","","68408","70019","68408"
"dataset:acacb53e6a1a9108e5458e540499854abab429e8272f40e35ca6211bb28f30c5","temp.t98_brok_corp_cust_base_info_temp_pvt","","NONE","否","否","","0","","","68873",""
"dataset:7a4fcc9aa45d90660eb10a6171dc3f3e5bb6efa2e953ac63621f84ef9918aff4","odata_n_uip.w_ashareanninf","沪深公司公告信息","PHYSICAL_IDENTITY","否","否","","2","K053","68970","69312;163993","68970"
"dataset:2622c63cce6608ffc29b3b539a07be57a59ad64fadd0ba719801242b110375c2","odata_n_uip.w_ashareanncolumn","沪深公司公告栏目","PHYSICAL_IDENTITY","否","否","","2","K053","68972","69312;163993","68972"
"dataset:bed6b02d33dc530b44a37a1c4d25404062880b98b30221a29e7ac7e2117df849","odata_n_sfb.c_tkh_scjyrq","","PHYSICAL_IDENTITY","否","否","","1","","69080","111410","69080"
"dataset:8f75f372e54cf01182a64d0b9c3fd8a2e063b18f16e289f81ac497dcb11cf18d","odata_n_uip.w_bondanncolumn","债券公告栏目","PHYSICAL_IDENTITY","否","否","","2","K054","69097","69417;163994","69097"
"dataset:12b7fd3d82b20b7f53e394acb22b22a5ddf01638a8442489160c2e8d7dafbfed","odata_n_rcc.u_crdtequity","","PHYSICAL_IDENTITY","否","否","","1","","69099","216425","69099"
"dataset:d82a1faa55eb330b0371a51b49c197e27a5b948be3fd47aa3b2ea5b76bc120c3","odata_n_uip.w_thrboardanncolumn","","PHYSICAL_IDENTITY","否","否","","1","","69100","69311","69100"
"dataset:59d8af0d143fc1d8ab1a4622ef5414668e1a1615b2c97cd1c7d7992668f7856a","odata_n_uip.w_bondanninf","债券公告信息","PHYSICAL_IDENTITY","否","否","","2","K054","69101","69417;163994","69101"
"dataset:dad18df2cf08642fb9d7e793a4ec4be7a398d462c45285a847a00a7522b9d225","odata_n_uip.w_thrboardanninf","","PHYSICAL_IDENTITY","否","否","","1","","69124","69311","69124"
"dataset:5c53dc93dc0d3e45cf95a0ca5f983d35d8ba6b31f742394fb894832948fd0c8c","odata_n_crm.c_nts_cust_inforeg","","PHYSICAL_IDENTITY","否","否","","2","","71428","69161;69548;74383;76847;104628","71428"
"dataset:f515d7263ba4f81260cfe9127a337124dde30f2c9bdc4d16f1bcd69c41c8a623","temp.t01_pty_clas_h_temp_crm063","","PHYSICAL_IDENTITY","否","否","","0","","","69161",""
"dataset:66c47ccab50ce99623d4224d9e9820ce8d8ba83749f77c27bb9fe271852a1e81","odata_n_crm.c_tjjywtz_ydkhtj","异地开户调整","PHYSICAL_IDENTITY","否","否","","1","","","69189",""
"dataset:1b3a86642e6b5989a75b3227a3329ed7e6e733e5fcc5a858da15b03d80bbbe92","pdata_n.t01_crm_ofst_oact_cust_div","金管家异地开户客户分成","PHYSICAL_IDENTITY","是","否","","5","K100","69189","145651;148368;148763;197997;201626;226278;234860","197997;201626"
"dataset:dbdf165a184df95699b0a250ec2678265fdc137c11867ed2cbf20dbd59f9c9e9","odata_n_uip.w_asharesecnindustriesclass","","PHYSICAL_IDENTITY","否","否","","1","","69425","69260","69425"
"dataset:0b1f87542a4fd4e2f55fca23a0d488fa277bf8423e01ad55e0a6749a50560f96","pdata_news_n.t02_co_indt","公司行业分类表","PHYSICAL_IDENTITY","是","否","","3","","69260;69644;69645;69646;69647;69648;69672;69721;69722;69739;69773;69776;69837;69871;104271;159323","69867;70324;134690;217923","134690"
"dataset:8596e2519ede1668bb7bea798b32e76da33cafafde1ba86bbeccb49761fb0365","odata_n_uip.q_mkt_fundd","","PHYSICAL_IDENTITY","否","否","","1","","69302","72482","69302"
"dataset:537b9c773f941dced256a39c91480149906a4852d46ba535a81300bf52192aad","pdata_news_n.t02_ann_info","公告信息表","PHYSICAL_IDENTITY","是","否","","1","","69311;69312;69415;69416;69417","216321",""
"dataset:0500fe5a14000e5bddf29a357629904ad16e3801defb0fa0bd3b51016e082b4a","odata_n_uip.w_cbonddescription","中国债券基本资料","PHYSICAL_IDENTITY","否","否","","1","","69314","233399","69314"
"dataset:739ac46a8ce570e4103577604d4c31dd7b3bfd1147e5582d7476a641b1e3c9d1","odata_n_lps.s_sz_sjsdz_v2","","PHYSICAL_IDENTITY","否","否","","1","","69337","69878","69337"
"dataset:f90db8cbba2044778dec341d4310982f6ddcac812b2cd830a205313abe952995","pdata_news_n.t02_bond_base_info","债券基础信息表","PHYSICAL_IDENTITY","是","否","","4","K092","69341;107776","99917;190113;190375;190382;212881","99917"
"dataset:6ab8899662a9dbc6e67fcfa923f3f7e94142e26b0c2663de95486fd8f39f559d","odata_n_uip.w_fundanncolumn","","PHYSICAL_IDENTITY","否","否","","1","","69345","69416","69345"
"dataset:6b6bf32aafab3e3f8d4c23306ea305ac3f08a3b8e30674e68711d5bc2687d6a1","odata_n_icr.m_t_rate_record","","PHYSICAL_IDENTITY","否","否","","1","","","69404",""
"dataset:f6e25bc7382d254f5006afa5092905555cc6a10a6f3d6c44131a54c0c89c5ceb","pdata_news_n.t02_bond_rating","债券相关评级","PHYSICAL_IDENTITY","是","否","","1","","69404","202861;207030;220835","202861;207030"
"dataset:8338115d1f0e4122b4147e8e511011513e413d0edc7a1537153dcdc4787fa6e2","odata_n_uip.w_fundanninf","","PHYSICAL_IDENTITY","否","否","","1","","69428","69416","69428"
"dataset:7f75df86c634d23308eb443ba280e38041ea88af8d55b8859331987b7d6e99d1","odata_n_lps.s_ha_zqye","","PHYSICAL_IDENTITY","否","否","","1","","69446","69879","69446"
"dataset:05c5add32ed2f72f63f929e4bfdda38c02869e6cf4dacd20d0a90ef0e68f24d9","odata_n_uip.q_md_institution","机构主表","PHYSICAL_IDENTITY","否","否","","1","","","69477",""
"dataset:b37fb8f91e2a08eee5625610317639b93f5912b2d6f13034ada36b3a88542f14","odata_n_uip.q_mkt_bond_vwapd","债券日成交均价","PHYSICAL_IDENTITY","否","否","","1","","","69498",""
"dataset:1ee3c1ccdb2312cb6884a04856a41ca9fd65c07aa7d50a2dd80461bb6055fb98","odata_n_uip.q_bond_type","债券类型","PHYSICAL_IDENTITY","否","否","","1","","70812","69498","70812"
"dataset:850067551dd75055c291803650a69575074e1944ebd41a1bd7792ebd3f0fd7ed","pdata_news_n.t02_bond_cnv_iss","可转债发行信息表","PHYSICAL_IDENTITY","是","否","","1","","69498","212881",""
"dataset:97b9de21d51e2f6359e38482e588b2160c2c3d48b49e750f3b9cadd5d12d6c81","pdata_n.t01_rstk_pty_add_inpt_info","限售股客户附加信息","PHYSICAL_IDENTITY","是","否","","1","","69548","102073",""
"dataset:623654c54f94c7b05f92f69e59355059381f9f8af005f1f076c4a81c5d35d834","odata_n_uip.w_neeqsindustriesclass","","PHYSICAL_IDENTITY","否","否","","1","","69612","69722","69612"
"dataset:639f68abdb9750d1484f6c273fa458d605932c38d1a12baf5084884610ebba67","odata_n_xir.m_tcmdt","现货交易表","PHYSICAL_IDENTITY","否","否","","0","","88364","69617","88364"
"dataset:abe3bbb5bae4505ee04a13b8516b4b2d205d16f3928302e3e9e1d47246671822","odata_n_xir.m_tir","利率金融工具表","PHYSICAL_IDENTITY","否","否","","1","","124837","69617;195641","124837"
"dataset:6f6c23a86c0ebaeadccb20887510a6b20b7cd7b509139d59aedb43c85c26bb3d","odata_n_ta5.d_ta_tfundinfo_p","","PHYSICAL_IDENTITY","否","否","","0","","145020","69635","145020"
"dataset:8891e030e33722d5174a991925cd857fc0d38f76cc377bb1fa0edb4706ce09ac","odata_n_cap.a_biz_pro_pe_info","","PHYSICAL_IDENTITY","否","否","","2","K056","236950","69642;69829;69852","236950"
"dataset:84abc7ceb788a8d116faea7387529d4e65166b8b2b1deb391a43d3da65af5007","odata_n_cap.a_biz_pro_tenant","","PHYSICAL_IDENTITY","否","否","","3","K056","214753","69642;69829;69852;69854","214753"
"dataset:36f54d9bb2acc3f3a1c3752fb108947e17f2547d4b6d6f8fd46e23dfeab391e5","odata_n_cap.p_biz_pro_trusteebank","","PHYSICAL_IDENTITY","否","否","","3","K056","233662","69642;69829;69852;69854","233662"
"dataset:ffefdc54fab6e27f664778a863c5d79f1c8a61bf33cab5302c1ca867e7dc6811","odata_n_cap.s_biz_pro_prd_base_info","产品基本信息表","PHYSICAL_IDENTITY","否","否","","5","K056","202975","69642;69829;69832;69852;69854;71716","202975"
"dataset:292210859116d8941275b1f6b32cea67742b9afb232ae031fafbb3555a2aa106","odata_n_cap.p_biz_pro_investment_arrangement","","PHYSICAL_IDENTITY","否","否","","3","K056","233677","69642;69829;69852;71716","233677"
"dataset:bde881b7c5278996a95de42f5b2ebae37fe26426c226e1bd63ed4d407342dab7","odata_n_cap.p_biz_pro_revenue_distribution","","PHYSICAL_IDENTITY","否","否","","2","K056","233679","69642;69829;69852","233679"
"dataset:cb9803529f387b633c177461ebc1e38580926b463a87b6cd06bcd1e1e27777ce","odata_n_cap.p_biz_pro_redemption_info","","PHYSICAL_IDENTITY","否","否","","2","K056","233676","69642;69829;69852","233676"
"dataset:9c97849d79c66f7940057106b27fdb8d01bb6d7e9500dcc15a228ea724237f1d","odata_n_cap.p_biz_pro_remunerate_performance","","PHYSICAL_IDENTITY","否","否","","2","K056","233675","69642;69829;69852","233675"
"dataset:bdbc301ed6d3243e4b55290b02b80d19fa79d8cde38a75021130a5e016126a0b","odata_n_cap.a_biz_pro_sync_account_info","","PHYSICAL_IDENTITY","否","否","","2","K056","236949","69642;69829;69852","236949"
"dataset:8cad414446fb2179bda23df7e36aa918bbe43c242a76a552ac9d3c35fcd6a6b3","odata_n_cap.p_biz_pro_transfer_service_info","","PHYSICAL_IDENTITY","否","否","","2","K056","233681","69642;69829;69852","233681"
"dataset:f26fff6e48abaafdc9b4ec09be16182db0c685301d66c8ab920d0bcee6d32b34","odata_n_uip.w_ashareindustriesclasscitics","中国A股中信行业分类","PHYSICAL_IDENTITY","否","否","","2","","69787","69646;233390","69787"
"dataset:1c699fe53ec0fe4d74adae332e6f020ee152e6ac3b915d3bf61c13782df19764","odata_n_uip.w_ashareswindustriesclass","","PHYSICAL_IDENTITY","否","否","","1","","69684","69647","69684"
"dataset:324ab92654360bd795232d9eef8bb6368048330513f090168241071749c80800","odata_n_uip.w_ashareneindustriesclass","","PHYSICAL_IDENTITY","否","否","","1","","69783","69648","69783"
"dataset:dab2b2ba91ec4d4e03cf633e30cb048366227d3e7131d25d188c66ac926a2ee9","odata_n_cap.s_biz_pro_grade_multi_info","产品分级信息子表","PHYSICAL_IDENTITY","否","否","","1","","203363","69670","203363"
"dataset:38f140d1b0785041b2dda1427aeba418e5e016318dd0595338e3de90756d42ae","pdata_news_n.t02_cstd_stru_fnd_info","托管产品分级信息","PHYSICAL_IDENTITY","是","否","","2","","69670;73252","71716;92777;162583;200356","162583;200356"
"dataset:4002f6e67508bee1437228ed24abd1e20797ffa7731b58396b855c87d6cde497","pdata_news_n.t02_fnd_scal","基金规模表","PHYSICAL_IDENTITY","是","否","","1","","69671","216340",""
"dataset:d0ef43eb391c411357831a06766f3865d8ce18bf3a873bf2d104469636e28504","odata_n_uip.w_hkshareyield","香港股票行情日收益率","PHYSICAL_IDENTITY","否","否","","1","","","69687",""
"dataset:01a2191daffd1f2a9b958d66912d2e09df7e3ce92da1f408a9ed8c410d6c3b40","odata_n_uip.w_asharecapitalization","中国A股股本","PHYSICAL_IDENTITY","否","否","","3","K055","69705","69692;69808;69825","69705"
"dataset:34b01ff7b9568e6b7d3d4a8915d061f2ef3995d9d50934489d7866f60f7736fe","odata_n_uip.w_ashareexrightdividendrecord","中国A股除权除息记录","PHYSICAL_IDENTITY","否","否","","3","K055","70401","69692;69825;70429","70401"
"dataset:b29b41be68836ce8b03bb66b54675f737d8e57c296709f9f23c206a127c4a54a","odata_n_uip.q_equ_allot","配股","PHYSICAL_IDENTITY","否","否","","2","K055","","69692;69825",""
"dataset:c8f0b2e6f3b6187929a85fb9a46cf155aa1d7612ab3956a6f82c114f2e8b3dd9","pdata_news_n.t02_fnd_shr_split","基金拆分折算记录","PHYSICAL_IDENTITY","是","否","","2","","69700","217916;244614",""
"dataset:2408f726ec9e702f9d0b5f1840c11668f9c835985db7033d9f7b5f01f4e57362","odata_n_uip.q_mkt_limit","","PHYSICAL_IDENTITY","否","否","","1","","","69708",""
"dataset:7304db7ba410fa1d9e28252a729652ed37c31f30acfbd86ccea4d799f759828d","odata_n_uip.w_cbondsecindustriesclass","","PHYSICAL_IDENTITY","否","否","","1","","69828","69721","69828"
"dataset:53dd3afbd4d322958bb00c210c92332756ea822dfb09533a32e847e39acee2ed","odata_msg.wfd_w_ashareindustriescode","","PHYSICAL_IDENTITY","否","否","","1","","","69722",""
"dataset:2867ff8eac0a1ebe03c9b4b4a5c15516691b620dd632b2fba797ad38e832f1a5","odata_n_oom.g_otc_product_main_record","","PHYSICAL_IDENTITY","否","否","","1","","165698","69751;70117","165698"
"dataset:6d3c985be6d41c848672d089900a7cc4638d6f101b7201683c4363d3a89142dc","odata_n_oom.g_otc_product_basic_record","","PHYSICAL_IDENTITY","否","否","","1","","165699","69751;70117","165699"
"dataset:a67be974b8f8454ddbd420cfb9e49b0d02dce524ce5407c589187c268dd5a432","pdata_news_n.t02_otc_fin_info","OTC产品基本信息（贴源）","PHYSICAL_IDENTITY","是","否","","4","K069;K074","69751","109513;123571;123668;221300",""
"dataset:017ec383a82295c6097185827fa08a0effa890cbed9f24e4385fbc94c763bbe2","odata_n_uip.w_chinamfdividend","","PHYSICAL_IDENTITY","否","否","","1","","69760","69754","69760"
"dataset:fd6091b986090490e772ac0a6cfe10719fc188d1accda0b73df5d587c5cd6895","pdata_news_n.t02_fnd_divd","基金分红信息","PHYSICAL_IDENTITY","是","否","","1","","69754","217915",""
"dataset:c86445bf29d2906bfa45607d0ec1685845234ded7a192d273991f8d0f7f6426a","odata_n_uip.w_cfuturesdescription","","PHYSICAL_IDENTITY","否","否","","1","","69795","69755","69795"
"dataset:abd41605ca234a5ff88b0112ed126356b7d33b4f409f9e04b28705579404270c","pdata_news_n.t02_fu_contr_info","期货动态合约信息","PHYSICAL_IDENTITY","是","否","","3","","69755","219386;219865;220548",""
"dataset:442f3dfd47e0ce033ba9690d1ad08df9dae12d72d061e7e7882ae3def7d30eb8","odata_n_cvs.a_t_pa_pro_para","","PHYSICAL_IDENTITY","否","否","","1","","74036","69772","74036"
"dataset:191443f761674f6cb2d5b0cb03686ff55c9c3375fa7d122bb555fa7312a5d17d","pdata_news_n.t02_cstd_prd_base_info","托管产品基本信息","PHYSICAL_IDENTITY","是","否","","3","","69772;69782;69852","71716;72099;101456",""
"dataset:499cc767df096c66d7cde1ec13e55235c48ab570eaad5d96abcb61b4729f8fde","odata_n_acv.h_txgjl","修改记录","PHYSICAL_IDENTITY","否","否","","1","","88188","69782","88188"
"dataset:13ae9d8830fabb73c4694c7eb79b28e08152953f99cc3105ac64951f80f1f1fb","pdata_news_n.t02_ta5_fin_info","TA5产品基本信息","PHYSICAL_IDENTITY","是","否","","5","","69786","208812;208825;208907;208910;223194",""
"dataset:de89eafe4073e63e27e4fe7e5963a51c8232dbbca2bcb8e3273942260b2b224e","pdata_news_n.t02_pub_covt_const_h","常量表备份表","PHYSICAL_IDENTITY","是","否","","0","","69794","",""
"dataset:91b6ff93666b8d4daddec4c5a1306385fbb431044cd3b9d877e78a45e8e813e0","pdata_news_n.t02_co_equi","股本信息表","PHYSICAL_IDENTITY","是","否","","1","","69808","216335",""
"dataset:a247c8435ed9387c60594724ee63d598ff5916e1bd0478fc0fcfef5bdbc3351e","odata_n_uip.o_t_corporation","机构基本信息表","PHYSICAL_IDENTITY","否","否","","1","","","69816",""
"dataset:c10a64e532b70f7dbc4c94219645aa6c830045598090c9142e609f7fbe17ac1e","odata_n_cap.p_biz_pro_prd_service_info","","PHYSICAL_IDENTITY","否","否","","2","K056","233665","69829;69852","233665"
"dataset:99d7ef8af8dafd2b1c37038d2da7476b04db5124d757f16dfb5c432833c5ed3d","odata_n_cap.a_biz_pro_closed_period_info","","PHYSICAL_IDENTITY","否","否","","3","K056","236923","69829;69852;71716","236923"
"dataset:34000fe88523b84ea768ff0035fb59efe12723aa25bf3e564d083ce631a26e80","odata_n_cap.p_biz_pro_principal_info","","PHYSICAL_IDENTITY","否","否","","2","K056","233671","69829;69852","233671"
"dataset:0dde7bebaaf0795a4b05516b17d11bc310e90115bf5e09e102e6ab60bec19be5","odata_n_cap.p_biz_pro_to_days_info","","PHYSICAL_IDENTITY","否","否","","2","K056","233672","69829;69852","233672"
"dataset:913953e29dfa97858827ff1cdee59306827ef030c140cf6808ccfec4c96880d7","odata_n_cap.p_biz_pro_grade_info","","PHYSICAL_IDENTITY","否","否","","2","K056","233670","69829;69852","233670"
"dataset:3d5b2f054dc4513e8f3b362b776312e9746da8333353138ab21c1faa4286c2f9","odata_n_cap.p_biz_pro_lock_in_period_info","","PHYSICAL_IDENTITY","否","否","","3","K056","233673","69829;69852;71716","233673"
"dataset:8860136ef92ed359fcb5749f1c27e0daec0ecb090473249df713d48121c29051","odata_n_cap.p_biz_pro_fund_raising","","PHYSICAL_IDENTITY","否","否","","2","K056","233668","69829;69852","233668"
"dataset:eea6172d580fbcd2bd262c973607db2668c1a0da80742758fba564911cd11c6d","pdata_news_n.t02_cstd_prd_acct_info","托管产品账套信息","PHYSICAL_IDENTITY","是","否","","2","","69829","73252;101456",""
"dataset:04a0ee722b4a3a9446876b64daae69c60af7cdbf514f29146f6670e0dbf9c3b5","odata_n_cap.p_vpdtprocessinstance_gfzq_syn","","PHYSICAL_IDENTITY","否","否","","1","","233650","69832","233650"
"dataset:fec6eb982325085378719274439bf20489ad4cb5bbe40ebc9fc388a7cf5f784b","pdata_news_n.t02_cstd_prd_liqd_info","托管产品清盘信息","PHYSICAL_IDENTITY","是","否","","2","K056","69832","69852;71716",""
"dataset:c83ce8c539212adaf335e8816fed5247a02d3febdfcd049f15ae70fdde924c76","odata_n_cap.p_biz_acc_eq_code_compared","","PHYSICAL_IDENTITY","否","否","","1","","233663","69854","233663"
"dataset:b74364a03cc11c91f17a8463fdbf25777a898d56ea2f1efb9db8b26aa8992817","pdata_news_n.t02_cstd_prd_org_prtc","托管产品机构参与者","PHYSICAL_IDENTITY","是","否","","1","","69854","71716",""
"dataset:68f674708d2be176b058b33ed9813b80e532e3d9111221791971a3819071c69b","pdata_news_n.t02_co_indt_md","公司行业分类表","PHYSICAL_IDENTITY","是","否","","1","","69867","134690;216330","134690"
"dataset:b7197887e66810d52c5b4c3972ad8684ada0eed010b43010b8eb497cc6d851a9","pdata_n.t03_agt_ei_hold_shr_info","股权激励持有份额信息","PHYSICAL_IDENTITY","是","否","","0","","69878;69879","",""
"dataset:d873fb4d9f3c399fc12b48e038dd6e00405a31c768961606b2e6dcb3a41c07d9","odata_n_uip.q_eco_data_globe_usa","","PHYSICAL_IDENTITY","否","否","","1","","83145","69956","83145"
"dataset:a7ceb5382a31cca4d6c6e7f500b6cd28a8bca8416c38e191e64c9004c398f390","odata_n_uip.q_eco_info_pro","","PHYSICAL_IDENTITY","否","否","","1","","83166","69956","83166"
"dataset:25fce54dc49452acf040b1bdae2eb11924384abf8ea183d48936e63171284587","pdata_news_n.t02_idx_data","指标数据","PHYSICAL_IDENTITY","是","否","","1","","69956","220488",""
"dataset:7b54a6c86b1aca913c897b4e88fb4a25a5c3afa3ee9a3970543031706f4fea6d","odata_n_uip.w_cbindexdescription","","PHYSICAL_IDENTITY","否","否","","1","","69965","70079","69965"
"dataset:b1e20183164332a95ae21bb6d2c5506b46b6f28fcfa445dec7a3ad1cd00cad4e","pdata_news_n.t02_scr_st_info","股票特别处理信息","PHYSICAL_IDENTITY","是","否","","3","","70011;70019;70020;70021;70022;138291","69970;140940;144153;230420","140940"
"dataset:aff0c20acf1f2b6b62ef9176415e1f1c055ccce484b40515d773aa2186bed9df","pdata_news_n.t02_scr_st_info_md","证券特别处理信息","PHYSICAL_IDENTITY","是","否","","0","","69970","161314","161314"
"dataset:8781e4c96dde9250ee8df2a152149b1cd2de53c7a9635cdbafeb8a6fd3a12b9e","odata_n_uip.w_aindexhs300freeweight","沪深300免费指数权重","PHYSICAL_IDENTITY","否","否","","1","","69972","162328","69972"
"dataset:6c7edf3f777c218004d87c587bca62c3781b0e675002fef0b37b77418447bb1a","odata_n_uip.w_cfuturescontpro","","PHYSICAL_IDENTITY","否","否","","0","","69973","70099","69973"
"dataset:2b9926f55d4c8adc7ead270f045db7f06500eeb06cc37a4a2e11c688a988b06f","pdata_news_n.t02_idx_compnt_wght","指数成分股权重","PHYSICAL_IDENTITY","是","否","","3","K079","69984;69999;144015;144017;162328","144127;144146;216348",""
"dataset:fc2c49b1b8aa5e3cf8f1a62c9d348248dc4979698036fff0ab63b5e588c2d676","pdata_news_n.t02_idx_mkt_quot_s","指数行情数据","PHYSICAL_IDENTITY","是","否","","1","","69986;76629;244283","244379",""
"dataset:1796a49c73a4bad5931782cb18f44cf21de4b44c4c44712d8a541fa33efa2901","pdata_news_n.t02_scr_marg_det","中国A股融资融券交易明细","PHYSICAL_IDENTITY","是","否","","1","","69994","215886",""
"dataset:c9ca6aeed1b7d23a311003128ca85430014e8265dac5031899162962cd06301e","odata_n_rcc.a_szreduction","","PHYSICAL_IDENTITY","否","否","","1","","69995","92769","69995"
"dataset:3db27ac7326b05e1fc8dc6db2ddaca9652a7e25d5bc8eec771c6f815d63414bc","pdata_news_n.t02_scr_marg_sum","中国A股融资融券交易汇总","PHYSICAL_IDENTITY","是","否","","2","","69996","215891;235234",""
"dataset:6bf1a5337ce12dd58808474ca3f8f65191a61893e4ff0850271e983d67b4fa52","odata_n_uip.w_aindexcsi500weight","中证500指数权重","PHYSICAL_IDENTITY","否","否","","1","","70168","69999","70168"
"dataset:e0714e676c8ce91eeb927ec6f60b026497f3df7a2c10f16020d340e5f419d0f0","odata_n_uip.w_hkfutureseodprices","","PHYSICAL_IDENTITY","否","否","","1","","70174","70027","70174"
"dataset:765996b449f1e73adfb31c88fb44459f0e61c4904c1832fdc8e59e66c2e9f752","pdata_news_n.t02_fur_mkt_quot","期货日行情","PHYSICAL_IDENTITY","是","否","","2","","70027;70127","203575;215671",""
"dataset:a06b482bbcbbb440bde586018cfc83b8211e81feb766903718520b50cb8ce123","pdata_news_n.t02_scr_trd_cal_md","交易日历表","PHYSICAL_IDENTITY","是","否","","4","K075","70043","100240;137594;167822;182264;201133;219463","137594;182264"
"dataset:f6983d5387f3b62a38896535b9a708b8409abb61c56752283093a2c394fd5580","pdata_news_n.t02_idx_compnt_info","指数成分股信息","PHYSICAL_IDENTITY","是","否","","1","","70047;70048","220548",""
"dataset:760381e77d847e31187124baa5cbe8facf46f06e02637c6a79b38503c6e0ee6a","odata_n_uip.w_hkstockindexmembers","","PHYSICAL_IDENTITY","否","否","","1","","70119","70048","70119"
"dataset:a8b815664bc558dfb8cdb5cc759d9eb66e0986d39422cbda97dbf90225bc8ce5","odata_n_rcc.a_shreduction","","PHYSICAL_IDENTITY","否","否","","1","","70051","92767","70051"
"dataset:05576e6c63161dc473612f75fe53bbb35d31968559f7d9eade032c3af7dc9071","odata_n_uip.w_aindexdescription","","PHYSICAL_IDENTITY","否","否","","1","","70130","70077","70130"
"dataset:43298bb771289bca1a2d378e12afb45c86445ff80d40170f600700f6933e097f","pdata_news_n.t02_idx_base_info","指数基本资料","PHYSICAL_IDENTITY","是","否","","2","","70077;70079","219330;219865",""
"dataset:4bc6bd11ad92b856c0e3f26937a55c37bb91d12ffc689634e503d05b578c8b2f","pdata_news_n.t02_fut_base_info","期货品种基本信息","PHYSICAL_IDENTITY","是","是（并非已逐分支核验）","docs/00-20260914-图谱认知/01-tit入模/02-TIT入模去向.md;docs/00-20260914-图谱认知/01-tit入模/05-去向与未命中分类.md;docs/00-20260914-图谱认知/01-tit入模/T02-产品标的与市场数据/01-产品基础资料/02.1 期货.md;docs/00-20260914-图谱认知/01-tit入模/T02-产品标的与市场数据/his/产品标的与市场数据.md","36","K068;K030;K004;K002;K090;K037","70099;105612;105862;144301;150919;211516","107018;107024;107281;107481;144300;148697;159489;159495;159497;159498;159506;160530;160791;160792;160794;160795;163712;164500;165949;178749;178766;178769;183769;183777;183817;183820;183831;183844;185234;191254;191534;191546;197540;211619;219443;219735;219865","197540"
"dataset:e0f9563666b44b39551945adc1ffbfec14105721ab63acdd3aea600a89924b19","odata_n_uip.w_thirdpartyindexeod","其他第三方商品期货指数行情","PHYSICAL_IDENTITY","否","否","","1","","70129","233381","70129"
"dataset:6142d06fa0c8456fa561c22039464238493fd35479ab241ba93047fb41d7020c","odata_n_uip.q_equ_szhk_forex_p","深港通汇率信息","PHYSICAL_IDENTITY","否","否","","1","","154239","70159","154239"
"dataset:020a1400f2206f0f2f05aceedd50920362f26d990e32828682b6256e399b7b32","pdata_news_n.t02_law_firm_info","律所信息","PHYSICAL_IDENTITY","是","否","","0","","70172","87510","87510"
"dataset:87b01e8bc3522a5d45a27a402f8c3e36b8f4fb2f83ba192fd16e9be016e43e06","odata_n_uip.w_asharecalendar","","PHYSICAL_IDENTITY","否","否","","1","","70200","70173","70200"
"dataset:6c76c80dde7226149c7abf4df0326765e2a27cafab9121843e4c7a2f5e8bacda","pdata_news_n.t02_scr_trd_cal_wd_next_temp","下一个交易日日期临时表","PHYSICAL_IDENTITY","否","否","","0","","","70173",""
"dataset:d9b55813cf0c0ac33df302eaa043ed77c7e40b4f4d35945ae464ccc4589e47cf","pdata_news_n.t02_scr_base_info_h","证券基本信息增量表","PHYSICAL_IDENTITY","是","否","","1","","70199","209657",""
"dataset:b380787e2663bb5390c1149c6c9c93f8a11e84b7b307f83882cd9cc5f620b2f5","pdata_news_n.t02_scr_susp_info","停复牌信息","PHYSICAL_IDENTITY","是","否","","2","","70205;142684","142064;216321",""
"dataset:3f5eb414d5905fbd69beb1c8429443d24c660fd648d89e664afe3084c41df0dc","odata_n_uip.w_ashareinsideholder","中国A股前十大股东","PHYSICAL_IDENTITY","否","否","","2","","70223","70610;232275","70223"
"dataset:19b12d0cc4471702052cfc0212cc51d732652adb083d3e7458122e03041a3903","pdata_news_n.t02_scr_tree","证券分类树定义","PHYSICAL_IDENTITY","是","否","","2","","70229","219865;220548",""
"dataset:edbe207a705d2902384d6d33470d920cef455b9e700a3ac5fa63baabbc5c135c","pdata_news_n.t02_stk_valu_idx","股票行情估值指标","PHYSICAL_IDENTITY","是","否","","5","K043","70318;70346;70361;130668;201969","134690;208230;211987;238523;245506;245662","134690"
"dataset:01865451aaa5c6b3e82e7731d6881a56c1060bbb7b4c8a00d87a448ed95d83cb","pdata_news_n.t02_stk_iss_inc","A股增发","PHYSICAL_IDENTITY","是","否","","1","","70324","216353",""
"dataset:0ead0d6c5e0d7e3af96cb3b5a39e7b8c18153f953150508275024ad00e42be85","odata_n_uip.w_neeqsdividend","股转系统股票分红","PHYSICAL_IDENTITY","否","否","","2","K057","90027","70348;137531","90027"
"dataset:4eb54d63804e39f3306b5d7563bf89bc4e8cd0cd72fac2f5d8a8c5c482a3593b","odata_n_uip.w_cpsdividend","中国优先股分红","PHYSICAL_IDENTITY","否","否","","2","K057","90487","70348;137531","90487"
"dataset:e54727eaf251204f6e4544fa3f0a90813fa422a50aaea13d83601dfd71a71f21","pdata_news_n.t02_stk_ex_dr","股票分红信息","PHYSICAL_IDENTITY","是","否","","1","","70348","216325",""
"dataset:d002c4469c6313630050983db1bca6c570d2c540bf69f894faad22eb596b00da","odata_n_prd.p_productrecord","","PHYSICAL_IDENTITY","否","否","","1","","70379","135195","70379"
"dataset:3a083bf194e7a4cf494b7522228af2b981644f63855fe9268a92f72fb246a46b","pdata_news_n.t02_stk_allot_info","股票配股信息","PHYSICAL_IDENTITY","是","否","","1","","70404","216321",""
"dataset:cd6bc261e9e7c42bf338474cbd17f8965f92187f1d6a694fabd9e5f0c0403c1d","odata_n_uip.w_ashareadministration","中国A股公司高管成员","PHYSICAL_IDENTITY","否","否","","1","","70421","233538","70421"
"dataset:85c8a576fe93f24da226dfcc88e10eff3958f20547b7bfefdffb02bfcd128df2","pdata_news_n.t02_stk_ex_righ_dvd","股票除权除息信息","PHYSICAL_IDENTITY","是","否","","1","","70429","216325",""
"dataset:174503074fd80d7716fcd5574d82cfc4700814661e6c4e261eec923528c007f0","odata_n_crm.c_ty_smkhxx","","PHYSICAL_IDENTITY","否","否","","0","","70443","70723","70443"
"dataset:857ad4d5a19d7bd61f09907d87f77ca925fae6818e5d578d314ae6822dfbaab3","odata_n_uip.w_asharesupervisor","中国A股公司监事成员","PHYSICAL_IDENTITY","否","否","","1","","70460","233377","70460"
"dataset:22d8b071ab2ef42c79df7d38534328d4061279fd513037cc5ddc22cb916b7b23","odata_n_cmi.g_lp_org","私募基金管理人/券商/银行/公募基金管理人","PHYSICAL_IDENTITY","否","否","","2","","72545","70474;72208;73196","72545"
"dataset:80ec123e5cbc721a1f5c3388453410a27f1423ad676c5c1cc6724bffe9a3fae5","pdata_news_n.t02_tmc_org_info","托管管理人系统机构信息","PHYSICAL_IDENTITY","是","否","","1","","70474","100712",""
"dataset:5125b30e1c279f4743a4877316dbb42e05d4961fc900c2c1559034a24f2c8ec6","odata_n_uip.w_asharefreefloatcalendar","","PHYSICAL_IDENTITY","否","否","","1","","70561","70478","70561"
"dataset:9eb32409b855c6d0ba25d668d70081ba7e4a801494f0141bf2a7da48df0e5a5e","pdata_news_n.t02_stk_shr_flot_info","股本信息表","PHYSICAL_IDENTITY","是","否","","1","","70478","207834",""
"dataset:59ae88725c9b678843de69fa856506c3025993d28ad47eef0b24014c6454bc99","pdata_news_n.t02_stk_ipo_ofln_det","中国A股网下配售机构获配明细 WD","PHYSICAL_IDENTITY","是","否","","2","","70539;217630","216356;216928",""
"dataset:903f06a34bfa8cc49790e196ee9a96d52e438e0e6f49fbac71393265758565e0","odata_n_uip.w_asharedirector","中国A股公司董事成员","PHYSICAL_IDENTITY","否","否","","1","","70568","233371","70568"
"dataset:eaea4cfa2625f601232248c0f619f5a41d7c2ce1a968e3effcdeca0a920944e7","pdata_news_n.t02_ta_fin_info_s","基金行情表","PHYSICAL_IDENTITY","是","否","","1","","70584","208910",""
"dataset:41bb6c495780a4faa2f245c34a78501a2934a078bc457c25c42604143f1f28ab","pdata_news_n.t02_co_stkhold","公司股东表","PHYSICAL_IDENTITY","是","否","","1","","70610","208230",""
"dataset:b8bc644590b9c4a79a0f56b19e5f94733c09b82d66566f515eba7af4f6d42bd6","temp.t01_pty_clas_h_temp_crm116","","PHYSICAL_IDENTITY","否","否","","0","","","70723",""
"dataset:bf9cafa689c0af081d5ab0ffdfb85072f27c682923d3a71e29a735a7363ae848","odata_n_uip.w_asharepledgeproportion","中国A股股票质押比例","PHYSICAL_IDENTITY","否","否","","1","","70745","232292","70745"
"dataset:862dab6c9875e44b51902d83a44ea5a489f08acfe0836d9995485bbdc86fffde","odata_n_uip.w_ashareincdescription","","PHYSICAL_IDENTITY","否","否","","1","","70788","72513","70788"
"dataset:9be50423bc25beee8e6374daf95529e209271f09b8a632672420af327cb1bea7","odata_n_cvs.a_t_de_lock_rec","","PHYSICAL_IDENTITY","否","否","","1","","70855","80211","70855"
"dataset:4c11844e6414c7ca84c6a74474b3c28e029217a8d24539aa3e09b44001b1f81c","odata_n_rcc.a_srpfunder","","PHYSICAL_IDENTITY","否","否","","2","","70887","72713;72715","70887"
"dataset:7f9ad2097af4773ed445e68c2ae4a69c84dc74d54c2c46e00c9f3b3400af007b","odata_n_uip.w_usshareeodderivativeindicator","","PHYSICAL_IDENTITY","否","否","","1","","70898","130668","70898"
"dataset:55f0ec2daac0dfe7ec5f26fa3ce7a3cfc47c3ca377c0ac8b01b7abf28c3223ac","odata_n_css.e_tsm_unit","","PHYSICAL_IDENTITY","否","否","","1","","70916","79797","70916"
"dataset:1e90f6dfdb12f81ec929fa784478e182eb8745ff085fa5d44c42ef8e63087c82","odata_n_smt.t_t_report","","PHYSICAL_IDENTITY","否","否","","1","","70963","87149","70963"
"dataset:d0dcf0c8b072c347afd471d8942aa6c999f7a648ac4379e38100f32d74c94d9f","odata_n_crm.c_rzrq_yjlxsrxzfc_view","","PHYSICAL_IDENTITY","否","否","","1","","71338","71106","71338"
"dataset:28877276a0f26cd033365736f3f889372c3f9aeb11ead2c8aa14f017559b299f","pdata_n.t01_cust_cms_dect_det","客户佣金提成明细","PHYSICAL_IDENTITY","是","否","","2","","71106","104366;136594;209747","136594"
"dataset:df94bd24dd192923c8ff4c8f5bffbd23aa34a82a571e49519a574a02d96811ab","odata_n_acv.h_tjjmrhjsj","","PHYSICAL_IDENTITY","否","否","","1","","71171","72099","71171"
"dataset:0ecd8852eea24c5392d825db6159b4fd3a2c43b3d37dd76a2156df3b20411c70","odata_n_lps.m_users","","PHYSICAL_IDENTITY","否","否","","1","","71186","92471;134442","71186;134442"
"dataset:64db3d9c9d80f4780c9b6055e84ef9d5103feed96a9e6a609080569f9b018165","odata_n_xir.m_tbnd_issue","","PHYSICAL_IDENTITY","否","否","","1","","71274","191516","71274"
"dataset:aa64a7292b5c3f7a62e416cbf23fb7a51ae12092dace9d1e61058017f1f26d31","odata_n_crm.c_tgqjl_jljhgl_xqdmxx","","PHYSICAL_IDENTITY","否","否","","1","","71364","79088","71364"
"dataset:0d1312fe462afe43c8c0af2cf57a8c81cf420e44f3ac1397c5904ace192c4f97","odata_n_rms.n_sprt_orgrela","","PHYSICAL_IDENTITY","否","否","","1","","71379","99570","71379"
"dataset:a7e6bddfdabddce00f5134df625ef8a506dc19ca2d49aa9eca176994b0d4e242","odata_n_crm.c_trzrq_hyzq_hmd","","PHYSICAL_IDENTITY","否","否","","1","","71409","75407","71409"
"dataset:4004d237094108c2ae966477f6142e243b1ab0841099cda69cc799c527820a4d","odata_n_crm.c_trzrq_bdq_hmd","","PHYSICAL_IDENTITY","否","否","","1","","71411","75217","71411"
"dataset:620a6071d63a93b5fffa35d1dd4bad1cbe6817da76c3268181e7c019b1088bb4","odata_n_rcc.p_secumentrust","","PHYSICAL_IDENTITY","否","否","","1","","71445","95657","71445"
"dataset:99b1dae61b69f9d21ff2f7d03e457e37ad76eca140efbc1644267dbf2aea2852","odata_n_uip.w_ashareincquantitydetails","","PHYSICAL_IDENTITY","否","否","","1","","71458","72513","71458"
"dataset:dffd21fd1dc3656051b2abab25354a5f7144e835f751b80dfb33568b82eb1698","pdata_n.t98_nts_cust_his_asset_info","T98_大小非客户历史资产信息","PHYSICAL_IDENTITY","是","否","","1","","76847","71585",""
"dataset:9ecdf7bdc9310f37a1e297de8c64547289cc130d25a3f0b24a1b1da4ca4a3c87","odata_n_uip.w_chinaoptioncontprozl","","PHYSICAL_IDENTITY","否","否","","2","","71614","102594;205016","71614"
"dataset:96a96b395bafa7a37d5906c6a33f48024b1e50879e0dbfb9363d7283b4a5836d","odata_n_rcc.u_uftaccountdeploy","","PHYSICAL_IDENTITY","否","否","","0","","71662","98094;98304","71662"
"dataset:8612cd9f789dcefce31f8636522de099cb48aeb8bf228a191ae984c21427faa8","odata_n_uip.w_hketfdescription","香港ETF基本资料","PHYSICAL_IDENTITY","否","否","","3","","71683","103990;159487;235035","71683"
"dataset:e803bcda4d672f4397621969780fafaad354f6e632a45f6b9adba9d45effb748","odata_n_cap.a_biz_dict","","PHYSICAL_IDENTITY","否","否","","1","","234671","71716","234671"
"dataset:bf58e02b722f7eef4c8689115fb63d8a957c3ba6e794012cf2985c161b969963","odata_n_cap.upload_transferout_prd_sg_new","资产托管业务月报","PHYSICAL_IDENTITY","否","否","","1","","207760","71716","207760"
"dataset:f71964b31c164cce33bbd108a8fd011e7b02ad4daf9650cb413f6092c243f55d","odata_n_cap.p_tpdtfundtransferoutinfo","","PHYSICAL_IDENTITY","否","否","","1","","233826","71716","233826"
"dataset:d35840d7cf26b2f3803af2f711c044afead5e5823a9fd3270519a57035a4faec","query_upload.cstd_prd_rgst_info_sg","","NONE","否","否","","0","","","71716",""
"dataset:31bdba084f67cb5a1edc82c9b17d6187141be57a8f5edd32f48670e1af0efd89","pdata_news_n.t02_tmc_fin_info","托管管理人系统产品基本信息","PHYSICAL_IDENTITY","是","否","","1","","213889","71716",""
"dataset:eea302f3f07a9d44383d7f605031e44b0614f22b7bfe330d6d4493a2d8fd0845","pdata_news_n.t02_cstd_prd_liqd_info_ext","托管产品清盘信息扩展表","PHYSICAL_IDENTITY","否","否","","1","","","71716",""
"dataset:286e8174ed66343dddb0b69fac3bc0d722a25c995b753e437c9e20512fa31fb8","pdata_news_n.t02_cap_prd_stru_info","产品分级信息表","PHYSICAL_IDENTITY","否","否","","1","","","71716",""
"dataset:c2d1ad19686a1dcd0b8e78aab65fb732697264fdd0811a0eb32c0a10da54e926","pdata_n.t98_cstd_prd_base_info","T98_资产托管产品基本信息","PHYSICAL_IDENTITY","是","否","","4","","71716","92777;156181;162583;164968;166588;200356","162583;200356"
"dataset:55c09fa98ff3f5aca2a0b96e8f84940cded6427cc66820ab3932d0cfb45db981","odata_n_uip.w_ashareillegality","中国A股违规事件","PHYSICAL_IDENTITY","否","否","","1","","71736","232220","71736"
"dataset:5826dad03d083680d6074634ae014b1a0d70b0933ed23d31cb4e74219f1e5438","odata_n_rcc.u_soptcode","","PHYSICAL_IDENTITY","否","否","","1","","71778","79090","71778"
"dataset:268d2a2a7138dcc8804d77e4eed93a1b542f47adf96d7a42ac4d20ca657ee179","odata_n_uip.w_cmfconseption","中国共同基金Wind概念分类","PHYSICAL_IDENTITY","否","否","","2","","71794","159323;235409","71794"
"dataset:1116bbe3b868c6cbfbcb48e815fe20e5cc34b1fcc93e5707ff02fdca10187434","odata_n_uip.w_asharecomprestricted","","PHYSICAL_IDENTITY","否","否","","1","","71871","98969","71871"
"dataset:fe7cfd7b5a3dc99dfd47a637c793b6bd0e2936c0b2739871f98be15c68ad57e3","odata_n_xir.t_ttrd_otc_counterparty","","PHYSICAL_IDENTITY","否","否","","1","","72072","77074;77076;77079","72072"
"dataset:dd50bc6f1415a7b5f395627898471b911929461503b89e01562e16f937ca304c","pdata_news_n.t02_cstd_unit_nav_s","托管产品净值数据","PHYSICAL_IDENTITY","是","否","","1","","72099","92777",""
"dataset:340b1ae7d9dbb21356eaea5194af2f091b49051998c9d66e345a9b4a216f044b","odata_n_uip.t02_pub_covt_const_20220701","","PHYSICAL_IDENTITY","否","否","","0","","72342","74850","72342"
"dataset:38e7b29f1b0a6643c8309debd85f6bafa187a9ef46481d810db235bc18329be7","odata_n_uip.w_ccbondvaluation","中国可转债衍生指标","PHYSICAL_IDENTITY","否","否","","1","","72369","235385","72369"
"dataset:e8719b88e0c0664aaf3ff368b12d1147a0eae602984d4c1dc9377044339248f2","pdata_news_n.t02_co_equi_inc","公司股权激励","PHYSICAL_IDENTITY","是","否","","0","","72513","",""
"dataset:f0b918548e9e021ee3fae9b2fc6c8d16a75b261ac7ee61ae0bdf9f90b4c4539e","odata_n_cmi.g_coop_cust_info","","PHYSICAL_IDENTITY","否","否","","0","","72540","73176","72540"
"dataset:c27bd2cd1b7947b98ab4a403a8c4ddd02e571e1c7e583c89244094c535f12185","odata_ecif.ecif_e_u01_entpr_basic_info_s","","PHYSICAL_IDENTITY","否","否","","3","","72631","75890;75911;104734","72631"
"dataset:fedbf8f92b5027670b1c068a2b707a8a7e7a3e04a1802d39729885dbb14665f8","odata_ecif.ecif_e_u00_entpr_uid_acct_rel","","PHYSICAL_IDENTITY","否","否","","2","","72676","75911;104734","72676"
"dataset:b39d3d88b6471c53c9b176060a6fb374d8d3f0f93bbe7f799798cf99ef431047","odata_n_crm.c_tdjgkh","","PHYSICAL_IDENTITY","否","否","","0","","72687","74388;104628","72687"
"dataset:980d3ee446fb97bbad971d5cf19055b674883e5be78377cb063df6ae8ccfb1ea","odata_n_rcc.a_exchangerate","汇率表","PHYSICAL_IDENTITY","否","否","","0","","73143","144066","73143"
"dataset:d8bbb9a6cc99696d2f046b9a48d447a030852851e028047418d48535adba2e59","odata_n_cvs.a_tp_assetgrading","","PHYSICAL_IDENTITY","否","否","","1","","73591","73252","73591"
"dataset:1562610600d6f7f96a8b5e99397de042e4fb0d986e3cde15be0ea47551afac21","pdata_n.t97_ecf_cust_distr_rel","T97_ECIF客户配号关系表","PHYSICAL_IDENTITY","是","否","","4","","104734","73353;73354;123776;137467;170408;184662;200096;206945;234676;237113","73353;73354;137467;170408;184662;206945"
"dataset:08aaff844e659aebae71569e4298241b56f36de266a5315885b2ad1abb6356e5","pdata_news_n.tyzx_scr_clas_info","证券分类信息","PHYSICAL_IDENTITY","否","否","","1","","","73382",""
"dataset:86dbd48cda5ad99103f74d787e188ddd425bad1e36afde4a54eafedcbed1425c","odata_n_cvs.a_t_fa_subdetail","项目明细表","PHYSICAL_IDENTITY","否","否","","1","","73808","80211","73808"
"dataset:fa7cf02ef7bb01920df74d4e1ef4858c26be1d94074c647d9214d3215b03fd2d","odata_n_cvs.a_t_fa_valuation","估值表","PHYSICAL_IDENTITY","否","否","","1","","73871","80211","73871"
"dataset:9961465390c924906fc1b66fe6ad9da8c19c818a228c6a4aeea70e1665cab085","odata_n_uip.w_irsrateyield","利率互换收益率曲线","PHYSICAL_IDENTITY","否","否","","1","","73987","155854","73987"
"dataset:f93de5b0398f95b304fb95cd138f557a2fab4efaea6a1d632fb3597a3936c94f","temp.t01_pty_clas_h_temp_crm070","","PHYSICAL_IDENTITY","否","否","","0","","","74383",""
"dataset:22e4d5129cdf4b30cbaf7764a749597cd482e1fbfa96bf626a459137faab4e71","temp.t01_pty_clas_h_temp_crm069","","PHYSICAL_IDENTITY","否","否","","0","","","74388",""
"dataset:738cd6cb5d73ccd386288735af842f26ade30c07327c0a20563541a773b966c6","odata_n_uip.w_hkcompanyinfo","","PHYSICAL_IDENTITY","否","否","","1","","74702","218318","74702"
"dataset:19e2a8e97395e82939937ebef05aedceee8fb9d6a79384dbaf29ec0a8955959a","odata_n_uip.w_shiborprices","","PHYSICAL_IDENTITY","否","否","","1","","74705","92889","74705"
"dataset:eba103ca148c3023f385c733b6f4f1ff57f39dcb8a5dee1b2cdf0e14506eafe3","pdata_n.t00_inctv_plan_adtnl_info","激励计划附加信息","PHYSICAL_IDENTITY","是","否","","0","","75003","",""
"dataset:a5185adafe2ccf5a47d53493babc2146ab132a04840ead35f1f9493da04f25eb","pdata_n.t00_proj_base_info","项目基本信息","PHYSICAL_IDENTITY","是","否","","0","","75005","",""
"dataset:d435d6c29b994af96aca1dcca61e46bafa167c0b01d4734e693f38aed297e20a","pdata_news_n.t02_marg_ass_quot_s","证券担保信息表","PHYSICAL_IDENTITY","是","否","","1","","75070","212422",""
"dataset:6f71a146bbd373d76d5c6c00cefcd6ecca788322fc224414677d0ff0924bfcde","pdata_news_n.t02_marg_ass_obs","证券担保观察名单","PHYSICAL_IDENTITY","是","否","","1","","75217","235333",""
"dataset:ba5075f98839edb338097de16afaf22c4b211590da4e8f58b3c0720b320c4316","pdata_news_n.t02_scr_risk_info","产品风险名单","PHYSICAL_IDENTITY","是","否","","1","","75407","235333",""
"dataset:7cc724783c25730d9321b08795ed74eb319d78996aa58bb74b6f6694d1182100","odata_n_lia.w_tbl_organization","","PHYSICAL_IDENTITY","否","否","","0","","75448","91096;91097;91098","75448"
"dataset:3d869162c82e733eabd19c69fbb863b4b29749278da22fa9f50f9342c8f8dddd","odata_n_qca.g_bo_act_pe_md_spm","项目信息主表","PHYSICAL_IDENTITY","否","否","","3","","75808","76304;102413;102414","75808"
"dataset:4cb54f2960e1cc684d3af60eff312403171fc3e1ca783ca3b9c32b38771a967b","pdata_n.t97_corp_cust_base_info","T97_ECIF客户UID级企业基本信息","PHYSICAL_IDENTITY","是","否","","0","","75890","",""
"dataset:27643329c0d8f7a3566140d035ba08dc300a636099cbba465db2f97af3d85f1e","pdata_n.t97_corp_cust_acct_rel","T97_ECIF客户UID级企业与账户关系","PHYSICAL_IDENTITY","是","否","","0","","75911","",""
"dataset:c6f3dbd3b932631c4bf32f604d38f6ff0fdfb38e467d2682f8c09b6e1360c81c","odata_n_uip.w_aindexwindindustrieseod","中国A股Wind行业指数日","PHYSICAL_IDENTITY","否","否","","1","","75991","76629","75991"
"dataset:05aac731eee5b22fcd04a46ec78f146e71050154e66cfeb70fffc6f6187f638e","pdata_n.t05_fnd_chg_evt","资金变动事件","PHYSICAL_IDENTITY","是","否","","1","","97286;97287","76185;158659;239134","76185;239134"
"dataset:c365d0f8863c024a0eeaa529b56a50a22af15627c8ef904c141f38685f5b6abd","temp.t98_ntc_cust_info_temp","","NONE","否","否","","0","","","76191",""
"dataset:8625211e4279bf823dda0f32d416eafb431fd1d163911f7502f5d8bfa840f4be","pdata_n.t98_ntc_cust_info","T98_大小非客户信息","PHYSICAL_IDENTITY","是","否","","0","","76191","",""
"dataset:776109b923f3f94bda31a4a06c68eedcff2e643c46bc1b5284c30a49868f5d6f","odata_n_tit.d_ref_counter_party","交易参数-交易对手","PHYSICAL_IDENTITY","否","否","","1","","78461;78470","76984;103053;104301;105076;105077;105079;105518;114423;134545;202200;202201","78461;78470;103053;202200;202201"
"dataset:4db4b6a112f2b49eb8a046d949526f49363589692c9b37765f1c91b43798f74b","odata_n_xir.t_ttrd_cfets_b_trade_member","基础数据-全市场交易成员信息","PHYSICAL_IDENTITY","否","否","","1","","77931","77074;77079","77931"
"dataset:ca1ee478f4b13d51220e64c83fd03b7e7af0a1a9621b9b0901631d581545b01d","odata_n_xir.t_ttrd_cfets_b_bond_member","基础数据_债券通会员信息表","PHYSICAL_IDENTITY","否","否","","1","","77930","77074","77930"
"dataset:bec64a0285e5997d84c01aeea1d0e32498f9e9515c22f9178577753115c3af4c","odata_n_tit.d_ref_counterparty","系统静态数据-交易对手数据表","PHYSICAL_IDENTITY","否","否","","2","","213687","77078;104298;104299;104300;105379;105380;114401;150022;150755;150757;150759;160826;219164;219175;222569;222726","213687;222569;222726"
"dataset:9a531205f1edd57d7950757844f3b72c1c7a18e173295ff82efa02a7da505e16","pdata_n.t98_cust_elig_info","每天一份快照，存放经纪业务客户适当性信息，从T01主题相关表加工得到","PHYSICAL_IDENTITY","否","否","","12","K070","","78321;110993;112835;119797;121401;121726;135973;140692;141103;144891;156244;156245;199760;200180;206945","78321;144891;206945"
"dataset:812ff791de8e25c60edd05b68affb2944728c43eac62de3809c2b042e51813e8","odata_n_tit.d_ref_ctpty_mapping","交易参数-交易对手映射表","PHYSICAL_IDENTITY","否","否","","4","K059","78327;78346","86840;86841;104301;105079;150022;150759;220650","78327;78346"
"dataset:44c5180c145d57812c0cf7254f34a59f187d5d507a9bfdb468b99fd42dcf0357","odata_n_tit.d_pos_trs_leg_current_pos","持仓-TRS浮动及结构化腿虚拟当前持仓","PHYSICAL_IDENTITY","否","否","","1","","78328;78347","119514;222569;232822","78328;78347;222569;232822"
"dataset:3bd892ec369505b9aeb5b5e2451de8c6560ac36a8ed2420836c242ad60d5f181","odata_n_tit.d_ref_book","账簿信息表","PHYSICAL_IDENTITY","否","否","","6","K059","78329;78348","86840;86841;103053;103930;105055;105381;105382;105383;105384;105385;105521;105522;106096;106660;106674;134545;160814;169636;183084;211541;220427;220650;222569;222726;234575","78329;78348;103053;222569;222726;234575"
"dataset:17ec8795e0c6aa06925f2b9ab97070d99a933058b4dae96cd2a9a2dbfcece0d6","odata_n_tit.d_ref_instrument","证券-证券基本信息","PHYSICAL_IDENTITY","否","否","","8","K059;K086","78330;78349","86840;86841;86842;88309;103230;103232;103234;103235;120051;168293;191011;196973;211730;220650;222569;243805","78330;78349;88309;191011;196973;222569"
"dataset:c28d15e1ea3de678a4d44dbf025e2f31774d383034e991a67097e79dfe63a714","odata_n_tit.r_cfg_instrument_pool_props","配置-标的池标的属性表","PHYSICAL_IDENTITY","否","否","","2","K059","78339;78350","86840;86841;88305;158210","78339;78350;88305"
"dataset:7f5cc0a8be047758b450eb44f1adbe4f40ef8af1bc3ec664a7c1355c18e7bbba","odata_n_tit.d_ref_option_deal_structure","场外交易-期权交易结构表","PHYSICAL_IDENTITY","否","否","","4","K068","78463;78471","86840;107281;107481;108951;108952;219391","78463;78471"
"dataset:cf5dcc9bb3733cd04fffcd16bf854cd3dff4b11c9749c17a1688e2c1b56d9b3f","odata_n_tit.d_ref_otc_option_deal","场外交易-期权交易合同要素表","PHYSICAL_IDENTITY","否","否","","12","K028;K076","78464;78472","86840;103934;103936;103937;103943;105063;105074;105383;105386;105387;105388;105395;105397;105522;105526;105527;105529;105946;106204;106214;106661;106676;107347;107636;109799;110827;110828;112813;112814;112815;112837;113014;113051;113053;124563;126200;133052;133054;133055;134213;134215;139657;139660;141596;144287;144288;144289;147138;160494;207946;208637;209839;210925;211549;211813;219390;221901;224028;246739","78464;78472"
"dataset:128b4323c3bdd43a207f140d975b8a52d13545002d34491b07a02b8a74b31269","odata_n_tit.d_ref_trs","场外交易-TRS","PHYSICAL_IDENTITY","否","否","","14","K059;K067;K076","78465;78473","86840;86841;103930;103933;103935;103938;103941;105055;105058;105061;105072;105386;105387;105388;105397;105526;105527;105529;105946;106204;106210;106214;106661;106676;107347;107641;109798;130622;133052;133054;133055;134213;134215;134545;139660;139853;141596;147138;206789;207946;208637;209839;210925;211812;221903;222569;222726;224028;246739","78465;78473;222569;222726"
"dataset:873d0c7a43d9d5049eff6962ce38045eb0a4e27ed22edf8a69a135038ad65bef","odata_n_tit.d_ref_trs_leg","场外交易-TRS-leg基本信息","PHYSICAL_IDENTITY","否","否","","5","K059","78466;78474","86841;103942;105073;105392;106083;107491;124564;160823;221899;221904;222569;222726","78466;78474;222569;222726"
"dataset:e3a03db788d798ae48c887e4ea13b782bb4fda56f1970a3020051a04cb555746","odata_n_tit.d_trd_option_event","交易-OTCOPTION存续期事件表","PHYSICAL_IDENTITY","否","否","","1","","78467;78475","107491;124566","78467;78475"
"dataset:9459f2cfb354cccb664ba509af6167f50a5c2c469e6b226acdd5aa0ba65ce336","odata_n_tit.d_trd_otc_contr_report","交易-合约报备信息","PHYSICAL_IDENTITY","否","否","","5","K059","78468;78476","86841;106204;107347;118156;206789;220650;222726;243807","78468;78476;222726"
"dataset:7f55c5cc469bc01efa578180185ce1881333c24fbf7209905d6a61ad0bee4bb5","odata_n_tit.d_trd_trs_event","交易-TRS存续期事件表","PHYSICAL_IDENTITY","否","否","","2","","78469;78477","124565;166925;221897;222569;234575","78469;78477;222569;234575"
"dataset:74891e8555abcb6f0e18cfe2804e4dc8ef9112e06a4b3dfbc650557364fe67e7","odata_n_tit.d_cfg_dictionary_desc","参考数据-数据字典表","PHYSICAL_IDENTITY","否","否","","1","","78557","142305;165634;165635;170265","78557"
"dataset:3394fc818f65ce69e4fcf7bae3067bd68c845e4430f6750939ca2f8324abc44b","odata_n_tit.d_dm_option_contract_info","【AI】资管视图-期权交易要素信息","PHYSICAL_IDENTITY","否","否","","1","","78558","178488","78558"
"dataset:2643a890defa7088b418d247f964bb11e3c01388b7495c093015b00f9f1f326f","odata_n_tit.d_trd_transfer","交易-收付款记录表","PHYSICAL_IDENTITY","否","否","","2","","78559;103289","91434;104934;105080;160812;221895","78559;103289;91434"
"dataset:9fe65c4d208c14d4544cc8368213bd08ff6459fa11e5901d1284a45b74f7f814","odata_n_tit.d_risk_option_initial_metric","【AI】风控视图-期权日终指标表","PHYSICAL_IDENTITY","否","否","","1","","78563;106088","121573","78563;106088"
"dataset:379c06429ed279a749b00aa79000def1db3920435953bca85fa4c1020ea790cf","odata_n_tit.d_ref_rmb_midrate","","PHYSICAL_IDENTITY","否","否","","1","","78564;105009","86840;105616;105863","78564;105009"
"dataset:f311723fba434ccf0daf31011307604a7a5fa76a26af8d53aae3c90a8d4c47ce","odata_n_tit.d_ref_otc_contr_margin_param","【AI】合约-静态履约保证金参数","PHYSICAL_IDENTITY","否","否","","4","K059","78565;106105","86840;86841;105397;105946;220650;246160","78565;106105"
"dataset:8c616148676c6c028468f73cf084ae24a611051a34ee910766cf2e8abef0e830","odata_n_tit.d_capital_acct_current_balance","【AI】资金账户当前余额表","PHYSICAL_IDENTITY","否","否","","1","","78568","174013","78568"
"dataset:ed37459cabf78f4765c168763f9577211a232fa04b2cf1906d2e64e97607c849","odata_n_tit.d_trd_daily_accrual_fee","【AI】按日应计提费用表","PHYSICAL_IDENTITY","否","否","","4","","78569;211683","86840;107491;124561;211547","78569;211683"
"dataset:8184156c4d2d2439e998f1b58f54a5f8b6d3683834b0847c3dda95e4aa6f9bb5","odata_n_tit.d_trd_fee","【AI】交易-费用定义","PHYSICAL_IDENTITY","否","否","","1","","78570;106100","103053;110164;242611","78570;106100;103053"
"dataset:1c961a24c724e31d6a46f467a1de7fc74f755f797e2397d3fab0a0804e8f6320","odata_n_tit.d_margin_account","【AI】保证金-交易对手保证金账户","PHYSICAL_IDENTITY","否","否","","1","","78571;105319","103928;103931;103939;105053;105069;107280;107646;173965;174016","78571;105319"
"dataset:ffa632a78d9790c98c908d19583df7e11af04f8241021857ed2f934672676f1f","odata_n_tit.d_margin_acct_current_balance","【AI】保证金-交易对手保证金账户当前余额表","PHYSICAL_IDENTITY","否","否","","1","","78573","174015","78573"
"dataset:1d376c55916bd9a48001c370a364448fb612e1f6131da6bbee64a16f492d97ca","odata_n_tit.d_margin_plan","【AI】履保方案表","PHYSICAL_IDENTITY","否","否","","4","K059","78574;106092","86840;86841;199159;200060;220650","78574;106092"
"dataset:37d7f1f7783b5c37868df508d76f019f14ddd7ef6af85a0a678dcb233f76c796","odata_n_tit.d_margin_acct_daily_balance","【AI】保证金账户余额","PHYSICAL_IDENTITY","否","否","","0","","78575;107587","107280;107646","78575;107587"
"dataset:5eb7c572b506bf4dc9b91517cb40c64f0a5905bd991456252f9c4ce622467574","odata_n_tit.d_trd_bundle_info","【AI】合约组合参数配置父表","PHYSICAL_IDENTITY","否","否","","3","K059","78576;106093","86840;86841;109800;142888;220650","78576;106093"
"dataset:fda6e032736a639acf790a969c37e60a5ff16888809e517a7956a33ec4954ac3","odata_n_tit.d_margin_acct_daily_result","【AI】保证金-交易对手保证金账户每日履保计算结果","PHYSICAL_IDENTITY","否","否","","0","","78579;103293","104658;104937","78579;103293"
"dataset:13e3926bdda9d89bc20bcaa1ebd8b0399cc2120d309c81fa53de54798d2f2111","odata_n_tit.d_mkt_ins_op_eod_metric","【AI】证券-期权每日日终指标表","PHYSICAL_IDENTITY","否","否","","1","","78580;106101","121574","78580;106101"
"dataset:74d9012bf93f90a92b24b92efa265342f4326c40e4e5587276aabc64f7ef8444","odata_n_tit.d_capital_account","【AI】客户资金账户信息","PHYSICAL_IDENTITY","否","否","","0","","78582;105332","103929;103932;103940;105054;112620;112644;173966","78582;105332"
"dataset:8d9b2af59aa473e3c167eda6a65b14821c1a3e7c9c315f19bdb8de709afc90f1","odata_n_tit.d_capital_acct_daily_balance","【AI】资金账户余额表","PHYSICAL_IDENTITY","否","否","","1","","78583;113016","112620;112644;174014","78583;113016"
"dataset:38e111b61314178be217bfdd27710bb41a6a1c1bdd06f346bf5a06ec184d69c5","odata_n_tit.d_capital_account_ledger","【AI】资金流水台账","PHYSICAL_IDENTITY","否","否","","0","","78584","173966","78584"
"dataset:8248d24c0b81c344b45bdc028085c652c5b2b791594fff5b55f6505cf45e6f92","odata_n_tit.d_pos_position_daily","【AI】持仓-账户每日持仓数据表","PHYSICAL_IDENTITY","否","否","","3","","78585;103291","106590;109369;117937;222726","78585;103291;222726"
"dataset:bde5bfd343427bd860a0a30a1daef84344b35c52576587b5c29d1a0eaa677b2d","odata_n_tit.d_pos_eod_position_view","【AI】日终持仓表视图","PHYSICAL_IDENTITY","否","否","","1","","78588","150384","78588"
"dataset:aa94723fcb757f0d98188daf545dbdac49e731bf1b2bfa8bf25a3180bd39dcdb","odata_n_tit.d_pos_eod_calc_metrics","日终持仓-指标计算结果表","PHYSICAL_IDENTITY","否","否","","7","K086","78590;119864","86840;103053;117337;121575;121720;168293;211730;219089","78590;119864;103053"
"dataset:ccaa2f038fa61f01565db58a2caa9a8eafc61c5f987af84c060a9b4b5e87dc5e","odata_n_tit.d_pos_trs_leg_valuation","【AI】持仓-账户TRS LEG每日估值","PHYSICAL_IDENTITY","否","否","","4","K067","78591;106094","106210;107641;119563;206789","78591;106094"
"dataset:f6539e98207707a388fa281ec4ccc34fe26641f2abaf460442d94694b177767a","odata_n_tit.d_pos_trs_leg_his_pos","【AI】持仓-TRS浮动及结构化腿历史持仓","PHYSICAL_IDENTITY","否","否","","3","K059","78592;79130","86841;105392;106083;107491;119640;222726","78592;79130;222726"
"dataset:ebbe231524294464ae74a3f2b339852df918456507d2d565233124127d41fbba","odata_n_tit.d_trd_trs_underlying_deal","【AI】交易-南下跨境成交回报表","PHYSICAL_IDENTITY","否","否","","0","","78593","202899","78593"
"dataset:3a1782f330b3a9de6c0d9aa6fa97cfd293d76c3c0125ff4f75a9222b0764de35","odata_n_tit.d_margin_account_ledger","【AI】保证金-交易对手保证金账户台账","PHYSICAL_IDENTITY","否","否","","3","","78594","173965;174016;176874;176877","78594"
"dataset:16f6172c6ef05dc6b02be7bd4ffa5bb0e60aad75c1f687db0dd962a31a9c31c9","pdata_news_n.t02_opt_exer_info","期权行权信息","PHYSICAL_IDENTITY","是","否","","0","","79088;79090","",""
"dataset:f1b58025a73f324cf02e2ec255048a1c5e510a00195ad4bb39fdadb76f486ee6","odata_n_tit.d_trd_trs_event_struc_detail","交易-TRS存续期事件结构化腿明细表","PHYSICAL_IDENTITY","否","否","","1","","79338;79339","124564;221899;222569","79338;79339;222569"
"dataset:160b5caaaa27f97d2214d3bb39e40625233617b75d3fd3ffe416197d79ef7047","odata_n_crm.c_txzrz_khxx","客户信息","PHYSICAL_IDENTITY","否","否","","0","","79365","104628","79365"
"dataset:cf5ca1b8df9cdd55cb23923d67042c52d48dd779e9c43acc1c754c084ab2c6c4","odata_n_xir.t_ttrd_sys_convert_map","系统配置表","PHYSICAL_IDENTITY","否","否","","1","","79783","134442;186147","79783;134442"
"dataset:f74394f308e963480370ec72aa0eaad2cc37b9624ff84ef68bfb4d44eefa2cd8","odata_n_tit.d_ks_trade_comfirm_info","交易确认书信息表","PHYSICAL_IDENTITY","否","否","","7","K076","79952;106102","86842;107491;112119;112120;119487;133052;133054;133055;134213;134215;246739","79952;106102"
"dataset:fcbbb74554a183978d85300848161b17ee8c0276a9c1777d67962d9db260f59f","odata_n_tit.d_ks_trs_eod_postion","日终持仓表视图","PHYSICAL_IDENTITY","否","否","","2","","79953;103288","86842;130652","79953;103288"
"dataset:d6b99f036214ef66c19ee3f8627473fbb4db111c1003d352ff94edde8aa9d00f","dm_index_n.index_grp_trade_amt_exch_icc","机构柜台场内交易金额","PHYSICAL_IDENTITY","否","否","","1","","","80025;170408","170408"
"dataset:48b8277717f35f836e6dd9583a774d927428af062deccf4b7fdab6448ac3fd13","dm_index_n.index_grp_trade_amt_exch","场内交易金额_零售和机构柜台","PHYSICAL_IDENTITY","是","否","","2","","80025","91651;97630;150023;175419;175427;176693;192442;209813;209817","150023;175419;175427;176693;192442;209813;209817"
"dataset:892a3c153d32b4a16fe0a59563caafcee5c1c366722b184927727ac8da4d3148","odata_n_bce.s_micro_strg_datadump_datadump","","PHYSICAL_IDENTITY","否","否","","1","","","80256",""
"dataset:3970da4ae9069fce5d28681a0969b6391cf8cd34d1fbd7b04e29db08e753598d","pdata_n.t03_intel_cond_ord","智能条件单订单","PHYSICAL_IDENTITY","是","否","","1","","80256;80257;80258;93518;189432;189434","112088;140633;206853","112088;140633"
"dataset:240324be1e34f6c8c2cb51ffa3750745e3cbb1db40f998d267eed9e61182b61c","odata_n_bce.s_micro_strg_backup_databackup","","PHYSICAL_IDENTITY","否","否","","1","","","80257",""
"dataset:a514158a7b58cda81a2a16786bad4aebe66b930dd65a58a31d5ff7a66202fa5b","odata_n_ico.k_cos_order","","PHYSICAL_IDENTITY","否","否","","1","","","80258",""
"dataset:f9c017370be763fcfdb350b0be09a36b1c55912755c7e43af9f3b928f984e5a1","odata_n_rcc.a_firsttradedate","证券账户首笔交易日期表","PHYSICAL_IDENTITY","否","否","","1","","81613","111410;199019","81613;199019"
"dataset:28b50a3ac6d07d58912c44a990f6f334f9ac3daa895ebf3622f862198567c1dc","odata_n_ioa.i_gf_department_del","删除部门的表（同步）","PHYSICAL_IDENTITY","否","否","","1","","82836","243236","82836"
"dataset:a403a7971cb683ec97fd9c52dec6cceef1c1b85e97e4a7f40406d5d72758bcc7","pdata_n.t03_srp_comp_info","股票质押式回购合约信息","PHYSICAL_IDENTITY","否","否","","3","K078","","85033;136285;136377;187687","187687"
"dataset:6ed4800c6e7abfb8438b58005378524a757eff20ebca11d048f2737cddd4c219","odata_n_smt.c_secu_bal","证券余额表","PHYSICAL_IDENTITY","否","否","","1","","85245","87030","85245"
"dataset:800c8558baec95cb69ca66a2f4c0802cf81c81d2737c0fb7eaa8e776e3762beb","dm_mast_n.corp_busi_euidcertno_s","企业外部资讯配号表","PHYSICAL_IDENTITY","否","否","","2","","","85251;87510;100712","87510"
"dataset:a75bd55175c2fdc29ff85050881e49bae720847724ff05a611b527676fd15e0a","pdata_n.t98_cust_lbl_info","","NONE","否","否","","0","","","85251",""
"dataset:d60a410c02898bbbe1c312c0e8cd62c44aa6f9993f93109081f2014e942b7f03","odata_n_mio.h_tags","","PHYSICAL_IDENTITY","否","否","","1","","","85260",""
"dataset:cd513e8dbba091b88087b6912153f5a62c2d41c459c85893088315b75489c78e","pdata_n.t99_lbl_info","标签信息","PHYSICAL_IDENTITY","是","否","","0","","85260;88789;200745","144891","144891"
"dataset:6c48dbadc4a2caec969e93c39c6639bed1460c17d53403f283537736fcaeff5b","odata_n_sms.q_dc_borrower","下游客户表","PHYSICAL_IDENTITY","否","否","","1","","85359","87032","85359"
"dataset:37afab241dbd55f1168e3e66a3bf1bd7b8b8e3a6849a9d8c352428c02e73a4fa","odata_ecif.ecif_a_u01_prod_basic_info_s","","PHYSICAL_IDENTITY","否","否","","1","","85965","104734","85965"
"dataset:1382a5ce2d3f3810edc67e70dd651db1d157cb31bdca6a828eac5ee1a66672f7","odata_ecif.ecif_a_u00_prod_uid_cust_acct_rel_s","","PHYSICAL_IDENTITY","否","否","","1","","85967","104734","85967"
"dataset:2cbe56147a3e7517785f10729af8b3be7f441f7731d597c3f451647ed2e3b2a8","odata_n_ois.o_bpm_flow_result","","PHYSICAL_IDENTITY","否","否","","1","","86429","121422","86429"
"dataset:e80a2eac38e05cd0b35f84a18a7d3db2cf70f15c97f5d632710c7ba5105929ce","odata_n_ois.o_bus_type_base_rate","","PHYSICAL_IDENTITY","否","否","","1","","86820","133056","86820"
"dataset:faec32ea3bd2a843e4ba2b13693fcab6025f649c67161a617697d7598c51fc34","odata_n_ois.o_contract_base_rate","【AI】合约基础系数表","PHYSICAL_IDENTITY","否","否","","2","","86821","105743;133055;245660","86821;245660"
"dataset:d7b6ef6b142df48c4e1eafd3b511d61674ee279215f409b96c1e2c19c22d6d49","odata_n_ois.o_ctpty_cross_sell_coefficient","【AI】交易对手合约价差系数表","PHYSICAL_IDENTITY","否","否","","1","","86822","133049;245660","86822;245660"
"dataset:30d60110bafbd5a2f14a3dc530ea14c1bbd1311a69582b99a5c4363a97004864","odata_n_ois.o_contract_spread_rate","【AI】合约价差系数表","PHYSICAL_IDENTITY","否","否","","2","K076","86823","133052;245660;246739","86823;245660"
"dataset:cb1a0d28036b34c73c0fe807d5adf6801e39524d885dcbc305ea5882ec7fca63","odata_n_ois.o_contract_introduction","【AI】合约开发关系分成表","PHYSICAL_IDENTITY","否","否","","1","","86824","105743;134215","86824"
"dataset:b78a48d07536209bdf2d70ff37c6d6c5b4baf5c1b1b69244b1570a2cc0129530","odata_n_ois.o_counterparty_introduction","【AI】开发关系表","PHYSICAL_IDENTITY","否","否","","2","","86825","105743;134302","86825"
"dataset:c8b59f52f5c815bb238c6827ffb85dad9ea9e58d91bce0cdb99de971ed85eecb","odata_n_tit.d_ref_basket_constituent","篮子成分表","PHYSICAL_IDENTITY","否","否","","3","","88267","86840;88314;176353;233694","88267;88314"
"dataset:02ef8ebfbf962731bc12993db944c0560fe18f2e430b5ba70b4a01386cd528f0","odata_n_tit.d_ref_future_properties","【AI】证券-期货信息表","PHYSICAL_IDENTITY","否","否","","3","K059","105007;105008","86840;86841;105612;105745;105746;105862;220650","105007;105008"
"dataset:c1f1ed0f3134ebea57061b01d2239d718710066082e618841c46eae3f32e9675","odata_n_ois.g_hk_counterparty","香港交易对手","PHYSICAL_IDENTITY","否","否","","6","K059","141947","86840;86841;133049;144556;144558;144561;144562;147452;220650","141947"
"dataset:78529405a01da382f5b56aef42a65f2107c3b71766724224277ddaed156d0ca1","odata_n_tit.d_ref_op_deal_autocall_kidate","【AI】场外交易-期权敲入观察日及票息信息","PHYSICAL_IDENTITY","否","否","","1","","102851;113057","86840;113014;113053","102851;113057"
"dataset:ec3e9060634d4c4f5aeafa0167b2419f912b4bbecf27c5a9a31bb14b507f9b34","odata_n_tit.d_ref_op_deal_autocall_kodate","【AI】场外交易-期权敲出观察日及票息信息","PHYSICAL_IDENTITY","否","否","","1","","102849;106082","86840;112813;113051","102849;106082"
"dataset:68652a17536233049ab6dbe09ac63311767556daaaf211d43d213c1939a49170","odata_n_tit.f_ref_option_margin_trs_relation","期权合约与互换合约关联关系表","PHYSICAL_IDENTITY","否","否","","2","K059","231306","86840;86841","231306"
"dataset:073eb6da06c6f454bb9b997ebea60902fe849166e4bbdf89d023cb717ea2bb31","odata_n_tit.d_trd_option_deal_settlement","【AI】场外交易-期权交易结算表","PHYSICAL_IDENTITY","否","否","","1","","102854;106087","86840;112816;112838","102854;106087"
"dataset:7e4cc8dabe1e42b8c3af76ba205c0e7c584f7aae5400f0b3c0ffd54942c759b4","odata_n_tit.d_ref_option_deal_pr","【AI】场外交易-期权合约结构-参与率表","PHYSICAL_IDENTITY","否","否","","1","","102845;126185","86840;103943;105074;209862","102845;126185"
"dataset:b576c9ed367126e3d519493bcf2891cb0533a7c98a657e996c3849041c2bfe1e","odata_n_tit.d_trd_otc_contr_props","【AI】交易-场外合约结构-其他属性表","PHYSICAL_IDENTITY","否","否","","5","K059","91256;163131","86840;86841;103941;103943;105072;105074;105743;144296;150768;209862;210925;220650","91256;163131"
"dataset:4c11341cd0d0a4af98055b72c5d7e4d496926760b3c87498c4178666cd21b592","odata_n_tit.d_ref_option_deal_cr","【AI】场外交易-期权合约结构-票息表","PHYSICAL_IDENTITY","否","否","","1","","102846;106085","86840;112814","102846;106085"
"dataset:408de887602177a93fea27251a418b1c3bbe0a0c9f71660aad94dbc8e9d32e71","odata_n_tit.d_ref_option_deal_strike","【AI】场外交易-期权合约结构-执行价格","PHYSICAL_IDENTITY","否","否","","2","","102856;106079","86840;112815;112837;219390","102856;106079"
"dataset:5a5caef0289d22c7e3f34c3fb23f11ced5ca7ed35d22726c3bb48d046a2cf559","pdata_n.t98_otc_deri_comp_sale_info","T98_场外衍生品合约销售收入基本信息表","PHYSICAL_IDENTITY","是","否","","42","K006;K071;K072;K034;K038;K095;K099","86840;86841;86842;220650","93338;103457;105743;107491;113993;114013;118141;118143;123781;134690;144887;146386;146516;147921;148124;154068;155410;156651;159763;159768;162610;162618;171347;171364;171370;189972;201252;201318;201483;203306;203311;203879;206208;208230;208608;220979;220981;223867;224351;228241;229121;230202;231146;234584;245631;245660;245696","134690;189972;245631;245660;245696"
"dataset:a9a3982daa0c2783db49d728ac3c17b346a826a49da04dd43550b8ffad737966","pdata_n.t03_sb_smm_hold_adtnl","自营现货做市证券持仓附加","PHYSICAL_IDENTITY","是","否","","2","","87030;221601","126962;218611",""
"dataset:d445adf02296bc541cee4936d4a410447e49bf736a575ae234afe4991715035d","pdata_n.t01_spec_shts_cust_info","专项融券客户信息","PHYSICAL_IDENTITY","是","否","","2","","87032","212422;212525",""
"dataset:a7734790704b775abd55d50f4eb9c2ebe7ba20cfc24ee149a848e180b49fab2a","dm_index_n.index_grp1_net_ast","客户_净资产_无限制条件_当日_零售和机构柜台","PHYSICAL_IDENTITY","是","否","","12","K075","158338","87089;92502;100130;103369;125666;135109;141353;147847;148763;150631;160235;160518;167822;197653;199739;205645;208983;210140;232164","100130;135109;160518;197653;208983;210140;232164"
"dataset:8da96323d6e689ad796b667dc34e651cd7515003b67c6fdd4669ecddb5bc5d1d","dm_index_n.index_grp_apd_net_asset","日均净资产_10到25日_零售和机构柜台","PHYSICAL_IDENTITY","是","否","","8","K042","87089","98572;101358;101399;131654;177395;177407;177677;177681;196245;196248;196465;197534;202689;202691;202692;203119;203676;208353;218029;218037;228803","177395;177407;177677;177681;196245;196248;196465;197534;203119;208353;218029;218037;228803"
"dataset:332b26d5cfdb60c17697e5ab725b19c414136de02e400c36c2efc2174a2ee38e","pdata_n.t98_gks_ord_base_info","T98_金钥匙抢单基本信息表","PHYSICAL_IDENTITY","否","否","","13","K019;K060;K007","","87097;87100;87130;87141;87175;87202;87209;87210;87211;87348;87970;89236;89449;89450;100130","87970;100130"
"dataset:20ee397727031bc14e4434f0d57ec943a3d11f4389ac2ad158451d8a8dbcdcd7","pdata_n.t05_gks_tel_revst_evt","金钥匙电话回访事件","PHYSICAL_IDENTITY","否","否","","4","K019","","87097;87130;87141;89236",""
"dataset:c8899d3a85da69c50495d8d6f67b2fa732ab8bb010c6c0f86e895063d816f770","dm_index_n.index_grp_gks_restore_order_fir_call_time","金钥匙订单_首次电话回访时间_开户流失挽回","PHYSICAL_IDENTITY","是","否","","0","","87097","100130","100130"
"dataset:4a39a8ff2a7e9cb552eba675b130c7b3cf4f6ce20ef18a87b63c54ff703d9976","dm_index_n.index_grp_gks_restore_order_fir_open_app_time","金钥匙订单_开户申请时间_开户流失挽回&首次提交_当日_无备注信息","PHYSICAL_IDENTITY","是","否","","0","","87100","100130","100130"
"dataset:9e766e3779c11e9d6085f8e9ac047c63d9299fc18f86e16577750b28bcd5cc5d","dm_index_n.index_grp_gks_restore_order_call_times","金钥匙订单_电话回访次数_开户流失挽回_当日_无备注信息","PHYSICAL_IDENTITY","是","否","","0","","87130","100130","100130"
"dataset:0810cfa6bd40422ac2920f9b997bc4901156deac863aa1c998b77f920ee3079b","dm_index_n.index_grp_gks_restore_order_sum_dura","金钥匙订单_累计电话回访时长_开户流失挽回_无备注信息","PHYSICAL_IDENTITY","是","否","","0","","87141","100130","100130"
"dataset:41fe8d57e94d5975ba3d022e177b2913b34476db9d8aa9773ca5fe63e1245e28","pdata_n.t05_sb_smm_exch_rep_evt","自营做市交易所回报事件","PHYSICAL_IDENTITY","是","否","","1","","87149","126964",""
"dataset:5f02c1c02cbd351ce96e10d1350cf42f9694fa49ed27def2426f2f197b5d59a2","dm_index_n.index_grp_gks_restore_order_bef_devpr_emp_id","金钥匙订单_抢单前的开发经理_开户流失挽回_当日_无备注信息","PHYSICAL_IDENTITY","是","否","","0","","87175","100130","100130"
"dataset:4281d5c7054da2fe8505413626b746618167f95cec132c21b35bcec2248080ed","dm_index_n.index_grp_gks_restore_order_chan","金钥匙订单_订单渠道_开户流失挽回","PHYSICAL_IDENTITY","是","否","","0","","87202","100130","100130"
"dataset:c3a3e1149ebe5aa338d8f9b4418305c60123822eef19ad282598090c2d833b59","dm_index_n.index_grp_gks_restore_order_lvl1_chan","金钥匙订单_一级渠道_开户流失挽回_当日_无备注信息","PHYSICAL_IDENTITY","是","否","","0","","87209","100130","100130"
"dataset:d7d196c8fdb8ffe3865cd27e6926cbfa523cb85afd79f3c9f88ceed1b54642ba","dm_index_n.index_grp_gks_restore_order_lvl2_chan","金钥匙订单_二级渠道_开户流失挽回_当日_无备注信息","PHYSICAL_IDENTITY","是","否","","0","","87210","100130","100130"
"dataset:440fd8fc60ac97ba3f6716995631dcab8ac8326b10afab4f634fbf4cc7cc8779","dm_index_n.index_grp_gks_restore_order_lvl3_chan","金钥匙订单_三级渠道_开户流失挽回_当日_无备注信息","PHYSICAL_IDENTITY","是","否","","0","","87211","100130","100130"
"dataset:c8ec1f9ebf2ba70048b5a83dd783cf6d79d699fad961191089b8bff3a3a8c5d6","dm_index_n.index_grp_gks_restore_order_pty_id","金钥匙订单_客户编号_开户流失挽回","PHYSICAL_IDENTITY","是","否","","0","","87348","100130","100130"
"dataset:8682a28d334a589367863de4463000caeaaa6dc7a3f4ffc7e70de1f38af52724","odata_n_pas.j_hssemp_employee_extend","人员信息扩展表","PHYSICAL_IDENTITY","否","否","","1","","156051","87450","156051"
"dataset:17aebb820cd3a57db56d2b5b43a7b6f38041a2d8ea85470fb8db404de8278446","odata_n_pas.j_hsssys_runtime_config","","PHYSICAL_IDENTITY","否","否","","2","","156521","87450;176156","156521"
"dataset:43902c7553737425155ad971e2219ddd6bffa5af1fa9a74983bfb2acf05d7bd0","pdata_n.t04_emp_imp_date_h","员工重要日期历史","PHYSICAL_IDENTITY","是","否","","0","","87450;132906;208648","",""
"dataset:73e56fbb339c9749c53da41bd9a889fc290dde4ae29c1421b6e188dcc7f6b6a8","dm_mast_n.corp_busi_base_info_s","资讯-企业基本信息","PHYSICAL_IDENTITY","否","否","","3","","87510","122189;122206;122207","87510"
"dataset:ee60b7331cfb9ee66aeca9be03b01aebe1ae0e65b497c4c7c005fd3d864676df","odata_n_fms.k_bd_deptdoc","资金系统部门信息","PHYSICAL_IDENTITY","否","否","","0","","88411","89510;89511;89514","88411"
"dataset:997179cb4608968f41d5782a7cf5e6cf92d49bf83c1681d65d0bcee67a636589","odata_n_ecr.s_label_import","","PHYSICAL_IDENTITY","否","否","","1","","","88789",""
"dataset:f8c199d662709025f009a69dcfc6263f318a13f74b0c76ccf0fcdb48be23aa82","dm_index_n.index_grp_gks_restore_order_fir_abt_serv_time","首次电话打通回访时间_开户流失挽回","PHYSICAL_IDENTITY","是","否","","0","","89236","100130","100130"
"dataset:a9a6faefb47d8a647070d568e0ffc10e866a874cbb830948bc1d4ae4964c2423","dm_index_n.hold_def","持仓定义表","PHYSICAL_IDENTITY","否","否","","3","","","89260;110851;231934",""
"dataset:d3bdd2e443edad3ab0102ce538f18968c2774b0d9c3926bec5d14f93a3174923","pdata_news_n.t02_fin_srp_repo_contr_info","股票质押式回购合约信息","PHYSICAL_IDENTITY","否","否","","1","","","89260",""
"dataset:8cef8285dc646f646f83886a23c6f433b193dbbab810a319ad313fa2ef226add","pdata_news_n.t02_fin_arp_repo_contr_info","约定购回合约信息","PHYSICAL_IDENTITY","否","否","","1","","","89260",""
"dataset:16f514184b88ec75c7b95d37c7ac8bb8367a0aae78ceb380a9c560fd093fda4d","pdata_news_n.t02_fin_exer_comp_info","融资行权合约信息","PHYSICAL_IDENTITY","否","否","","1","","","89260",""
"dataset:d274c172e7be88791a3626a7c775e196e1402c0fb0724f5f472e5bcde4f00b37","dm_index_n.index_grp_gks_restore_order_lock_org_flag","锁定营业部_开户流失挽回","PHYSICAL_IDENTITY","是","否","","0","","89449","100130","100130"
"dataset:66569e0325e54c77a701bbf9e2f2d38866ddc2c0b211e79907b70a9a3e76f887","dm_index_n.index_grp_gks_restore_order_lock_refr_flag","锁定推荐人_开户流失挽回","PHYSICAL_IDENTITY","是","否","","0","","89450","100130","100130"
"dataset:d75cdcae154be8bbf5d4655a9b5b33937640424f4ef1a54b3951cb07d40bc97a","odata_n_xir.m_tregion","【AI】区域表","PHYSICAL_IDENTITY","否","否","","1","","","89673",""
"dataset:1215c5c9df010f925f8eac78714390e7d0824f85b0c51289ea51e10642741bef","pdata_news_n.t02_co_brd_info","公司所属板块","PHYSICAL_IDENTITY","否","否","","1","","","90018;99917","99917"
"dataset:44608d998f89b709972c18814b0fe397895d916f208c9448514b9b2f6e5ab085","odata_n_uip.d_szse_pid_relation","个人关联企业表","PHYSICAL_IDENTITY","否","否","","1","","90047","103467","90047"
"dataset:f603f239591b1a925cab17584a88fd035d47354019b373613930db1130602b42","pdata_news_n.t02_fnd_trc_idx","中国共同基金被动型基金跟踪指数","PHYSICAL_IDENTITY","是","否","","1","","90350","221138",""
"dataset:2ec2d2822ad9c6dfa5d7d5f28f8b84ea4eaa1a5780eab6ae2ac8839ca6c81502","odata_n_aum.c_tfxc_cust_channel_change_details","","PHYSICAL_IDENTITY","否","否","","0","","243999","90735","243999"
"dataset:a77774156fe7dfbdb208ba2ff23ca5a60ca99f40c8bfafd97cc6ec8b07f22e85","odata_n_aum.c_tfxc_cust_channel_change","","PHYSICAL_IDENTITY","否","否","","0","","243996","90735","243996"
"dataset:bcc7d95ada20f334ffda53d7b29373de5bd341d9260c9c95d748ac49c513c9a5","odata_n_ois.o_exchange_pre_termination_list","","PHYSICAL_IDENTITY","否","否","","1","","90860","110000","90860"
"dataset:d0536ca5b436d8b7c0ce228e1d2c5e047ce3d1c62b8414eb55e8e1b0f93c8813","odata_n_ois.o_deriv_client_admit_flow_brk","","PHYSICAL_IDENTITY","否","否","","1","","90995","121425","90995"
"dataset:d305e1d84e2fd65d0ebdab25fba1913039ac8bf4cc18fd9a38cb164438f78ff5","odata_n_sms.q_dc_lender_name","","PHYSICAL_IDENTITY","否","否","","1","","91053","92718","91053"
"dataset:1a79e60e13b36b5b61ec014793597e441d417cdb360236e074de06e0ba3b7d6a","odata_n_tsc.t_bindingrelationship","","PHYSICAL_IDENTITY","否","否","","1","","","91107",""
"dataset:f340163791721e3d7c28b1150d12c767ee5016c75d7d2ee7b718ae18e963916c","odata_n_ta5.d_ta_taccoconfirm","","PHYSICAL_IDENTITY","否","否","","1","","91177","121280","91177"
"dataset:b6bdf7b11c46c68df36aa60566cac8a00d98f5411aa6fdf5ea6a53adbc2b16f5","odata_n_ta5.d_ta_tdividendstat","","PHYSICAL_IDENTITY","否","否","","1","","91191","197975","91191"
"dataset:bbf211dff9d865e199368a793b78c7ac6b08b9b4fcaae9bcdc81fc620d72a62d","odata_n_fms.f_exam_bill_manage","","PHYSICAL_IDENTITY","否","否","","1","","91305","92365","91305"
"dataset:ee0f5c6fb2101109647221f2a218df5d650f7be3230cf1c467ef8aed17601ad5","odata_n_fms.f_exam_account_period","","PHYSICAL_IDENTITY","否","否","","1","","91311","92365","91311"
"dataset:28d38c92d2c6540ee621e7e327082b3832a0d2851cb0317e7b553a208c85c853","odata_n_fct.file_settleadmin_v_t_s_trade_zq","","PHYSICAL_IDENTITY","否","否","","1","","","91492",""
"dataset:b510b631e72b5c44dcc61928a80bcd22c15e92dd343e11916be76c0b909070a5","pdata_n.t05_futr_brok_mtch_evt","期货经纪成交事件","PHYSICAL_IDENTITY","是","否","","1","","91492","196270",""
"dataset:a4bb406d75336e4f17994fcdf1b90edee140a151af33057266329e07a773f359","odata_n_uip.w_asharestibinvestmentiending","中国A股科创板战投出借信息","PHYSICAL_IDENTITY","否","否","","1","","91494","91511","91494"
"dataset:63fb7433c537c1f56ec3c267805cc8030ce8581e1057518eca37f829fa09dcb4","pdata_news_n.t02_stk_strg_ivst_lend","股票战略投资出借信息","PHYSICAL_IDENTITY","是","否","","1","","91511","216345",""
"dataset:b45e7a845f64d6191f65c920d48f0683825be84e2abba86054f7b6ae64a79c86","dm_index_n.index_grp_client_mkt_val_off","客户_产品_市值_线下","PHYSICAL_IDENTITY","是","否","","0","","91519","121469","121469"
"dataset:fb25130c11d61c268741b92d246412a8ad16c5d304c90ab41aadc21b925c79bc","dm_index_n.index_grp_trade_amt_exch_mon","","PHYSICAL_IDENTITY","是","否","","0","","91651","150023","150023"
"dataset:9aa8a9f499c318ccfc5238106d426937b411a6f7072db62543b3761ded5e80c0","odata_n_fct.a_v_t_s_investorfund_zq","投资者资金余额快照","PHYSICAL_IDENTITY","否","否","","1","","93184","91842","93184"
"dataset:f2773216274dc2b09bb14a9537f7ee707d5fa17517a6eee3ea9c9eff223723de","pdata_n.t03_futr_fnd_crrc_acct_bal","期货资金分币种账户余额","PHYSICAL_IDENTITY","是","否","","1","","91842","139114",""
"dataset:bc0990f0550f629ac506610158853637a82249c3c3cd6b295d330cff66deb79e","odata_n_fct.a_v_t_investor_zq","投资者基本信息","PHYSICAL_IDENTITY","否","否","","1","","93207","91845","93207"
"dataset:569c1691d9030d9d475036f79df442370053d89af115135d32d50708f5352b07","odata_n_fct.a_v_t_investorex_zq","投资者扩展信息","PHYSICAL_IDENTITY","否","否","","1","","93209","91845","93209"
"dataset:547f8a8df4c00a8084e64690e160f22e3c17b3bd4eeb76629b11e9782bc50f93","odata_n_fct.a_v_t_company_zq","一般法人","PHYSICAL_IDENTITY","否","否","","1","","93216","91845","93216"
"dataset:9868a655e1c92ca6f664b95dc19e0dab474227f4d0a7d973a267e25d9619a475","dm_otc_n.otc_cust_access_status","场外衍生品客户准入情况表","PHYSICAL_IDENTITY","是","否","","0","","91973;121434","",""
"dataset:3c427007d16a2c7566e7a3285f90e7042ed2bb5cc32adb224885f8d4953fdb58","odata_n_bpm.g_v_bpm_oa1100_comment","","PHYSICAL_IDENTITY","否","否","","1","","92046","121423","92046"
"dataset:f42ed0603207a95ed4d03e2c7a3b09dea725bb6d9b8acdb22ff3f30b02f2db0d","pdata_n.t05_exch_scr_entr_evt","场内证券委托事件","PHYSICAL_IDENTITY","是","否","","6","K061;K082","203916;203917;203918;203919","92112;92113;112088;135567;149916;149929;205098;216955","112088;135567"
"dataset:a3443edd872d3766f59537d99768202ef411de08b64a5a2a4745c9e0212ce28a","pdata_n.t05_exch_cmphs_busi_entr_evt","场内综合业务委托事件","PHYSICAL_IDENTITY","是","否","","3","K061","203920;203921","92112;92113;156579;216955","156579"
"dataset:cb55fa84db26106a39652cf84e224e5e4f814efeadbb3bcc81618cced9f71781","dm_index_n.index_grp_tramt_mon_icc","广发证券_成交金额_当月_机构柜台","PHYSICAL_IDENTITY","是","否","","0","","92112","150023","150023"
"dataset:a5a1e7a3035ab78fb45323b1c25d42875070e91afd234f41dd9362eb0c8a3dca","pdata_n.t05_bail_busi_entr_evt","保证金业务委托事件","PHYSICAL_IDENTITY","否","否","","1","K061","","92113",""
"dataset:bad71be161c64e1c59fa36de5fec59b681a67a88f89366a6fb4c34dca60990e7","dm_index_n.index_grp_tramt_mon_rcc","广发证券_成交金额_当月_零售柜台","PHYSICAL_IDENTITY","是","否","","0","","92113","150023","150023"
"dataset:0821f1e8240cecaeb79839a355ae82a755555f70e2240b25ca44f444a8ed2279","pdata_n.t01_refin_pty_dev_rela_adtnl","转融通客户开发关系附加","PHYSICAL_IDENTITY","否","否","","2","K062","","92220;146553",""
"dataset:dac0b8b324e5806fa69a64dc309db3775775501c38a22bfaffc16fbb2634464e","pdata_n.t98_crm_avg_lend_scal_info","金管家日均出借规模信息表","PHYSICAL_IDENTITY","否","否","","2","K062","","92220;146553",""
"dataset:4444da3383b13c8e7f4394e411ebbf4e37846cbbd83fda0e994e53dc3501ee37","dm_index_n.index_grp_divd_avg_lend_scal","员工_日均出借规模_分成_证券借贷","PHYSICAL_IDENTITY","是","否","","0","","92220","203384;212945;244873","203384;212945;244873"
"dataset:9edd3c7e2a915a0e44fbd277fb418adb162bbc6d391cfb35b91e60b91d5aa16a","odata_n_fct.e_v_t_investorposition_zq","投资者持仓数据","PHYSICAL_IDENTITY","否","否","","1","","93095","92361","93095"
"dataset:8affee5cd84763091c76592a876be5a0c4798bd8700ce4a778131a01a1938417","pdata_n.t98_futr_opt_hold_sum","期货期权持仓日汇总","PHYSICAL_IDENTITY","是","否","","1","","92361","196272",""
"dataset:e292b8f7a2b608525005f1b17c8dce406bec76971d1b7cb0f5210437d5ba9289","pdata_n.t04_user_name_h","用户名称历史","PHYSICAL_IDENTITY","是","否","","1","","92471","124737;134442;187687","134442;187687"
"dataset:4846c8745e5103eb8c31d7e0c417c8a32bbf2e16a667311e831304805852bc31","dm_index_n.index_grp_total_net_asset_fst_pos","首次净资产大于零日期_零售和机构柜台","PHYSICAL_IDENTITY","是","否","","0","","92502","206454","206454"
"dataset:6dd311a92b8f71919645452185d0367e9632d6eea7bb37a0c139d4b19c87ae8f","pdata_n.t03_rstk_sell_ctrl_info","限售股减持控制信息","PHYSICAL_IDENTITY","是","否","","0","","92767;92769","",""
"dataset:ba3d8c792e702a023f40fbd4f4c4b3c0e2c2148ee2cbce88a7eccd13fbb2c2c4","pdata_n.t98_cstd_valu_cfm_info","T98_资产托管估值确认信息","PHYSICAL_IDENTITY","是","否","","2","","101456","92777;166588",""
"dataset:afad500af3811e417eea9ff60b4b760060b75387e46e2a9b6ca86ad9c3998a3f","dm_index_n.index_grp_cstd_net_ast","账套_资产净值 _估值_当日_托管与外包","PHYSICAL_IDENTITY","是","否","","1","","92777","166588",""
"dataset:f49176b230f1f5468631d152b694cf6148ddf3c808df256b1c1f0563506b600e","pdata_news_n.t02_bnd_income_vchr_ois","收益凭证明细","PHYSICAL_IDENTITY","是","否","","2","K074","92881","123571;221300",""
"dataset:f61663a061e35783548891ab289ffc6f98deae06898f8be367eaf37dc8a7451f","pdata_news_n.t02_ira_ibor","银行间同业拆借利率","PHYSICAL_IDENTITY","是","否","","5","","92889;146743;150805;155318","146637;162676;176443;176525;220488;230202","162676"
"dataset:290e12afe3552db4d763c8f4eb9c27af7eb4b1621160eff6bb490d416aaca7e3","odata_n_fct.a_v_t_futinstrument","期货合约","PHYSICAL_IDENTITY","否","否","","2","K063","92967","94167;190690","92967"
"dataset:c8e9052b8ae5f00f77eb0b1c756fcdce5aca7ffac5d5ab34ad7c3573774ea2b7","odata_n_fct.a_v_t_optinstrument","期权合约","PHYSICAL_IDENTITY","否","否","","1","","92976","94147","92976"
"dataset:7083859560a6209f2be5f116527921065e401e60ceb525b568a41ffdab860952","odata_n_fct.a_v_t_s_marketdata","市场行情快照","PHYSICAL_IDENTITY","否","否","","1","","93035","96355","93035"
"dataset:a267bb2011c7c9e94035aa011a3d27908c282562f224b34100f527708a1e9297","pdata_n.t98_inr_org_map","T98_内部机构编号映射","PHYSICAL_IDENTITY","是","否","","4","K080","93115","149053;149054;169392;169945;186430","169392"
"dataset:de8f74ae6a35c6a36804e7744ab8f816e5fd1baab34b21c8cdc46272a9418d60","odata_n_fct.a_v_t_s_investortradefeedtl_zq","","PHYSICAL_IDENTITY","否","否","","1","","93143","93911","93143"
"dataset:5efa114a6ecb3312e7f6ed4575978c5177efefee00db91e3d1670701604180e4","odata_n_fct.a_v_t_s_investorclosedtl_zq","平仓明细快照","PHYSICAL_IDENTITY","否","否","","1","","93155","93912","93155"
"dataset:ca6de545f5d4b713a35903150d124cd200412db34c3bb19b9e08fb7f59cc2f77","odata_n_fct.a_v_t_product","","PHYSICAL_IDENTITY","否","否","","1","","93226","94109","93226"
"dataset:37a5d673846c0cb127f7fed7c44232647c94522662d3d2554e9c4492b1c4d66f","pdata_n.t98_otc_deri_comp_sale_adtnl_det","T98_场外衍生品合约销售收入附加明细","PHYSICAL_IDENTITY","是","否","","17","K006;K071;K072;K034;K038;K099","107491","93338;113993;114013;118141;147921;148124;159763;159768;171370;189972;201318;203879;206208;208230;220979;223867;224351;230202;245631;245660;245696","189972;245631;245660;245696"
"dataset:e305ba49f95bb496054a40c861934469db1d1ba96d36b45a53c258a6324bade1","pdata_n.t98_otc_comp_mng_rela_info","T98_OTC合约管理关系信息","PHYSICAL_IDENTITY","是","否","","21","K006;K071;K072;K099","105743","93338;103457;113993;114013;118141;118143;144887;146386;146516;147921;148124;154068;155410;156651;159763;159768;189972;206208;220979;220981;224351;234584;245631;245660;245696","189972;245631;245660;245696"
"dataset:b029a3f2874f60c1143ea3e9f30608466e7edf188ee8be870b2d27d006855939","dm_index_n.index_avg_dyna_nom_prin_year","日均动态名义本金_年度","PHYSICAL_IDENTITY","是","否","","0","","93338","203384;212945;244873","203384;212945;244873"
"dataset:6c0e98afe6c687f25d23f45e1a96780366b48d5f36c5a92dea2f8d06ca140002","odata_n_cps.h_tport","账户表","PHYSICAL_IDENTITY","否","否","","2","","93397","101329;200759","93397"
"dataset:dc2c2a538c4370df7e64c5953e9f60525f63db392186b62102a3557c0f0421c5","dm_index_n.index_grp_shhk_sc_active_status","交易权限_沪港通_已开通","PHYSICAL_IDENTITY","是","否","","0","","93506","208983","208983"
"dataset:8f029ae1abd48f712e4f7a31004428a5f442dee00137d177fff871d28e111f9d","odata_n_ico.b_cos_order","","PHYSICAL_IDENTITY","否","否","","1","","","93518",""
"dataset:ec70cab4ed050b4470f5b362fab031cefbfc10bff21adfca39501fe0dd9cd10f","dm_index_n.index_grp_client_secu_mkt_val","客户_产品_市值","PHYSICAL_IDENTITY","是","否","","0","","93524","121469","121469"
"dataset:3f47ddb4bf118936bdc845b91129b17850fabab3dc08c36376270d076a9a78d3","odata_n_fct.a_v_t_department","","PHYSICAL_IDENTITY","否","否","","0","","93604","94260;94419;94421","93604"
"dataset:b047781df3da8123cfc658eeda36a03902326aeb1a9549b5e66f86a519792397","pdata_n.t05_futr_brok_mtch_fee_det","期货经纪成交手续费明细","PHYSICAL_IDENTITY","是","否","","1","","93911","201074",""
"dataset:2ecc9c3a39bba6816e02624ea4ff8467c83b87ac98dc8a0b799a9c3692280bb9","pdata_n.t05_futr_brok_ofst_det","期货经纪平仓明细","PHYSICAL_IDENTITY","是","否","","1","","93912","201074",""
"dataset:4b346d7da6374292cf7fd0b25e975d31468b18676cbbd3b6d7cb8d6b43576eff","pdata_news_n.t02_fct_comp_prd_info","期货柜台合约产品信息","PHYSICAL_IDENTITY","是","否","","3","K063","94109","94147;94167;190690",""
"dataset:f6d5f3fa059e77e91b23598dde8ee0c70fb9b49a9651fb8a58096ba3df1aca2f","pdata_news_n.t02_opt_comp_info","期权合约信息","PHYSICAL_IDENTITY","是","否","","1","","94147","96355",""
"dataset:0638baaaf7b563a5ba6176147afe20c95912dddef92f565b74e8a79cd037ff7e","pdata_news_n.t02_fut_comp_info","期货合约信息","PHYSICAL_IDENTITY","是","否","","1","","94167","96355",""
"dataset:379b38abcccffa4a7493e56171a2886ef96b7682c6891cd7cb892b9e25b79f71","odata_n_nbo.b_idinfocheckblacklist","","PHYSICAL_IDENTITY","否","否","","1","","","94958",""
"dataset:791e12bb5bf7fef47f648f0302cf3ff002ac367d27ccc468a3e1efff8f9cf8cc","pdata_n.t01_pty_sign_info","当事人签约信息","PHYSICAL_IDENTITY","否","否","","2","","","95164;101646",""
"dataset:3f68f4dd80ea970230b5d2591c45079b5155bf058193602153762cf97387cfd0","dm_index_n.grp_tag_client_is_sign_qual_promis","组合标签_是否上市公司客户(综合化业务部口径)","PHYSICAL_IDENTITY","是","否","","0","","95164","144891","144891"
"dataset:7415644c3c52fac0e8e1b774845064cf17b3b57fc640c1efccf75393ca655c7a","odata_n_bpm.g_v_bpm_oa1093_customer_data","司法查冻扣流程数据视图","PHYSICAL_IDENTITY","否","否","","1","","","95304",""
"dataset:a6158a3aee539c8f5f6eb8f08aa809312352e299895e3d80be8f1a06d9e1ce81","dm_index_n.grp_tag_client_cust_stat","客户状态","PHYSICAL_IDENTITY","是","否","","0","","95340","206467;206510","206467;206510"
"dataset:bf5a7efc8de289d1cb63eef67e98d540d14dcd13582e0abd5cb045d573519b07","odata_n_crm.c_tcwqqdrjgcx","【AI】场外衍生品收入报表","PHYSICAL_IDENTITY","否","否","","1","","95388","109089","95388"
"dataset:36083dc993d803183e5c26c7ae71c9248bf84470a4a5e86b0000602d64a4cebb","dm_index_n.index_grp1_ast","客户&营业部&分公司_总资产_当日_机构柜台","PHYSICAL_IDENTITY","是","否","","21","K081;K015;K094","157103","95516;100014;121469;128144;129461;135109;136594;140940;141904;145235;147847;148763;149249;150023;158338;158972;168458;170408;173057;174370;180321;183028;184082;193068;194860;194864;197997;201626;202294;202295;202354;208182;208983;210140;210413;232164;234954;237804","121469;135109;136594;140940;150023;158972;168458;170408;197997;201626;202354;208983;210140;210413;232164;234954;237804"
"dataset:68c397ec6e6ba5b4b9bf7d1655619d88fa9f75a6133904d4e0e147f4574aa192","dm_index_n.index_grp_total_asset_avg_mon","日均总资产_10到25日_零售和机构柜台","PHYSICAL_IDENTITY","是","否","","0","","95516","175419;175427;176693;177395;177407;177677;177681;192442;196245;196248;196465;197534;197760;209813;209817;218029;218037;228803","175419;175427;176693;177395;177407;177677;177681;192442;196245;196248;196465;197534;197760;209813;209817;218029;218037;228803"
"dataset:65482efbbca0c80167112dd40147f382eb9654119bbae9ec6ef5573712c0ef5d","pdata_nds.aum_emp_base_info","AUM员工基础表","PHYSICAL_IDENTITY","是","否","","1","","191371","95614;95888;167523;237505;237807","95614;95888;167523;237807"
"dataset:3d7b0eccde0aa0083b0aff5b251f5870d3c5db46d3f0a2cec90551b7f6768ddb","pdata_nds.aum_org_base_info","AUM机构基础表","PHYSICAL_IDENTITY","是","否","","10","","186430","95634;95888;134263;167523;171292;203958;210140;210413;212630;212720;212721;218236;218244;218252;218255;218404;222860;232651;232652;232653;232655;232675;232676;232677;234130;234147;237421","95634;95888;134263;167523;171292;203958;210140;210413;212630;212720;212721;218236;218244;218252;218255;218404;222860"
"dataset:acc77e799e6bbc3471b5a062548e38aeba8433aeffff7445fae1fafa7bec0762","odata_n_cso.e_sz_sjsmx_v2_pretreat","","PHYSICAL_IDENTITY","否","否","","1","","95855","185024","95855"
"dataset:caa2474c9d860737387df984ed192ddc5b5b8818eb2cba77c6588ef09dcfa356","odata_n_cso.e_sz_sjsdz_v3_pretreat","","PHYSICAL_IDENTITY","否","否","","1","","95870","185025","95870"
"dataset:f50c7a009e35cf4bfd3ebaf7905fa4bb528678947ac531d9cae9743409cc713b","odata_n_cso.e_ha_jsmx_pretreat","","PHYSICAL_IDENTITY","否","否","","1","","95915","180146","95915"
"dataset:abf3390c953e4a84cbec4a72304baf336097cd33b0f9d5939d24b8c3f4066e4e","odata_n_cso.e_ha_tzxx_pretreat","","PHYSICAL_IDENTITY","否","否","","1","","95917","183101","95917"
"dataset:6c665d1c395a7b6641e2e4ec6cca01c1955b3d05c15aaed99d87f8385d6f391c","odata_n_cso.e_ha_zqye_pretreat","","PHYSICAL_IDENTITY","否","否","","1","","95924","185023","95924"
"dataset:ce70d1ab72be3ee2b74f4ea130c8ecfcb6bd1f99ba02280c9a56eb5560b7fe6f","pdata_news_n.t02_fct_mkt_quot","期货柜台市场行情表","PHYSICAL_IDENTITY","是","否","","1","","96355","201074",""
"dataset:58eb2941ebd83f54a16249de9c8938492d9bf7267cb297dcae319ddb3568d83c","dm_otc_n.nds_oversea_listed_opt_quot","境外场内期货行情数据","PHYSICAL_IDENTITY","是","否","","0","","123597","96471;234508","96471;234508"
"dataset:bcc0617a5104c3fe08cef35da65829fc0ea3d7b5268ba0b426f8d0acc3149f53","pdata_news_n.t02_stk_overseas_opt_cd_map","股票境外期权代码映射表","PHYSICAL_IDENTITY","是","是（并非已逐分支核验）","docs/00-20260914-图谱认知/01-tit入模/02-TIT入模去向.md;docs/00-20260914-图谱认知/01-tit入模/05-去向与未命中分类.md;docs/00-20260914-图谱认知/01-tit入模/T02-产品标的与市场数据/01-产品基础资料/05.1 外部编码与境外期权映射.md;docs/00-20260914-图谱认知/01-tit入模/T02-产品标的与市场数据/his/产品标的与市场数据.md","0","","218469","96471;234508","96471;234508"
"dataset:0ec04df1da37247e0ef22ea07cf4c114079e296aa7e5424dbbca7b6b263a522a","dm_index_n.index_grp_opt_open_date_by_cert_no","开户日期_衍生品账户_按证件号码取","PHYSICAL_IDENTITY","否","否","","2","K064","","96834;101039",""
"dataset:6883dcda2dc547e262a474e7f3bf503c07ec6a3ac60cab6899b78d0e19124c68","dm_index_n.index_grp_opt_actv_date_by_cert_no","激活日期_衍生品账户_按证件号码取","PHYSICAL_IDENTITY","否","否","","2","K064","","96834;101039",""
"dataset:1cc2823cf3c188d3a9e12c51c115e98b97bceeee7f6f984086c4b98fce9a7429","dm_index_n.grp_tag_client_is_opt_valid_client","组合标签_是否当年期权有效用户","PHYSICAL_IDENTITY","是","否","","0","","96834","207665","207665"
"dataset:a56cbfa6a5432e06e84e4186d90c462e36e194a2d31a38f3175b5384118c0af4","pdata_n.t01_pty_prefr","当事人偏好历史","PHYSICAL_IDENTITY","否","否","","2","","","96843;96844",""
"dataset:b94f398f9a4ebfe50bac02c11101cd4020f1fd58837f7730ba60bd830c9159c9","dm_index_n.grp_tag_client_briefest_ivst_term","组合标签_客户最短投资期限","PHYSICAL_IDENTITY","是","否","","0","","96843","206467;206510;208983","206467;206510;208983"
"dataset:cc11279134f182ca08e33d53415a9f4bc53629625c3cbbf1ca320d0837529d3e","dm_index_n.grp_tag_client_inve_kind","组合标签_客户投资品种","PHYSICAL_IDENTITY","是","否","","0","","96844","206467;206510;208983","206467;206510;208983"
"dataset:7d144bf4a952532d9403ab4a1ebf6f779df062db631502267794f3df534df971","pdata_n.t98_cust_cred_mng_info","T98_信用客户管理信息","PHYSICAL_IDENTITY","否","否","","8","K041","","97042;97696;103077;104454;136594;164841;170408;202688;202693;202694;217770;237113","104454;136594;164841;170408"
"dataset:5883b222bb0e151ef9f598295207f9de39a6691b2fa1ac00278646b939070426","dm_index_n.index_grp_compact_amt","组合指标_两融余额表","PHYSICAL_IDENTITY","否","否","","5","","","97042;97696;103077;104454;170351;175419;175427;176693;192442;209813;209817;232003;232164","104454;175419;175427;176693;192442;209813;209817;232164"
"dataset:ed7f9bcd415090a34b0fdd42e954e0463c74194a898cae1e25e223edecb1296c","dm_index_n.index_grp_mts_actv_date_filter_by_client","激活日期_信用账户_按客户编号取","PHYSICAL_IDENTITY","是","否","","2","","97042","97696;237113",""
"dataset:45ca3b72b2ab26e5b46a6f7fe64e10aaf506e922bfe4c96e7f5d70a5303fd591","odata_n_rcc.h_his_fundpretransjour","","PHYSICAL_IDENTITY","否","否","","1","","","97286",""
"dataset:032faa96f2aaf3960064318385fcc13427e20dea38f36f19575ffd4d79755f2b","odata_n_icc.h_his_fundpretransjour","","PHYSICAL_IDENTITY","否","否","","1","","","97287",""
"dataset:ee7eaef7c8f62ff62206b8b732c9484fa92d53b251e01a3c01a443d4f17d191d","dm_index_n.index_grp_trade_amt_exch_year","场内交易金额_最近一年_零售和机构柜台","PHYSICAL_IDENTITY","是","否","","1","","97630","129461;150023","150023"
"dataset:15e2073242239a1369cb92c69a8977fbd3ed490c853e25755e48117c3ff9bb71","dm_index_n.index_grp_devpr_emp_id","组合指标_开发关系员工编号","PHYSICAL_IDENTITY","是","否","","0","","97635","100130;208983","100130;208983"
"dataset:c317c6fcffd0a79c1c512b28d959d2f877c11dab42e8b6c03ded05c557113e34","dm_index_n.index_grp_serv_emp_id","组合指标_服务关系员工编号","PHYSICAL_IDENTITY","是","否","","0","","97636","208983","208983"
"dataset:b013325b3071f39e00f67c22d4ba8487a3864826057b40ef73c609b8b5cfcb5f","dm_index_n.index_grp_ecom_eval_brch_valid_date","客户_成为有效户日期_当年","PHYSICAL_IDENTITY","否","否","","2","","","97696;146788",""
"dataset:1ba1ae5afb25fbe5bf065f6212f446278528ff39b92a67dac4a39d8125d68b28","dm_index_n.grp_tag_client_ecom_eval_brch_valid_flag","组合标签_分支机构考核有效户类型","PHYSICAL_IDENTITY","否","否","","3","","","97696;101399;146788",""
"dataset:744d03807e763092e48c0f61dca485905611f34f570ed4acce046998eb9a6f44","dm_index_n.index_grp_mts_open_date","组合指标表_开户日期_信用账户","PHYSICAL_IDENTITY","否","否","","1","","","97696;170408","170408"
"dataset:ef6c06e611af0fdc5dd04eb1efd482754ad75557520261268e260735aa563120","dm_index_n.index_grp_mts_actv_date","激活日期_信用账户","PHYSICAL_IDENTITY","否","否","","2","","","97696;103077",""
"dataset:572085da17e9e04eb80f8901c5ff6c84b0f868ff8a34365370c4e3843d6d3d47","dm_index_n.index_grp_mts_del_date_filter_by_cert_no","客户_最近一次销户日期_按证件号&信用账户_当日_无备注信息","PHYSICAL_IDENTITY","否","否","","1","","","97696",""
"dataset:0a35e4f6cfa37e6322b2093f48178779a595ff02553a0c79cdd90ce749d831b6","dm_index_n.index_grp_cbs_open_date","开户日期_普通账户_按证件号码取","PHYSICAL_IDENTITY","否","否","","1","","","97696;170408","170408"
"dataset:d2fdb73cc47899b6580a965218efd8c73ab5cb05b8ae341f2a063426f2c2449b","dm_index_n.grp_tag_client_is_cur_year_mts_valid_client","组合标签_是否当前两融有效客户","PHYSICAL_IDENTITY","是","否","","3","","97696","103077;104366;136594;237113","136594"
"dataset:b389083e425dbc93a2a5b7fa4f41607ae75543815333023f8158b97595f0cc18","dm_otc_n.exch_deriv_deli_dtl","衍生品理财交易明细","PHYSICAL_IDENTITY","是","否","","0","","113694","97856","97856"
"dataset:5d905e211836308c80b9408f400ad51dce1daced3da5f0314b9e631adf319c30","pdata_n.t98_ret_co_cust_info","客户群体标签-客户1对一产品清单","PHYSICAL_IDENTITY","否","否","","4","K069","","98223;105497;123668;147889;197997;201626;243781","147889;197997;201626"
"dataset:299460631aaaccc9551b466df2e8d384ebd806904841965c3bd5783db53ac91d","dm_index_n.grp_tag_client_corp_busi_cust_type","组合标签_企业客户类型","PHYSICAL_IDENTITY","是","否","","4","","98223","144891;148763;153126;186494;190435;206945;224741;244156","144891;190435;206945;224741"
"dataset:b652a2b16f16645694a1050689ff83d41b0d89538a63638ecdb796725e6c1bf0","dm_index_n.index_grp_oact_org_name","客户_营业部名称_开户_无计算维度_零售和机构柜台","PHYSICAL_IDENTITY","是","否","","0","","98312","208983","208983"
"dataset:42c344fc3cf69bb28a5e5201c4f5e027598c01ad56395a1145d93cac54dd7805","dm_index_n.index_grp_brch_bel_div_org_name","客户_分公司名称_开户_无计算维度_零售和机构柜台","PHYSICAL_IDENTITY","是","否","","0","","98318","208983","208983"
"dataset:9e138ae60b52be160c4d2c1e73861a25e1980bfafaa5ce08a5e330701cce2cbe","dm_index_n.index_grp_occp_name","客户职业名称","PHYSICAL_IDENTITY","是","否","","1","","98403","131654;208983","208983"
"dataset:17acfbf7789c5faacd1cdebabe757f827447a94b93ed615e15232c3fc9220a88","dm_index_n.grp_tag_client_cust_sex","组合标签_客户性别","PHYSICAL_IDENTITY","是","否","","1","","98517","131654;144891;208983","144891;208983"
"dataset:8e85364c99615a98b1a7f42e079239edbbe457708cfe504e9ca8bf38f29e569b","dm_index_n.grp_tag_client_cust_typ","组合标签_客户类型","PHYSICAL_IDENTITY","是","否","","0","","98519","206467;206510;208983","206467;206510;208983"
"dataset:f6a79b0729b2eef9d3ca1dc1addab10fb4df05e893ff863025790b59d5019191","dm_index_n.grp_tag_client_risk_lvl","组合标签_客户风险等级","PHYSICAL_IDENTITY","是","否","","1","","98520","131654;206467;206510;208983","206467;206510;208983"
"dataset:e8e9404f70e7725f85324be94bd51ef2f10250cd69a3c6c8031d376901eaf18a","dm_index_n.grp_tag_client_cust_ast_type","组合标签_客户资产类型","PHYSICAL_IDENTITY","是","否","","0","","98572","208983","208983"
"dataset:321c3d87d9a3323db31eb32f87adaf8fbf5b57c57e6c1d59bcd208c1ea3201dc","dm_index_n.index_grp_sz_market_hold_card_activated","交易权限_深A股东卡_已开通","PHYSICAL_IDENTITY","否","否","","2","","","98584;156245",""
"dataset:4ebda90604695cd9a0c2e86f83edddcd0e51c7581c96a38a75d8bb6747ac2b26","dm_index_n.index_grp_sh_market_hold_card_activated","开通状态_上海股东卡_A股_已开通","PHYSICAL_IDENTITY","否","否","","2","","","98584;156244",""
"dataset:666585ce78d1379852a77ed9275b7a4839eaea6f136cf68b29a51f277ad24cc0","dm_index_n.grp_tag_client_is_a_scr_sharehold","组合标签_是否开通A股东卡","PHYSICAL_IDENTITY","是","否","","1","","98584","134604;170408;206945;237804","170408;206945;237804"
"dataset:15e01076cb6439ebaf417baeb91f840dd70c01f34521aa9089ff2f585308012e","dm_index_n.grp_tag_client_is_login_ytjapp","组合标签_是否登录易淘金APP","PHYSICAL_IDENTITY","否","否","","4","","","98677;98900;146788;187781",""
"dataset:83971ce93b6d500d327fa8138a546d4057108970c440a330d35ab9ac207ff1db","dm_index_n.index_grp_ytj_app_start_days_last_30d","客户_启动天数_易淘金APP_最近30天_无备注信息","PHYSICAL_IDENTITY","是","否","","1","","98677","99145;206467;206510","206467;206510"
"dataset:58d7c010ed9d15b9132b706b60100930e28e38fea64efa2bffe3a04d8d095593","dm_index_n.index_grp1_liab","","PHYSICAL_IDENTITY","否","否","","2","","","98751;158338",""
"dataset:d52b93f1277093f8ed3e8b2afc3ff18937b0ac6513ca43086833d4bec1eed75c","dm_index_n.index_grp_liab_highest_total_amount","历史负债最高金额","PHYSICAL_IDENTITY","是","否","","0","","98751","206454","206454"
"dataset:cf2a3a40da0de6ccbae7cf38f3eb711dbc00e381fb641f00fd7fe9d926318b14","dm_index_n.index_grp_ytj_app_start_days_last_15d","启动天数_易淘金App_最近15天","PHYSICAL_IDENTITY","是","否","","0","","98900","208983","208983"
"dataset:78b0d12d0cbc36509a6969fd6fc6f27957731cc1b766728f8ba562681126d115","pdata_news_n.t02_stk_cmps_res","中国存托凭证限售股解禁公司明细","PHYSICAL_IDENTITY","是","否","","1","","98969","110179",""
"dataset:8bb301d00145f65af088e40b883e4233936895132b6021a6d8fa705278b6ae22","dm_index_n.grp_tag_client_is_hign_actv_cust","组合标签_是否易淘金高活跃客户","PHYSICAL_IDENTITY","是","否","","0","","99145","208983","208983"
"dataset:cc032092455e9ce69df3555cc62f9b516d02b115e81e4ed5b623fbfb7ab8f0e6","pdata_news_n.t02_scr_base_info_ext","证券基本信息拓展表","PHYSICAL_IDENTITY","是","否","","2","","99157","140940;190113;209657","140940"
"dataset:b0ac67d72c970921986d01d98b6cf495ba2dbe658b351024c16087cdd5a62add","odata_n_fct.a_v_v_asp_investorposition_zq","投资者持仓汇总表","PHYSICAL_IDENTITY","否","否","","1","","99201","152841","99201"
"dataset:6972e8e8c0d0bfc8da78eba6cfc6ee49a878ecfaf269455017565b34ef1aa474","pdata_n.t03_chrem_cash_acct","证券理财现金宝账户","PHYSICAL_IDENTITY","否","否","","1","","","99207",""
"dataset:f8c9f1e56c160bc74525385c91faa95a8319baae1c64480376c69bf38ea1ce42","dm_index_n.grp_tag_client_is_open_cash_chrem","组合标签_是否开通现金增利","PHYSICAL_IDENTITY","是","否","","0","","99207","144891","144891"
"dataset:76b4fbbd569fa88995b75d486fa66465184a562e9dd60dd51082ee2288499d84","pdata_n.t04_user_lkman_info","用户联系人信息","PHYSICAL_IDENTITY","否","否","","2","","","99293;138715;144891","144891"
"dataset:9255653727761697efc11798b34073ef2fb089bc2aed3d317a19c0b8a3ecce46","dm_index_n.grp_tag_client_is_open_wecom_kyc","组合标签_是否企业微信认证客户(企微)","PHYSICAL_IDENTITY","是","否","","0","","99293","208983","208983"
"dataset:1e40544265cf805f1a6c18bf33984a1b589c1db3f3a42440edbb0243948b43cf","odata_n_fct.a_v_v_asp_investorpositiondtl_zq","投资者持仓明细表","PHYSICAL_IDENTITY","否","否","","1","","99318","132348","99318"
"dataset:af927ecd0abef64e29643e8b7c8419b5b2d0b72f139ddf993afc67cc883986df","odata_n_fct.a_v_v_asp_investorsettlement_zq","","PHYSICAL_IDENTITY","否","否","","1","","99319","132176","99319"
"dataset:58703a02d5a808f98c194080fb75b0914e931d19ee2cb20a164a8d87a1c60566","odata_n_fct.a_v_v_asp_investortradedtl_zq","投资者平仓明细表","PHYSICAL_IDENTITY","否","否","","1","","99321","132326","99321"
"dataset:5b0874f90979fb96cecc5c2e5c712fd9a28cc10d65ccb3d5c0730d7b94ed2157","odata_n_fct.a_v_v_asp_trade_zq","成交表","PHYSICAL_IDENTITY","否","否","","1","","99322","132291","99322"
"dataset:167f597450fecb66dcc2705a24692849225a543770de1914013ea7dd8b86b72f","odata_n_fct.a_v_v_asp_instrument","合约表","PHYSICAL_IDENTITY","否","否","","1","","99323","132233","99323"
"dataset:871470c2ae40c0c63d91d8ba260d396efe8176d4f5bd209944463b074aa42f52","odata_n_fct.a_v_v_asp_investoroptstrike_zq","","PHYSICAL_IDENTITY","否","否","","1","","99378","132190","99378"
"dataset:36918c2603eb5084fd13404d86806165fabc728e03ba986c6db1935de367fcc3","dm_otc_n.otc_cust_access_status_org","场外衍生品客户准入情况表-审核意见","PHYSICAL_IDENTITY","是","否","","0","","99382;121433","",""
"dataset:3a081a2ec48691911c1d197bbb75cd41bc6c03e2c81442053c0768f0495013d0","pdata_n.t05_cust_phone_upd_evt","客户手机号更新事件","PHYSICAL_IDENTITY","否","否","","1","","","99529",""
"dataset:66e985bf0955036114cf5eb666a6a23a5bb0d11c50546d49e15c9dcbb66bd48c","dm_index_n.index_grp_mobile_num_ytj_prom_last","客户_手机号码_最新_易淘金营销活动_无备注信息","PHYSICAL_IDENTITY","是","否","","0","","99529","208983","208983"
"dataset:35e6309fc9957f653b98fb57ed37f31d22cd3e31d0975d98359bba20cb24506a","dm_index_n.grp_tag_client_is_open_covt_bond_righ","组合标签_是否开通可转债权限","PHYSICAL_IDENTITY","是","否","","0","","99839","206467;206510;208983","206467;206510;208983"
"dataset:f94a0f4d8109e4e79ed7057b50e8939af57e6a6e7a69759724e2db893818113e","spdata_n.t05_sb_otc_trd_main_info","自营场外交易主信息","PHYSICAL_IDENTITY","否","否","","3","","110346;180284","99917;199871;213646;232836;237888;242931;242988","110346;180284;99917;213646;232836;237888"
"dataset:caee15aee8c732eaae3163eed15b35e94819a7c55d6c30b27262dbd883e64452","pdata_nds.s_v_crm_account_info","CRM客户账户信息","PHYSICAL_IDENTITY","是","否","","0","","208317","99917;232836","99917;232836"
"dataset:76f7be7afe5b8742e2721c2c5d9f5762ef7cb4c9588cec81bd3bce8ae1550b86","dm_index_n.index_grp_total_asset_max","总资产_历史最高_零售和机构柜台","PHYSICAL_IDENTITY","是","否","","1","","100014","183028;208983","208983"
"dataset:558fe9a097bf104cecee25b05ccd68cc5894df441ddf239fa508b80c1f1d8a07","dm_index_n.index_grp_hld_pub_det_last_3trd","客户_持仓明细_场外_近3个交易日_零售和机构柜台","PHYSICAL_IDENTITY","是","否","","0","","100054","208983","208983"
"dataset:4204a97fbd10931b1d547286ddeaa3972adcd1d850b67d191ec99e5e185cdc2f","dm_index_n.grp_tag_client_whth_valid_flag","组合标签_是否有效户(运营口径)","PHYSICAL_IDENTITY","是","否","","5","K015","101399","100130;168458;173057;174370;174537;174918;174933","100130;168458"
"dataset:7de51ace7538b10595fa3b4f8b32472868f077148a2e6ce004435c34d74dc291","odata_n_uip.w_asharetradingsuspensionderived","A股停复牌信息表衍生数据","PHYSICAL_IDENTITY","否","否","","2","","100147","100240;232553","100147"
"dataset:b5774f4990b406a287bebcf7d647d9be56bf720928d6b5d6d276bc617e6895ee","odata_n_bpm.g_pie_v2_service","","PHYSICAL_IDENTITY","否","否","","1","","100529","100156","100529"
"dataset:cdd59ea20ef99ec2b0c507340f107e0a07599c00dcae70f99a6aa8f48f1bd060","pdata_n.t05_bpm_proc_instc_info","BPM流程实例信息","PHYSICAL_IDENTITY","是","否","","2","K073","100156","121433;121434",""
"dataset:983492f77f67cc86ff894096182c1a866075c7d7842e546b0432dc7e48671af3","dm_otc_n.otc_cust_daily_dyna_nom_prin","场外衍生品客户每日规模明细表","PHYSICAL_IDENTITY","是","否","","0","","224351","100170","100170"
"dataset:2505a48b175875e1ad8cb682beeb0ed05950e8692cd5479ee6dd9430af414eda","odata_n_uip.w_asharetradingsuspension","中国A股停复牌信息","PHYSICAL_IDENTITY","否","否","","2","","100193","100240;232358","100193"
"dataset:718be79bf1b2467c4b867743d2f039f4a6ac13a82868efe7fb4bd2992c12c6b2","pdata_news_n.tyzx_scr_susp_info","停复牌信息表","PHYSICAL_IDENTITY","是","否","","1","","100240","216364",""
"dataset:f40d34e7e272b999ab6f973faee2b90125452465546008252e5249d5f72da174","dm_index_n.index_grp1_netast_bond_tdy_inclcash","客户_净资产_债券_当日_包含现金","PHYSICAL_IDENTITY","是","否","","1","","145235","100478;206454","206454"
"dataset:88a711f6c69e82270ab6a37d8adfaf95d41535a95eb94119b3debddf240d1ed3","dm_index_n.index_grp_bond_qual_invstr_open_date","组合指标表_债券合格投资者","PHYSICAL_IDENTITY","否","否","","1","","","100478",""
"dataset:5c5c5af7a5afafc6d17cc5d8035c6f5dab1d555eb085e7d0d68b8b676944528f","dm_index_n.index_grp_staff_corp_bond_prof_qual_cnt_year","员工_债券机构专业投资者资产达标客户数_当年","PHYSICAL_IDENTITY","是","否","","0","","100478","203384;212945;244873","203384;212945;244873"
"dataset:a587f8918bd6dde19bc32daa1333b3769e99cc095ffd8681584eff6ad5fdc024","dm_index_n.index_grp_staff_opt_corp_actv_cnt_year","员工_期权机构激活数_当年","PHYSICAL_IDENTITY","否","否","","1","","","100500",""
"dataset:00c50a75fc98a3a53fd4b7c7cb8143737b5812777f2b5ea70e1b632f765347b2","dm_index_n.index_grp_staff_opt_corp_open_cnt_year","员工_期权机构开户数_当年","PHYSICAL_IDENTITY","否","否","","1","","","100500",""
"dataset:db1dc25924a42d87cf7876a8505cc3472a464b10489fe9a1d35c16e171fd01e2","dm_index_n.index_grp_staff_opt_corp_qual_cnt_year","员工_期权机构达标客户数_当年","PHYSICAL_IDENTITY","是","否","","0","","100500","203384;212945;244873","203384;212945;244873"
"dataset:54cab828f476b6ac40a3f9c00aed7200aa7ddde49aec4804f483aa39338b45f6","dm_index_n.grp_tag_ecif_corp_admin_fnd_scal","组合标签_管理规模","PHYSICAL_IDENTITY","是","否","","1","","100712","136912",""
"dataset:e9221759fbcad95ae656e63bf195f9afaf0ddb737ea927fa01802e81da7da5a3","dm_index_n.index_grp_opt_vld_date_year","成为有效户日期_衍生品账户_当年","PHYSICAL_IDENTITY","是","否","","0","","101039","207665","207665"
"dataset:66e4b411f709ca70e49da2c58d26dda264f4539e513c3b41d520a2db289c1131","odata_n_tit.d_ref_curve","【AI】曲线定义历史表","PHYSICAL_IDENTITY","否","否","","0","","101069;101071","103203;103204","101069;101071"
"dataset:9d453e040861aebf336e7e986d91580c217f75998dc54a916aff2f3935747b25","odata_n_tit.d_ref_div_curve","【AI】分红曲线行情表","PHYSICAL_IDENTITY","否","否","","0","","101072;101092","103200;103201","101072;101092"
"dataset:8d0ca0558332d48fda785352c1efe09ff776ab0a2f9e06b2fddb2e6181218f5d","odata_n_tit.d_ref_div_curve_def","【AI】分红曲线定义表","PHYSICAL_IDENTITY","否","否","","0","","101074;101093","103207;103208","101074;101093"
"dataset:3e4a3cf8c34f2d61e74e62041878c5e9dce09fdf764a47bd5ec940138e435706","odata_n_tit.d_ref_wind_yield_curve","【AI】证券行情-WIND收益率曲线行情表","PHYSICAL_IDENTITY","否","否","","0","","101077;101095","103198;103199","101077;101095"
"dataset:18f93b550c3a47f345cd491bd9d5fed54396462366729975fac909892d4e751f","odata_n_tit.d_cfg_pricing_env_vol_surf","【AI】配置表-定价环境波动率曲面选择","PHYSICAL_IDENTITY","否","否","","0","","101080;101096","103249;103251","101080;101096"
"dataset:d379e41b958bd7d275705ef5b28f57acf23665b47a924131ff19a9cd266809bc","odata_n_tit.d_cfg_pricing_env_div_curve","【AI】配置表-定价环境分红曲线","PHYSICAL_IDENTITY","否","否","","0","","101082;101097","103252;103253","101082;101097"
"dataset:d3d47eeae9f272e86c212bb2db598bf29f30b6d57f3edd78dbf4d078592287b9","odata_n_tit.d_cfg_pricing_env_curve","【AI】配置表-定价环境DISCOUNT CURVE历史表","PHYSICAL_IDENTITY","否","否","","0","","101119;101121","103238;103239","101119;101121"
"dataset:32d14265a07a31317b64bdc2ea920bd97c4290bf351903b8a703a4af3fd018cf","odata_n_uip.q_fst_target","","PHYSICAL_IDENTITY","否","否","","1","","101184","101560","101184"
"dataset:40fa5078111e8fd1a423ea0706d260d4924253d8a8904ff154c2bc22c25171ac","odata_n_cps.h_tmonitorresults","","NONE","否","否","","0","","","101329",""
"dataset:f75c9d135b05b342f9aa7ec1027d6ac8629a5845228b8624e8617e6b31e7aae6","pdata_n.t05_cstd_cps_montr_rslt","每天增量更新,记录投资组合、产品的监控预警、违规触发、阈值偏离及后续处理全流程事件，包含监控维度、指标实际值、上下限阈值、偏离计算、违规天数、逾期天数、审批流程、发送状态、处理结果及操作留痕等核心数据，是产品风险监控、合规预警、异常处置、流程审批与审计追溯的核心数据表。","PHYSICAL_IDENTITY","是","否","","2","","101329;200759","156181;164968",""
"dataset:d1b2c67c28a2bf876aba1caa9dcf018b27ac7249fb8c65083704465579fb559d","dm_index_n.grp_tag_client_rich_cust_flag","组合标签_客户分类-大众金管家私行","PHYSICAL_IDENTITY","是","否","","0","","101358","123726;125079;125840;126255;144891;168458;170408;171292;197701;197997;201626;202354;208353;210413","123726;125079;125840;126255;144891;168458;170408;171292;197701;197997;201626;202354;208353;210413"
"dataset:105fb194094ae793da5abd88636a6ac250db3a4aa8b7ddfa3ab6e70ef9b4b2d8","dm_index_n.index_grp_trade_amt_exch_otc_d90","交易金额_场内和场外理财购买_近90天_零售和机构柜台","PHYSICAL_IDENTITY","否","否","","1","","","101399",""
"dataset:4d28ec81391344fca01ec8403cc6ac2fa54bafc0ccbf7cd4b5a4bee682f27bdc","dm_index_n.index_grp_trade_amt_exch_otc_year","交易金额_场内和场外理财购买_当年_零售和机构柜台","PHYSICAL_IDENTITY","否","否","","1","","","101399",""
"dataset:3775b1ffc1ffdbaedf344b833f7f162cea1317a69622695e994907d5e523b24a","dm_index_n.index_grp_cust_oact_date","客户_已购买_网格大师工具_佣金签约","PHYSICAL_IDENTITY","否","否","","3","K075","","101399;125666;167822",""
"dataset:1554563836340d44d546f7ca5c4fc3e1669917921ad1ee7501f9107b802d509d","dm_index_n.index_grp_max_avg_apd_net_asset_y","最大日均净资产_10到25日_零售和机构柜台_当年","PHYSICAL_IDENTITY","否","否","","1","","","101399",""
"dataset:dc5407042ec80d0fb6e5c41a0e5aa69ec21b27d92ea1d7ade0a1a3e531263c70","dm_otc_n.otc_income_vchr_trd_dtl","收益凭证交易流水","PHYSICAL_IDENTITY","是","否","","0","","123668","101450","101450"
"dataset:a2adf977c1e1baaaf9043af398d5e027635c9c568606db37e2290d1500ca4bd8","dm_otc_n.otc_income_vchr_ldg_list","收益凭证台账列表","PHYSICAL_IDENTITY","是","否","","0","","123571","101452","101452"
"dataset:47c736276bba81205958983f824e4018836d33d4a61e258be8a07956c2cb4cbc","temp_n.t98_cstd_valu_cfm_info_cal_tmp","","PHYSICAL_IDENTITY","否","否","","0","","","101456",""
"dataset:78e7989dbca35642ac849c54fbd67b51678e82d3c54bffb7f185baff466e3faf","odata_n_tit.d_v_risk_option_cross_metric","【AI】风控视图-多标的期权交叉指标表","PHYSICAL_IDENTITY","否","否","","0","","101530;103298","104483;104484","101530;103298"
"dataset:602b67dd58a0e2536e7da3e822fe91d3ed4e7ad182205bd9999710c2955ac96e","odata_n_tit.d_v_risk_option_part_metric","【AI】证券-期权每日日终压力测试指标表","PHYSICAL_IDENTITY","否","否","","0","","101531;103295","104487;104489","101531;103295"
"dataset:7063ddaea836d543e4e6e9f7eda12a44975e6f5ba84da09b5a721b5624ccec83","odata_n_tit.d_v_risk_option_basket_info","【AI】风控视图-期权篮子信息表","PHYSICAL_IDENTITY","否","否","","0","","101532;103294","104478;104481","101532;103294"
"dataset:ea027eed9beab42aaa280c9fc442c901f98b2564b284ba8b9a3362c194b3f89f","pdata_news_n.t02_scr_marg_exch_undrl","融资融券交易所标的","PHYSICAL_IDENTITY","是","否","","1","","101560","170408;216356","170408"
"dataset:4718abea9c1abd599dd481a50be1a523b816089a013c5b88a906c55a50914713","dm_index_n.grp_tag_client_whth_pvt_qual_ivstr","组合标签_是否私募合格投资者","PHYSICAL_IDENTITY","是","否","","0","","101646","203119;208353","203119;208353"
"dataset:e70688ccd41b21a7b85337178089aa8aea7aa36810ac8cf8605b56e721b9fa4b","odata_n_aum.a_t_escrow_pool","","PHYSICAL_IDENTITY","否","否","","1","","101686","145872","101686"
"dataset:38762f55ce62f046999be0fe56903baa7a126bde26a9a51df26b8e3d4277059a","odata_n_tit.d_cfg_calendar","【AI】参考数据-日历表","PHYSICAL_IDENTITY","否","否","","0","","101935","161255","101935"
"dataset:115b95c3eedd29510fbb7a0bcf3ab4623fbce8f8d14df22c05d7b365ef59e9cc","odata_n_tit.d_bk_book_mapping","【AI】账簿映射关系表","PHYSICAL_IDENTITY","否","否","","1","","101937;106098","107938;108070;122185;122239;134545;177928;211620","101937;106098"
"dataset:63a0270748699d7385be9f2cdc3d6278820b9d6d9df16d0d4675eab0e6850ae6","odata_n_cms.p_vout_t_key_monitor_stock_zy","","PHYSICAL_IDENTITY","否","否","","2","","101994","102369;235945","101994"
"dataset:2a28c31d675728b6bcbc6c1a6f4fbc6f26832e7103ee1bfd3c88ba3d543ae4fa","pdata_n.t01_pty_emp_rela_adtnl_info","当事人员工关系附加信息","PHYSICAL_IDENTITY","是","否","","30","K085;K091;K040;K042;K041","102002","104366;140767;144891;148806;149243;155612;158280;159585;159756;160257;160773;160780;161271;161899;171292;175427;176826;177677;177681;178667;184787;185235;187205;187699;187725;190620;192442;194860;194864;196465;197534;199143;199170;199337;199739;202354;202403;202540;202673;202689;202694;203979;205645;207271;208353;210140;212720;212721;218029;218037;228803;232820;234147;234954;237421","140767;144891;155612;171292;175427;176826;177677;177681;178667;192442;196465;197534;199143;199170;202354;203979;207271;208353;210140;212720;212721;218029;218037;228803;234954"
"dataset:8e9d9f147a9c4a40c545ed291e719ef049204487e072917a8f35c611834d43da","pdata_n.t99_brok_ib_pvt_plac_ref","经纪业务同业私募配置参数","PHYSICAL_IDENTITY","是","否","","3","K066","130033","102071;102072;102073",""
"dataset:496793079bdb425d44a295a2004cc48b7877ecef97ae7ca3d2698fea16ad7406","dm_index_n.index_grp_corp_cust_pvt_type","机构客户_私募客户标识","PHYSICAL_IDENTITY","是","否","","2","","102071","104366;244156",""
"dataset:e533b7232d614812cb9e72cc85df72e8e1eaac029cb0577b76bf057a19b5776e","dm_index_n.index_grp_corp_cust_ib_type","机构客户_同业客户标识","PHYSICAL_IDENTITY","是","否","","3","","102072","104366;159248;244156",""
"dataset:cf9dc04888dd169880a2809c17a87c6190229e29f49f0f0dfc15332e6dc7b11f","pdata_nds.dm_co_bankwealth_spv","机构客户部t0客户列表","PHYSICAL_IDENTITY","否","否","","1","","","102073",""
"dataset:a20427c2ad09306b0dfdeeb51cb98ee5dd02d5472bf7199a699087e7f6ce1f92","dm_index_n.index_grp_corp_cust_in_type","机构客户_内部分类标识","PHYSICAL_IDENTITY","是","否","","7","","102073","134282;134283;147889;148763;153126;159248;186494;190435;224741;243781","147889;190435;224741"
"dataset:49b40417088a7d511862168f7570e868f861f77c146108fedffc3b0e64035dca","odata_n_crm.upload_ib_pvt_cust_type_config","","PHYSICAL_IDENTITY","否","否","","1","","102119","130033","102119"
"dataset:cb1719fbf4ac69c0ba2a46de327c2164840eb17d12f867d297c10d263703eb2d","odata_n_tit.d_ks_trs_for_risk","【AI】TRS风控数据表","PHYSICAL_IDENTITY","否","否","","3","","102266;106109","107491;120007;176873","102266;106109"
"dataset:8cc0090b9a8e084d698b9cb100f22392627c9aa226cdeb80f9e912f1c4f649e9","odata_n_tit.d_pos_trs_underlying_valuation","【AI】持仓-账户TRS 标的估值表","PHYSICAL_IDENTITY","否","否","","2","","102267;211581","119641;159782","102267;211581"
"dataset:33ee9782226e5d765146cbb9fc9bbc41907822060f561238b643f7c970e085ee","pdata_news_n.t02_scr_mid_montr_pool","中间监控证券池","PHYSICAL_IDENTITY","是","否","","1","","102369","230823",""
"dataset:de8f50515d92e6776d62ab50510370d49390518f2cba6124a18f67d214a15b81","odata_n_qca.g_bo_act_pe_md_spm_wpr","项目委派人员子表","PHYSICAL_IDENTITY","否","否","","1","","","102413",""
"dataset:532c91309753f142b2531c7d8f2b92e85f19281abdcaf76ac9179d45d7642cc6","pdata_n.t00_proj_mem_info","项目成员信息","PHYSICAL_IDENTITY","是","否","","0","","102413;102414","187687","187687"
"dataset:d09ca209072c3900d260ee2906a5141ffab5bbc1f4096fd6bab5417a34774b4a","odata_n_qca.g_bo_act_pe_md_spm_controller","项目实际控制人信息子表","PHYSICAL_IDENTITY","否","否","","1","","","102414",""
"dataset:963d30f8daba8419689e9874797fc40d811163915ab3084e967c40974bfd3405","pdata_news_n.t02_opt_base_info","期权基本信息||t02_opt_base_info","PHYSICAL_IDENTITY","是","否","","1","","102594","219518",""
"dataset:25062cbc328185ed55a48a2f2f87451bfcadbb163c5aaaf3a07477eb52bde266","odata_n_rcc.c_uftcompact_t","","PHYSICAL_IDENTITY","否","否","","1","","102595","102639","102595"
"dataset:8f2886e8a7cac9eb36b8114b1c317fe3dfe21d65b55bb36e6040eba36390dc1c","odata_n_icc.c_compact_t","","PHYSICAL_IDENTITY","否","否","","1","","102655","102638","102655"
"dataset:a3881090ad34ddf35f81e2d31eeb33c56477ee9db7f9827ffaafe538bf60ab35","pdata_n.t03_marg_comp_info_t0","融资融券合约信息T0","PHYSICAL_IDENTITY","是","否","","1","","102638;102639","216955",""
"dataset:60a6e0a4427c55708ae588fb98d3d7f8341011d59ad088526789ef99f3da34af","odata_n_rcc.c_compact_t","实时合约表","PHYSICAL_IDENTITY","否","否","","1","","102662","102639","102662"
"dataset:35eb5d1ea15cebd31125acc2b010c5d1724bc373b86e0e3fda7102fc69605196","dm_index_n.index_grp2_cust_org_apd_net_asset_adj","客户*营业部_净资产_销售调整&异地开户调整_当月10到25日日均_无备注信息","PHYSICAL_IDENTITY","否","否","","1","","","102792",""
"dataset:a8d8a37b179f75e360b00e211103af1d0588d72c7b25d1cff174997750ca4eee","dm_index_n.index_grp1_staff_apd_net_asset_adj","客户经理_日均资产_销售调整&异地开户调整_当月10到25日日均_无备注信息","PHYSICAL_IDENTITY","是","否","","0","","102792","203384;212945;244873","203384;212945;244873"
"dataset:ed1b8d89bdb6a9cf74bc41dbb427adb059168a1a2b81f2bc3f85af497d08d112","pdata_news_n.tyzx_scr_base_info_wd","证券基本信息WD源","PHYSICAL_IDENTITY","是","否","","0","","102802","",""
"dataset:0b788bb005dc8c36a651af2ffd0a5a7657af2c5a9084dd0c204c3e2f2e14b32f","dm_index_n.index_grp_cust_id_own_prov","身份证号_所属省份","PHYSICAL_IDENTITY","是","否","","0","","102931","208983","208983"
"dataset:9e460112b37d59cd21a67c91de1b835961aa29ed8608558455c0bc591593c24a","dm_index_n.index_grp_cust_id_own_city","客户_身份证号所属城市_无限制条件_无计算维度_无备注信息","PHYSICAL_IDENTITY","是","否","","0","","102934","208983","208983"
"dataset:98d4daf34509466bc818be19d5baa1762f9cfd234d9d2dce56924893ec8b0306","dm_otc_n.otc_trs_fin_rpt","场外衍生品TRS财务盈亏报表","PHYSICAL_IDENTITY","是","否","","0","","121327","102967","102967"
"dataset:5d0c1c61e4aed40f4e989d72d5df3db4478d4e83dfeb8be0dca56e0e863a7785","odata_n_xir.a_tbsi_paymentinfo","衡泰用户表","PHYSICAL_IDENTITY","否","否","","1","","102989","148046","102989"
"dataset:ea87f1b2bc5b27e1713a856525b1343734dd49bc3a9f0718cf94e1fcfa0630fc","dm_index_n.index_grp_become_mts_valid_client_time_cur_year","成为有效户日期_融资融券_当年","PHYSICAL_IDENTITY","是","否","","1","","103077","136594;237113","136594"
"dataset:f7651f1da447b78b8082628b93489c787c6485118a2f94aadf310a6d1ee727e2","pdata_news_n.t02_fin_curv_mkt_quot","曲线行情表","PHYSICAL_IDENTITY","是","是（并非已逐分支核验）","docs/00-20260914-图谱认知/01-tit入模/02-TIT入模去向.md;docs/00-20260914-图谱认知/01-tit入模/05-去向与未命中分类.md;docs/00-20260914-图谱认知/01-tit入模/T02-产品标的与市场数据/02-行情与市场参数/03 收益率与分红曲线.md;docs/00-20260914-图谱认知/01-tit入模/T02-产品标的与市场数据/02-行情与市场参数/03.1 收益率曲线.md;docs/00-20260914-图谱认知/01-tit入模/T02-产品标的与市场数据/02-行情与市场参数/03.2 分红曲线.md;docs/00-20260914-图谱认知/01-tit入模/T02-产品标的与市场数据/his/产品标的与市场数据.md","11","K010;K037","103198;103199;103200;103201;228422","155160;180145;180208;182230;185564;185587;185661;185665;191254;191534;191546;197540","197540"
"dataset:fd771f7ab2b4abb2ae1699cd668aef55b155f6becf650b2c55be039f570ab5fb","pdata_news_n.t02_fin_curv_def","曲线定义表||t02_fin_curv_def","PHYSICAL_IDENTITY","是","是（并非已逐分支核验）","docs/00-20260914-图谱认知/01-tit入模/02-TIT入模去向.md;docs/00-20260914-图谱认知/01-tit入模/05-去向与未命中分类.md;docs/00-20260914-图谱认知/01-tit入模/T02-产品标的与市场数据/02-行情与市场参数/03 收益率与分红曲线.md;docs/00-20260914-图谱认知/01-tit入模/T02-产品标的与市场数据/02-行情与市场参数/03.1 收益率曲线.md;docs/00-20260914-图谱认知/01-tit入模/T02-产品标的与市场数据/02-行情与市场参数/03.2 分红曲线.md;docs/00-20260914-图谱认知/01-tit入模/T02-产品标的与市场数据/his/产品标的与市场数据.md","8","K010","103203;103204;103207;103208;172069","155160;180145;180208;185564;185587;185661;185665;222346",""
"dataset:f89b8c64b0d26b2f8480485076dcb50d14a95d7da34aec1126864981495c5522","pdata_news_n.t02_tit_scr_base_info","证券基本信息","PHYSICAL_IDENTITY","是","是（并非已逐分支核验）","docs/00-20260914-图谱认知/01-tit入模/02-TIT入模去向.md;docs/00-20260914-图谱认知/01-tit入模/05-去向与未命中分类.md;docs/00-20260914-图谱认知/01-tit入模/T02-产品标的与市场数据/01-产品基础资料/00-产品基础资料全貌.md;docs/00-20260914-图谱认知/01-tit入模/T02-产品标的与市场数据/01-产品基础资料/01 金融工具主数据.md;docs/00-20260914-图谱认知/01-tit入模/T02-产品标的与市场数据/01-产品基础资料/05.1 外部编码与境外期权映射.md;docs/00-20260914-图谱认知/01-tit入模/T02-产品标的与市场数据/02-行情与市场参数/01.1 通用行情.md;docs/00-20260914-图谱认知/01-tit入模/T02-产品标的与市场数据/02-行情与市场参数/02.2 利率报价.md;docs/00-20260914-图谱认知/01-tit入模/T02-产品标的与市场数据/his/产品标的与市场数据.md","70","K068;K006;K030;K004;K087;K009;K090;K008","103234;103235;103236;103237;144303;211515","104478;104481;104483;104484;104487;104489;107018;107024;107281;107481;118174;119974;119976;134550;134551;138186;138208;144300;146386;148124;148697;149902;150915;154812;158671;159177;159246;159489;159495;159497;159498;159506;159763;159768;160791;160792;160794;160795;162583;162676;163286;163633;163712;164500;164723;165949;166041;169145;171040;172823;172848;173563;173843;175782;175843;175878;176360;176525;176599;176600;176610;176827;176831;176839;176864;176874;176877;176983;177267;180692;181553;185234;200356;207458;207513;207514;207753;208603;208713;209119;211619;212078;218601;219735;220548;227254;228180;228195;230202;231741;232822;234256;234568;234575;239826;240855;241773;244510;244515;244970","162583;162676;176599;176600;176610;200356;207458;207513;207514;207753;212078;227254;228180;228195;231741;232822;234256;234568;234575"
"dataset:a590d66bc4605c4e1657b65f87b9f31774fc8e11b1ae7eae2305b24a8a43db95","pdata_news_n.t02_fin_prcg_env_curv","定价环境配置表||t02_fin_prcg_env_curv","PHYSICAL_IDENTITY","是","是（并非已逐分支核验）","docs/00-20260914-图谱认知/01-tit入模/02-TIT入模去向.md;docs/00-20260914-图谱认知/01-tit入模/05-去向与未命中分类.md;docs/00-20260914-图谱认知/01-tit入模/T02-产品标的与市场数据/02-行情与市场参数/05.1 定价环境与参数选择.md;docs/00-20260914-图谱认知/01-tit入模/T02-产品标的与市场数据/his/产品标的与市场数据.md","1","","103238;103239;226617","208181;226709","208181"
"dataset:ac6c90daf3be8997597f3875fa78ebf98bbd133041033d4e0475579a9bcf9ddf","pdata_news_n.t02_fin_vol_curv_surf","波动率曲面定义表","PHYSICAL_IDENTITY","是","是（并非已逐分支核验）","docs/00-20260914-图谱认知/01-tit入模/02-TIT入模去向.md;docs/00-20260914-图谱认知/01-tit入模/05-去向与未命中分类.md;docs/00-20260914-图谱认知/01-tit入模/T02-产品标的与市场数据/02-行情与市场参数/04.1 波动率曲面.md;docs/00-20260914-图谱认知/01-tit入模/T02-产品标的与市场数据/his/产品标的与市场数据.md","1","","103242;103243;103245;103246","226123",""
"dataset:48f0f2959d2d089adb82b8d312488bab0d791fe2b587ae1c0892b16aaf231e31","pdata_news_n.t02_fin_vola_instc","波动率实例表","PHYSICAL_IDENTITY","是","是（并非已逐分支核验）","docs/00-20260914-图谱认知/01-tit入模/02-TIT入模去向.md;docs/00-20260914-图谱认知/01-tit入模/05-去向与未命中分类.md;docs/00-20260914-图谱认知/01-tit入模/T02-产品标的与市场数据/02-行情与市场参数/04.1 波动率曲面.md;docs/00-20260914-图谱认知/01-tit入模/T02-产品标的与市场数据/his/产品标的与市场数据.md","6","K088;K037","103248;103250","176548;188171;191254;191534;191546;197540;226134","197540"
"dataset:73fd5d701579f2b6201e3097b2cf601d4cb9c4bf7baea2e6827a6d30a8c48934","pdata_news_n.t02_fin_prcg_vol_curv_surf","定价环境波动率曲面选择","PHYSICAL_IDENTITY","是","是（并非已逐分支核验）","docs/00-20260914-图谱认知/01-tit入模/02-TIT入模去向.md;docs/00-20260914-图谱认知/01-tit入模/05-去向与未命中分类.md;docs/00-20260914-图谱认知/01-tit入模/T02-产品标的与市场数据/02-行情与市场参数/05.1 定价环境与参数选择.md;docs/00-20260914-图谱认知/01-tit入模/T02-产品标的与市场数据/his/产品标的与市场数据.md","1","","103249;103251","226067",""
"dataset:92c0c12afabb70d70061a617390e12da12ada2ef809b3f34a6be0b23f6af4af7","pdata_news_n.t02_fin_prcg_env_divd_curv","定价环境关联分红曲线定义表","PHYSICAL_IDENTITY","是","是（并非已逐分支核验）","docs/00-20260914-图谱认知/01-tit入模/02-TIT入模去向.md;docs/00-20260914-图谱认知/01-tit入模/05-去向与未命中分类.md;docs/00-20260914-图谱认知/01-tit入模/T02-产品标的与市场数据/02-行情与市场参数/05.1 定价环境与参数选择.md;docs/00-20260914-图谱认知/01-tit入模/T02-产品标的与市场数据/his/产品标的与市场数据.md","0","","103252;103253","",""
"dataset:40d3c348e00f5944be93d2d2fb3b0a8228894925038ec1401bcc9ccc75d4dd5f","odata_n_tit.d_risk_equity_market_value_acc","【AI】限额-股票占总市值集中度","PHYSICAL_IDENTITY","否","否","","1","","103280;103281","106217","103280;103281"
"dataset:d9234cd9e9725cdec3b3a42cd3e3c22bee6a602c7808499eade5b776f5a36f68","odata_n_tit.d_risk_equity_nav_acc","【AI】限额-股票占产品净值集中度","PHYSICAL_IDENTITY","否","否","","1","","103282;103283","106214","103282;103283"
"dataset:17ec9ac33acc0331c11f01ea2e81bbb35bd87abe3359a33c571025daf459ef8f","dm_index_n.index_grp_add_net_asset","","PHYSICAL_IDENTITY","是","否","","0","","103369","206454","206454"
"dataset:797fbfb441ed82acbcc5a37ccab06520e658a127dc3bdcb257b8dd773326e780","dm_otc_n.wt_otc_trade_dtl","场外期权交易明细表","PHYSICAL_IDENTITY","是","否","","0","","103457","103382","103382"
"dataset:76ffd6f66bff08d8b30298d1825efa4373cf8060ba169c263401df12d122eddc","odata_n_tit.d_mkt_ins_daily_info","【AI】证券-每日行情信息","PHYSICAL_IDENTITY","否","否","","7","","103392;143404;143405;144739;144741;207701","104663;104933;144020;144022;144765;183785;208352","103392;143404;143405;144739;144741;207701"
"dataset:d2d497b780ae67230a27548b7a6b7c08b4e5b6e00fa382c872bf85fcc2998f35","pdata_n.t01_pty_lbl_info","当事人标签信息","PHYSICAL_IDENTITY","是","否","","1","","123978","103457",""
"dataset:4c08bc387add38a19d9fbaf302e1efa6465368794d2357956220b249acc8a87c","pdata_news_n.t02_tmp_co_base_info_qx","启信宝企业基本信息去重临时表","PHYSICAL_IDENTITY","是","否","","0","","156491","103467",""
"dataset:7f5768f99ec5e111b71a2d2a0246f25f1e7771515a047b6946e0143c4eed265c","pdata_news_n.t02_cor_indv_rel","个人关联企业表","PHYSICAL_IDENTITY","是","否","","1","K101","103467","229013",""
"dataset:49409f25438ee8fe9ba1834762668e101ff393cc5835991194653cfaa27850da","odata_n_crm.c_tkhsjwh_cwysp","交叉销售客户类型维护","PHYSICAL_IDENTITY","否","否","","1","","103651","123978","103651"
"dataset:e24ff12fe728156158a405b1f7c129391a09ed3e2ab695e662bfd1f8c87c2764","odata_n_uip.t_sec_basic_info","","PHYSICAL_IDENTITY","否","否","","0","","103687","105024","103687"
"dataset:1ab572898d7c0e9fcc0e9516a60624c819f3de7309ad520819a27c34fb88191a","odata_n_uip.t_corp_basic_info","公司基本资料","PHYSICAL_IDENTITY","否","否","","1","","103700","109410","103700"
"dataset:26f1f48bae1a3535d6584d370754c4aaa6e08e906fdc943287956369e7e368ee","pdata_n.t05_cust_high_age_auth_evt","客户高龄认证事件","PHYSICAL_IDENTITY","否","否","","1","","","103884",""
"dataset:ba363b053dc666557c648bce563b546f967e20fa0a0acb17226399988b1dc4fc","dm_index_n.index_grp_highage_cust_slhp_auth_year_erlst_date","完成日期_高龄客户自助认证_当年最早","PHYSICAL_IDENTITY","是","否","","0","","103884","104454","104454"
"dataset:870954e09146f52f835d788d338f7839b80200f338f4744dfd71a66af865a896","pdata_n.t07_cc2_clbk_task","呼叫中心回访任务","PHYSICAL_IDENTITY","否","否","","1","","","103886;124476;203119","124476;203119"
"dataset:f880a2d93625c746ad59485f7eca9b240dd3430b30970d41fa2e5411e459afce","pdata_n.t07_cc2_act_mem_info","呼叫中心活动参与人员信息","PHYSICAL_IDENTITY","否","否","","1","","","103886;203119","203119"
"dataset:000c20033c25bfb4070bdf51cc27414c1e6e6969980922d3d2f8d045c1a45167","dm_index_n.index_grp_highage_cust_cstsv_clbk_year_erlst_date","完成日期_高龄客户客服中心回访_当年最早","PHYSICAL_IDENTITY","是","否","","0","","103886","104454","104454"
"dataset:d67f0849330d0cccef8e3d740fd7f49dfb760bc700bc77b107b8650e6f17dab4","pdata_n.t05_high_age_cust_clbk_evt","高龄客户回访事件","PHYSICAL_IDENTITY","否","否","","1","","","103888",""
"dataset:7af98bca619668994be0e28b508e501e14c1f5a9b68f77564bbda6358dc00553","dm_index_n.index_grp_highage_cust_cstsv_brch_clbk_year_erlst_date","完成日期_高龄客户分支机构或客服中心再次回访_当年最早","PHYSICAL_IDENTITY","是","否","","0","","103888","104454","104454"
"dataset:3c021962476c154bf902886203c280eead8032d46d908621454bda44ebd10cf4","pdata_n.t05_nbo_busi_acpt_evt","NBOP业务受理事件","PHYSICAL_IDENTITY","否","否","","2","","","103889;162821",""
"dataset:0b70fc60109effedad22a922eab16617bbee45e829b1f86c7f88cc3e369ab364","pdata_n.t05_nbo_busi_acpt_para_info","NBOP业务受理参数信息","PHYSICAL_IDENTITY","否","否","","2","","","103889;162821",""
"dataset:71678b33044229075144ab6cd15fff095d7585d3203c3f9ceff974fb9a79dff8","pdata_n.t05_nbo_busi_acpt_revw_evt","NBOP业务受理复核事件","PHYSICAL_IDENTITY","否","否","","1","","","103889",""
"dataset:875379cc05d9d248f9c491ec7b235589a7c98fe6b71c6acdb54f4f75743b3588","dm_index_n.index_grp_highage_cust_oth_auth_year_erlst_date","完成日期_高龄客户其他认证_当年最早","PHYSICAL_IDENTITY","是","否","","0","","103889","104454","104454"
"dataset:0f79632cbfef66fbc512bfa6a1219f06b43d4b12035355c0f639f0b0cd80985c","pdata_n.t05_view_shence_log_retail","没有相关数据","PHYSICAL_IDENTITY","否","否","","1","","","103907",""
"dataset:d45b7d24ae8061246764751ed27f12db59b20c8d6226e4e1c47e900fb46d307e","dm_index_n.index_grp_client_mobile_no_last_logn_ytj_ysg","客户_手机号码_最近登录易淘金&元始股_无计算维度_无备注信息","PHYSICAL_IDENTITY","是","否","","0","","103907","208983","208983"
"dataset:3fe8595ca6740fa4bb746b76f7cb8a8a873851bfd5cd2c477d1f6372e1eed5b1","pdata_n.t03_tit_ast_acct_adtnl_info","每天一份快照，场外衍生品资金账户的附加属性信息表，主要用于场外衍生品资金账户的属性维护、资金覆盖监控、部门归属管理与合规对账。","PHYSICAL_IDENTITY","是","是（并非已逐分支核验）","docs/00-20260914-图谱认知/01-tit入模/02-TIT入模去向.md;docs/00-20260914-图谱认知/01-tit入模/05-去向与未命中分类.md","14","K096","103940","114782;134528;134536;145583;163599;171618;172272;172276;173282;174022;174910;176599;176600;176610;184662;206952;218951;221901;236759","114782;176599;176600;176610;184662"
"dataset:c5ab90778b0581dd51d7d867866d3aeab9c4d871494ac0478e91fe18e7606a5b","odata_n_tit.d_trd_trs_limit_audit","TRS_LIMIT_AUDIT表","PHYSICAL_IDENTITY","否","否","","0","","113844;125859","103941;105072;144296","113844;125859"
"dataset:d4f6b955d172f20db142a44064afc6aa96dd4611841f24686af738404d421695","pdata_n.t03_otc_swap_comp_info","每天一份快照，场外互换合约的核心基础信息表，完整记录了场外互换合约从开立到履约的全维度关键要素。","PHYSICAL_IDENTITY","是","是（并非已逐分支核验）","docs/00-20260914-图谱认知/01-tit入模/02-TIT入模去向.md;docs/00-20260914-图谱认知/01-tit入模/05-去向与未命中分类.md","27","K008;K090;K074","103941;105072;112119;112120;144296;151342;183091;211640","107018;107024;107937;114782;123781;134536;143830;143897;144300;162676;163286;163672;173559;173843;176525;180692;180700;180714;181553;181556;182264;184662;185234;187506;187509;197337;207514;207753;211619;211623;212078;218601;221300;228195;232822;233302;234256;234575;237888;241773","114782;162676;182264;184662;207514;207753;212078;228195;232822;233302;234256;234575;237888"
"dataset:af8d5d88b4b81ebeac285a157b68072dd250691bf721e2f80f5a6a2b21056c70","odata_n_tit.d_ref_sbl_leg","SBL合约要素表||REF_SBL_LEG","PHYSICAL_IDENTITY","否","否","","0","","137756;140181","103942;105073;144299","137756;140181"
"dataset:7387a1089a7df51ee569b5c67f593085f5466097f737c19b1b3a37912da756da","pdata_n.t03_otc_swap_comp_leg_info","每天一份快照，记录场外互换合约单个 LEG 分支的支付方向、币种、标的、利率类型、固定 / 浮动利率、计息方式、期限及计算参数等信息，用于互换估值、现金流计算、清算与风控。","PHYSICAL_IDENTITY","是","是（并非已逐分支核验）","docs/00-20260914-图谱认知/01-tit入模/02-TIT入模去向.md;docs/00-20260914-图谱认知/01-tit入模/05-去向与未命中分类.md","28","K008;K090;K074","103942;105073;144299;183093;211639","107018;107024;107937;118174;134476;134533;134537;138186;138208;144300;162676;163286;163640;172371;173843;176330;176443;176525;176610;180692;181553;185234;187506;197339;207514;207753;211619;212078;218601;221300;228195;230202;232822;233302;234256;237607;237630;239260;239262;241773","162676;163640;176610;207514;207753;212078;228195;232822;233302;234256;239260;239262"
"dataset:3fd51583c4e33b94bdf5dc4b43175fe170a52d862e1bcb50344b1cc2dc29baf3","odata_n_tit.d_ref_option_deal_barrier","场外交易-期权合约结构-障碍价格","PHYSICAL_IDENTITY","否","否","","0","","113992;126187","103943;105074;124563;209862;211549","113992;126187"
"dataset:9e02b9329cd1316ce5fdbf3e2cf0c96d7d670e914b26bfb4765dd855202f8a01","odata_n_tit.d_trd_option_limit_audit","期权限额审核表","PHYSICAL_IDENTITY","否","否","","0","","126973;128503","103943;105074;209862","126973;128503"
"dataset:9c215566aa8c392fba61fcd382887491c5f1a4a899758778008ccb503aa29359","pdata_n.t03_otc_opt_comp_info","每天一份快照，记录场外期权合约的交易对手、账户、组合、交易日期、名义本金、期权费、期限、票息、结算币种及各类履约、支付、提前终止规则等核心合约要素。","PHYSICAL_IDENTITY","是","是（并非已逐分支核验）","docs/00-20260914-图谱认知/01-tit入模/02-TIT入模去向.md;docs/00-20260914-图谱认知/01-tit入模/05-去向与未命中分类.md","28","K068;K009;K074","103943;105074;209862","107281;107481;114782;119044;123781;134477;134528;146516;149779;149902;150790;159177;163712;173843;180692;180700;180714;181058;181553;181555;181556;182997;184662;187506;187509;201568;207458;207513;209119;209894;212078;220336;221300;227251;227254;228195;231741;232836;234584;237888;244970","114782;184662;201568;207458;207513;209894;212078;227251;227254;228195;231741;232836;237888"
"dataset:afbc985dd79ec0308b2729052e7c45aaae76b48dad33e95c063daeaaa522ac86","pdata_news_n.tyzx_scr_hk_base_info_civ","香港证券基本信息||tyzx_scr_hk_base_info_civ","PHYSICAL_IDENTITY","是","否","","3","","103990","219622;220548;220860",""
"dataset:8ee20376ba58ef33bec929f950fbb54f50aec401a17aae67b284dcbd554f3260","odata_n_tit.d_ref_ctpty_ext_param","交易对手属性参数表","PHYSICAL_IDENTITY","否","否","","1","","213682","104300;105379;105380;114401;150022;150755;150757","213682"
"dataset:87a207f7e721fac0ce94717ff9924dfc9a60e3db649cfdbcc09c5dd223d10e3e","pdata_n.t01_pty_rela_h","当事人关系历史","PHYSICAL_IDENTITY","是","是（并非已逐分支核验）","docs/00-20260914-图谱认知/01-tit入模/02-TIT入模去向.md;docs/00-20260914-图谱认知/01-tit入模/05-去向与未命中分类.md;docs/00-20260914-图谱认知/01-tit入模/T01-主体与交易对手/当事人与交易对手.md","12","K096","104301;105079;219175","114782;123781;147185;158195;159177;159498;163286;171618;173843;174910;176599;176600;176610;177390;178833;184662;206482;206952;219085;229121;231146","114782;176599;176600;176610;177390;178833;184662;206482;219085"
"dataset:79aa0717e30f62683399d7cc2250f7d9c11b8aee4d29a1372a64f50bcc765229","dm_index_n.grp_tag_indv_cust_elder_cust_annual_flag","组合标签_客户_是否上一年度高龄回访客户","PHYSICAL_IDENTITY","否","否","","1","","","104345",""
"dataset:9a6f53f819b10f7ea0172741d83a13641de3cf977c95a4b16646481a440ad9b5","dm_index_n.grp_tag_indv_highage_clbk_cust","组合标签_是否高龄回访客户","PHYSICAL_IDENTITY","是","否","","0","","104345","104454","104454"
"dataset:6c3c28f279a37be5ce784b7a3ed28a2fe84ee946f508f0341cfe03e20287dbce","dm_index_n.grp_tag_ret_co_cust_flag","组合标签_是否零售系统企业客户(综合化业务部口径)","PHYSICAL_IDENTITY","否","否","","7","","","104366;148763;153126;159248;186494;190237;190435;217770;224741;232164","190435;224741;232164"
"dataset:fb6f14943e7c0a2f2972a9f88722c9881c0652b843b602cec26c07b460c7bf79","dm_index_n.index_grp_crd_compact_amt_per_day","日均两融合约余额","PHYSICAL_IDENTITY","否","否","","1","","","104366",""
"dataset:e49962ace608ac57a97bd597558a895b6c355774deb8569fbe695b620d821015","dm_index_n.index_emp_crd_valid_compact_amt_perday","员工_两融余额_日均&限定私募客户&同业客户&企业客户&两融有效户","PHYSICAL_IDENTITY","是","否","","0","","104366","244873","244873"
"dataset:471e4f79b3fc6d5ba0ccc17ac890b59cb6ae63d4267068944d4d6dae637149ba","odata_n_tit.d_ref_ins_option_info","【AI】期权合约信息表","PHYSICAL_IDENTITY","否","否","","3","K028","104446;104447","105395;107636;110827;110828;156492;156494;156495;156496;156497;156498;156499;156500;160494;211596;211692;211693;211694;211695;211697;211698;211699","104446;104447"
"dataset:01363191b56debb8566d60b8dfecf2010092eb8e24ac2251896ead2b708a99a8","pdata_n.t03_marg_contr_info","融资融券合同信息","PHYSICAL_IDENTITY","否","否","","1","","","104454;123590","104454"
"dataset:637933bb959d72d474fd179e0fb1a46007fefea8ce4dfa5b3b3ad3f8d7309c48","pdata_news_n.t02_opt_mult_bask_info","期权合约多标的一篮子信息","PHYSICAL_IDENTITY","是","是（并非已逐分支核验）","docs/00-20260914-图谱认知/01-tit入模/02-TIT入模去向.md;docs/00-20260914-图谱认知/01-tit入模/05-去向与未命中分类.md;docs/00-20260914-图谱认知/01-tit入模/T02-产品标的与市场数据/01-产品基础资料/04.2 多标的期权篮子.md;docs/00-20260914-图谱认知/01-tit入模/T02-产品标的与市场数据/his/产品标的与市场数据.md","0","","104478;104481","",""
"dataset:bee6147e4c0d7db91d8c8372736b0617fbf5dba7b2b6dc936a3b231c82080c26","pdata_news_n.t02_opt_mutl_undrl_prcg_indx","期权多标的定价指标","PHYSICAL_IDENTITY","是","是（并非已逐分支核验）","docs/00-20260914-图谱认知/01-tit入模/02-TIT入模去向.md;docs/00-20260914-图谱认知/01-tit入模/05-去向与未命中分类.md;docs/00-20260914-图谱认知/01-tit入模/T02-产品标的与市场数据/02-行情与市场参数/06.2 多标的定价指标.md;docs/00-20260914-图谱认知/01-tit入模/T02-产品标的与市场数据/his/产品标的与市场数据.md","0","","104483;104484;104487;104489;244510;244515","",""
"dataset:20be611fdc1784f1091eae0a14a4f72f11357160a71af299f414c3941f5f8f72","pdata_n.t00_inctv_tgt_info","激励对象信息","PHYSICAL_IDENTITY","是","否","","0","","104627","",""
"dataset:0e2681dc5321dad0f3dde427c34ce4f0e4bd28ccf275775bfe94c81ba42eb65c","pdata_news_n.t02_fin_cutp_bail_acct_daily_rslt","交易对手方保证金账户每日履保计算结果","PHYSICAL_IDENTITY","是","是（并非已逐分支核验）","docs/00-20260914-图谱认知/01-tit入模/02-TIT入模去向.md;docs/00-20260914-图谱认知/01-tit入模/05-去向与未命中分类.md;docs/00-20260914-图谱认知/01-tit入模/T02-产品标的与市场数据/his/产品标的与市场数据.md","0","","104658;104937","",""
"dataset:7a0a012ae59ca1cef54144681535a6ac8f9384c233f6208eb3817299d44374bc","pdata_news_n.tyzx_exch_quot_h_fk","证券-每日行情信息","PHYSICAL_IDENTITY","是","否","","33","K035;K002;K010;K036;K037","104663;104933;144020;144022;183785;208352","149779;160531;164723;172823;172848;175782;175843;175878;177526;178749;178766;178769;180145;180208;180307;182738;182755;183769;183777;183817;183820;183831;183844;185564;185587;185661;185665;185736;185781;191254;191534;191546;197540;208713","197540"
"dataset:8a402cf5f40980daf1a5b9b02c57a41935f204ec63da3b1a0256d33655df91c3","odata_ecif.ecif_s_acct_base_info_s","","PHYSICAL_IDENTITY","否","否","","1","","224600","104734","224600"
"dataset:c28f37d6630b87e9a1b1a3f35b8399dd0caebfa0d4bae6299118d5e95566205c","pdata_news_n.t02_fin_float_income_vchr_info","浮动收益凭证台账信息","PHYSICAL_IDENTITY","是","否","","3","K074","104908","105743;123571;221300",""
"dataset:2245e78756b4c9b4961baeab04c0c076dfb1e9da981904fd36540a9629e0c821","odata_n_uip.q_pfund_amac_member","会员机构公示信息","PHYSICAL_IDENTITY","否","否","","1","","104915","213889","104915"
"dataset:4d3933ad73548e19b5a662f03ec9b7406acf3121522b8120af5ac158ed3aee47","pdata_n.t05_otc_recv_pymt_evt","每天增量更新，记录互换交易的收付单号、交易与合约编号、收付方向与状态、计息区间、币种、金额等信息，关联产品、标的、费率、数量及期限调整事件，用于互换交易资金收付核对、收益核算与业务全链路追溯。","PHYSICAL_IDENTITY","是","是（并非已逐分支核验）","docs/00-20260914-图谱认知/01-tit入模/02-TIT入模去向.md;docs/00-20260914-图谱认知/01-tit入模/03-关键入模链路.md;docs/00-20260914-图谱认知/01-tit入模/05-去向与未命中分类.md;docs/00-20260914-图谱认知/01-tit入模/T05-业务事件与资金收付/02 收付款记录与金额口径.md","13","K068;K083;K008","104934;105080","107281;107481;150915;154591;159177;159219;171179;172344;176941;180700;181556;182264;182997;221895;228195","182264;228195"
"dataset:32b34f0f4c8686cf4695e7f45b8f254819fecfc3bce6915f2caf5f89a23478ff","temp.t01_indv_mid_tit162","","NONE","否","否","","0","","","105075",""
"dataset:62b3f177260cb7d99aefb10a8d0033ed0e13d38851ea95718079f7fffdd76a01","pdata_n.t01_pty_cutp","每天一份快照，存放当事人中的交易对手方这一子类的个性信息。","PHYSICAL_IDENTITY","是","是（并非已逐分支核验）","docs/00-20260914-图谱认知/01-tit入模/02-TIT入模去向.md;docs/00-20260914-图谱认知/01-tit入模/05-去向与未命中分类.md;docs/00-20260914-图谱认知/01-tit入模/T01-主体与交易对手/当事人与交易对手.md","13","K068;K090;K074","105379;105518","107018;107024;107281;107481;119044;134549;144300;147185;158195;185234;207513;207514;207753;211619;218951;221300;227251;227254;232822;234256;234575","207513;207514;207753;227251;227254;232822;234256;234575"
"dataset:f322d64cc13f2c1fedf2c1d26bc3f5dbf17e636b8ef92b75b28867c45f417aed","pdata_n.t03_otc_deri_book_adtnl_info","每天一份快照，记录场外衍生品账簿的生效到期日、所属机构、交易与风控开关、底层标的映射等附加配置信息，用于账簿管理与业务控制。","PHYSICAL_IDENTITY","是","是（并非已逐分支核验）","docs/00-20260914-图谱认知/01-tit入模/02-TIT入模去向.md;docs/00-20260914-图谱认知/01-tit入模/05-去向与未命中分类.md;docs/00-20260914-图谱认知/01-tit入模/T02-产品标的与市场数据/02-行情与市场参数/01.3 期权reset.md","149","K083;K086;K087;K034;K009;K008;K090;K093;K074","105382;106096;144293","107018;107024;107937;114782;119044;123781;134140;134143;134146;134148;134157;134167;134474;134477;134478;134518;134519;134527;134528;134530;134533;134536;134537;134538;134540;134546;134548;134557;134561;138186;138206;138208;143830;143897;144300;145583;145871;150915;154591;155906;160522;163286;163599;166009;166021;168293;169145;171179;171347;171364;171370;172252;172296;172318;172344;172356;172367;175112;176610;176827;176864;176941;177390;177414;178833;180692;180700;180714;181058;181553;181555;181556;183259;183294;184662;185234;187506;187509;197337;197339;199736;200030;200078;201568;205519;207514;207902;207904;207906;207917;208265;208266;209119;209894;211492;211619;211730;212078;215630;215700;217967;219085;219089;219264;219390;219391;219735;221300;221895;221899;221901;225368;228089;228094;228414;228443;228462;228609;228634;228641;228643;228647;228650;228652;228821;228823;228825;228826;228828;230182;230202;231741;232822;232836;233302;234175;234182;234256;237599;237639;237888;239260;239262;241773;242611;243021;243650;243793;243918;244970;245094;245219;245232;245295;245412;245627;245643;245661;245672;245676;245679;245683;245688;245693;245702;245817;245828;245845;245883;245885;245941","114782;176610;177390;177414;178833;184662;201568;207514;209894;212078;215700;219085;231741;232822;232836;233302;234175;234256;237888;239260;239262;243918"
"dataset:6a65adc763475b5426c124cf12639ed637691ef4bdb114d65f748c8774922e41","odata_n_tit.d_ref_fx_forward","外汇远期-合约要素||REF_FX_FORWARD||REF_FX_FORWARD","PHYSICAL_IDENTITY","否","否","","2","","163064;186936","105386;105387;105388;105526;105527;105529;106661;106676;144287;144288;144289;163771;169636;169637;169638;207946;208637;209839;210925;211809;224028;228094","163064;186936"
"dataset:4c40c316442c4834f1ff96f690e0ccb50b2e01e3ef931ebcbb90f7562708d367","odata_n_tit.d_ref_fast_trs","极速互换合约要素表","PHYSICAL_IDENTITY","否","否","","6","K089;K059","179886;186932","105386;105387;105388;105526;105527;105529;106661;106676;180393;183084;183085;183087;183088;183089;183091;183093;183098;207946;208637;209839;210925;211541;211639;211640;211644;220650;223192;224028","179886;186932"
"dataset:14f76ea2f8842ca5cfa752d797e0303b6c08829ede69579e45dc6c72d66a3ab2","pdata_n.t03_agt_prd_rela_h","历史拉链表，记录代理人 / 协议与产品之间的关联关系及其生效周期，保留历史变更轨迹，用于产品权限、代销、归属关系等历史追溯。","PHYSICAL_IDENTITY","是","是（并非已逐分支核验）","docs/00-20260914-图谱认知/01-tit入模/02-TIT入模去向.md;docs/00-20260914-图谱认知/01-tit入模/05-去向与未命中分类.md;docs/00-20260914-图谱认知/01-tit入模/T02-产品标的与市场数据/01-产品基础资料/00-产品基础资料全貌.md;docs/00-20260914-图谱认知/01-tit入模/T02-产品标的与市场数据/01-产品基础资料/01 金融工具主数据.md;docs/00-20260914-图谱认知/01-tit入模/T03-协议账户与合约/05 合约与金融工具的关系.md;docs/00-20260914-图谱认知/01-tit入模/T03-协议账户与合约/附录A 标准模型字典.md","25","K080;K086;K087","105386;105526","107937;118174;119044;124561;143830;145583;149053;149054;149570;155157;163077;163599;163672;166021;166644;168293;169145;199736;207753;211547;211623;211730;215630;227251;227254;230202;231741;232822;233302;234256;234575;237888;245094;245918","207753;227251;227254;231741;232822;233302;234256;234575;237888"
"dataset:bcbe06888866bf3b66be5000a0a76955d6bc5cfa11db06db0d792771e13c961c","pdata_n.t03_otc_swap_comp_hold_info","每天增量追加，记录场外互换合约的持仓明细与盈亏核算信息，核心包括：用于场外互换持仓监控、盯市估值、盈亏核算与风险管理。","PHYSICAL_IDENTITY","是","是（并非已逐分支核验）","docs/00-20260914-图谱认知/01-tit入模/02-TIT入模去向.md;docs/00-20260914-图谱认知/01-tit入模/05-去向与未命中分类.md","14","K008;K090","105392;106083;144295;183096;211472","107018;107024;138186;144300;146386;162676;163286;176330;176525;176610;180692;181553;185234;207514;207753;211619;218601;228195;230202;232822;234256","162676;176610;207514;207753;228195;232822;234256"
"dataset:dbda9d09b89ffa62b3911edc5096402a2119de86e0fbcae1c2ea0d46b2e45b25","odata_n_tit.d_ref_option_attribute","证券-期权其他属性表","PHYSICAL_IDENTITY","否","否","","1","","139835;164024","105395;107636;228414","139835;164024"
"dataset:130d8eaab919a16ff469e8270acf7f802e7371f09b77d8cb12e0560e9071518f","pdata_n.t03_otc_opt_comp_sub_trd_info","每天一份快照，记录场外期权子交易的合约主体、序号、状态、生效 / 到期 / 结算日期、标的、名义本金、数量、买卖方向、账簿信息、执行类型等核心交易要素，用于子交易层级的估值、结算、风控与台账管理。","PHYSICAL_IDENTITY","是","是（并非已逐分支核验）","docs/00-20260914-图谱认知/01-tit入模/02-TIT入模去向.md;docs/00-20260914-图谱认知/01-tit入模/05-去向与未命中分类.md;docs/00-20260914-图谱认知/01-tit入模/T02-产品标的与市场数据/02-行情与市场参数/01.3 期权reset.md","45","K068;K009;K087","105395;107636","107281;107481;121573;121574;134518;150790;150915;154812;154813;154814;155118;155157;155906;160493;160522;169145;176827;176831;176839;182997;205519;220685;228414;228443;228462;228609;228634;228641;228643;228647;228650;228652;228821;228823;228825;228826;228828;234175;245627;245643;245672;245679;245683;245688;245693;245702","234175"
"dataset:21d6347b931966bba27fbdd6f7cc940e37d4183079d71338d5a0098c1dc58113","pdata_n.t03_otc_comp_perf_marg_ref","每天增量追加，场外衍生品合约履约担保 / 保证金的核心参数配置表，用于定义合约的保证金、履约保障、风控阈值规则。","PHYSICAL_IDENTITY","是","是（并非已逐分支核验）","docs/00-20260914-图谱认知/01-tit入模/02-TIT入模去向.md;docs/00-20260914-图谱认知/01-tit入模/05-去向与未命中分类.md","10","K074","105397;105946;147138","134519;143830;143860;143897;159177;163286;176864;206789;207458;207513;207514;207753;221300;229121;232822","207458;207513;207514;207753;232822"
"dataset:e06030cce0f331eab2545697b414b5d81bf4a0f209cb86eda503d508f237be06","pdata_n.t98_ret_co_cust_info_scr","机构客户信息清单表-客户产品一对多","PHYSICAL_IDENTITY","否","否","","1","","","105497",""
"dataset:800a51c90df478c79542a12be7eb4a60013658fde777b0176ca2fc6b9cf8acfb","dm_index_n.index_grp_whl_prd_ret_amt","客户_产品保有市值_全产品口径_当日_无备注信息","PHYSICAL_IDENTITY","是","否","","3","","105497","197997;201626;202398;202402;202403","197997;201626"
"dataset:e2b739b64af71674a0cde9d4fe61d4528cfa5c4d9de4c0b16251ebbca10f1f3a","pdata_news_n.t02_fxr_cfets_quot","外汇交易中心汇率中间价","PHYSICAL_IDENTITY","是","是（并非已逐分支核验）","docs/00-20260914-图谱认知/01-tit入模/02-TIT入模去向.md;docs/00-20260914-图谱认知/01-tit入模/05-去向与未命中分类.md;docs/00-20260914-图谱认知/01-tit入模/T02-产品标的与市场数据/02-行情与市场参数/02 汇率与利率.md;docs/00-20260914-图谱认知/01-tit入模/T02-产品标的与市场数据/02-行情与市场参数/02.1 汇率中间价.md;docs/00-20260914-图谱认知/01-tit入模/T02-产品标的与市场数据/his/产品标的与市场数据.md","27","K004;K008;K090;K093;K099;K043","105616;105863;144066;144298;151401;211752","107018;107024;114782;118174;121540;123781;144300;156579;159489;159495;159497;159506;160791;160792;160794;160795;166014;170408;171618;173843;176330;184662;185234;200030;200078;201568;209894;211619;212525;215700;218601;220979;230202;232836;245506;245662","114782;121540;156579;170408;184662;201568;209894;215700;232836"
"dataset:b6fac60d70292560ccc78f3123043eeb12aa555d18e4fa3d466227eef2583f00","odata_n_oom.g_hk_counterparty_introduction","香港交易对手引入信息","PHYSICAL_IDENTITY","否","否","","1","","178816","105743;144562","178816"
"dataset:bbac8a2464399a96abe6f0cb0a4ec3fe0a49fb1aad776f9f0ce6eff9fd863ef3","odata_n_ois.g_inr_contract_base_rate","内部销售合约基础系数表","PHYSICAL_IDENTITY","否","否","","2","","131144","105743;133054","131144"
"dataset:3f95b75bc513d839b582eee2d01c55d524c7b9cc40d58c2b6328639e7f9bcbb8","pdata_news_n.t02_fut_base_info_ext","期货品种基本信息拓展表","PHYSICAL_IDENTITY","是","是（并非已逐分支核验）","docs/00-20260914-图谱认知/01-tit入模/02-TIT入模去向.md;docs/00-20260914-图谱认知/01-tit入模/05-去向与未命中分类.md;docs/00-20260914-图谱认知/01-tit入模/T02-产品标的与市场数据/01-产品基础资料/02.1 期货.md;docs/00-20260914-图谱认知/01-tit入模/T02-产品标的与市场数据/his/产品标的与市场数据.md","0","","105745;105746","",""
"dataset:321f4a62fc436cbe2821002aae07361127394c832dcab4fb2e335cf2ad5cd5c5","odata_n_crm.x_tjscbyjkh","","PHYSICAL_IDENTITY","否","否","","1","","","105920",""
"dataset:3a3d5703abd063f329a30470415f57279a63fb3bacb4fbb72a1c1249f58221dc","pdata_n.d_pos_trs_leg_his_pos_temp","","NONE","否","否","","0","","","106083;107024;144300",""
"dataset:23fbfd96ecf0ea0418a64fefb92444d4094482bc7240e5dccfc72eb3bf415d54","pdata_n.t05_otc_comp_rgst_sac_evt","每天全量更新，记录场外合约编号、实际结算日期、登记编码与登记日期、新旧登记到期日、到期状态、附加登记状态及续约标识，用于场外合约登记管理、到期跟踪与数据溯源。","PHYSICAL_IDENTITY","是","是（并非已逐分支核验）","docs/00-20260914-图谱认知/01-tit入模/02-TIT入模去向.md;docs/00-20260914-图谱认知/01-tit入模/05-去向与未命中分类.md","15","K008;K074","106204;107347","114782;118174;123781;134140;138194;159177;162610;162618;163286;171179;173843;176610;176864;176941;184662;187509;207513;207514;207753;212078;218601;221300;232822;233302","114782;176610;184662;207513;207514;207753;212078;232822;233302"
"dataset:981ce65b8fa7be4444bd3ad6f90aa1c14cf013235084b02e77d33f382a120664","pdata_n.t03_otc_opt_comp_stres","每天一份快照，记录场外期权合约在不同波动率、标的价格偏移场景下的估值、盈亏等压力测试结果，用于风险计量与极端情景评估。","PHYSICAL_IDENTITY","是","是（并非已逐分支核验）","docs/00-20260914-图谱认知/01-tit入模/02-TIT入模去向.md;docs/00-20260914-图谱认知/01-tit入模/05-去向与未命中分类.md","0","","106208;107350","",""
"dataset:f92608c1cde34bca7fdbb72c0b3c7336229965b220aa3d1a4e247539b2b92b79","pdata_n.t98_otc_swap_comp_leg_valu_info","T98_场外互换合约估值信息","PHYSICAL_IDENTITY","是","否","","10","K008;K090","106210;107641;183098;211644","107937;118174;172356;176330;185234;211619;218601;228241;229121;233302;243357","233302"
"dataset:55bea43166fcd53ce5358a2fbe0fd2e4ed3c23a0166cc45501834a262c62d6a6","pdata_n.t98_otc_comp_crn_info","每天一份快照，场外衍生品合约的集中度监控与风险统计，用于场外业务风险限额管理、集中度监测、合规风控预警与估值对账。","PHYSICAL_IDENTITY","是","否","","1","","106214","149570",""
"dataset:4fa7c2abb87953341bb3b3b18961cc5b204d0364f6332ee227ace2151a7d6033","pdata_n.t98_otc_deri_undrl_trd_lmt_idx","每天全量更新，场外衍生品标的交易限额的风控指标配置与执行监控表","PHYSICAL_IDENTITY","是","否","","1","","106216;107480","155157",""
"dataset:5b35c745c3422925c8d10dab41775f0223963d20bc2b2bf193040364d124e75f","pdata_n.t98_otc_deri_undrl_crn_info","每天一份快照，按标的维度统计场外衍生品持仓集中度与限额超限情况","PHYSICAL_IDENTITY","是","否","","0","","106217","",""
"dataset:abc8bdbbd891bc69af2fc29b804bb918688f64d6d6e832f998bb11fbc37e23a3","pdata_n.t98_otc_swap_comp_pal_sum","每天一份快照，场外互换合约整体盈亏与核心要素汇总表","PHYSICAL_IDENTITY","是","否","","0","","106589;107062;143973;143974","",""
"dataset:84d08bf9c2e0d75e0d368ac269dcfae65d312dda1da23d70ca2f4b6de078e164","pdata_n.t98_otc_book_hold_sum","每天一份快照，场外衍生品业务按账簿维度的持仓汇总表，用于场外衍生品持仓监控、估值核算、风险计量与日常交易对账。","PHYSICAL_IDENTITY","是","否","","15","K008;K087","106590;109369","107937;118174;138194;169145;171179;173559;173843;176330;176360;176877;176930;176941;218601;219735;227251;230202;231741;233302;234568;237586;237888","227251;231741;233302;234568;237586;237888"
"dataset:dc56d0cfc55edf3f957358de9ede6ee92c559b8458bb93c1ef025864488c1077","pdata_n.t03_agt_name_h","历史拉链表，存放所有协议的名称变动历史，拉链存储。","PHYSICAL_IDENTITY","是","是（并非已逐分支核验）","docs/00-20260914-图谱认知/01-tit入模/02-TIT入模去向.md;docs/00-20260914-图谱认知/01-tit入模/05-去向与未命中分类.md","23","K086;K090","106660;106674;144290","107018;107024;107937;119044;134167;144300;145871;149779;149902;160522;162676;163286;163672;168293;176525;185234;201568;207458;207753;209119;209894;211492;211619;211623;211730;217967;227251;227254;231741;232822;232836;233302;234256;237888;243918;244970;245883","162676;201568;207458;207753;209894;227251;227254;231741;232822;232836;233302;234256;237888;243918"
"dataset:b54f37917d411631a8b8ea1f00fdb1307ec72d249e43e3decef4690de95787e4","pdata_n.t03_otc_deri_agt_rela_adtnl_info","历史拉链表，记录场外衍生品账簿与相关协议 / 主体间的关联关系、生效周期、收益方向等附加映射信息，用于衍生品业务账簿关系管理与追溯。","PHYSICAL_IDENTITY","是","是（并非已逐分支核验）","docs/00-20260914-图谱认知/01-tit入模/02-TIT入模去向.md;docs/00-20260914-图谱认知/01-tit入模/05-去向与未命中分类.md","13","K004;K008","122185;122239","107018;134140;134536;134537;159495;159506;160791;160792;171179;172367;176930;176941;209119",""
"dataset:846bda6fe3088f3a0100ffc016ab971f11a9b68570b1b202490c4b1140174567","pdata_n.t03_otc_deri_book_agt_map_regu","场外衍生品账簿协议映射规则","PHYSICAL_IDENTITY","是","是（并非已逐分支核验）","docs/00-20260914-图谱认知/01-tit入模/02-TIT入模去向.md;docs/00-20260914-图谱认知/01-tit入模/05-去向与未命中分类.md","2","","177928;211620","107018;209119",""
"dataset:eb8c876fead3b02c7d0c8620da52842df4ca3e3a83a52bc632586b835a83f47e","pdata_n.t98_otc_swap_comp_trd_undrl_info","每天一份快照，场外互换合约对应交易标的的基础信息与行情信息表","PHYSICAL_IDENTITY","是","否","","1","","107018;107024;144300;185234;211619","241773",""
"dataset:44c9f8fd3a20aec3de9cbbc5cd1a053ae15cc00dd22aec092cd9ba94add5b4b7","pdata_n.mapping","","NONE","否","否","","0","","","107024;144300",""
"dataset:ea3c5d7b40c97726a25a8714e94c342d15dfbcb55596ef441b072ddb9ce1544a","odata_n_rcc.h_his_derivdeliver_t","衍生品理财交割历史表","PHYSICAL_IDENTITY","否","否","","1","","107041","210760","107041"
"dataset:f3a11d904cf64f73d87b6ecdd6f4b1a31287806b634ae8a23b462debea78668b","pdata_n.t03_ast_crrc_acct_bal","每天全量更新，资产账户按币种维度的余额及资金状态明细表，核心记录账户资金的存量、冻结、可用、利息等全口径信息。","PHYSICAL_IDENTITY","是","是（并非已逐分支核验）","docs/00-20260914-图谱认知/01-tit入模/02-TIT入模去向.md;docs/00-20260914-图谱认知/01-tit入模/05-去向与未命中分类.md","10","K008;K087;K096","107280;107646;112620;112644","143860;145583;170408;172276;173282;176330;176360;176599;176600;176610;176874;176877;184662;206952;207898","170408;176599;176600;176610;184662"
"dataset:687760a7bffcc5ec60cc9d725579679ddf0379d5a66fac9c4dfc2540e6670fb1","pdata_n.t03_otc_opt_comp_sub_trd_auto_redp_info","场外期权合约子交易自动赎回信息","PHYSICAL_IDENTITY","是","是（并非已逐分支核验）","docs/00-20260914-图谱认知/01-tit入模/02-TIT入模去向.md;docs/00-20260914-图谱认知/01-tit入模/05-去向与未命中分类.md","3","K068","156500;211596","107281;107481;220723",""
"dataset:3264c101fa869bf7de7425bc78c8d3cf027f4b00d459b8a10b931f647280d1c4","pdata_n.t03_otc_opt_comp_sub_trd_barr_line_info","场外期权合约子交易障碍线信息","PHYSICAL_IDENTITY","是","是（并非已逐分支核验）","docs/00-20260914-图谱认知/01-tit入模/02-TIT入模去向.md;docs/00-20260914-图谱认知/01-tit入模/05-去向与未命中分类.md","4","K068;K009","156498;211699","107281;107481;176827;220803",""
"dataset:f71e54f7c4869fa46dd45f6889ad4a869f73da400d03bdc3b7aee56c2f5fec1f","pdata_n.t03_otc_opt_comp_sub_trd_obsv_date_attr_info","场外期权合约子交易观察日属性信息","PHYSICAL_IDENTITY","是","是（并非已逐分支核验）","docs/00-20260914-图谱认知/01-tit入模/02-TIT入模去向.md;docs/00-20260914-图谱认知/01-tit入模/05-去向与未命中分类.md","3","K068","156492;156494;156495;156496;156497;211692;211693;211694;211695;211697","107281;107481;220751",""
"dataset:00068531d67017a941e4bf78844900b6c7ea35e258efa4706b6bde9580a09d09","pdata_n.t03_otc_opt_comp_sub_trd_scop_attr_info","场外期权合约子交易区间属性信息","PHYSICAL_IDENTITY","是","是（并非已逐分支核验）","docs/00-20260914-图谱认知/01-tit入模/02-TIT入模去向.md;docs/00-20260914-图谱认知/01-tit入模/05-去向与未命中分类.md","3","K068","156499;211698","107281;107481;220813",""
"dataset:50dbf608aa591e980b98729a272bf5cf4afd1dbd1c1ae6346b38979e6d80c027","pdata_n.t03_otc_opt_comp_stru_elmn_info","每天一份快照，记录场外期权合约的结构参数、定价日期、标的、精度规则、收益率、执行价、障碍价、票息及汇率类型等核心结构化要素，用于期权定价、估值计算与合约条款管理。","PHYSICAL_IDENTITY","是","是（并非已逐分支核验）","docs/00-20260914-图谱认知/01-tit入模/02-TIT入模去向.md;docs/00-20260914-图谱认知/01-tit入模/05-去向与未命中分类.md","24","K068;K087;K074","108951;108952;210339","107281;107481;114782;119044;123781;134690;149779;159177;163712;169145;171179;173843;176360;176599;176600;176877;177267;177390;178833;180692;180714;181553;181555;181556;184662;187506;187509;201568;207458;207513;209119;209894;212078;219085;220348;221300;227251;227254;228195;231741;232836;244970","114782;134690;176599;176600;177390;178833;184662;201568;207458;207513;209894;212078;219085;227251;227254;228195;231741;232836"
"dataset:0636d690f62927c0bbe0a0763d3a876d23ae376e87ba40aaa99d524d89923f79","pdata_n.t03_otc_opt_comp_exer_pric","每天一份快照，记录场外期权合约对应的执行价格信息。","PHYSICAL_IDENTITY","是","是（并非已逐分支核验）","docs/00-20260914-图谱认知/01-tit入模/02-TIT入模去向.md;docs/00-20260914-图谱认知/01-tit入模/05-去向与未命中分类.md","4","K068","112815;112837","107281;107481;159177;207513;220561","207513"
"dataset:daba3cae756aae4b8f1899b4c0185aae39ec695ae6253bcb3683e32ce2e61646","pdata_n.t98_otc_deri_book_info","T98_场外衍生品账簿信息","PHYSICAL_IDENTITY","是","否","","16","K068;K008","145871;211492","107281;107481;118174;138194;155118;163077;166644;171179;173559;173843;176330;176930;176941;176951;177414;178483;218601;228195;245918","177414;178483;228195"
"dataset:7b86129ec93167ec1c86091b58ee3421193c38d87d2da204f65134632778f7e2","pdata_n.t03_otc_opt_comp_obsv_scop_info","场外期权合约观察区间信息","PHYSICAL_IDENTITY","是","是（并非已逐分支核验）","docs/00-20260914-图谱认知/01-tit入模/02-TIT入模去向.md;docs/00-20260914-图谱认知/01-tit入模/05-去向与未命中分类.md","4","K068","156493;208636;211696","107281;107481;156651;207513;207906","207513"
"dataset:5caec13eccd6c5ff29302d8dd615fd34b77a63ce84d34f9c1373ae57119e8f29","pdata_n.t03_otc_opt_comp_barr_pric_adtnl_info","每天全量更新，存放场外期权合约障碍价格，一个合约多个障碍价，目前看数据一个合约最多2个障碍价。目前数据来源于titans。","PHYSICAL_IDENTITY","是","是（并非已逐分支核验）","docs/00-20260914-图谱认知/01-tit入模/02-TIT入模去向.md;docs/00-20260914-图谱认知/01-tit入模/05-去向与未命中分类.md","5","K068","124563;211549","107281;107481;134148;159177;207513;220372","207513"
"dataset:afaceeb7dbc281d1c839f939370d728ccca4863a3616e0e0f1c15e0af713acc5","pdata_n.t03_otc_opt_comp_conf_pric","每天全量更新，聚焦场外期权合约的观察日 + 协商价格核心组合，支撑定价管理","PHYSICAL_IDENTITY","是","是（并非已逐分支核验）","docs/00-20260914-图谱认知/01-tit入模/02-TIT入模去向.md;docs/00-20260914-图谱认知/01-tit入模/05-去向与未命中分类.md","7","K068;K083;K009","126200;211813","107281;107481;134478;154591;159177;176599;176600;176839;207513;220553","176599;176600;207513"
"dataset:57cd9b056a261ac561244ab08a21225bc3d2ef4ce0590d3179e82dcf95d21a0e","odata_n_tit.d_trd_cumulator_schedule_daily","累购累沽观察区间每日记录表","PHYSICAL_IDENTITY","否","否","","2","K068","207697;211792","107281;107481;208636","207697;211792"
"dataset:d6b2cce43e2775b8160b9bcca0426852729da88ae756ea878585e5e0cb709d83","pdata_n.t98_otc_opt_comp_sub_trd_base_info","T98_场外期权合约子交易基本信息","PHYSICAL_IDENTITY","是","否","","3","","107281;107481;163712;220154","209119;220143;244970",""
"dataset:f68a06041f531ab9dba48a9f2d1a921e8ba3a5d552bfe6b494b354de06784bba","pdata_n.t98_otc_opt_inr_comp_pal_sum","每天一份快照，场外期权内部合约的逐日及累计盈亏汇总表","PHYSICAL_IDENTITY","是","否","","0","","107284;107482;244380","",""
"dataset:2c17bebf909d79064808c00f2d960eff2c2b99dc1f5d2e718560f73bd9089d9a","dm_index_n.index_grp_mktval_nts","组合指标表_市值_日终_大小非限售","PHYSICAL_IDENTITY","是","否","","2","","107360","147847;160235;237804","237804"
"dataset:2f1640fe550467f6f6018d0e1f044471df3b6e767aade8505a3328af169e7ecd","pdata_n.t04_inr_spec_hldg_admin_info","内部机构特定股份管理信息","PHYSICAL_IDENTITY","否","否","","1","","","107383;201197;243790","107383;201197"
"dataset:82719d8aee7887cd36dfe6a7aee0f6cd936ee47c78155f822c6a49fde42c77df","pdata_n.t04_emp_exam_proj_div_info","员工考核项目分成信息","PHYSICAL_IDENTITY","否","否","","3","","","107383;152727;187703;201197;243781;243790","107383;152727;201197"
"dataset:7a37316392937ed6d8190e3da98e1593581ec74ad1bfdc50e198d4ced91f396d","pdata_n.t04_inr_org_exam_proj","内部机构考核项目","PHYSICAL_IDENTITY","否","否","","3","","","107383;152727;187703;201197;243781;243790","107383;152727;201197"
"dataset:c24323edcad38e2aada48e93db7af6d9b1e07a0563fdd404a05a95352160492a","odata_n_tit.d_pos_fast_trs_leg_his_pos","北上极速腿历史持仓表","PHYSICAL_IDENTITY","否","否","","4","K059","180556;211763","107491;180754;183096;211472;220650;234182","180556;211763"
"dataset:2c0ddfd00bea093eabdc5d94be298bbd548e59d5dc1c4373204b376a8eb80260","odata_n_rcc.a_fundaccount_t","资产账号表","PHYSICAL_IDENTITY","否","否","","1","","107570","148445","107570"
"dataset:697b7491525f832f81daaea73b9bd603478f7ff97b452adf77a4428f6b67bfc6","odata_n_rcc.a_client_t","一柜通客户信息表","PHYSICAL_IDENTITY","否","否","","1","","107572","211882","107572"
"dataset:4300a172a5bd2f97612c58de142d5e872292b4c95485be64c0cc91241cd96eba","odata_n_icc.a_fundaccount_t","","PHYSICAL_IDENTITY","否","否","","1","","107577","148445","107577"
"dataset:f480693dba18d184ce6113f80bdbd5bddb59d0f19377a5a37208133dc7009676","pdata_n.t98_otc_comp_ldg_det","每天一份快照，场外衍生品合约全要素业务台账主表，用于场外合约全生命周期管理、业务归档、风险监控与核算对账。","PHYSICAL_IDENTITY","是","否","","0","","107625;107631;107647;109973","",""
"dataset:f2426395612b99d08b3f98b31db66dc1f725ac2e5fde901f639c851874de0b3a","pdata_n.d_pos_trs_leg_valuation_temp","","NONE","否","否","","0","","","107641",""
"dataset:197b28ad7d10c78ca44fa3705b659e0a996ae2b100619887ac2f1c5381bd0e87","pdata_n.t98_otc_swap_comp_valu_sum","每天增量追加，场外互换合约按估值日的整体估值与盈亏汇总表，用于互换合约逐日估值、分端损益核算、风险计量与财务对账。","PHYSICAL_IDENTITY","是","否","","1","","107937","176951",""
"dataset:fc377229d837eb2157d31d0ecd6f0612fd74971985a63e0b5f3208661292e974","spdata_n.t03_xir_scr_acct","自营证券账户","PHYSICAL_IDENTITY","否","否","","1","","132350","107939;137368;242931","132350;107939;137368"
"dataset:b3c8ef55ffeaefd6865964ceb8faf5adb52be267419db79168bcaf48b84c73a5","odata_n_ois.g_bus_type_capital_cost","","PHYSICAL_IDENTITY","否","否","","1","","108712","133057","108712"
"dataset:8d904179cf7c5516621494d677aff124c46a2616d44899d97a04425e4e504208","dm_otc_n.otc_stru_prod_ret_det","OTC结构化产品保有明细表","PHYSICAL_IDENTITY","是","否","","0","","108930","",""
"dataset:539779243c28da6319e904d15a7dffa5c9ee48a9f2d551148b29589bdf66bc10","dm_otc_n.otc_stru_prod_sale_det","OTC结构化产品销售明细表","PHYSICAL_IDENTITY","是","否","","0","","108944","",""
"dataset:bb4d80feabb5cfc999d372573678799712571927c100b69f8c9b3f620387a04b","dm_otc_n.otc_stru_prod_inc_mth_rpt","OTC结构化产品销售收入月表","PHYSICAL_IDENTITY","是","否","","0","","109044","",""
"dataset:ac80bdd6e07e477c93a8df146a5a30e2969a335ba2c9e038eae0800caac7dbc8","pdata_n.t98_otc_deri_undrl_income_rwd_sum","T98_场外衍生品收入奖励汇总","PHYSICAL_IDENTITY","是","否","","7","K072;K095","109089;203358","118141;126969;203306;203311;214722;227701;232556;245631;245660;245696","245631;245660;245696"
"dataset:4250d3edc6809fcf0b9e4694af379aa97fddbd1cd3f82d545bb11a16e5c75310","dm_index_n.grp_tag_client_neeq_right_opend","组合标签_已开通新三板交易权限","PHYSICAL_IDENTITY","是","否","","0","","109095","144891","144891"
"dataset:f6691353c50851e5d3fd5a55bc98eccbb4b9bc4d9c82e76e72a5f3f778d373ec","pdata_n.d_pos_position_daily_temp","","NONE","否","否","","0","","","109369",""
"dataset:4444ee83b557253013ffa2589b78d4c17091e32ac2fcd072db4e6cafc04eea08","dm_otc_n.otc_income_vchr_sale_det","OTC收益凭证交易明细表","PHYSICAL_IDENTITY","是","否","","0","","109513","",""
"dataset:5f8a270708241b045f148bcfd6fbecab64f2de8b0d838f75b99f7db9bd07e4bb","dm_index_n.grp_tag_ecif_corp_gf_opt_flag","组合标签_是否在广发开通衍生品账户","PHYSICAL_IDENTITY","是","否","","0","","109744","144891","144891"
"dataset:fecf74bfbff5905fc15a8a968f8732ec652dbea785a06c00edf2ec06c3aa957e","pdata_n.t03_agt_agt_grp_rela_h","历史拉链表，存放协议组关系历史，目前只有来源于恒泰的数据,COMPONENTTYPE='0'","PHYSICAL_IDENTITY","是","是（并非已逐分支核验）","docs/00-20260914-图谱认知/01-tit入模/02-TIT入模去向.md;docs/00-20260914-图谱认知/01-tit入模/05-去向与未命中分类.md","0","","109798;109799;141600;183089","",""
"dataset:f600ea186bca2eb46647b6129b390adccc3dd06e8b1363e3c2fe86d11ea12cee","temp.t03_agt_grp_tit186_temp","","PHYSICAL_IDENTITY","否","否","","0","","","109800",""
"dataset:4af0f6bbad8796f8359a1b51d0f4614f44ad7613e4d760a70c8b7dd2e1f66501","pdata_n.t03_agt_grp","每天增量更新，存放协议组的共性，如协议组编号、协议组名称、协议组状态等，目前只有来源于恒泰的数据","PHYSICAL_IDENTITY","是","是（并非已逐分支核验）","docs/00-20260914-图谱认知/01-tit入模/02-TIT入模去向.md;docs/00-20260914-图谱认知/01-tit入模/05-去向与未命中分类.md","0","","109800","",""
"dataset:1bc840b6d444b48c4a95b48cd279167b9bba0764854673afc795f12dc8b3e307","pdata_news_n.t02_fin_prd_preterm_info","产品提前终止信息","PHYSICAL_IDENTITY","是","否","","1","","110000","207640",""
"dataset:456be2540b00662322600c7a087cbf6f4e092080393322108e443cb138bedcf9","pdata_n.t03_sb_otc_comp_trd_fee","每天一份快照，记录自营场外合约的交易费用明细与计费规则信息，用于自营场外衍生品费用计提、支付管理、成本核算与风控。","PHYSICAL_IDENTITY","是","是（并非已逐分支核验）","docs/00-20260914-图谱认知/01-tit入模/02-TIT入模去向.md;docs/00-20260914-图谱认知/01-tit入模/05-去向与未命中分类.md","3","K087;K009","110164","169145;181058;199736;228195","228195"
"dataset:660c3cc2e9dc7149d9ffc00f720ceefe6f4a3920ea45cf5b539b027e9f9d2a8f","pdata_news_n.tyzx_stk_cmps_res","中国存托凭证限售股解禁公司明细","PHYSICAL_IDENTITY","是","否","","1","","110179","207834",""
"dataset:03afa18004c96ee2ffb85784f3908bfb217fded109f06ec27a7f412f3b16300e","dm_index_n.index_grp_cust_prd_otc_view_times_daily","客户_产品_浏览次数_场外产品_当日","PHYSICAL_IDENTITY","否","否","","1","","","110190",""
"dataset:7596971c070ba71fc32643bf08f683ed2bf5e079cf7da83a574deca9a1da6fd9","dm_index_n.index_grp_view_days_prd_det_30d","客户_浏览天数_产品详情页_最近30天_无备注信息","PHYSICAL_IDENTITY","是","否","","0","","110190","208983","208983"
"dataset:d7ce6b9721cb0180804d667e1683cc191c30ec5c1a7411408304f8afd5558631","odata_n_tit.d_pricing_bucket_metric","证券-期权日终bucket定价指标表","PHYSICAL_IDENTITY","否","否","","3","K028","110216;110217","110827;110828;160494","110216;110217"
"dataset:167af459269bd303fc4bfa15b794a9ba71949a29f038f3c863c8cd1b8888d08b","pdata_n.t98_otc_opt_comp_sub_trd_term_prcg_indx","每天一份快照，记录场外期权子交易在不同期限下的定价参数与风险指标","PHYSICAL_IDENTITY","是","否","","1","","110827;110828","155906",""
"dataset:ca92088d1c69282ec0255990214ddcc7996826f0f516ddd74b03a0cf8b966001","spdata_n.t03_xir_lvl2_scr_acctng_hold","自营二级证券账户核算持仓","PHYSICAL_IDENTITY","否","否","","1","","110832;204668","230365","110832;204668"
"dataset:7d4189a5fb1c1cff130083bcbb57385ed1949ae085d5404e1610444f291db3a8","dm_index_n.index_grp_cust_hld_posstkcd_name_mkt_mval_a_scr_tdy_nothremark","客户_持仓个股代码&名称&市场&市值_A股_当日_无备注","PHYSICAL_IDENTITY","是","否","","0","","110851","208983","208983"
"dataset:3711cf0bcbd44735c8e65b72c784896d8b0420a107ee720149ff6c4ba87a6dcc","dm_index_n.grp_tag_client_is_elig_match_mts","组合标签_客户是否满足两融适当性三要素匹配","PHYSICAL_IDENTITY","是","否","","0","","110993","137467;170408","137467;170408"
"dataset:3781168a604afb88b8dc32d73f5fe6698c9167f2351173b0cd13d072c9c31fb0","odata_n_nbo.b_csdcfirsttradedate","","PHYSICAL_IDENTITY","否","否","","1","","111351","111410","111351"
"dataset:d866762cbbfa05d559c7bd3f6b3a9e169fd152e4c9cfb20c11ac35abf7b5ebfb","pdata_n.t01_pty_imp_date_h","当事人重要日期历史","PHYSICAL_IDENTITY","是","否","","3","","111410","119797;141103;195334",""
"dataset:bc34a360db67f698faed97a27f50001281c862fef1b4371b00dc18d0939f0022","dm_index_n.index_grp_cust_viewtimes_nws_tdy","客户_浏览次数_资讯_当日_无备注信息","PHYSICAL_IDENTITY","否","否","","1","","","111730",""
"dataset:1bba0070a733b64c2a21cff7e795ac1ad0407ac0f59c2431586296d1b7fbb23c","dm_index_n.index_grp_cust_viewdays_nws_last30day","客户_浏览天数_资讯_最近30天_无备注信息","PHYSICAL_IDENTITY","是","否","","0","","111730","208983","208983"
"dataset:2b9a2e7f643199f6cc4624cbbcb36556e0ebd6e3f1c52b3df88601cdc9c84e1b","dm_index_n.grp_tag_client_gem_open_type","组合标签_创业板权限类别","PHYSICAL_IDENTITY","否","否","","1","","","112592",""
"dataset:69e8f3286dc9ba82dbe4a47f6025e83aa4bc9c37505be38f021920b73d11ca4a","dm_index_n.grp_tag_client_open_gem","组合标签_是否开通创业板","PHYSICAL_IDENTITY","是","否","","0","","112592","208983","208983"
"dataset:4e998203caaf05cd4f797f3a765b2cb7e8664b5756a7eeba00ced969070e350b","dm_index_n.index_grp_stib_last_open_date","最近开通日期_科创板","PHYSICAL_IDENTITY","否","否","","1","","","112602",""
"dataset:7e48175ff7a30538701782bba49e7c9ff1bea543ce695209b9875d80450dd35f","dm_index_n.grp_tag_client_open_stib","组合标签_是否开通科创板","PHYSICAL_IDENTITY","是","否","","2","K070","112602","112835;135973;144891;203119;208353;208983","144891;203119;208353;208983"
"dataset:7094ead342cfaf42b0d991f72dd405c41bc7e9f16425045d7d5348e70cd7e10a","odata_n_tit.d_risk_accumulated_notional","风险限额名义本金阈值","PHYSICAL_IDENTITY","否","否","","1","","112714","114019","112714"
"dataset:cc2a0ea0a24b17fda98e1f2cb58ccca8571f7e068e6bb3fd3d1d50e978fbab14","odata_n_tit.d_adm_audit_log","审计表","PHYSICAL_IDENTITY","否","否","","0","","112715","114026","112715"
"dataset:0b17e9ecf3bbaddb11b3f46ab29fbc37be9d56a0d652f176cea958ccd2a85001","odata_n_lss.s_v_ks_trade_comfirm_info","交易确认书信息表","PHYSICAL_IDENTITY","否","否","","1","","112773","182490","112773"
"dataset:b71f3badffed6dd612ba050dbe6fe737da1a26273db7ff0c46ce172d1fcbbb56","pdata_n.t03_otc_opt_comp_obsv_date_coup_info","每天一份快照，记录场外期权合约在各个观察日的票息（收益）计算与触发信息表。","PHYSICAL_IDENTITY","是","是（并非已逐分支核验）","docs/00-20260914-图谱认知/01-tit入模/02-TIT入模去向.md;docs/00-20260914-图谱认知/01-tit入模/05-去向与未命中分类.md","5","","112813;113014;113051;113053;207944","134143;134146;149779;159177;208266",""
"dataset:331a9f40d9bd4226cbc4d3913715981e66595b1157b81e41e6fe3db622eac3c0","pdata_n.t03_otc_opt_comp_coup_rate","每天一份快照，主要记录场外期权合约对应的票息率信息，包含：期权合约协议编号、修饰符、序号 年化票息率、创建人 / 创建时间、更新人 / 更新时间、数据来源、任务名、加载 / 更新时间、源表、业务日期等元数据、用于场外期权票息核算、收益计算与合约要素管理。","PHYSICAL_IDENTITY","是","是（并非已逐分支核验）","docs/00-20260914-图谱认知/01-tit入模/02-TIT入模去向.md;docs/00-20260914-图谱认知/01-tit入模/05-去向与未命中分类.md","3","","112814","134157;159177;220477",""
"dataset:e88dbc0ef0cb4b37b653cad8cd9cadbde55b21ba27fae598018ae934c1b47dcc","pdata_n.t03_otc_opt_comp_sett_info","每天一份快照，场外期权合约最终结算结果的核心记录表。","PHYSICAL_IDENTITY","是","是（并非已逐分支核验）","docs/00-20260914-图谱认知/01-tit入模/02-TIT入模去向.md;docs/00-20260914-图谱认知/01-tit入模/05-去向与未命中分类.md","3","","112816;112838","134538;159177;244919",""
"dataset:b021f2f3900ffa489d8424fcda15bd6ca2c4f13612e5c480ad04ebcef19319a8","pdata_n.t03_st_acct_open_info","股份转让投资者账户开通信息","PHYSICAL_IDENTITY","否","否","","3","K070","","112835;123569;193247",""
"dataset:914dd3a3755510b17eedf7ac06c0ad5652566fe10906904269336f68dce696f8","dm_index_n.index_grp1_incl_non_trd_nts_last_20d_avg_asset","客户_日均净资产_含限售市值&按身份证及客户名称粒度汇总_近20交易日_无备注信息","PHYSICAL_IDENTITY","否","否","","8","K070","","112835;119797;121401;121726;135973;140692;156244;156245",""
"dataset:74f3b52cd9ee27c899b0f81a525e53dc29121538dfa4fd3b9df30534e10f8ac7","dm_index_n.index_grp_custset_first_csdc_trd_date","客户_中登首次交易日期_按身份证粒度汇总_当日_零售柜台和机构柜台","PHYSICAL_IDENTITY","否","否","","4","K070","","112835;121401;135973;140692;170408;206945","170408;206945"
"dataset:7bb1b1e5685bd5b54b3dc69f7083908df57ae74d457952803482261dff53c06f","dm_index_n.grp_tag_indv_cust_bse_bcust_flag","组合标签_是否北交所潜在客户","PHYSICAL_IDENTITY","是","否","","0","","112835","144891;208353","144891;208353"
"dataset:3718c068fce597c50df49e8e4cda58cbe42a0e66d4c9d5560dcd805e5ebd4c4f","odata_n_tit.d_ref_option_deal_quote_reset","场外交易-RESET价格表","PHYSICAL_IDENTITY","否","否","","0","","112993;211471","126200;211813","112993;211471"
"dataset:8f7b43cd6fd2200718a33aeee825c259ba2246dad0efc2d241e7ca2f64f5d2b1","odata_n_uip.q_pfund_inst_amac","","PHYSICAL_IDENTITY","否","否","","1","","113476","213889","113476"
"dataset:d8a6a901ddad4ff158e6a374b4dc17092816e484a74dffa6fc2c54a5df0fd97f","odata_n_tit.d_ope_option_element","期权合约指标表","PHYSICAL_IDENTITY","否","否","","1","","113511","114024","113511"
"dataset:e30422a76dc29f784eb98545f2bc072ca1d8269d59d7f685740f1bd2bb6d5628","odata_n_tit.d_ope_trs_element","互换合约指标表","PHYSICAL_IDENTITY","否","否","","2","","113514","114023;206789","113514"
"dataset:f094ffb02ac50b5e4741dfd739a96c79ac4b5fb3cfe9d374f932a0d36eb2a9f8","odata_n_tit.d_ope_capital_acct_element","资金账户指标表","PHYSICAL_IDENTITY","否","否","","1","","113515","114021","113515"
"dataset:8719c5d94ae0b4fe49652a9f82c0a656ca6ee99f7812f4bfd5ee38402e9bfeb0","odata_n_tit.d_ope_margin_acct_element","保证金指标表","PHYSICAL_IDENTITY","否","否","","2","","113518","114020;206789","113518"
"dataset:98c2cb1510efdda1e00d1b083ae9610302b2099bcc44fcdd462910791f7cca3e","odata_n_ois.g_inr_base_rate","销售收入内部合约基础系数维护表","PHYSICAL_IDENTITY","否","否","","1","","113701","121683","113701"
"dataset:3afc186c5f2464cd92b1be5131bdbb146e4eeeab6ada1f5605c220a5aad282bd","odata_n_ois.g_inr_contract_mapping","销售收入内部合约类型映射表","PHYSICAL_IDENTITY","否","否","","1","","113708","121685","113708"
"dataset:37b0a88fa15c613f09d314b81ae9bbe03d83ce31c5c6d9fca378e07e2a66a5a9","pdata_n.t99_otc_deri_inr_base_ref","场外衍生品合约销售收入内部基础参数表","PHYSICAL_IDENTITY","是","否","","2","K071","121683","113993;114013",""
"dataset:2157572b1ff76d76fe1c6c396eeb25ea0edb08da325e70c3f6c891fac1056bf0","pdata_n.t99_deri_comp_base_coef_ref","衍生品合约基础系数参考信息","PHYSICAL_IDENTITY","是","否","","6","K071;K072;K099","133054;133055","113993;114013;118141;118143;220979;220981",""
"dataset:18456ad69394c0853d5d7ce0ba02521b90f98c3ef88a917b56c8e276b40bf947","pdata_n.t99_otc_deri_inr_base_mapping","场外衍生品合约销售收入内部基础参数分类映射表","PHYSICAL_IDENTITY","是","否","","2","K071","121685","113993;114013",""
"dataset:e5292cf4c3d5d35ff5a02346ffe42f3e35387161c6acdad7aa25ede5dd0de3e1","pdata_n.t99_deri_comp_sprd_coef_ref","衍生品合约价差系数参考信息","PHYSICAL_IDENTITY","是","否","","6","K071;K072;K099","133052;224028;246739","113993;114013;118141;118143;220979;220981",""
"dataset:647cd408e68ab1dadbd5825219bcf2df766f075fc87cbae404ca63d4d2283134","dm_otc_n.otc_inr_sale_para","场外衍生品对内合约销售收入参数","PHYSICAL_IDENTITY","是","否","","0","","113993","225389;225390","225389;225390"
"dataset:9d00e0390bfdd3fc192a6fade55d8ec0fbbd864d27dc109645bdfb9b4186e2ae","odata_n_tit.d_amazons3_file_info","S3附件信息表","PHYSICAL_IDENTITY","否","否","","2","","113999","124870;173964","113999"
"dataset:7674dd971f23820fa3615305411e35e33248c638bf777fb108d0590620d9de5e","pdata_news_n.t02_scr_isin_info","证券ISIN编码||t02_scr_isin_info","PHYSICAL_IDENTITY","是","否","","1","","114003","190113",""
"dataset:3bdece786b317c86f734811beb02da8a7363f3495fbd8e0178780c56cb9f265f","dm_otc_n.otc_inr_sale_daily_rpt","场外衍生品合约对内销售收入日报","PHYSICAL_IDENTITY","是","否","","0","","114013","",""
"dataset:d3f88159c458d6a951d398c632da5a99e43ff4ed1f328ffe92ab4a353db1cdad","pdata_n.t98_otc_deri_undrl_nom_prin_sum","每天增量追加，按标的资产维度汇总统计场外衍生品的累计名义本金","PHYSICAL_IDENTITY","是","否","","0","","114019","",""
"dataset:2dbd2d4d51c58065b3f42515697383b963fb8825e8de00af4e1194782683abd6","pdata_n.t98_otc_deri_marg_acct_valu_rpt_info","每天增量追加，场外衍生品保证金账户的日终估值与担保额度汇总表。","PHYSICAL_IDENTITY","是","否","","0","","114020","114782;184662","114782;184662"
"dataset:46752bcd8833ba0ef275dc27e42e15281f87e93fb74a9785500e3aa557cfe069","pdata_n.t98_otc_deri_ast_acct_valu_rpt_info","每天一份快照，场外衍生品资金账户按日估值与余额分类统计","PHYSICAL_IDENTITY","是","否","","0","","114021","114782;184662","114782;184662"
"dataset:68f0514d012a64a7a11c3e1f4fad26e670285b8af00015051e56589448454358","pdata_n.t98_otc_comp_valu_rpt_info","每天增量追加，场外衍生品合约逐日估值与资金占用核算报表。","PHYSICAL_IDENTITY","是","否","","0","","114023;114024","114782;184662","114782;184662"
"dataset:bf7bfea0901c1b86e0f1d814fc3928700e3b7f8c7f0a4863c928c48d8e70db2a","pdata_n.t05_sb_otc_comp_modif_log","每天全量更新，记录 OTC 账户修改操作日志，包含操作人、修改字段、新旧值、处理结果与建议，用于操作审计、变更追溯与风险管控。","PHYSICAL_IDENTITY","是","是（并非已逐分支核验）","docs/00-20260914-图谱认知/01-tit入模/02-TIT入模去向.md;docs/00-20260914-图谱认知/01-tit入模/05-去向与未命中分类.md","1","","114026","155015",""
"dataset:10f484d23ea9000be5cc31a95a7b46465de6af997792a25681373e8d649c4a56","odata_n_smt.h_secu_change_history","历史股份变动明细表","PHYSICAL_IDENTITY","否","否","","1","","114170","136076","114170"
"dataset:2cf00e83608f08faec376210414ddebfb1df3b30f96998951697b11615ba0b85","odata_n_tit.d_ref_correlation_daily_info","相关性数据表","PHYSICAL_IDENTITY","否","否","","0","","114497;114499","117794","114497;114499"
"dataset:a15cd9284a89a034625e6894179f2dc8cf76e9fa8724200e9deb2b9a4398aac0","dm_index_n.index_grp_opt_trd_amt_rcc","组合指标日表","PHYSICAL_IDENTITY","否","否","","2","","","114545;149991;150023;202354;210140","150023;202354;210140"
"dataset:dd7e77d8a0f2c3226e48acc02bf7b913ff1e8dc73d8ef3e0c87f20534f14335a","dm_index_n.index_grp_opt_trd_amt_mth_rcc","客户&分公司&营业部_交易金额_衍生品账户_当月_零售柜台","PHYSICAL_IDENTITY","是","否","","0","","114545","150023","150023"
"dataset:75fe6e26b8ec40ae8fbd1e087d6d39e06645e107ff75affe5101c53529a12351","dm_index_n.grp_tag_client_is_open_srp","组合标签_是否开通股票质押","PHYSICAL_IDENTITY","是","否","","0","","114555","144891","144891"
"dataset:ec6cdc6fae3e13028521bff8cac9c0c71087f4919f8b7dcc2fad4f520314da88","odata_n_alm.g_business_variety_configuration","业务品种配置表","PHYSICAL_IDENTITY","否","否","","1","","","114607",""
"dataset:0b923736e36117f9769eeda7f460a7e66b9cbfef3c4e47045b2a8f2ce98f86ec","pdata_news_n.t02_oth_assm_busi_plac","资管业务配置表","PHYSICAL_IDENTITY","是","否","","0","","114607","134690","134690"
"dataset:d488e3c7ea5809e2286bc247ed7dd1c7804605230f950a55d7e798e607692546","dm_index_n.index_grp_cust_last_auth_date_ew","客户_末次认证日期_企业微信_无计算维度_无备注信息","PHYSICAL_IDENTITY","是","否","","0","","115321","208983","208983"
"dataset:59860562dcc8227d0c92da7514083dc2cd14ec4a2a274229aaf8518d3a5f5526","dm_index_n.index_grp_cust_prdcd_prdname_mval_ostfnd_last3d","客户_产品代码&产品名称&市值_场内基金_最近3个交易日_零售和机构柜台","PHYSICAL_IDENTITY","是","否","","0","","115939","208983","208983"
"dataset:b184a29ccdc9748c9ec8553194395998cb0faf1af1d792541af2ce0c0b0c6945","odata_n_uip.w_ashareholder","中国A股股东","PHYSICAL_IDENTITY","否","否","","1","","116608","233372","116608"
"dataset:9705c5c0f8da2a0da27d8df0ac4be1716ee9a6a634a7588ced6f2367ebd83c26","odata_n_oom.f_otc_derivative_counterparty","","PHYSICAL_IDENTITY","否","否","","1","","151810","116925;157884;157885;179726","151810;157884;157885"
"dataset:096d8de688895cc8ee78a3a2cf1e13dd3e37ec87e80336a80eae6eb48fa6c15a","pdata_nds.f_otc_derivative_counterparty","固收交易对手方","PHYSICAL_IDENTITY","是","否","","0","","116925","219085","219085"
"dataset:ec1a6b5fb7171c1af613283ba14ed4342293eef019a6fa3d1c539e1ea08d94f5","pdata_nds.otc_derivative_counterparty","OTC交易对手方","PHYSICAL_IDENTITY","是","否","","2","","117081","133136;166676",""
"dataset:e0980cc7b6b32d4c193e92a90f1e04256666059f55885b62dbbe365cef87d5ad","pdata_nds.pos_eod_calc_metrics","OTC期权日终持仓","PHYSICAL_IDENTITY","是","否","","3","K030","117337;141369","134191;148697;165949",""
"dataset:f75b3e971ab907d86ddec5fb0656b2c196847d7417698acd8ab90e16a2ac9935","odata_n_tit.d_ref_option_autocall_ki","AUTOCALL风险障碍信息表","PHYSICAL_IDENTITY","否","否","","1","","117478;119865","119465;156496;211695;228609","117478;119865"
"dataset:152d4b5165b47236db9a98ae623406cf768f84243e8dd156f9a185b145ba4809","pdata_news_n.t02_oth_corre_fctr","相关性因子表","PHYSICAL_IDENTITY","是","是（并非已逐分支核验）","docs/00-20260914-图谱认知/01-tit入模/02-TIT入模去向.md;docs/00-20260914-图谱认知/01-tit入模/05-去向与未命中分类.md;docs/00-20260914-图谱认知/01-tit入模/T02-产品标的与市场数据/02-行情与市场参数/04.2 相关性.md;docs/00-20260914-图谱认知/01-tit入模/T02-产品标的与市场数据/his/产品标的与市场数据.md","3","K009","117794","163633;176827;194609",""
"dataset:472ba8145fb4e6e68917a5bdf03817f3deba6b1efb134e6a7fd2274f6ad60d6d","dm_otc_n.trans_marg_ctrl_info","保证券数据推送","PHYSICAL_IDENTITY","是","否","","0","","117812","229980","229980"
"dataset:aad6e68c9e30b6ded651831ca26a8015354e7bfee43fabcd89eb0ce56030ff71","dm_otc_n.trans_marg_ass_scr_info","OTC保证券数据推送57604","PHYSICAL_IDENTITY","是","否","","0","","117826","",""
"dataset:494292c27531d90d80ceb6d5db79d08544c425b5dbdace2ae93a58c39e7fa1cf","dm_otc_n.trans_marg_undrl_scr_info","OTC融资标的证券数据推送","PHYSICAL_IDENTITY","是","否","","0","","117827","118066;229982","118066;229982"
"dataset:6ee0a4af8935c234a37e15ff9521cc8f2b5596d8b0b3968b93355fecca17474d","odata_n_tit.d_ref_main_contract","主合约信息表","PHYSICAL_IDENTITY","否","否","","1","","117928","117940","117928"
"dataset:ed73155a54f70968d28d0804f05815372a9c4f92261f543595954ad6d85bd339","pdata_nds.pos_position_daily","持仓-账户每日持仓数据表","PHYSICAL_IDENTITY","是","否","","16","K030;K004;K021","117937;160818","134191;134474;148697;159489;159495;159497;159506;160791;160792;160794;160795;165949;188414;188419;188424;188429",""
"dataset:ee1a58a5aeae3d7192bec92f294a59f7fe75fc79a863bf790cc05911129a0abc","pdata_nds.ref_main_contract","OTC主合约信息表","PHYSICAL_IDENTITY","是","否","","2","","117940","118174;175112",""
"dataset:5ff7183315a00614472462f2fce281dc0454210970d00d60b0e0ec5821b90054","pdata_n.t99_deri_comp_type_base_coef_ref","衍生品合约类型基础系数参考信息","PHYSICAL_IDENTITY","是","否","","2","K072","133056","118141;118143;245631;245660;245696","245631;245660;245696"
"dataset:99fd94dea7f1f99fdf01a4b43d53baa501c66940a972d8bb2f81ed7b407552db","pdata_n.t99_deri_cutp_comp_type_sprd_coef_ref","衍生品对手方合约类型价差系数参考信息","PHYSICAL_IDENTITY","是","否","","2","K072","133049","118141;118143",""
"dataset:2d6b6d3e58778fb35e9be007c66fa2790999291aa86e442e043fe52c99395a35","pdata_n.t99_deri_comp_type_fnd_cost_ref","衍生品合约类型资金成本参考信息","PHYSICAL_IDENTITY","是","否","","1","K072","133057","118141;245631;245660;245696","245631;245660;245696"
"dataset:bf49bbead54e21848def76aa3b3a33741b1b203eccef14ba6a29b227d2f78d4f","dm_otc_n.otc_sale_daily_rpt","场外衍生品合约交叉销售收入日报","PHYSICAL_IDENTITY","是","否","","0","","118141","",""
"dataset:ac3e67db55b9d193a5eaaa9fe65eec5fb75e1833c0d7054fd473f98a1c40bed2","dm_otc_n.otc_sale_para","场外衍生品合约交叉销售收入参数","PHYSICAL_IDENTITY","是","否","","0","","118143","225389","225389"
"dataset:568acaa46277d981c1ef7345e752c0d77fd9cc40d0fe4ab74fd1c017418869e3","pdata_nds.trd_otc_contr_report","OTC交易-合约报备信息","PHYSICAL_IDENTITY","是","否","","12","K004;K021","118156;160829","159489;159495;159497;159506;160791;160792;160794;160795;188414;188419;188424;188429",""
"dataset:bb439d8c9803c98c0ef9d354966515dd493d5fd8b330cabac8b08a344319ba68","pdata_nds.pos_trs_leg_current_pos","持仓-TRS浮动及结构化腿虚拟当前持仓","PHYSICAL_IDENTITY","是","否","","6","K074","119514","118174;138206;172371;173843;187506;212078;221300","212078"
"dataset:8bfedab27396b1ef2107fed850807e8ed54089c754022acbff7bfb955880ded2","pdata_n.t98_sb_otc_swap_comp_info","每天一份快照，公司自营场外互换业务的核心合约主数据表","PHYSICAL_IDENTITY","是","否","","22","K008;K083;K034","163672;211623","118174;138186;138194;138206;138208;154591;155118;163286;171179;171347;171364;171370;171450;173559;173843;176330;176610;176864;176930;176941;177390;178833;199176;204172;207514;209894;218601;219085;232836;237586;241773;243229;243650","171450;176610;177390;178833;204172;207514;209894;219085;232836;237586;243229"
"dataset:61d0637e4ffc7ca0ea330c060967d770e159b0c8b962c2463461f7c81b66df92","pdata_nds.ks_trade_comfirm_info","金仕达交易确认书信息表","PHYSICAL_IDENTITY","是","否","","2","","119487","118174;159498",""
"dataset:30454e62d47e0fe4abc2a5d301c1f886c08e10557f7d3ff0c2b00273d94bc8cd","dm_fin_n.v_fin_trs_plreport","财务视图-TRS盈亏报表","PHYSICAL_IDENTITY","是","否","","0","","118174","",""
"dataset:99086cfaac83507eb529254f9184bc60459c8a7c2823458a9518b9117e59a894","dm_index_n.index_grp_cust_oact_org_prov","客户_省份_开户营业部_无计算维度_无备注信息","PHYSICAL_IDENTITY","是","否","","0","","118180","208983","208983"
"dataset:6bb80efc251b793f1930bb95ca4ce558523fe785986ae2f0d13e547b0935a9a0","pdata_n.t98_sb_otc_opt_comp_info","每天一份快照，公司自营场外期权业务的核心合约信息表","PHYSICAL_IDENTITY","是","否","","19","K009;K083;K087","119044","150790;154591;159177;169145;171179;173563;173843;175990;176360;176599;176600;176827;176831;176839;176877;177267;177390;178833;181058;182997;199178;201568;207513;209894;219085;232836;237586;241773;243650","176599;176600;177390;178833;201568;207513;209894;219085;232836;237586"
"dataset:3a5543f5aa258d23b42ee4f0cad7a66645c09d2f5771e9e337b1dd83931fd392","odata_n_tit.d_risk_ctpty_limit_threshold","【AI】风控视图-限额阈值","PHYSICAL_IDENTITY","否","否","","0","","119127","229973","119127"
"dataset:71ddce3491c036d53ad3f037a4863af2c41663e334cc1f903079abde9b999087","pdata_news_n.t02_opt_deri_idx","期权衍生指标","PHYSICAL_IDENTITY","是","是（并非已逐分支核验）","docs/00-20260914-图谱认知/01-tit入模/02-TIT入模去向.md;docs/00-20260914-图谱认知/01-tit入模/05-去向与未命中分类.md;docs/00-20260914-图谱认知/01-tit入模/T02-产品标的与市场数据/01-产品基础资料/02.5 AUTOCALL风险障碍条款.md;docs/00-20260914-图谱认知/01-tit入模/T02-产品标的与市场数据/his/产品标的与市场数据.md","0","","119465","",""
"dataset:48cf200482cbbce15351f667e210e46c6915b786d8cdce9fb21084159de06618","pdata_nds.trd_otc_trade","交易-OTC—交易表（父类）","PHYSICAL_IDENTITY","是","否","","13","K004;K021","119489;160811","159489;159495;159497;159506;160791;160792;160794;160795;171179;188414;188419;188424;188429",""
"dataset:a0d258caf8bb496450f5b4a3eb77c4168ed3a3aa57804ddc161d8310a5e7d523","pdata_nds.pos_trs_leg_valuation","持仓-账户TRS LEG每日估值","PHYSICAL_IDENTITY","是","否","","8","K004","119563;160822","159489;159495;159497;159506;160791;160792;160794;160795",""
"dataset:91c044b29496ac4f3ab6eb1b7b99ea86c254465756f239210bed6263195016ce","pdata_nds.pos_trs_leg_his_pos","持仓-TRS浮动及结构化腿历史持仓","PHYSICAL_IDENTITY","是","否","","9","K004","119640;160828","134476;159489;159495;159497;159506;160791;160792;160794;160795",""
"dataset:8db1d5394f237f478b59ade235c71dbe60c92a42430bade7d573fb2e9f0c0abc","pdata_nds.pos_trs_underlying_valuation","持仓-账户TRS 标的估值表","PHYSICAL_IDENTITY","是","否","","8","K004","119641;160821","159489;159495;159497;159506;160791;160792;160794;160795",""
"dataset:98171a81a932ab23a496363727e9f78a902525f779264c14366b9525957c3b9e","dm_index_n.grp_tag_client_is_elig_std_covt_bond","组合标签_客户是否达标可转债适当性门槛","PHYSICAL_IDENTITY","是","否","","0","","119797","144891;206467;206510;208983","144891;206467;206510;208983"
"dataset:c04c8b4c2e51016261dbf07c2675de75bedd1b8b96a439d01830e9a48db3ec17","dm_index_n.index_grp_total_asset_avg","日均总资产_1至31日_零售和机构柜台","PHYSICAL_IDENTITY","否","否","","1","","","119885",""
"dataset:5570a9b91c9b5a0a2bdca8b0e2077df01f707d423f9ad81db431319b3edb41b1","dm_index_n.index_cust_tnramt_finprd_delcash_mthapd_dealday","客户_保有金额_金融产品&剔除现金增利_当月日均&交易日_无备注信息","PHYSICAL_IDENTITY","否","否","","1","","","119885",""
"dataset:d495a478f4ab68d88db6813200e76f6b317e8a874532b698aeed56e79f7c4651","dm_index_n.grp_tag_client_lvst_prefr_clas_mth","组合标签_投资偏好_自然月","PHYSICAL_IDENTITY","是","否","","0","","119885","208983","208983"
"dataset:a1f925cedc995753106b5af84299bffb7b20b02de95818e6de9fc8b0304037b2","dm_index_n.index_grp_asset_net_in_amount_rcc","客户_资产净流入金额_无限制条件_当日_零售和机构柜台","PHYSICAL_IDENTITY","否","否","","1","","","119889",""
"dataset:272938e34ef82ccc34368f0e2fb84e1ff93cdfd3b5c60e513357daf61bc89ee3","dm_index_n.index_grp_cust_astnetinamt_mth","客户_资产净流入金额_无限制条件_当月_无备注信息","PHYSICAL_IDENTITY","是","否","","0","","119889","206454","206454"
"dataset:5e4a14b8b79eab6e5bb2db745c4cda0d8b832a0ecd4401c4bbf7251f95172843","dm_index_n.grp_tag_client_is_open_btrd","组合标签_客户是否开通大宗交易权限","PHYSICAL_IDENTITY","是","否","","0","","119910","208983","208983"
"dataset:ba62bae74e2521293274f79f8919811f41c1fc9c6821c101540f5264497db4f4","pdata_news_n.tyzx_exch_quot_h","证券-每日行情信息","PHYSICAL_IDENTITY","是","否","","1","","144765","119974",""
"dataset:17b5b102c0d2ab1e9f2eced0a14649defb6ad14c80b2a296c53172d1e58d9731","dm_otc_n.otc_strg_mkt_quot","OTC策略指数行情","PHYSICAL_IDENTITY","是","否","","0","","119974;208713","121078;208726","121078;208726"
"dataset:56e52a79b19d310d7afe95e2f8c859a36707af639a35e746204711992631162f","pdata_news_n.t02_scr_lbl","证券标签表","PHYSICAL_IDENTITY","是","是（并非已逐分支核验）","docs/00-20260914-图谱认知/01-tit入模/02-TIT入模去向.md;docs/00-20260914-图谱认知/01-tit入模/05-去向与未命中分类.md;docs/00-20260914-图谱认知/01-tit入模/T02-产品标的与市场数据/01-产品基础资料/05.2 金融工具标签.md;docs/00-20260914-图谱认知/01-tit入模/T02-产品标的与市场数据/his/产品标的与市场数据.md","2","","127897","119976;146386",""
"dataset:0a406e8a4872de3e522f3f89bb6c43f3a2218be2c04427d528b8f33a9ee5687f","pdata_nds.ref_instrument","OTC证券-证券基本信息","PHYSICAL_IDENTITY","是","否","","1","","120051","119976",""
"dataset:66a3ab01a07280963a2b5585c08a9a3d353b57a506a9f1a290816a9d155338ba","dm_otc_n.otc_undrl_def","OTC互换标的池","PHYSICAL_IDENTITY","是","否","","0","","119976","121077","121077"
"dataset:068e80d924ecb0bc6acd5cf0080cbefaf85ccda4a1cc57a50025b9d59d9a3453","odata_n_tit.d_ref_instrument_tag","证券-证券标签表","PHYSICAL_IDENTITY","否","否","","0","","120003","127897","120003"
"dataset:26e46fa5d378ba62bdba00d6918ea8f743b09de3a0ed8d58585cca92a37f37c9","pdata_nds.ks_trs_for_risk","账簿映射关系表","PHYSICAL_IDENTITY","是","否","","1","","120007","159498",""
"dataset:7bbb8eb86a2480bd28bcd2ae3f44cc7616fc772665e90c361ebd6a677bf3b956","odata_n_tit.d_pos_bucket_vega_metrics","期权合约维度日终bucket定价指标表","PHYSICAL_IDENTITY","否","否","","3","K086","165953;211779","120040;168293;211730","165953;211779"
"dataset:194f893cf01bb4bb052718cbf4c4ebe01b56280fdea34e9f6233e9d91b377d65","pdata_nds.pos_bucket_vega_metrics","期权合约维度日终bucket定价指标表","PHYSICAL_IDENTITY","是","否","","1","","120040","166021",""
"dataset:6e18d4347eb68157c5a044a497ce56ac19e8cda24e895b59ab1b0a9dc65f01a0","odata_n_tit.d_v_fin_trs_plreport","财务视图-TRS盈亏报表","PHYSICAL_IDENTITY","否","否","","1","","121242","121315","121242"
"dataset:0d472440e0747ba825bdac693a3f8cdf386ec6ecefdb36469e9e025d7e2197dc","pdata_n.t05_ams_ta_acct_cfm_evt","资管TA账户确认事件","PHYSICAL_IDENTITY","是","否","","1","","121280","208909",""
"dataset:4e36a791837e660b406f32424d8b4ef18e5045dde72077dcf01a83c7624cb7fd","pdata_nds.fin_trs_plreport","财务视图-TRS盈亏报表","PHYSICAL_IDENTITY","是","否","","5","","121315","121327;199212;199845;199871;200199;202510","199212"
"dataset:d5dae19c22f653f869d189c249e57825a3614190d63660a8936d838859a1a0aa","dm_index_n.grp_cust_open_gem_flag","组合标签_客户_是否开通创业板股票权限","PHYSICAL_IDENTITY","是","否","","1","","123593","121401;144891;203119;208353","144891;203119;208353"
"dataset:6e18e16344e6879e763a1ebd05db647615c28bcc094dc75a4ed8aa538678176f","dm_index_n.grp_tag_client_potn_gem_cust_flag","组合标签_是否潜在创业板客户","PHYSICAL_IDENTITY","是","否","","0","","121401","144891;208353","144891;208353"
"dataset:1a3dacafa450f2ef7a418601c4120a285b5d9d8fc7782ac1c2aff3935aaefb24","odata_n_crm.c_tjcxsgx","交叉销售关系","PHYSICAL_IDENTITY","否","否","","1","","121403","123795","121403"
"dataset:834a9e32672fb1e78d2e82db7447b346e6230659dfe8bd1c86f1389615bba3c9","pdata_nds.bpm_flow_result","BPM流程结果","PHYSICAL_IDENTITY","是","否","","2","K073","121422","121433;121434",""
"dataset:cfe99d7da53562643da77e9c81c75b1ec08391320e602edb9c3cc38358017f21","pdata_nds.bpm_oa1100_comment","BPM流程意见","PHYSICAL_IDENTITY","是","否","","2","K073","121423","121433;121434",""
"dataset:1eb078209882d4c6cecd53149e0255aef243537046a46994c8fcd7de9fb096db","pdata_nds.deriv_client_admit_flow_brk","OTC客户准入流程","PHYSICAL_IDENTITY","是","否","","2","K073","121425","121433;121434",""
"dataset:30a69bfd04a895dab32658594c007c4ac76b7092065588f20e599fb886d9dc6e","dm_index_n.grp_tag_indv_cust_exam_valid_cust_flag","组合标签_考核当年新开发有效户","PHYSICAL_IDENTITY","否","否","","3","","","121540;202538;202539;203119;232164;232820;234954","121540;203119;232164;234954"
"dataset:ee70e2cdd71d350031b2f4a1e6e2e1f1e22c13f4265c002a8e70a5ace547f60c","pdata_n.t98_sb_otc_opt_sub_trd_prcg_indx","每天一份快照，自营场外期权合约按日计算的希腊字母（波动率风险）定价指标表","PHYSICAL_IDENTITY","是","否","","10","K009","121573;121574;154812;154813;154814;160493;160494","150790;155118;155157;171179;172318;175990;176827;176831;176839;181058",""
"dataset:aaa49c4d55afcbcf9fbcb4775d84fa23582e18e485f1a08b7289391adc7dd2cb","pdata_n.t98_sb_tit_day_hold_indx","每天一份快照，自营投资管理业务日终持仓核心指标表","PHYSICAL_IDENTITY","是","否","","10","K009","121575;121720;243712","150790;155906;171179;173843;175990;176827;181058;199736;207513;219735;227251;227254;230202;231741;234568","207513;227251;227254;231741;234568"
"dataset:f31c859dbb7de4b5315267773aff9ebd1dde402a6e790eade8331f2d18a5baf0","pdata_n.d_pos_eod_calc_metrics_temp","","NONE","否","否","","0","","","121720",""
"dataset:a9c16de775dfc12b5831ed1824e5e260700ebd7e616cf4f0a9b3797d387cc38f","pdata_n.t03_scr_acct_csdc_info","证券账户中登信息","PHYSICAL_IDENTITY","否","否","","1","","","121726",""
"dataset:197cd9d538c673a043c0c9d7519edf702b0b2422068df47bbc0750c9478b4069","dm_index_n.index_grp_norm_opt_acct_last_open_date","资产账户_衍生品账户开通日期_末次&账户状态正常_当日_零售和机构柜台","PHYSICAL_IDENTITY","否","否","","1","","","121726",""
"dataset:6a693f3300863aa37486f78a8aaa708d038c62a8052d8a9ef7f781a2acae3427","dm_index_n.index_grp_norm_opt_acct_fir_close_date","资产账户_衍生品账户销户日期_首次&账户状态正常_当日_零售和机构柜台","PHYSICAL_IDENTITY","否","否","","1","","","121726",""
"dataset:75d51f4ec13df351f90b4f66c7825bc832c282ef2b9e5e192421b9a318ed4d44","dm_index_n.grp_tag_client_potn_flag","组合标签_是否期权潜在客户","PHYSICAL_IDENTITY","是","否","","0","","121726","144891","144891"
"dataset:9aba9c1c6dc1600cd99572617f127e592eb132db20be5804c91e5f850b32d0c2","odata_n_xir.m_tir_series","","PHYSICAL_IDENTITY","否","否","","1","","122161","125380","122161"
"dataset:b8143d2fdf2287fd8e7a498a91046f0227e552d95e2278277aedc02103e6b832","dm_index_n.index_org_uscc","机构_统一社会信用代码","PHYSICAL_IDENTITY","是","否","","1","","122189","136912",""
"dataset:34a4a7be7b40f790fff9f91034b170ad541139a49fea9dfdb056e0070022bc83","dm_index_n.index_org_org_cd","机构_组织机构代码","PHYSICAL_IDENTITY","是","否","","1","","122206","136912",""
"dataset:369d2bcd2aa0837c973684e87766f5b17bab367cb56e18171186d4f6dc82e849","dm_index_n.index_org_busi_reg_no","机构_工商注册号","PHYSICAL_IDENTITY","是","否","","1","","122207","136912",""
"dataset:674cef806233caddd59d9a54cbf09ca2d296e5b51fa4e70d027099936b292ffc","dm_index_n.index_grp_apdmval_last20_dealday","客户_日均市值_近20个交易日_当日_零售柜台和机构柜台","PHYSICAL_IDENTITY","否","否","","2","","","122736;126217",""
"dataset:1d3716eda07c894e6d4bddd477a40a579d0a728d489e3b08b0a5077361eb36a3","dm_index_n.index_grp_apdmval_vari_last20td_compr_one_year","客户_日均市值变化值_近20个交易日&对比1年前_当日_零售柜台和机构柜台","PHYSICAL_IDENTITY","是","否","","0","","122736","206454","206454"
"dataset:89b82fcd06dd0cd385c2c7fd8f8e68ac2c8c70df9be94f68c7037e86d80f96dc","dm_index_n.index_grp2_goodqty_welf_shop_tdy","客户*商品_商品数_福利商城_当日_无备注信息","PHYSICAL_IDENTITY","否","否","","1","","","123377",""
"dataset:9b1d997a7b46e832d15243622758d1f7e5fa89ff7cec8b327a931eab9b7385f5","pdata_n.t04_gft_user_adtnl_info","广发通用户附加信息","PHYSICAL_IDENTITY","否","否","","1","","","123377",""
"dataset:6019f9455446724406e103217b15bc6910aad83c41d82b3cef551f127927446a","dm_mast_n.user_portr_id_distr","用户画像ID配号表","PHYSICAL_IDENTITY","否","否","","1","","","123377",""
"dataset:e21eca94e44833297a0fda8f5e87543d2d662636fbac6e327ce4968ec94660a5","dm_index_n.index_grp_cust_times_chgpoint_tdy","客户&广发通&对客系统用户_积分兑换次数_福利商城_当日_无备注信息","PHYSICAL_IDENTITY","是","否","","0","","123377","208983","208983"
"dataset:7c9d8ace23e8987fb74e0d2b8e4d4c6a7923db5331fb68d270c3004fac3ff740","dm_index_n.grp_tag_client_cust_whth_open_bse_righ","组合标签_客户_是否开通北交所权限","PHYSICAL_IDENTITY","是","否","","0","","123569","144891;203119;208353","144891;203119;208353"
"dataset:3e9e28c1531aad8ac740f9d653476d05e5e5a39335df49c52b1a2a6ab3aeb1c0","dm_index_n.grp_cust_open_marg_flag","组合标签_客户_是否开通融资融券","PHYSICAL_IDENTITY","是","否","","1","","123590","144891;203119;208353;237421","144891;203119;208353"
"dataset:8dc647b91b69fd45145e39739357f7443e68bc2a1b79a2aac2637531d8d6bd17","pdata_news_n.nds_oversea_listed_opt_quot","境外场内期货行情数据","PHYSICAL_IDENTITY","是","否","","1","","221838","123597",""
"dataset:0c5ca481cad5dca61a9d7e8582b33747c0a4ddbf0547d3305ccbced0a3d6f38f","dm_index_n.grp_cust_open_sz_mhs_flag","组合标签_客户_是否开通深市港股通","PHYSICAL_IDENTITY","是","否","","1","","123712","144891;156245;203119;208353","144891;203119;208353"
"dataset:b60ad62042f057b4fc11bc1edd51c561baa3ed5b56dd462da13b02579c73a032","dm_index_n.grp_cust_open_sh_mhs_flag","组合标签_客户_是否开通沪市港股通","PHYSICAL_IDENTITY","是","否","","1","","123713","144891;156244;203119;208353","144891;203119;208353"
"dataset:b58dc64ed84a30ec68171fbd260832f3811c8deb2395f122c2f8d162bbae4410","dm_index_n.index_grp1_cust_incm_allcali_mth_all","客户_创收_全口径_当月累计&每日更新过去13个月数据_零售和机构柜台","PHYSICAL_IDENTITY","是","否","","8","K084;K094","152879","123726;125079;125840;126255;158480;159756;177395;177407;177677;177681;189181;190435;196245;196248;196465;197534;197701;197760;201299;202295;203102;203119;208186;218029;218037;224741;228803;234954;237421","123726;125079;125840;126255;177395;177407;177677;177681;190435;196245;196248;196465;197534;197701;197760;203119;218029;218037;224741;228803;234954"
"dataset:6733e8f57705f794074972d8329fa1c90d86e43f53587186ebf5f4ab5677ac20","pdata_n.t98_otc_trd_cutp_dms_info","OTC境内交易对手信息","PHYSICAL_IDENTITY","是","否","","0","","123776","127360","127360"
"dataset:7f7b8e5d23887635564cfea381a81e49fa5dd286b5de140608c2ff95e901b4df","pdata_n.t98_otc_trd_comp_info","OTC交易合约信息","PHYSICAL_IDENTITY","是","否","","0","","123781","127360;140740;235094","127360;140740;235094"
"dataset:2efbaf138527897d4e9245e05bcac3b10dd10f27cbfa1af086af88eaaa1d453e","dm_index_n.index_grp_newcust_page_view_times","客户_浏览次数_新客专享页面_当日","PHYSICAL_IDENTITY","否","否","","1","","","124177",""
"dataset:4a36be4bf9e79ed2c1ba626a417b6ff29caa7cff6dfad3087e9a46bf81957350","dm_index_n.index_grp_newcust_page_view_times_30d","客户_浏览次数_新客专享_最近30天","PHYSICAL_IDENTITY","是","否","","0","","124177","208983","208983"
"dataset:999b06d2f443e5a3f4094892a4ee305e8afefa35218c6525e65fef0ec63a9389","odata_n_ois.g_process_expired_remind","回访、证件到期、公开信息流程到期提醒表","PHYSICAL_IDENTITY","否","否","","1","","124224","133130","124224"
"dataset:141786daf7d12de3381483de36822634f3812d9de63dacd870fd9eef6fb8f438","temp_n.emp_pos_bel_org_div_his","员工历史岗位所属营业部及分公司","PHYSICAL_IDENTITY","否","否","","0","","","124476;135361;135530;135663;136128;136188;137594","124476;135530;136128;136188;137594"
"dataset:3f5272bfe7d539468c3b827c913019d73041608c8161219f8683b2fd1c43278f","pdata_n.t05_oao_ord_log","网上开户订单日志","PHYSICAL_IDENTITY","否","否","","4","K077","","124476;134251;135361;135663;136188;136990;137594","124476;136188;137594"
"dataset:25f80aa6e6f8016c83130a052766bd0436b78145ff59501821c33c20b76c3057","pdata_nds.oao_cust_oact_analyze_detail","网上开户订单各步骤审核明细","PHYSICAL_IDENTITY","是","否","","3","K077","134251","124476;135361;135663;136128;136188;136990;137594","124476;136128;136188;137594"
"dataset:e30751067f050e5f33efce2beb804624d58c355f9bebd84c69487a5ddb4bd300","pdata_n.temp_1","","NONE","否","否","","0","","","124561;211547",""
"dataset:6b1490ad768140a600e0afc1cbec354bc721de5e8d17c66f7e8d03bbef699adb","pdata_n.t98_otc_opt_comp_eday_prvs_fee","每天增量追加，场外期权合约每日费用计提明细台账，用于期权费用逐日核算、支取管理、财务对账与费用全周期追溯。","PHYSICAL_IDENTITY","是","否","","1","","124561;211547","230202",""
"dataset:f64da54275544be64ad4f429c65fb309e117af6e25d2c88733487c80c41aa6e8","pdata_n.t05_otc_swap_comp_hold_chg_det","每天全量更新，记录互换合约期限调整相关事件，包含合约持仓、合约标识、交易腿序号、产品及标的信息，记录发生数量、金额、币种、损益变动、费率等核心核算字段，同时附带创建与更新信息、ETL 溯源字段，用于互换合约期限调整后的估值核算、台账留存与业务追溯。","PHYSICAL_IDENTITY","是","是（并非已逐分支核验）","docs/00-20260914-图谱认知/01-tit入模/02-TIT入模去向.md;docs/00-20260914-图谱认知/01-tit入模/05-去向与未命中分类.md","4","K099","124564","134548;138206;146386;176610;207514;220979;228195;234575","176610;207514;228195;234575"
"dataset:e6b67c0fc34ddfbadb97e4bbe7493b375c09386340e2e5bca62dcf7c3b2f625f","pdata_n.t05_otc_comp_dura_chg_evt","每天增量更新，记录场外合约事件、事件日期、类型、状态，包含名义本金调整、提前终止价格、现值、费用、汇率、利率、行权 / 分红相关信息及交易员等内容，用于场外衍生品合约事件核算、估值与台账追溯。","PHYSICAL_IDENTITY","是","是（并非已逐分支核验）","docs/00-20260914-图谱认知/01-tit入模/02-TIT入模去向.md;docs/00-20260914-图谱认知/01-tit入模/05-去向与未命中分类.md","14","K009;K099","124565;124566;216458","134540;134546;138206;146386;159177;176599;176600;176610;181058;181553;181555;181556;187506;187509;207458;207514;208755;220979;228195;229121;234575","176599;176600;176610;207458;207514;228195;234575"
"dataset:3d7a0a0e61209c553e89c8193f30bd79c4658d40b10c8e632b2ee0834664bdcb","dm_otc_n.compliance_officer_info","合规负责人信息","PHYSICAL_IDENTITY","是","否","","0","","124737","",""
"dataset:f9585d430e2e93dc2f2fffe19ca3d3ba3c12e7ce07e5677de065601007f5ffb7","odata_n_tit.r_ref_option_quote_reset","期权reset行情","PHYSICAL_IDENTITY","否","否","","0","","124865","139409","124865"
"dataset:7d8bc8f2c7148eef0cf7963ddb7f8aabbb7191de8fad8542a2dcfac240ef4577","pdata_n.t00_tit_s3_attach_info","自营投管S3附件信息","PHYSICAL_IDENTITY","是","否","","0","","124870","",""
"dataset:1b7cda6934cc6e4e183088d94e3aae0050ff4215456ea59a3a67fcd16c984ec4","pdata_news_n.t02_ira_fixing_repo_rate","回购定盘利率","PHYSICAL_IDENTITY","是","否","","1","","125380","201282",""
"dataset:c41cdb71d78e6b818f5cdf3e2f0f0267cb9826c8c7ec6a7a9650c13362b7f165","dm_index_n.index_grp1_firusedate_rsrvnew_retcntr","客户_首次使用日期_预约打新_无计算维度_零售柜台","PHYSICAL_IDENTITY","否","否","","1","","","125474",""
"dataset:97a6b22bc8f8e18ab32f2fbd746d61c68065c44cb38c956c005ec458cfb6c133","dm_index_n.grp_tag_client_whth_used_rsrv_purch_ipo","组合标签_是否使用过预约打新","PHYSICAL_IDENTITY","是","否","","0","","125474","208983","208983"
"dataset:0457511575adcbcba5639533d49a64a30c9b66769ebaddf95e2a0f1acd36da7f","odata_n_ioa.i_gf_erp","ERP原始数据表（同步）","PHYSICAL_IDENTITY","否","否","","1","","125517","175974","125517"
"dataset:e3c51ee42fd9fe36ebfdf020ff8c93785bc7452a365d7a7f4b56070395d5653b","dm_index_n.index_grp1_10to25apd_net_ast_aft_fst_pos","客户_日均净资产_首次资产大于零日期之后&当月10至25日均_当日_零售和机构柜台","PHYSICAL_IDENTITY","是","否","","0","","125666","160518","160518"
"dataset:1bacb67dd88ac9120785c0a15c26003bf41badde353ccab66358d20d03e5e338","dm_index_n.index_cust_scrbuytimes_lst_6m","客户_证券买入次数_无_近6个月_零售柜台和机构柜台","PHYSICAL_IDENTITY","否","否","","1","","","125754",""
"dataset:aedd1893e8f928f76929f735e09afed436c8731676fd2a529eb176e2f8e6c71a","dm_index_n.index_grp1_newtimes_nothlmt_last180day_retandorgcntr","客户_打新次数_无限制_最近180天_零售和机构柜台","PHYSICAL_IDENTITY","否","否","","1","","","125754",""
"dataset:aaddc852f9def769439cb3ff69b39d93cf8a0be2041236e611f47ea9dc4fd35e","dm_index_n.grp_tag_client_whth_only_purch_ipo","组合标签_是否仅新股打新客户","PHYSICAL_IDENTITY","是","否","","0","","125754","208983","208983"
"dataset:d6aff970de604623d055e0b32d32007e9dd3b27c91e6c1edb492171964a7b1ee","dm_otc_n.settle_cfg_gf_tunitstock","自营O32投资组合持仓","PHYSICAL_IDENTITY","是","否","","0","","126176","",""
"dataset:a850271867068d4f62c8727191a2d342fb660a790972b93623f326aea433ba2e","dm_index_n.index_grp_sh_purchase_limit","组合指标_沪市新股申购额度","PHYSICAL_IDENTITY","否","否","","1","","","126217",""
"dataset:1bcedb4d022b1ede8f946e73f95fa883546e00e8b7364159232968b00f91e835","dm_index_n.index_grp_sz_nwsr_purch_lmt","申购额度_深市新股","PHYSICAL_IDENTITY","否","否","","1","","","126217",""
"dataset:d4d82a61c91ba7bdb9fabb2d2d1b7f95a0b00a5da834503fbff5aa3c296c8503","dm_index_n.index_grp1_mval_otsd_tdy","客户_市值_在外_当日","PHYSICAL_IDENTITY","是","否","","0","","126217","170408;208983","170408;208983"
"dataset:13e803b93ca640156da1e366e4210b9ef4bd7ff3878a399f26b31f5ebb40a794","odata_n_tit.w_act_hi_procinst","","PHYSICAL_IDENTITY","否","否","","0","","126921","128578","126921"
"dataset:b009009b9fd30cdd700409f1ed83d546c91912b7bfa0b4f6a1a9a7b898147ea8","odata_n_tit.w_plc_process_def","流程定义管理","PHYSICAL_IDENTITY","否","否","","1","","126922","128577","126922"
"dataset:1fd364f6fc9346e6578da52f791d4887c2300a6baa8e8f48699074d376eba653","odata_n_tit.w_act_hi_varinst","","PHYSICAL_IDENTITY","否","否","","0","","126925","128579","126925"
"dataset:57ec47d224364957d87f95e64eb3bb8de6446c13e9f910da218b7415d6d93d9d","pdata_nds.md_hedge_config","对冲信息设置表","PHYSICAL_IDENTITY","是","否","","3","","168665","126962;126964;136082",""
"dataset:c179c3de5784da0600e0118cc663f610bb1a6192ad72b800757abd30715bfa07","dm_otc_n.settle_cfg_gf_secu_bal_f","自营现货做市证券持仓上海市场","PHYSICAL_IDENTITY","是","否","","0","","126962","127210","127210"
"dataset:971c24b12e5c607a3c2eade52e1a2932902cae083101da478eb2f206378a7be4","dm_otc_n.manage_t_report_f","自营现货做市交易所上海回报","PHYSICAL_IDENTITY","是","否","","0","","126964","127209","127209"
"dataset:bfb3f2fa5b9f115a4e9f1b377625a12c0417cadbe737a5ef43183125b2718efb","dm_otc_n.otc_deri_inc_rdw_quat_rpt","场外衍生品交叉奖励季报","PHYSICAL_IDENTITY","是","否","","0","","126969","",""
"dataset:49429f52e3fcada96c142bb4604e42acc00cbf764d5fcaeda4eb7b89fe424a34","odata_n_tit.d_v_report_opt_barrier_a1004","期权结构类型-障碍及其组合","PHYSICAL_IDENTITY","否","否","","1","","126975","127962","126975"
"dataset:109c68cf3a07dc574b634b6b01e07b5ddca342322e209d544ea83c6736a5f09e","odata_n_tit.d_v_report_opt_digital_a1004","期权结构类型-二元及其组合","PHYSICAL_IDENTITY","否","否","","1","","126976","127968","126976"
"dataset:bebfda084857132514e4a829053823b7941d1e1675e40f8c23382b4da89697e7","odata_n_tit.d_v_report_opt_others_a1004","期权结构类型-其他","PHYSICAL_IDENTITY","否","否","","1","","126984","128015","126984"
"dataset:5180a4d8b91318660dfea808a757d12d8e32393377f414efb051b867954114bb","odata_n_tit.d_v_report_opt_accrual_a1004","期权结构类型-区间累计","PHYSICAL_IDENTITY","否","否","","1","","126985","128016","126985"
"dataset:caef9534edef24c01e9b8add12a73eeb45eba2556ae89488254d086e01fb6ba5","odata_n_tit.d_v_report_opt_valina_a1004","期权结构类型-香草","PHYSICAL_IDENTITY","否","否","","1","","126987","128017","126987"
"dataset:42c05cdaa6a180f87af2a39c1f91a15de279e7e77bfc78c04fbbccf331e85ad6","odata_n_tit.d_v_report_opt_termination_a1007","场外期权交易存续期管理","PHYSICAL_IDENTITY","否","否","","1","","126989","128018","126989"
"dataset:7633178f75f8b0085f6b5d80046b2a62bac4535b8958b3ee2e91be2c21b624a1","odata_n_tit.d_v_report_opt_valuation_a1018","场外期权合约估值信息","PHYSICAL_IDENTITY","否","否","","1","","126990","128019","126990"
"dataset:8dd18f9b99bca32adf9f0d2dc8131a152a3421688f15ecbe419ff2ede22dab02","odata_n_tit.d_v_report_opt_confirmatt_a1019","场外期权交易确认书附件","PHYSICAL_IDENTITY","否","否","","1","","126991","128021","126991"
"dataset:fbed54a7bff8b3e7c23123a6fa5300ec27ad54edcfd78f5f06992b7c7169ffce","odata_n_tit.d_v_swap_equity_payment_tp_a1016","收益互换交易权益端支付-权益端支付","PHYSICAL_IDENTITY","否","否","","1","","126996","127223","126996"
"dataset:8e63b9859410a18424444deb5590844018c22f8ae4a4a33c94b49561ac189aa2","odata_n_tit.d_v_swap_equity_payment_a1016","收益互换交易权益端支付","PHYSICAL_IDENTITY","否","否","","1","","126998","127236","126998"
"dataset:b4586b481ef6011e4bcd9b1df55b08b403a55984a919872d217567d2ba68c490","odata_n_tit.d_v_swap_lifecycle_pos_dt_a1006","互换交易存续期管理-合约持仓明细","PHYSICAL_IDENTITY","否","否","","1","","126999","127327","126999"
"dataset:1c2427e69cbe25f712e64e78470c741a5ad5fad96df08e9e228aec498feb0824","odata_n_tit.d_v_swap_lifecycle_a1006","互换交易存续期管理","PHYSICAL_IDENTITY","否","否","","1","","127000","127335","127000"
"dataset:e85ca9f0845a7cd012e29e46e1e82e2b543e08cf5e6aa3c523c797d5658cb542","odata_n_tit.d_v_swap_collateral_a1005","互换-履约担保品","PHYSICAL_IDENTITY","否","否","","1","","127001","127411","127001"
"dataset:8da032295d8d2c67b559cbaf5632c20fb795daa595ea74c38cf2040e063f2c80","odata_n_tit.d_v_swap_fee_payment_a1005","互换交易确认书-费用端支付","PHYSICAL_IDENTITY","否","否","","1","","127002","127681","127002"
"dataset:6b9a9e74283218488ff5ac5f71367210af62f6112cf10e1e7e3b2bf67a80de1e","odata_n_tit.d_v_swap_confirmation_a1005","互换交易确认书","PHYSICAL_IDENTITY","否","否","","1","","127003","127680","127003"
"dataset:71ac1ec3b7da1a08b40358d6e4c00ef0e53d821961dda422791bf2edd6552656","odata_n_tit.d_v_confirmationatt_a1017","交易确认书附件","PHYSICAL_IDENTITY","否","否","","1","","127005","127202","127005"
"dataset:b06a21cb3fd89c867c7880c6087f89fdee8b5dd0f9e441651ccf6012309ae783","odata_n_tit.d_v_report_opt_autocall_a1004","期权结构类型-自动赎回","PHYSICAL_IDENTITY","否","否","","1","","127016","127954","127016"
"dataset:5dab18ae720749b6c1986314923a8649fc735fa43d68fe8785e0e4b811ff32aa","odata_n_tit.d_v_report_opt_airbag_a1004","期权结构类型-安全气囊","PHYSICAL_IDENTITY","否","否","","1","","127018","127953","127018"
"dataset:9e856b67d5ccab324388894d5dd383a6b34de90d3475b38077d7ebe2f742bb76","odata_n_tit.d_v_report_opt_underlying_a1004","期权交易确认书-标的详情","PHYSICAL_IDENTITY","否","否","","1","","127021","127938","127021"
"dataset:c1ed23a0e7b8b5dc5ea28b52c293909ab6a14692c53190b16f4e6f5c5f9be97a","odata_n_tit.d_v_report_guarantee_agrmt_a1008","履约担保","PHYSICAL_IDENTITY","否","否","","1","","127027","128050","127027"
"dataset:ad797632b3c1311cf6934cfd10f4f84736aee4ebded4fc7f692a4e88766c35cd","odata_n_tit.d_v_sup_agrmt_a1003","补充协议","PHYSICAL_IDENTITY","否","否","","1","","127028","128049","127028"
"dataset:5ab2802e6f401df4e199140bc1f3fb62c03472e598fca900d5c30209be53b793","odata_n_tit.d_v_associated_product_a1002","主协议-关联产品列","PHYSICAL_IDENTITY","否","否","","1","","127030","128048","127030"
"dataset:85c5d52d3c2f1ca4f7a5450bb69993f00c4b3317cac178c86d368f81aeae098b","odata_n_tit.d_v_busi_representative_a1001","主协议-业务代表明细","PHYSICAL_IDENTITY","否","否","","1","","127032","128046","127032"
"dataset:de5a312d7a6cde9cc820feb5cfab0abefdf10134355aaffb5ef49511a2493560","odata_n_tit.d_v_master_agrmt_a1001","场外衍生品主协议","PHYSICAL_IDENTITY","否","否","","1","","127033","128047","127033"
"dataset:46bafa01e624f2e23c3267e558c0824f53cdd0b9c345343780172526a404fbfd","odata_n_tit.d_v_report_file_info","报备视图-报备用附件信息汇总视图","PHYSICAL_IDENTITY","否","否","","1","","127039","128212","127039"
"dataset:0ba8ae63a86cf6d2d259ffdd402096e50a13a5e70f12a952bd9467617667f59e","pdata_nds.v_confirmationatt_a1017","互换交易确认书附件","PHYSICAL_IDENTITY","是","否","","3","","127202","129972;155099;155100",""
"dataset:5c3e63ee07d53821038d3c6c80a4da5b39d57c61cf5cb7cafc022adbe52cee9c","pdata_nds.v_swap_equity_payment_tp_a1016","收益互换交易权益端支付-权益端支付","PHYSICAL_IDENTITY","是","否","","3","","127223","129980;155042;155044",""
"dataset:6c6473035653cd60fb80445c6858d1774dde77f3df60648a05e4b44fb9548432","pdata_nds.v_swap_equity_payment_a1016","收益互换交易权益端支付","PHYSICAL_IDENTITY","是","否","","3","","127236","129968;155066;155079",""
"dataset:6b94ac7d7fb316e7b65fb9ab399c0036779042c4f930911095372331ca42f398","pdata_nds.v_swap_lifecycle_pos_dt_a1006","互换交易存续期管理-合约持仓明细","PHYSICAL_IDENTITY","是","否","","3","","127327","129967;155007;155009",""
"dataset:3aa17fc8a61c4976d6de338fbc6d6b324654556a1232a64b796b7b9ff6fd941c","pdata_nds.v_swap_lifecycle_a1006","互换交易存续期管理","PHYSICAL_IDENTITY","是","否","","3","","127335","129965;155011;155012",""
"dataset:d9bf7b5a2545adecb22889321d2ba8d5b04e24bd2f1fc92a94c2badd33fd4f16","pdata_nds.v_swap_collateral_a1005","互换-履约担保品","PHYSICAL_IDENTITY","是","否","","3","","127411","129963;154990;154991",""
"dataset:d17c720c361e30f39fa71ae398703121b2c651f9e0d8f71fe4e9bcdba5e36968","pdata_nds.v_swap_confirmation_a1005","互换交易确认书","PHYSICAL_IDENTITY","是","否","","3","","127680","129958;154994;154997",""
"dataset:efdbb2ca3b6cf7970e68512fc5ffb1fe5a2ebc3d32d5e2c731e56eadc25edf40","pdata_nds.v_swap_fee_payment_a1005","互换交易确认书-费用端支付","PHYSICAL_IDENTITY","是","否","","3","","127681","129960;155000;155002",""
"dataset:c3cbef4ec92899c81b5ab00e819fdebb144ec916939283c203b111776349a97c","pdata_nds.v_report_opt_underlying_a1004","期权交易确认书-标的详情","PHYSICAL_IDENTITY","是","否","","2","","127938","129867;154979",""
"dataset:2bba722b1e7c11ef69cb16cd3f49dbefafc2b86553d7d16b89de70912e4e5d49","odata_n_tit.d_v_report_nafmii_qtjymxb_a1012","协会报备-NAFMII-其他交易明细表","PHYSICAL_IDENTITY","否","否","","1","","127940","128257","127940"
"dataset:9d0f4a99724ce2e477a38a20fe79d9ed6007574ed62b1e615cb8cabdec0a712d","odata_n_tit.d_v_report_nafmii_a1012","协会报备-NAFMII","PHYSICAL_IDENTITY","否","否","","1","","127943","128256","127943"
"dataset:76c5ff59e6bc639c45807e89388e1ac6d9a2d59a0b8bd769de6d30b4f5f41c4d","odata_n_tit.d_v_report_isda_bymclywmx_a1013","ISDA-本月末存量业务明细","PHYSICAL_IDENTITY","否","否","","1","","127944","128202","127944"
"dataset:38c53b3fcbc19ca3d0568be65a5665a4d938047945392b3ce3700d20b872a353","odata_n_tit.d_v_report_isda_a1013","协会报备-ISDA-汇总页","PHYSICAL_IDENTITY","否","否","","1","","127945","128201","127945"
"dataset:bbd93de8e84e5df1ded8b6bab593e21571d294d1741ec6ef1503e3e260400609","odata_n_tit.d_v_report_isda_byxzywmx_a1013","ISDA-本月新增业务明细","PHYSICAL_IDENTITY","否","否","","1","","127946","128200","127946"
"dataset:f8211911c023067a9fc1cec31e78cbd1fb35088a68d7623f50664ae0a41e038f","odata_n_tit.d_v_report_sac_bdqkydc_a1011","SAC-标的情况与对冲","PHYSICAL_IDENTITY","否","否","","1","","127948","128199","127948"
"dataset:d1b6052d71868b098de4de06600bf96dbbb732d4178d1605bdcc9db84545484f","odata_n_tit.d_v_report_sac_bymclywmx_a1011","SAC-本月末存量业务明细","PHYSICAL_IDENTITY","否","否","","1","","127950","128198","127950"
"dataset:06246aa4c0efe7232e57551ace63b726e2dad20d8936d3198fe22cafb18cc499","pdata_nds.v_report_opt_airbag_a1004","期权结构类型-安全气囊","PHYSICAL_IDENTITY","是","否","","2","","127953","129872;154956",""
"dataset:4a563e2d46e9cf782ae7585be89b703ba7bd0cc514e1d5844fe5e1418127a23b","pdata_nds.v_report_opt_autocall_a1004","期权结构类型-自动赎回","PHYSICAL_IDENTITY","是","否","","2","","127954","129876;154959",""
"dataset:15b67719b2d765d65c32f8b59fefe33b25b19223d34e4ebd2266a2e6d27bd5ea","odata_n_tit.d_v_report_sac_byxzywmx_a1011","SAC-本月新增业务明细","PHYSICAL_IDENTITY","否","否","","1","","127960","128196","127960"
"dataset:4cfa6bf6e18a5976d97f74a1f65f1f99f7554f5108d0c4501126be0c17f71feb","pdata_nds.v_report_opt_barrier_a1004","期权结构类型-障碍及其组合","PHYSICAL_IDENTITY","是","否","","2","","127962","129883;154971",""
"dataset:f9f1a9d89dd6af0e88c27917b5056c85a49f6337b2cad6a0be1bb8a3d886bf95","odata_n_tit.d_v_report_sac_a1011","SAC月报","PHYSICAL_IDENTITY","否","否","","1","","127966","128175","127966"
"dataset:45fadf068f922261451b079940045d6045e02b2ebab6762b865b5826d951cba8","pdata_nds.v_report_opt_digital_a1004","期权结构类型-二元及其组合","PHYSICAL_IDENTITY","是","否","","2","","127968","129894;154964",""
"dataset:4188ff69d9a87614d2d587b83937ae3a6f41bcc295ee368cd205e2cbaf150599","pdata_nds.v_report_opt_others_a1004","期权结构类型-其他","PHYSICAL_IDENTITY","是","否","","2","","128015","129895;154973",""
"dataset:a5ecbed67e8b3fe73523d73629e96fea1791ce0739dc57a23024f389495e7955","pdata_nds.v_report_opt_accrual_a1004","期权结构类型-区间累计","PHYSICAL_IDENTITY","是","否","","2","","128016","129927;154968",""
"dataset:1986e2643136efb811605697a52301d626f403e319d545bac0b1e320afc0755c","pdata_nds.v_report_opt_valina_a1004","期权结构类型-香草","PHYSICAL_IDENTITY","是","否","","2","","128017","129937;154949",""
"dataset:7f70b7d963ca6e74709a6e969cd700393bde2d4aed6e6d002d4499f624ba052d","pdata_nds.v_report_opt_termination_a1007","场外期权交易存续期管理","PHYSICAL_IDENTITY","是","否","","2","","128018","129947;154983",""
"dataset:fc8bfee6acf86815fc9025ce0aba0fcdaee9b6e26bd4961817e42f43e5cbccdb","pdata_nds.v_report_opt_valuation_a1018","场外期权合约估值信息","PHYSICAL_IDENTITY","是","否","","2","","128019","129951;154984",""
"dataset:0d290a06139db03fc1f707d1ee6d41075cb3e8b99214e803afecd26526b42fce","pdata_nds.v_report_opt_confirmatt_a1019","场外期权交易确认书附件","PHYSICAL_IDENTITY","是","否","","2","","128021","129955;154989",""
"dataset:34cdb457593a0bdb859c0016f6a7fe3dfc297cb2fd1786a9a0111f3728941617","pdata_nds.v_busi_representative_a1001","主协议-业务代表明细","PHYSICAL_IDENTITY","是","否","","2","","128046","129842;154934",""
"dataset:a703537083bb7dd113f146dfd01f2309644d4ef50a36d2399449157b2276b131","pdata_nds.v_master_agrmt_a1001","场外衍生品主协议","PHYSICAL_IDENTITY","是","否","","2","","128047","129839;154932",""
"dataset:c748023b1a900e90139c7b52f02ab062cf667c1aa7fffcd2bf4765b8e0752ee4","pdata_nds.v_associated_product_a1002","主协议-关联产品列","PHYSICAL_IDENTITY","是","否","","2","","128048","129846;154937",""
"dataset:797f8a4f7811d74270cdd2c0ff04fe01c7eca399c9413cb4cf357f40f1fe6f06","pdata_nds.v_sup_agrmt_a1003","补充协议","PHYSICAL_IDENTITY","是","否","","2","","128049","129850;154945",""
"dataset:f61568bdd90676eb33cba39a7152a9ef474a1389d45e0e6626dcac35a994abfc","pdata_nds.v_report_guarantee_agrmt_a1008","履约担保","PHYSICAL_IDENTITY","是","否","","2","","128050","129861;155109",""
"dataset:491f3c080885853ff74650b261c0fe35651f2102d28187a8d60c51312ae928d5","dm_index_n.grp1_year_apd_mkt_val_all","客户_市值_无限制条件_当年日均_零售柜台和机构柜台","PHYSICAL_IDENTITY","是","否","","0","","128144","206454","206454"
"dataset:2d3006b02ff12bbb9e844933074d1879b63002c69dc0d2241d22b4583ff18da4","pdata_nds.v_report_sac_a1011","SAC月报","PHYSICAL_IDENTITY","是","否","","1","","128175","130008",""
"dataset:7ba8474986a5d63f197362d3b0edd372a29267c674764840b35b95a67a2e20ca","pdata_n.t99_ecif_data_dict_ref_val","ECIF数据字典参数值","PHYSICAL_IDENTITY","是","否","","1","","128184","237927",""
"dataset:8848649b64a6c8ae07c5017287bc80eb906d7d2cf9f44bbd7dc1c5ad64381fc0","pdata_nds.v_report_sac_byxzywmx_a1011","SAC-本月新增业务明细","PHYSICAL_IDENTITY","是","否","","1","","128196","130009",""
"dataset:de86e4c398b90c1f1963b475a7211bda0d669018887cf8509f64cc57da048d1e","pdata_nds.v_report_sac_bymclywmx_a1011","SAC-本月末存量业务明细","PHYSICAL_IDENTITY","是","否","","1","","128198","130010",""
"dataset:93a7e065fffc706e69abbbc80a7d6e853e93db902b40e3d5681890723473f306","pdata_nds.v_report_sac_bdqkydc_a1011","SAC-标的情况与对冲","PHYSICAL_IDENTITY","是","否","","1","","128199","130011",""
"dataset:83ede91770bfd27f40ea7ef115ebaddd0e4a1fc8dfc805d663d130154a13b299","pdata_nds.v_report_isda_byxzywmx_a1013","ISDA-本月新增业务明细","PHYSICAL_IDENTITY","是","否","","1","","128200","130012",""
"dataset:10691a750f5c8c472e83ef05fe51adfd3450af9fed7295fb56822cce5d23bbba","pdata_nds.v_report_isda_a1013","协会报备-ISDA-汇总页","PHYSICAL_IDENTITY","是","否","","1","","128201","130014",""
"dataset:9280a0be2160b8acc57d9cafaa5150a06e86da766b6eeb7fa706b3a54982224f","pdata_nds.v_report_isda_bymclywmx_a1013","ISDA-本月末存量业务明细","PHYSICAL_IDENTITY","是","否","","1","","128202","130016",""
"dataset:2d03bf33a6242c9f2ed4194bfdc3f87968eb229de1aa5865316464b93bf3868d","pdata_nds.v_amazons3_file_info","报备视图-报备用附件信息汇总视图","PHYSICAL_IDENTITY","是","否","","4","","128212;191700;191702;191703","129829;191699;191704;191706",""
"dataset:b5568fa06eca210f664143428343dac01b2b786781233120e5c5bdd5c260bd41","spdata_nds.k_otc_rpt_mapping","回写表","PHYSICAL_IDENTITY","否","否","","2","","128222;128227","230373;230390","128222;128227"
"dataset:d1a05117c7fa2a89448c8bee6e60a1720f6b98bbada6304056faa3395fca3f31","pdata_nds.v_report_nafmii_a1012","协会报备-NAFMII","PHYSICAL_IDENTITY","是","否","","1","","128256","130017",""
"dataset:15952a9ed8841744132d875cb9927e5fc3af65b49af5881a0bbce1ea324b76e7","pdata_nds.v_report_nafmii_qtjymxb_a1012","协会报备-NAFMII-其他交易明细表","PHYSICAL_IDENTITY","是","否","","1","","128257","130018",""
"dataset:8e97b2e94c40719a61ddb78e3bbf2a99641134a50a67ad11976fe9d8807e1285","pdata_n.t99_tit_proc_def_info","自营投管流程定义信息","PHYSICAL_IDENTITY","是","否","","1","","128577;210337","180692",""
"dataset:cd391b5310a7df77caea5b4471f5f42af45559e193d23d6b32c9acf747b16ce0","pdata_n.t05_tit_proc_instc","自营投管流程实例","PHYSICAL_IDENTITY","是","是（并非已逐分支核验）","docs/00-20260914-图谱认知/01-tit入模/02-TIT入模去向.md;docs/00-20260914-图谱认知/01-tit入模/05-去向与未命中分类.md","5","","128578;210338","180692;180700;180714;181553;181556",""
"dataset:8b3b1a434387337a32eb43b614dd9162834eeeb21b03157d642f8485bbaa1428","pdata_n.t05_tit_proc_var_chg_evt","自营投管流程变量变动事件","PHYSICAL_IDENTITY","是","是（并非已逐分支核验）","docs/00-20260914-图谱认知/01-tit入模/02-TIT入模去向.md;docs/00-20260914-图谱认知/01-tit入模/05-去向与未命中分类.md","0","","128579","",""
"dataset:3d235dd0d6100248369a4f9b3978a254ce26b71283614867fc6f0a808da2ea2d","odata_n_ta5.d_ta_tconfirmstat","","PHYSICAL_IDENTITY","否","否","","1","","128867","197974","128867"
"dataset:cfed86e598e34083cb7bdce21271c09290333b64551fddb00447387d16fc5d36","odata_n_ois.g_contract_spread_rate_temp","交叉销售合约编号价差系数临时表","PHYSICAL_IDENTITY","否","否","","0","","129138","133052;245660;246739","129138;245660"
"dataset:7cfc4b9f2aa7876039d11322ab70feb64c9feaf18c2a4e27b14854bf2a8c4756","dm_index_n.index_grp1_tr_stkfnd_mth_retandorgcntr_recent_1y","客户_周转率_股基_最近一年_零售和机构柜台","PHYSICAL_IDENTITY","是","否","","0","","129461","137467","137467"
"dataset:a57f158605a65607e1ee3ff027e3bc16dc165109be1bea0b1715c7d9a4d16515","odata_n_tit.d_bundle_daily_contr_param","组合履保计算参数","PHYSICAL_IDENTITY","否","否","","1","","129726","147138;199157","129726"
"dataset:62a654c84a08af0e41afe22f1f14573a2cbc0d79b7925ff9d285f09973ec4a90","dm_cisp_n.wt_otc_v_amazons3_file_info","主协议报送S3附件","PHYSICAL_IDENTITY","是","否","","0","","129829;191699;191704;191706","",""
"dataset:46b30f5cc16396951d6e13bb8460157745d49227fec656e0a6717c28331e01e1","dm_cisp_n.wt_otc_v_master_agrmt_a1001","场外衍生品-主协议","PHYSICAL_IDENTITY","是","否","","0","","129839","",""
"dataset:0705ced5a38f4b8f7edb010f39d0b6eec8ca1d9d58071230e7bc9471d790c657","dm_cisp_n.wt_otc_v_busi_representative_a1001","场外衍生品-主协议-业务代表明细","PHYSICAL_IDENTITY","是","否","","0","","129842","",""
"dataset:1ded0fdb87619cf5be5b01ae9de435c2e32bd0ace779002726f2fc8e6cc45da1","dm_cisp_n.wt_otc_v_associated_product_a1002","场外衍生品-主协议-关联产品列","PHYSICAL_IDENTITY","是","否","","0","","129846","",""
"dataset:ae8a2b6a239cd34af0efa624324272429737d4b2aecc62249f92d8329e0214ca","dm_cisp_n.wt_otc_v_sup_agrmt_a1003","场外衍生品-补充协议","PHYSICAL_IDENTITY","是","否","","0","","129850","",""
"dataset:4b1b8e3d95d23f7e25378fd07137a2365b69136bbf6e140dd45439cf859afb56","dm_cisp_n.wt_otc_v_report_guarantee_agrmt_a1008","场外衍生品-履约担保","PHYSICAL_IDENTITY","是","否","","0","","129861","",""
"dataset:54088655c9e1ba806f6fe0b1f18564cbc1c4c57c1f23aa77c3b3e4bcff3022f4","dm_cisp_n.wt_otc_v_report_opt_underlying_a1004","场外衍生品-期权交易确认书-标的详情","PHYSICAL_IDENTITY","是","否","","0","","129867","",""
"dataset:e4a860333c83a30ecbc7fd5ba1e9192292b440bb608b8742c340246c4955ff47","dm_cisp_n.wt_otc_v_report_opt_airbag_a1004","场外衍生品-期权结构类型-安全气囊","PHYSICAL_IDENTITY","是","否","","0","","129872","",""
"dataset:d85b78e101ceb1f7d29a6ad5821561fc1cde07f0933f0973fda34bfa024a7a54","dm_cisp_n.wt_otc_v_report_opt_autocall_a1004","场外衍生品-期权结构类型-自动赎回","PHYSICAL_IDENTITY","是","否","","0","","129876","",""
"dataset:a4005626198484141be372d99d37a16f7bc3265c8a2d7522e3d88123a5c81c2a","dm_cisp_n.wt_otc_v_report_opt_barrier_a1004","场外衍生品-期权结构类型-障碍及其组合","PHYSICAL_IDENTITY","是","否","","0","","129883","",""
"dataset:de2acdba8eecdd35b40c3b1058010b0c0c1847757d2215d4bfa750646128f6f2","dm_cisp_n.wt_otc_v_report_opt_digital_a1004","场外衍生品-期权结构类型-二元及其组合","PHYSICAL_IDENTITY","是","否","","0","","129894","",""
"dataset:11d8c889f1fdbb5f462b85da7187145341f5ecde8c07420ccbb0ed0305b41c2d","dm_cisp_n.wt_otc_v_report_opt_others_a1004","场外衍生品-期权结构类型-其他","PHYSICAL_IDENTITY","是","否","","0","","129895","",""
"dataset:52b4ae0be1aade090bc7dad3a749da7bb4a7ddf914920caccf501db3ca6f3672","dm_cisp_n.wt_otc_v_report_opt_accrual_a1004","场外衍生品-期权结构类型-区间累计","PHYSICAL_IDENTITY","是","否","","0","","129927","",""
"dataset:80a912bafd3f12c8a0721ccb28c7c083515dc6bd2dfad621fca69fe5a480b0f3","dm_cisp_n.wt_otc_v_report_opt_valina_a1004","场外衍生品-期权结构类型-香草","PHYSICAL_IDENTITY","是","否","","0","","129937","",""
"dataset:3379b296e3f2206a8194f23102821f257ed8a50f6629a251d699f01e3db958da","dm_cisp_n.wt_otc_v_report_opt_termination_a1007","场外衍生品-场外期权交易存续期管理","PHYSICAL_IDENTITY","是","否","","0","","129947","",""
"dataset:a35ecc7f79bd54c5f66a74debb47abc2f8c9eb8a1612eb2d646b6dc1a3c23eff","dm_cisp_n.wt_otc_v_report_opt_valuation_a1018","场外衍生品-场外期权合约估值信息","PHYSICAL_IDENTITY","是","否","","0","","129951","",""
"dataset:d0b872e22ba566c05755e5890f2d15cdae1eaf2193d3ad853a40c933ca734d04","dm_cisp_n.wt_otc_v_report_opt_confirmatt_a1019","场外衍生品-场外期权交易确认书附件","PHYSICAL_IDENTITY","是","否","","0","","129955","",""
"dataset:44f9ceaaccaa1e099170931335cfac85b29299d01ca9117099b34aa8726af51e","dm_cisp_n.wt_otc_v_swap_confirmation_a1005","场外衍生品-互换交易确认书","PHYSICAL_IDENTITY","是","否","","0","","129958","",""
"dataset:5e2be0bda92d2ac36e3a58ac28b14d0a4d95c396dfd65c424807b9c993d1ee68","dm_cisp_n.wt_otc_v_swap_fee_payment_a1005","场外衍生品-互换交易确认书-费用端支付","PHYSICAL_IDENTITY","是","否","","0","","129960","",""
"dataset:7cccc50ccaf78c8e0a7721a39117492d6351815dfcf7d0233603e4bcd14176cb","dm_cisp_n.wt_otc_v_swap_collateral_a1005","场外衍生品-互换-履约担保品","PHYSICAL_IDENTITY","是","否","","0","","129963","",""
"dataset:d211b20e8be5d448946d27a8311b90d54069d7f12dad3454bdde59a50b0afdf7","dm_cisp_n.wt_otc_v_swap_lifecycle_a1006","场外衍生品-互换交易存续期管理","PHYSICAL_IDENTITY","是","否","","0","","129965","",""
"dataset:4c00c770aa252df50d7ab8f6caeb70f5bf5d97e2530aa54fbe6ac53a37a23633","dm_cisp_n.wt_otc_v_swap_lifecycle_pos_dt_a1006","场外衍生品-互换交易存续期管理-合约持仓明细","PHYSICAL_IDENTITY","是","否","","0","","129967","",""
"dataset:42e13b64b634ba8e7d4e77d5445260a3e0b89651263ebcde8ec4f77165fa5f92","dm_cisp_n.wt_otc_v_swap_equity_payment_a1016","场外衍生品-收益互换交易权益端支付","PHYSICAL_IDENTITY","是","否","","0","","129968","",""
"dataset:f1c358b6cc0bb24b0c094bca0ae3edd11763e31a461ba4f4cef847ba75d022be","dm_cisp_n.wt_otc_v_confirmationatt_a1017","场外衍生品-互换交易确认书附件","PHYSICAL_IDENTITY","是","否","","0","","129972","",""
"dataset:0d85961bca6f78c4995db79a0e123961c26932b2e7a1b48b51b8bf91ae908d6a","dm_cisp_n.wt_otc_v_swap_equity_payment_tp_a1016","场外衍生品-收益互换交易权益端支付-权益端支付","PHYSICAL_IDENTITY","是","否","","0","","129980","",""
"dataset:0cbb0c12e99f2213e0ff8663a1ae00359363bd80d20a79a2361d838d5bfef0d6","dm_cisp_n.wt_otc_v_report_sac_a1011","场外衍生品-SAC月报","PHYSICAL_IDENTITY","是","否","","0","","130008","",""
"dataset:aaae798b8a6e93c701c1ad6d8b136887203aebabed29764fd67a51f001f43340","dm_cisp_n.wt_otc_v_report_sac_byxzywmx_a1011","场外衍生品-SAC-本月新增业务明细","PHYSICAL_IDENTITY","是","否","","0","","130009","",""
"dataset:bfcec7a370d5b3054de47f4fc1c7b4b4aa9d96859177bebbeaca47d2336527fb","dm_cisp_n.wt_otc_v_report_sac_bymclywmx_a1011","场外衍生品-SAC-本月末存量业务明细","PHYSICAL_IDENTITY","是","否","","0","","130010","",""
"dataset:045aa5888f6ff0c232ecd03d2f41846e346228086d6f44ed2d586ffdaff8285c","dm_cisp_n.wt_otc_v_report_sac_bdqkydc_a1011","场外衍生品-SAC-标的情况与对冲","PHYSICAL_IDENTITY","是","否","","0","","130011","130560","130560"
"dataset:c8483a18b73f4106a6ffe7f46660b81ae21f7c10e8413aea39a57f03c1359e6f","dm_cisp_n.wt_otc_v_report_isda_byxzywmx_a1013","场外衍生品-ISDA-本月新增业务明细","PHYSICAL_IDENTITY","是","否","","0","","130012","",""
"dataset:9150521cc0923e50e880bbec5f64a8145ecd6e91ddab0e164971192ffc10f636","dm_cisp_n.wt_otc_v_report_isda_a1013","场外衍生品-ISDA","PHYSICAL_IDENTITY","是","否","","0","","130014","",""
"dataset:d56b4760b7f0728638dc04d75722aa23b40f2f915e1ea46cd0aa0caa113eabb4","dm_cisp_n.wt_otc_v_report_isda_bymclywmx_a1013","场外衍生品-ISDA-本月末存量业务明细","PHYSICAL_IDENTITY","是","否","","0","","130016","",""
"dataset:7dd7e2fe441ea61b250c0b3c7cd93bd83b08f65ce2dffd77098c50c922394c29","dm_cisp_n.wt_otc_v_report_nafmii_a1012","场外衍生品-NAFMII","PHYSICAL_IDENTITY","是","否","","0","","130017","",""
"dataset:a24e7442b32f21b04f57a1f09285878687809cd955cdb73e6cc607e79c0f3a13","dm_cisp_n.wt_otc_v_report_nafmii_qtjymxb_a1012","场外衍生品-NAFMII-其他交易明细表","PHYSICAL_IDENTITY","是","否","","0","","130018","",""
"dataset:b5df6cf01672a1da0294c4e808744f745328afaf4ac02e147e0c18b17aa646af","pdata_nds.ref_trs","持仓-TRS浮动及结构化腿历史持仓","PHYSICAL_IDENTITY","是","否","","8","K004","130622;160830","159489;159495;159497;159506;160791;160792;160794;160795",""
"dataset:067e7f1ba97539ef0bd622e599c088236c2fc3caedea5fecf9f58113b5e11972","pdata_nds.ks_trs_eod_postion","持仓-TRS浮动及结构化腿历史持仓","PHYSICAL_IDENTITY","是","否","","1","","130652","159498",""
"dataset:f81e1590e2fdda06ebc3bfdca770cb48394c8345361454a76b707438e7e34960","odata_n_sso.t_t_report","回报表","PHYSICAL_IDENTITY","否","否","","1","","130683","177512","130683"
"dataset:a0a8187a13a4143564b07262b0137e5f4302f1720016f923da59ee1391a13828","dm_index_n.grp_tag_client_edu_dgre","组合标签_学历","PHYSICAL_IDENTITY","否","否","","1","","","131654",""
"dataset:e77d89447132072885e46e014a54ba7fc9e456b7b95cdfe6398888535d6ba04e","dm_index_n.index_grp_cust_mobile_brand","客户_手机品牌","PHYSICAL_IDENTITY","否","否","","1","","","131654",""
"dataset:6a40893e5281da2e7d2568c7343d8dca2cedcac79edeced34ea22caf41e6f6fb","dm_index_n.index_grp1_premdlscor_ast_lvl","客户_预测模型分数_资产潜力_无计算维度_无备注信息","PHYSICAL_IDENTITY","是","否","","0","","131654","206454","206454"
"dataset:dd91695f5b0266dde79b37cd3858ee1ec56c47a4429906e1c538539386a2ea0d","odata_n_uip.w_coptiondescriptionchange","中国期权月合约属性变动表","PHYSICAL_IDENTITY","否","否","","1","","131966","235436","131966"
"dataset:0b922cde634ca79c1049445bf1dcfc17d0dbc57c4b7f79524dc37c50f116beed","pdata_nds.a_v_v_asp_investorposition_zq","a_v_v_asp_investorposition_zq","PHYSICAL_IDENTITY","是","否","","1","","152841","132020",""
"dataset:23ec315006f797920350fc28c9f491ab8e5f353bd12a698e30b3df44b98c269e","dm_otc_n.ctp_asp_investorposition","(886816883)期货期权持仓","PHYSICAL_IDENTITY","是","否","","0","","132020","132041;228508","132041;228508"
"dataset:102264130dec0b55c8d386ad87f99956d31beba2f2e500c90ae31a38fce6ae59","pdata_nds.a_v_v_asp_investorsettlement_zq","a_v_v_asp_investorsettlement_zq","PHYSICAL_IDENTITY","是","否","","1","","132176","132180",""
"dataset:5ea62a347d4bb08c9db90a83998936585c81c8b516b216feeb1b70231ad270f1","dm_otc_n.ctp_asp_investorsettlement","(886816883)投资结算","PHYSICAL_IDENTITY","是","否","","0","","132180","132188;228511","132188;228511"
"dataset:32054ba1a9c2b34947d3b1cacd0d7b2921e608159e00c50faac48b8308655890","pdata_nds.a_v_v_asp_investoroptstrike_zq","a_v_v_asp_investoroptstrike_zq","PHYSICAL_IDENTITY","是","否","","1","","132190","132194",""
"dataset:9560c8597f6e395cd01dd05024ce36068c045b511e2a173db4c9e496b59cf50f","dm_otc_n.ctp_asp_investoroptstrike","(886816883)投资期权","PHYSICAL_IDENTITY","是","否","","0","","132194","132202;228505","132202;228505"
"dataset:379434e73380f4167236a2f4119a4a9da789cf3284d2021db690371863a3b59d","pdata_nds.a_v_v_asp_instrument","a_v_v_asp_instrument","PHYSICAL_IDENTITY","是","否","","1","","132233","132239",""
"dataset:8dd29f1573853d4b63cd2a47fd25458348423835e8931959181bd0d2d02a8003","dm_otc_n.ctp_asp_instrument","广发期货新数据合约表","PHYSICAL_IDENTITY","是","否","","0","","132239","132263;228503","132263;228503"
"dataset:05145be36c204536c92494e230eda4b947f76f9e79c3649a219cf1ced835f192","dm_otc_n.otc_acs_cust_mng_rpt","场外衍生品已准入客户管理表","PHYSICAL_IDENTITY","是","否","","0","","132277;133136","",""
"dataset:9a1ba3285d3c331872386ff2fd09bac1b22cc03b3a6d28cc37cb37b50b19a375","pdata_nds.a_v_v_asp_trade_zq","a_v_v_asp_trade_zq","PHYSICAL_IDENTITY","是","否","","1","","132291","132297",""
"dataset:e4dc510bcc8e481870acc850de317a72d363296b745c413672d5c30853d98f04","dm_otc_n.ctp_asp_trade","(886816883)广发期货成交表","PHYSICAL_IDENTITY","是","否","","0","","132297","132299;228513","132299;228513"
"dataset:67820af98709a72ed5cd9361539facfff4b2b80e60535ad0898af4360ce1ec81","pdata_nds.a_v_v_asp_investortradedtl_zq","a_v_v_asp_trade_zq","PHYSICAL_IDENTITY","是","否","","1","","132326","132344",""
"dataset:248f88ffe120570393de3bf13de82ce8d09837d1bc977c3666c6527fd6408d60","dm_otc_n.ctp_asp_investortradedtl","(886816883)广发期货平仓明细","PHYSICAL_IDENTITY","是","否","","0","","132344","132347;228512","132347;228512"
"dataset:670790eed780d089a6d45dd7d7e7c4a7c6e5b65f5d38a14256ede42a084bf5b9","pdata_nds.a_v_v_asp_investorpositiondtl_zq","a_v_v_asp_investorpositiondtl_zq","PHYSICAL_IDENTITY","是","否","","1","","132348","132389",""
"dataset:5643d4688e5fc9b388c2d3d3fa7e26f8e7cd1e79b5bbc43b4e8e328ee0de497a","dm_otc_n.ctp_asp_investorpositiondtl","(886816883)广发期货投资者持仓明细","PHYSICAL_IDENTITY","是","否","","0","","132389","132377;228510","132377;228510"
"dataset:7327a383a411bba9e266c405c81493aba9f9a73955ee44705ea73c908d68819b","odata_n_rcc.u_stkcode_p","【AI】证券代码表","PHYSICAL_IDENTITY","否","否","","2","","133119;202284","237371;239852","133119;202284"
"dataset:bf21ed5c1ad5d23908f27fddc6fad52922f13c54d53e5b4dd7448235a51fef7a","pdata_nds.process_expired_remind","OTC流程到期提醒表","PHYSICAL_IDENTITY","是","否","","1","","133130","133136",""
"dataset:9bf6ac9b65991a8b2f77cce2881249edbea9f20a0d604f1690be69c03e453efa","pdata_nds.counterparty_introduction","OTC交易对手开发关系表","PHYSICAL_IDENTITY","是","否","","2","","134302","133136;166675",""
"dataset:9a1f6023b4da763c7313276ef4abf74e6ac1aa26f98b06aaff4da51f29da0147","odata_n_sip.file_overseas_a16l50","","PHYSICAL_IDENTITY","否","否","","1","","","133785",""
"dataset:5a5db3c4251c178a196382e0320a13d13babc22e91c8fb3df11147708762fb89","pdata_news_n.nds_file_overseas_a16l50","境外期货行情表","PHYSICAL_IDENTITY","是","否","","1","","133785","138914",""
"dataset:34d757f4286b52466466a855afa956833c11db054dd30f2be35ee9c90a40d19a","odata_n_sip.file_lme_datax_cm_lme","","PHYSICAL_IDENTITY","否","否","","1","","","133787",""
"dataset:6357a8587c9e6951b45402da90ee5dc857aeded748cb0f6ba554350ea9174b2b","pdata_news_n.nds_file_lme_datax_cm_lme","伦金所期货行情表","PHYSICAL_IDENTITY","是","否","","1","","133787","138841",""
"dataset:e2ab89b68cadc7fbfa764d70341c406439991bad9855730fd132fd1c455213c2","dm_hk_n.trd_otc_contr_report","OTCHK交易-合约报备信息","PHYSICAL_IDENTITY","是","否","","0","","134140","",""
"dataset:dd6ac0d7d15a7841128e9457f4b2d86192362a7be95bf132221757a0fa908fd1","dm_hk_n.ref_op_deal_autocall_kidate","OTCHK交易-期权敲入观察日及票息信息","PHYSICAL_IDENTITY","是","否","","0","","134143;198459","226832;245785;245787","226832;245785;245787"
"dataset:fa0c81732c22ca60f402c536e1b468204fffb359e0fa409a5baa11cc6dbc5a1e","dm_hk_n.ref_op_deal_autocall_kodate","OTCHK交易-期权敲出观察日及票息信息","PHYSICAL_IDENTITY","是","否","","0","","134146;198461","226831;245942;245944","226831;245942;245944"
"dataset:f8601317b5d35ab7e73421faa2f2433bfb4e9c687aac0d8064905b031768d0fa","dm_hk_n.ref_option_deal_barrier","OTCHK交易-期权合约结构-障碍价格","PHYSICAL_IDENTITY","是","否","","0","","134148;198444","226888;244438;244561;245838;245840","226888;244438;244561;245838;245840"
"dataset:a729b059a2b329c6ddaeb78bfff7077cb9caa9a4911c2e9825301fc6c1527ad8","dm_hk_n.ref_option_deal_cr","OTCHK交易-期权合约结构-票息表","PHYSICAL_IDENTITY","是","否","","0","","134157;198448","226880;244420;244562;245852;245855","226880;244420;244562;245852;245855"
"dataset:0db03b79bbbbae1875dcf102aeef28ee89d1c95cad6a89e7c28c7723db79068c","dm_hk_n.ref_book","OTCHK账簿信息表","PHYSICAL_IDENTITY","是","否","","0","","134167;198435","226907;244409;244565","226907;244409;244565"
"dataset:78c2e18d0428965e5903e16c331ffef460e023a7d9df6affae31f1795c2fbf0c","dm_otc_n.gfa_plreport_contract","GFA合约盈亏报表","PHYSICAL_IDENTITY","是","否","","0","","134191","134414","134414"
"dataset:bb36adef506e305f1f9e357e15fbdc7b962ffdfb88c89e732657671ae4c905ae","odata_n_css.e_otc_settle_jour","结算明细表","PHYSICAL_IDENTITY","否","否","","0","","","134213",""
"dataset:8154d197b43e2f6b88df61cc474d3d3de96c4fa57f06b62fa4a72403326e27c6","pdata_n.t03_deri_comp_sett_info","衍生品合约结算信息","PHYSICAL_IDENTITY","是","是（并非已逐分支核验）","docs/00-20260914-图谱认知/01-tit入模/02-TIT入模去向.md","1","","134213","134640",""
"dataset:fd38a5eb30ea1ca8b56620e2d842f1d781dbb43bc6bd13add4b4b08cb6141ffc","pdata_n.t03_agt_div_rati","每天一份快照，存放各类协议的合作分成比例信息，包含机构的分成和员工的分成信息。目前数据主要来源于OTC场外合约。","PHYSICAL_IDENTITY","是","是（并非已逐分支核验）","docs/00-20260914-图谱认知/01-tit入模/02-TIT入模去向.md","0","","134215","",""
"dataset:6e634008104551113b117cbb022fc11a4774edda87dfdb331eb44c88da3397a7","pdata_n.t04_user","用户","PHYSICAL_IDENTITY","是","是（并非已逐分支核验）","docs/00-20260914-图谱认知/01-tit入模/02-TIT入模去向.md;docs/00-20260914-图谱认知/01-tit入模/05-去向与未命中分类.md","2","","159422","134251;134442;148495;170132;177414;207500;207529;207571;237888","134442;148495;177414;207500;207529;207571;237888"
"dataset:07180bb58aaec396ed6efdccc2a4521d20239eed5a6eacab4ab97adbec036605","dm_index_n.grp_tag_corp_cust_is_pvt_kpi","组合标签_机构客户_考核分类_私募标识","PHYSICAL_IDENTITY","是","否","","1","","134282","217770;232164","232164"
"dataset:87c0f04c2ad33e81f566073b0a1bdda915933f47f78dfde1cdd5d9c09333ca14","dm_index_n.grp_tag_corp_cust_is_ib_kpi","组合标签_机构客户_考核分类_同业标识","PHYSICAL_IDENTITY","是","否","","1","","134283","217770;232164","232164"
"dataset:37a9e73612f1ff3383d5734261c204485d42e50841cb879ceea81595eb8576e5","pdata_n.t04_user_stati_info_h","用户统计信息历史","PHYSICAL_IDENTITY","是","是（并非已逐分支核验）","docs/00-20260914-图谱认知/01-tit入模/02-TIT入模去向.md;docs/00-20260914-图谱认知/01-tit入模/05-去向与未命中分类.md;docs/00-20260914-图谱认知/01-tit入模/T04-机构用户与权限/03 系统用户与外部身份.md","0","","159420","134442;177414;207500;207529;207571","134442;177414;207500;207529;207571"
"dataset:db823fceee4bc2461f7deb8c02ff7f80fa27dd73022cd237e396887322205dd8","pdata_n.t04_role","角色","PHYSICAL_IDENTITY","是","是（并非已逐分支核验）","docs/00-20260914-图谱认知/01-tit入模/02-TIT入模去向.md;docs/00-20260914-图谱认知/01-tit入模/05-去向与未命中分类.md","0","","159423","134442;177414;207500;207529;207571","134442;177414;207500;207529;207571"
"dataset:d40f7ce6f29497fa646512c67c275e01951d7f1eb8ed0528b04da3877c7fd494","pdata_n.t04_user_role_rela_h","用户角色关系历史","PHYSICAL_IDENTITY","是","是（并非已逐分支核验）","docs/00-20260914-图谱认知/01-tit入模/02-TIT入模去向.md;docs/00-20260914-图谱认知/01-tit入模/05-去向与未命中分类.md;docs/00-20260914-图谱认知/01-tit入模/T04-机构用户与权限/04 角色与用户角色关系.md","0","","177461","134442;177414;207500;207529;207571","134442;177414;207500;207529;207571"
"dataset:81bcd1a3df6e8de99cf8986f0da9f7a4e73bb426a54a15c95678e956954c6b03","pdata_nds.tit_emp_dept_info","员工及部门信息2Titans","PHYSICAL_IDENTITY","是","否","","1","","175974","134442;165095;207500;207529;207571;231741","134442;207500;207529;207571;231741"
"dataset:a4ecca6f8cc84edea96b76be651f5709843145cc5d104c07c08e39cfe0c6995a","pdata_n.t04_user_inr_org_rela_h","用户内部机构关系历史","PHYSICAL_IDENTITY","否","否","","1","","","134442;137368;169945","134442;137368"
"dataset:b0144b7c707f484badca6db22568239d1827d1bbb337c62998c21ef6d27a81f8","dm_hk_n.pos_position_daily","OTCHK持仓-账户每日持仓数据表","PHYSICAL_IDENTITY","是","否","","0","","134474;194952","",""
"dataset:4869fc4b4f99949f39ddfff727f0872d195ca3ea3f5997dbe3274e64db92b4d0","dm_hk_n.trd_otc_trade","OTCHK交易-OTC—交易表(父类)","PHYSICAL_IDENTITY","是","否","","21","","134545;198512","134476;172371;221897;221903;221904;221905;223192;226748;243807;244169;244203;244774;244777;244966;244982;245013;245027;245056;245312;245339;245384;245529;245763;246160","226748;244774;244777"
"dataset:46f8776eb09071c34fe971a680cda8f3db6a05ff0f5f0962f040a2a5ef58c178","dm_hk_n.pos_trs_leg_his_pos","OTCHK持仓-TRS浮动及结构化腿历史持仓","PHYSICAL_IDENTITY","是","否","","0","","134476;196900","",""
"dataset:2b2776cb0dd56df71cdb8eef90358b1e0cfc2fdcbc085fdd847ed37edb41750c","dm_hk_n.ref_option_deal_pr","OTCHK交易-期权合约结构-参与率表","PHYSICAL_IDENTITY","是","否","","0","","134477;198450","226879;245895;245900","226879;245895;245900"
"dataset:a2352af56823967559d097a9b36c832837b36de0c49a38d8a133f0f0d7708734","dm_hk_n.ref_option_deal_quote_reset","OTCHK交易-Reset价格表","PHYSICAL_IDENTITY","是","否","","0","","134478","",""
"dataset:296a13fc41f55dfe0b6d35ca8bff2c29040394ef6847956e9c363013e1e9c8cb","pdata_news_n.t02_opt_mkt_quot","期权行情数据表","PHYSICAL_IDENTITY","是","是（并非已逐分支核验）","docs/00-20260914-图谱认知/01-tit入模/02-TIT入模去向.md;docs/00-20260914-图谱认知/01-tit入模/05-去向与未命中分类.md;docs/00-20260914-图谱认知/01-tit入模/T02-产品标的与市场数据/02-行情与市场参数/01 日常价格与净值.md;docs/00-20260914-图谱认知/01-tit入模/T02-产品标的与市场数据/02-行情与市场参数/01.3 期权reset.md;docs/00-20260914-图谱认知/01-tit入模/T02-产品标的与市场数据/his/产品标的与市场数据.md","2","","139409","134518;220853",""
"dataset:62437fab5c87c3c1a32e18e0aba39743ed951cd3647cea62941b00567205d447","dm_hk_n.ref_option_quote_reset","OTCHK期权reset行情","PHYSICAL_IDENTITY","是","否","","0","","134518","",""
"dataset:97917e663cb97bf8ec7ef8de33da51ec59eb8ce80750362b4646d883ee22e28b","dm_hk_n.ref_otc_contr_margin_param","OTCHK合约-静态履约保证金参数","PHYSICAL_IDENTITY","是","否","","0","","134519","",""
"dataset:b587689d266332a14896744157410b55b7cb00ad11c38dbd56bbec37958d886d","pdata_n.t03_otc_comp_calc_idx_precision_ref","场外合约计算指标精度参数","PHYSICAL_IDENTITY","是","是（并非已逐分支核验）","docs/00-20260914-图谱认知/01-tit入模/02-TIT入模去向.md;docs/00-20260914-图谱认知/01-tit入模/05-去向与未命中分类.md","1","","139660","134527",""
"dataset:d1fdff05d306c9a54eb3ea45b628f26ce72c2a764890fa3f4806571c37181d68","dm_hk_n.ref_otc_contr_precision_detail","OTCHK合约自定义精度配置表","PHYSICAL_IDENTITY","是","否","","0","","134527;198466","226817","226817"
"dataset:1d301b1ce8a3d64080787448742295f7230f9c5a7b09d1a319a2182df2039ef0","dm_hk_n.ref_otc_option_deal","OTCHK交易-期权交易合同要素表","PHYSICAL_IDENTITY","是","否","","0","","134528","",""
"dataset:cafb58eb757778736e039b82a2553d9c35a0bdfdb20726771dd46da62b2b3305","dm_hk_n.ref_sbl","OTCHK-SBL合约要素表","PHYSICAL_IDENTITY","是","否","","0","","134530;198479","226800;244416;244563","226800;244416;244563"
"dataset:79f2d0825ce277bd477ab9a8ad5df0c5be75f621da09799817e929c98d6f0368","dm_hk_n.ref_sbl_leg","OTCHK-SBL合约腿要素表","PHYSICAL_IDENTITY","是","否","","0","","134533;198481","226799;244412;244564","226799;244412;244564"
"dataset:3d6de7192834255f19374ed4999b3727a5de5bbe2868f3e465557eacf5137475","dm_hk_n.ref_trs","OTCHK交易-TRS","PHYSICAL_IDENTITY","是","否","","0","","134536","",""
"dataset:b6a27b25357ef471e7d6252f4f916200369e77f8f4ba6f5395f1e602adcb04b8","dm_hk_n.ref_trs_leg","OTCHK交易-TRS-leg基本信息","PHYSICAL_IDENTITY","是","否","","0","","134537","",""
"dataset:daea289ac10de3b9492f24b4f2f9723b59c2cfe74b1963bc5085aff27694d5d8","dm_hk_n.trd_option_deal_settlement","OTCHK交易-期权交易结算表","PHYSICAL_IDENTITY","是","否","","0","","134538;198502","226754;245320;245322","226754;245320;245322"
"dataset:9ddafe818928e2d4ab1a526481473948fb963d9c92518cd6ca9a98dd2f9b50a0","dm_hk_n.trd_option_event","OTCHK交易-OTCOption存续期事件表","PHYSICAL_IDENTITY","是","否","","0","","134540;198505","226752;244702;244825","226752;244702;244825"
"dataset:4ffd5b73adee271396985b757729850bc300bd183943d9ddabd19295047af70c","odata_n_tit.d_bk_book_mapping_rule","账簿映射条件表","PHYSICAL_IDENTITY","否","否","","2","","177317;211588","134545;177928;211620;219369","177317;211588"
"dataset:8f5b138afbde5bc33f1989fbf34e7e96161e46226209cbcc9f655304917944e6","pdata_nds.trd_trs_event","TRS事件","PHYSICAL_IDENTITY","是","否","","2","","166925","134546;221897",""
"dataset:4ae99ef8b3e7c84c9347d11c33f54d172826e63b88184e72dd6613055e7c9603","dm_hk_n.trd_trs_event","OTCHK交易-TRS存续期事件表","PHYSICAL_IDENTITY","是","否","","0","","134546","",""
"dataset:ed1ce771010d3c5380bb1f7f007fd0a3ec3747564f778d0aaaa4fa1cbb240d64","dm_hk_n.trd_trs_event_struc_detail","OTCHK交易-TRS存续期事件结构化腿明细表","PHYSICAL_IDENTITY","是","否","","0","","134548","",""
"dataset:1ea4fa64a27e7640567f450a1b3d543029aaa2593ff2abcd6f5e63828dd39bcf","dm_hk_n.ref_counter_party","OTCHK交易参数-交易对手","PHYSICAL_IDENTITY","是","否","","0","","134549;198436","226905;244446;244560;245773;245774","226905;244446;244560;245773;245774"
"dataset:eacce7f66ff617032d8f77192e21850d47e53ccb453af0b8af52facfaed0cefd","dm_hk_n.ref_instrument","OTCHK证券-证券基本信息","PHYSICAL_IDENTITY","是","否","","0","","134550","",""
"dataset:3d4a4a7f40a7f265df114555537e4fe54d3861a4303639d11dde2e83a5c62582","dm_hk_n.ref_instrument_code","OTCHK证券-证券编码","PHYSICAL_IDENTITY","是","否","","0","","134551;198441","",""
"dataset:a5621a021d598f79ba912c1173ef3856b047605c801794b4ce0d53df755f6bd1","pdata_n.t03_otc_opt_comp_reed_fee_flot_rati_info","每天全量更新，记录场外期权合约后端费用对应的浮动利率信息。","PHYSICAL_IDENTITY","是","是（并非已逐分支核验）","docs/00-20260914-图谱认知/01-tit入模/02-TIT入模去向.md;docs/00-20260914-图谱认知/01-tit入模/05-去向与未命中分类.md","1","","139657","134557",""
"dataset:2c82d9f36e5fc303ee99fde5cba5fe7089a8913030f02713556357159ddad591","dm_hk_n.ref_op_deal_float_back_fee","OTCHK期权后端费挂钩浮动利率表","PHYSICAL_IDENTITY","是","否","","0","","134557;198464","226829;244367;244569","226829;244367;244569"
"dataset:580d3b2791111f76670cc549328d1f38cd3382025c348e32894e588982227bc8","pdata_n.t03_otc_opt_comp_barr_line_info","每天全量更新，记录场外期权合约中各类障碍线 / 触发线的类型、生效失效日期、障碍价格、触发日期及展示标识，用于期权敲入敲出判断、结算定价与风险监控。","PHYSICAL_IDENTITY","是","是（并非已逐分支核验）","docs/00-20260914-图谱认知/01-tit入模/02-TIT入模去向.md;docs/00-20260914-图谱认知/01-tit入模/05-去向与未命中分类.md","2","","139658","134561;220461",""
"dataset:d003f1251576dd925fb7e4f83a324a351d2f54806c726b83d147f1f17b5f1cf0","dm_hk_n.ref_option_deal_barrier_line","OTCHK交易障碍线信息表","PHYSICAL_IDENTITY","是","否","","0","","134561","226882;244700;244824","226882;244700;244824"
"dataset:7738326f60771d88dfcdce7837bca4d4a3b41264d1d0b862e9da205546e0f67e","odata_n_tit.d_risk_eod_report_metric_detail","日终限额报告","PHYSICAL_IDENTITY","否","否","","1","","134570","134994","134570"
"dataset:6bf43136ec7bf7fe023dfe477a4c73331d1f7ba1370921b9780e34a9af1ca078","dm_index_n.index_grp_cust_age","","PHYSICAL_IDENTITY","否","否","","2","","","134604;206467;206510;208983;240212","206467;206510;208983"
"dataset:61c933f89a53566202c0cebc8b8c418610c1c6405f3540f845d334cbc160afe1","dm_index_n.grp_tag_client_gf_mts_flag_np","组合标签_是否在广发开通信用账户_一人多户","PHYSICAL_IDENTITY","否","否","","1","","","134604;206945","206945"
"dataset:c59c3b2c1c027643db4abd9a2f7d7112c1f0ad10128a69edabaab04fe38de09f","dm_index_n.grp_tag_client_is_elig_std_mts","组合标签_客户是否达标两融适当性门槛","PHYSICAL_IDENTITY","否","否","","1","","","134604;170408","170408"
"dataset:4c9d60b73a646ba23cfb648950471cc65851092056bcbc2d229e93110af79933","pdata_nds.b_v_complains_detl_export","字典条目","PHYSICAL_IDENTITY","否","否","","1","","","134604;206945","206945"
"dataset:03b566cf2ab3ac288cfb575483c4152ac409ace352c22726b86185a5893070e6","dm_index_n.grp_tag_client_is_mts_qual_pcus","组合标签_是否两融达标潜客","PHYSICAL_IDENTITY","是","否","","4","K041","134604","137467;197997;201626;202688;202693;202694;206945;237113","137467;197997;201626;206945"
"dataset:789864bd9b486bd667f3917833976ffcc7d8ce64024df9beafb55c65d043b60a","dm_fin_n.wt_t05_otc_settle_jour_civ","场外衍生品结算数据-估值系统8026账套流水","PHYSICAL_IDENTITY","是","否","","0","","134640","134752;208140","134752;208140"
"dataset:337718ed11c177d3fe671f34a15066af636f2a9963992316d1ff18f2ffd2b2a1","pdata_n.t98_otc_deri_undrl_trd_lmt_det","每天一份快照，场外衍生品标的交易限额监控明细台账","PHYSICAL_IDENTITY","是","否","","0","","134994","",""
"dataset:ef1c1298ba566a04abcfa73cd36b3f4db71b7eb57d3c32b3d6e149b0c55d7665","pdata_news_n.t02_fin_prd_rgst","产品备案表","PHYSICAL_IDENTITY","是","否","","1","","135195","201463",""
"dataset:9a815b7386d275ff418f55088b3a6ba420808c198f6dbdc5dbf890eea4c0b2b3","pdata_nds.open_acct_penal","网上开户差错扣罚","PHYSICAL_IDENTITY","否","否","","2","K077","","135361;135663",""
"dataset:e33754fbf3928cc4650811c692b087bc313c0eedbec7fb5da87b80865e8fc194","dm_index_n.index_grp1_onlineoactapprrwdamt","员工_网上开户审核奖励金额","PHYSICAL_IDENTITY","是","否","","0","","135361","135530","135530"
"dataset:21254ddd7e1f9b520d71bb2bcd5c1fd237103a3e3bd8e0c8bd9ffa9272f64c57","dm_index_n.index_grp1_onlineoactapprrwdacctnum","员工_网上开户审核奖励账户数","PHYSICAL_IDENTITY","是","否","","0","","135663","135530","135530"
"dataset:83f5ce51f8c3235fc07b42406b672a8f81aba33c464d23b44d21ca544e3b0c3e","dm_index_n.grp_tag_client_cust_whth_leav_actv_pcus","组合标签_客户_是否为休眠户激活潜在客户","PHYSICAL_IDENTITY","是","否","","0","","135972","144891","144891"
"dataset:633759b618188dace1916d5ded6504fb1ddb7e3dc6af9c52b039e3f012558848","dm_index_n.grp_tag_client_cust_whth_stib_pcus","组合标签_客户_是否为潜在科创板客户","PHYSICAL_IDENTITY","是","否","","0","","135973","144891;208353","144891;208353"
"dataset:da8eec40041a5fd84c25f06a76f7d9147ab0a7008f1829d5f2e4e29359dea0ae","dm_index_n.grp_tag_client_cust_whth_open_fnd_fix_ivst_busi_righ","组合标签_客户_是否开通基金定投业务权限","PHYSICAL_IDENTITY","是","否","","0","","135974","144891","144891"
"dataset:9869fc042a51121b6c6b1cc5df9821fbba83421028b38d80f688d0d534e87e18","pdata_n.t05_opt_ivst_advs_sign_evt","期权投资顾问签约事件","PHYSICAL_IDENTITY","否","否","","1","","","135975",""
"dataset:0d8d32e34defabd298b9d9946a3c14f7fe9b4ef780a89473906526fef2a37893","dm_index_n.grp_tag_client_cust_whth_open_opt_ia_nws_busi_righ","组合标签_客户_是否开通期权投顾资讯业务权限","PHYSICAL_IDENTITY","是","否","","0","","135975","144891","144891"
"dataset:a483c614d504d93f6d8dba9aa82b21dd5ef8ba5f30f1e2511ed64e8b750cb8d4","pdata_nds.h_secu_change_history","场外衍生品业务ATP送股表","PHYSICAL_IDENTITY","是","否","","1","","136076","136082",""
"dataset:c485f0a0e6dc05253a5e48f8f755956fd13d70aead69db03df7f7cafb8993102","dm_otc_n.h_secu_change_history","场外衍生品业务ATP送股表","PHYSICAL_IDENTITY","是","否","","0","","136082","136447","136447"
"dataset:4ee50713f6787144935156b70d300e8516d73f868a0580b59e3919ad5603121f","odata_n_tit.d_ref_otc_option_deal_p","场外交易-期权交易合同要素表","PHYSICAL_IDENTITY","否","否","","2","","136177;136178;136179;149694;198730","149698;149699;198732;244982;245412","136177;136178;136179;149694;198730;149698;149699;198732"
"dataset:15909551d36b70066e789e9c3fe729943e0ff1fb2a433e98ab25a35723b26789","odata_n_tit.d_ref_option_deal_structure_p","场外交易-期权交易结构表","PHYSICAL_IDENTITY","否","否","","3","","136185;136186;136187;198736;209725","163712;198738;210339;227869;244966","136185;136186;136187;198736;209725;198738"
"dataset:dd5ac5985d48bcd3db278e5aad295abf7c5c757c8a9f76b031e54b6a7bc90ad7","odata_n_tit.d_ref_trs_p","场外交易-TRS","PHYSICAL_IDENTITY","否","否","","2","","136192;136193;136194;144138;198800;211553;237069","144144;198801;211617;237580;245498","136192;136193;136194;144138;198800;211553;237069;144144;198801;211617"
"dataset:f9898b7e405d9089049baaeed467723dde63c4c86f43a71fbd137dec7e11b377","odata_n_tit.d_ref_trs_leg_p","场外交易-TRS-leg基本信息","PHYSICAL_IDENTITY","否","否","","2","","136195;136196;136197;144139;198803;211552;237071","144145;198804;211618;227869;237592","136195;136196;136197;144139;198803;211552;237071;144145;198804;211618"
"dataset:ca33d104dd4952702c8480958183f2900256be88c051a2f6d2eb00a0279311d4","odata_n_tit.d_pos_trs_leg_current_pos_p","持仓-TRS浮动及结构化腿虚拟当前持仓","PHYSICAL_IDENTITY","否","否","","2","","136198;136199;136200;158443;237079","158446;227869;237607;239262","136198;136199;136200;158443;237079;158446;239262"
"dataset:18a3f07d943ec68720f6ace8fe8f5200d68ab4285fc270f84ac0a850cef38f1f","odata_n_tit.d_capital_acct_current_balance_p","【AI】资金账户当前余额表","PHYSICAL_IDENTITY","否","否","","1","","136214;136215;136216","236414","136214;136215;136216"
"dataset:150757a0e969662ebacc177741585ae9d4cf46538d9e9c3db1430bf346d839c3","odata_n_tit.d_margin_acct_current_balance_p","【AI】保证金-交易对手保证金账户当前余额表","PHYSICAL_IDENTITY","否","否","","1","","136217;136219;136220","244109","136217;136219;136220"
"dataset:e1fe9f46325065808e595ea16a45f95f126853f41b3ada811abaeaa9b8e13741","dm_index_n.index_grp1_tbbbamt_srp_civ_tdy_retandorgcntr","客户_待购回金额_股票质押&自营_当日_零售和机构柜台","PHYSICAL_IDENTITY","是","否","","0","","136285","197997;201626;232164","197997;201626;232164"
"dataset:406fe804e6244ac746cb81086e617595a6a37eb9a20f50851679fd876776119c","dm_index_n.index_grp1_tbbbamt_srp_assm_tdy_retandorgcntr","客户_待购回金额_股票质押&资管_当日_零售和机构柜台","PHYSICAL_IDENTITY","是","否","","0","","136377","232164","232164"
"dataset:4713786ce9f051ab2a0b06d8857fa3432066bd892156568baa4749fea8b30a36","dm_index_n.grp_tag_client_brk_inc_cust_type","组合标签_客户类别_创收分类","PHYSICAL_IDENTITY","是","否","","1","","217770","136594;235224","136594"
"dataset:606db6779ddb018820a91f41134304590760b17f37993be15d93a8ee469ea0d5","dm_index_n.grp_tag_corp_cust_organ_cust_type","组合标签_机构客户类型","PHYSICAL_IDENTITY","是","否","","0","","137362","136594;170408","136594;170408"
"dataset:1fd712590d7381ca92f1bde14af5219e40c46e7d3fe4d85c4e96c71c57575ea6","dm_otc_n.fnd_mngr_scal_scop","私募管理人资产规模区间","PHYSICAL_IDENTITY","是","否","","0","","136912","136931","136931"
"dataset:bdd4a5c6a8a5cf4bd67bcde3455cf040cc71f1ccade4518111b2c7846fb432e5","dm_index_n.index_grp1_onlineoactapprcustnum_accotactvdate","营业部&分公司_网上开户审核客户数_按激活日期_无计算维度_无备注信息","PHYSICAL_IDENTITY","是","否","","0","","136990","137020","137020"
"dataset:cad3793ed0e825203ec86454d74f1bbd48402ff7cc93272ca0022a71e60930e4","dm_index_n.index_grp1_freeopercatedet","客户_免运营类别明细","PHYSICAL_IDENTITY","否","否","","1","","","137179",""
"dataset:81afe5221c95546647b9c12f7497e1042978cd4eafc8f0ed624c8d26031d0648","dm_index_n.grp_tag_client_whth_free_oper_cust","组合标签_是否为免运营客户","PHYSICAL_IDENTITY","是","否","","0","","137179","208983","208983"
"dataset:76d8bea96d9b02ce455e34ecde2423e4873c1735085bed7345461819282a7d38","dm_index_n.index_grp1_palprop_stkast_hy_nothremark","客户_盈亏比例_股基资产_近半年_无备注","PHYSICAL_IDENTITY","是","否","","0","","167458","137467;170408","137467;170408"
"dataset:6eff96a44d4b16e1f7e284c8a2f79e6244284ae429a05111bea17b5097df979a","dm_index_n.index_grp1_palprop_stkast_year_nothremark","客户_盈亏比例_股基资产_近一年_无备注","PHYSICAL_IDENTITY","是","否","","0","","167463","137467","137467"
"dataset:85a5c05d1358997a2f3dee20bd27afb9089b8bf3f733b3bd4118b77e4ef4267a","dm_index_n.index_grp1_palprop_stkast_treyear_nothremark","客户_盈亏比例_股基资产_近三年_无备注信息","PHYSICAL_IDENTITY","是","否","","0","","167466","137467","137467"
"dataset:381c3f6d23e9676d6dafef9cb64ccfbc3ef20b013ac7313b800294229b76811d","odata_n_po3.sql_deri_comb_hold_cost","O32系统表本币成本及市值","PHYSICAL_IDENTITY","否","否","","1","","","137488",""
"dataset:e898405dfbb6c3036cf170d430d572ae75d70b49e41cccc308fac36b8c8418e1","pdata_nds.sql_deri_comb_hold_cost","O32系统表本币成本及市值","PHYSICAL_IDENTITY","是","否","","1","","137488","137490",""
"dataset:7a729d2d85e8a70031fcae7f894b388eed09bd8e8a7a1502b2b4b4f0a7b1093b","dm_otc_n.deri_comb_hold_cost","O32系统表本币成本及市值","PHYSICAL_IDENTITY","是","否","","0","","137490","137733","137733"
"dataset:5d639823456163a03ed1a26d5355bd939001d8ea6ea31b37aacf34c8921e2f86","pdata_news_n.t02_stk_divd_info","股票分红信息","PHYSICAL_IDENTITY","是","否","","1","","137531","221523",""
"dataset:c21a775429a69926e6af0c1a5416a999029cb9a9972b0f0f359c24db9cf0a6c9","odata_n_tit.d_ref_sbl","SBL合约要素表||REF_SBL","PHYSICAL_IDENTITY","否","否","","0","","137758;211641","139853;211812","137758;211641"
"dataset:29c6cee4a0170f19d648aa537f72ffc9e19710a3174d3a1998279ca7fbd4cc7a","odata_n_tit.d_ref_otc_contr_precision_detail","合约自定义精度配置表","PHYSICAL_IDENTITY","否","否","","0","","137760","139660","137760"
"dataset:38e5f361a16700a414113924cade5afc401248b085a653a3bb760094df068175","odata_n_tit.d_ref_option_deal_barrier_line","交易障碍线信息表||REF_OPTION_DEAL_BARRIER_LINE","PHYSICAL_IDENTITY","否","否","","0","","137761","139658","137761"
"dataset:946c3a5db205f3828860d3e5e6c490c545681578356db9ec57442eab92691ea3","odata_n_tit.d_ref_op_deal_float_back_fee","期权后端费挂钩浮动利率表||REF_OP_DEAL_FLOAT_BACK_FEE","PHYSICAL_IDENTITY","否","否","","0","","137768","139657","137768"
"dataset:a247131e86e3217dd89eed49ddc97883b49dffdee3564acca32131a9c20638e5","spdata_n.t05_sb_otc_acct_swap_trd","自营场外收益互换成交","PHYSICAL_IDENTITY","否","否","","2","","138028;203839","237888;242931;242988","138028;203839;237888"
"dataset:f3bb7419c867b0140cc3cc0f50770b7e3527352abd2a9decc0d8ab5786679e82","dm_otc_n.v_equity_trs_underlying","权益视图-互换合约标的信息","PHYSICAL_IDENTITY","是","否","","0","","138186","218660","218660"
"dataset:81bdcfd9e5aa44b9857f0cea5eaea34757bf994fd02134fb1cc89e6669d6f33f","dm_otc_n.d_v_equity_trs_plreport","权衍部视图-互换合约维度盈亏表","PHYSICAL_IDENTITY","是","否","","0","","138194","218659","218659"
"dataset:e30bdd0432fa5707268b66d3e7a69a3b754f8ce5a7946b645a03bf88d50d5d30","dm_otc_n.d_v_equity_trs_lifecycle","权益视图-互换合约存续期事件","PHYSICAL_IDENTITY","是","否","","0","","138206","218662","218662"
"dataset:334850aaaeba0f1d7e756e856531eb75c3da62f09669b1fb989eb6b21f7ec9fa","dm_otc_n.d_v_equity_trs_leg","权益视图-互换合约腿要素","PHYSICAL_IDENTITY","是","否","","0","","138208","218661","218661"
"dataset:26bcfdde2cb5f3acbbf5d2e03255ceed8bbaee39e7ee55ae2036d5d57643a829","odata_n_tit.d_margin_bundle_contract_mapping","组合和合约映射关系表","PHYSICAL_IDENTITY","否","否","","1","","138673","141596;244203","138673"
"dataset:ad824b7ba89c1d968a5daf196495035232ebd9d02702617a73b13a61648dba6f","odata_n_tit.d_margin_acct_bundle_mapping","组合编号和保证金映射表","PHYSICAL_IDENTITY","否","否","","0","","138675","141595;141600","138675"
"dataset:6e55456186c0262102eae3c1b5ad5c133996a538309f58699b742b747f7d7fd9","pdata_n.t05_ew_frd_rela_chg_evt","企业微信好友关系变动事件","PHYSICAL_IDENTITY","否","否","","1","","","138708",""
"dataset:13f3a7d0d662e20c2818b88aa6f82400f60184003d46185bb5691c026059928d","dm_index_n.grp_tag_client_emp_cust_inhr_src","组合标签_员工客户继承来源","PHYSICAL_IDENTITY","是","否","","0","","138708","144891","144891"
"dataset:c88e8d58ec3ac039402f318d6d1dbdd171a9d1429f41ac40c6ffdf926881a3cf","pdata_n.t04_crm_user_adtnl_info","金管家用户附加信息","PHYSICAL_IDENTITY","否","否","","1","","","138715",""
"dataset:ab7e61c39bc89f5493d6699e78c4424e940abb64b8c37eb013b47f3f4917b757","pdata_n.t98_ew_frd_intrct_msg_sum","T98_企微好友互动消息汇总","PHYSICAL_IDENTITY","否","否","","1","","","138715",""
"dataset:00d7bcf1b144c889ecf401d7ce8ae84e0c6a9e9075803f42829b9d3f6458edfb","dm_index_n.grp_tag_client_is_long_not_cont","组合标签_客户_是否长期未联系","PHYSICAL_IDENTITY","是","否","","0","","138715","144891","144891"
"dataset:69615c10173b8d6814b4a6f6815fcbdff35d5cb51e4b73b9b08a135f4fb89f79","pdata_news_n.t02_qxb_equity_shareholders_otc_mid","otc同一客户需求股东关系表","PHYSICAL_IDENTITY","是","否","","1","","138806","229009",""
"dataset:0692218798a0fae01d393fcd9de5fb0c0e9ccf1c9225f8c3f4513d1fa4e99d25","pdata_news_n.t02_qxb_equity_holding_otc_mid","控股关系表","PHYSICAL_IDENTITY","是","否","","2","","138807","229014;229015",""
"dataset:2a707b2dab8a6b3095d332b2d044b11bc5e5722b6179f75208985c38114b9cdf","odata_n_xir.t_ttrd_acct_swap_npv","收益互换估值落地表","PHYSICAL_IDENTITY","否","否","","2","","138820","242931;242988","138820"
"dataset:a408a2415b000e1eb7919e7992aabf2dc0f3f7adea3b45f85291003952d8f139","dm_otc_n.trans_lme_futures","伦金所期货行情表","PHYSICAL_IDENTITY","是","否","","0","","138841","138857;228553","138857;228553"
"dataset:ef1df99a0d3e44e983fba0a3eb650c17a5ac0082fc871bba9dc16bf2fec2d1d5","dm_otc_n.trans_overseas_futures","境外期货行情表","PHYSICAL_IDENTITY","是","否","","0","","138914","138921;228557","138921;228557"
"dataset:646916095dc2011cc701bce3cbe374e7cd58d730ba7f9cdc30c56925891d3d05","dm_otc_n.opt_cumulator_schd","期权累购累沽观察区间","PHYSICAL_IDENTITY","是","否","","0","","156651","139096","139096"
"dataset:dcb1dfcad826d2e0ca2bfe1720c3dda957181118318b2965344ee756620bb8a7","dm_otc_n.pos_futures_hedging_cost","O32期货保证金占用","PHYSICAL_IDENTITY","是","否","","0","","139114","139108","139108"
"dataset:122075bed46067ba466d538622a3254dbbf5ac3066be08c629ae9353a326e4c7","pdata_news_n.t02_otc_same_trd_cutp","otc同一交易对手合并输出表","PHYSICAL_IDENTITY","否","否","","1","","","139120",""
"dataset:7b8b2efb636e3460f41a7a832014f17363ad1f7c69eb090b866a87aa7a04bbfd","dm_otc_n.same_counterparty_output","OTC同一交易对手合并输出表","PHYSICAL_IDENTITY","是","否","","0","","139120","139121","139121"
"dataset:bf267e72d64b5f2a3c7f5baff7a31865081cfa98c416c4a68f5f4c068464bb4b","odata_n_tit.d_pricing_eod_part_metric","证券-多标的期权日终定价partial指标表","PHYSICAL_IDENTITY","否","否","","1","","139172","154812","139172"
"dataset:8031cf4102e42bfef031f80a2f770f51612a6806bfb78684c31ab43492239c3d","odata_n_tit.d_pricing_eod_cross_metric","证券-多标的期权日终定价cross指标表","PHYSICAL_IDENTITY","否","否","","1","","139174","154813","139174"
"dataset:245d67c26865e32687b93c86051636217f4c4d2881eea0463f19c7145080e401","odata_n_tit.d_pos_pd_clearing_position","partialDelta清算数据表","PHYSICAL_IDENTITY","否","否","","1","","139183","154814","139183"
"dataset:f3775dfa2c6c5dd3a5318861ab7ea7ce6f6e40eeb47810459bfb34f2dd8fcec5","odata_n_sip.file_hkstockconnet_szhk_tzxx","","PHYSICAL_IDENTITY","否","否","","1","","","139416",""
"dataset:df898e934a44a3e3a300b4dfa59f4e521f0580d84da73348b20021ef20c56ce6","pdata_news_n.nds_mhs_sett_rate","港股通结算汇率","PHYSICAL_IDENTITY","是","否","","1","","139416;139417","139913",""
"dataset:f44f7b163582b4a47c4afd247287f13255b427b5c52505cca2662706ccc3499e","odata_n_sip.file_hkstockconnet_hk_tzxx","","PHYSICAL_IDENTITY","否","否","","1","","","139417",""
"dataset:5bccf08b970e946f2d0bf939d2806623dee7d4aba0231b0afec5a1c4fe23be01","dm_index_n.index_grp1_apd_net_ast_absl_lst10days","客户_日均净资产_近10个交易日&绝对日期区间_零售柜台和机构柜台","PHYSICAL_IDENTITY","否","否","","1","","","139496",""
"dataset:ccefbf3ba368fe3f35dcf1fffd15e923db7e0dea45e485ee200bb93707a4f8d7","dm_index_n.index_grp1_fir_10days_apd_net_ast_ge_20w_date_lst545days","客户_首次10个交易日日均净资产大于等于20万元日期_最近545天","PHYSICAL_IDENTITY","是","否","","0","","139496","206454","206454"
"dataset:d1b23d5d6d9b6ef3e29091e7fc7036b5cde44daca78ffff0137144df7fd83b9d","odata_n_tit.d_ref_option_dailyrangeaccrual","证券-期权-区间累积权属性","PHYSICAL_IDENTITY","否","否","","1","","139596;211708","156499;211698;228643","139596;211708"
"dataset:73b66b7222330952f4505159d718df044cc759a6ae5c76a465569c0a2bb3c9d7","odata_n_tit.d_ref_op_cumulator_schedule","Accumulator观察区间表","PHYSICAL_IDENTITY","否","否","","0","","139597;211707","156493;211696","139597;211707"
"dataset:4813a11bf26c6c33cf5319f84078eaf5f7f838668523271b9c7db9114b607cc6","odata_n_tit.d_ref_option_barrier_line","子交易障碍线信息表","PHYSICAL_IDENTITY","否","否","","1","","139598;211706","156498;211699;228641","139598;211706"
"dataset:938fc0a7002d695178075851ce3e13eaafb9ea8851524c84c525879f11e6b91f","odata_n_tit.d_ref_option_lizard_obs_date","LIZARD观察日信息表","PHYSICAL_IDENTITY","否","否","","1","","139600;211791","156494;211693;228652","139600;211791"
"dataset:4532206c18363185f80e9bdd509cccb2ceadf685d9f56f8563128ebc5215e2f5","odata_n_tit.d_ref_option_autocall_ko","AUTOCALL赎回障碍信息表","PHYSICAL_IDENTITY","否","否","","1","","139836;211600","156497;211694;228634","139836;211600"
"dataset:b9b5ecbbd907434b12d5017741c3e742206d5b3a32016fd531f38320d0e6f074","odata_n_tit.d_ref_option_dra_obs","区间累积观察日表","PHYSICAL_IDENTITY","否","否","","1","","139843;211569","156492;211697;228647","139843;211569"
"dataset:ad83939b9215121486cefab0b243386da737835882131e80bbcc96da59ce5b2e","dm_otc_n.mhs_sett_rate","港股通结算汇率","PHYSICAL_IDENTITY","是","否","","0","","139913","140252;140262;228894;228901","140252;140262;228894;228901"
"dataset:d28d10ba4a7433993a1b6acfc91e43f2cba4a70bae0a4802139c774584ffae3a","dm_index_n.grp_tag_client_is_all_user_wecon_auth","组合标签_是否企业微信认证客户_用户全部状态","PHYSICAL_IDENTITY","是","否","","1","","140003","187791;203119;208983","203119;208983"
"dataset:f5713b1c023fa1a674b4358ffbe9329f14ad07ca28d6b75c843024eb576ebb6e","pdata_n.t04_user_prd_rela_h","用户产品关系历史","PHYSICAL_IDENTITY","否","否","","1","","","140678",""
"dataset:901d9f54908c5154cf1f054f24a3b0511c82c2a54467d5d7ddd79f0008996eb9","pdata_n.t04_user_pty_rela_h","用户当事人关系历史","PHYSICAL_IDENTITY","否","否","","1","","","140678;219085","219085"
"dataset:1becb28d3ab2c271d7e8875eb7605ee22947d1ad99273d8423ae5eabafa43ce5","pdata_news_n.t02_stk_base_info_md","股票基本信息","PHYSICAL_IDENTITY","否","否","","1","","","140678;161314","161314"
"dataset:5bcd3bee29528cc043d98026cbfaf053030f94007ebfd7e119ab4776d1040c3f","dm_index_n.index_grp1_prd_det_add_option_curr_hold","客户_产品明细_加自选&当前持有","PHYSICAL_IDENTITY","是","否","","0","","140678","208983","208983"
"dataset:70cd17abe71392cfab3dd511495f0ee702d109d2cf5c2f724b4f2b8b9037a13c","pdata_n.t03_otc_chrem_acct","场外理财账户","PHYSICAL_IDENTITY","否","否","","4","K032","","140692;152924;164647;168844",""
"dataset:c8b6500e4929d90bbfa2d27e9a5d0c959fdec37b316db5a90f26a6c074c8a849","pdata_n.t05_marg_indt_frc_ofst_evt","融资融券行业强制平仓事件","PHYSICAL_IDENTITY","否","否","","1","","","140692;170408;206945","170408;206945"
"dataset:1eadfaf5792d355a1478901b4a9b4fd85340b44d4829271f785e661b08865d1d","dm_index_n.index_grp_stock_first_trade_date","客户_首次交易日期_股票_无计算维度_零售和机构柜台","PHYSICAL_IDENTITY","否","否","","1","","","140692",""
"dataset:39f0a28a6da1eb7192004fb612a97e48f29292a9ade9ec5053c1d1c3cf788408","dm_index_n.grp_tag_client_cust_whth_marg_pcus","组合标签_客户_是否为两融潜在客户","PHYSICAL_IDENTITY","是","否","","1","","140692","199760;208353","208353"
"dataset:dfea98974bdd5082a702ca68e327b2fb9777e055997728cf9d9db6c1475b5a57","odata_n_aum.a_tcust_rela_his","","PHYSICAL_IDENTITY","否","否","","1","","140759","153048","140759"
"dataset:3e12895d86caea3015c041f00884ba72f52cc75ddad3c4dd0415e545b4a26b91","pdata_nds.a_tcust_rela_his","客户关系历史表","PHYSICAL_IDENTITY","是","否","","7","","153048","140767;158280;159585;159756;160257;161271;161899;190620","140767"
"dataset:5b3925bb4423cf643d7967f9a2aec413411b206f02881eb5d7da845eb04798c3","pdata_news_n.t02_qxb_equity_shareholders_otc_aff_temp","股东关系表","PHYSICAL_IDENTITY","否","否","","1","","","141022",""
"dataset:eb51d619f2cf6642804d3c4dd52b405848d6c514c10176b5053dd09e41dec28a","pdata_news_n.t02_qxb_equity_shareholders_otc_aff_mid","股东关系表","PHYSICAL_IDENTITY","是","否","","0","","141022","",""
"dataset:9712e2090022c0d56c954b2e36b386c8a30a40a462f0aaa1e295f055f7b6e36d","pdata_news_n.t02_qxb_equity_actual_controller_otc_aff_mid","实控人关系表","PHYSICAL_IDENTITY","是","否","","0","","141022","",""
"dataset:545ebe08cb8ab09ff84656360ba599cd7741439c4b388a7a12a6135c712f8f6c","dm_index_n.index_grp1_incl_non_trd_nts_last_10d_avg_asset","客户_日均净资产_含限售市值&按身份证及客户名称粒度汇总_近10交易日_无备注信息","PHYSICAL_IDENTITY","否","否","","1","","","141103",""
"dataset:735392292bbfca8af64568cec038a4231196e861a045d5c406425e2a78f5b305","dm_index_n.grp_tag_client_cust_whth_neeq_pcus","组合标签_客户_是否为新三板潜在客户","PHYSICAL_IDENTITY","是","否","","0","","141103","144891","144891"
"dataset:ea32f569a456e42768626b2d6275bfc43bb24cb36f782338dda4422baa83eb2b","pdata_news_n.nds_asharetypecode","类型编码表","PHYSICAL_IDENTITY","是","否","","4","","141241;214543","214555;219534;219865;227795",""
"dataset:c2b0559144255575366d296e00d9a12b3cab70cf816df1d1accf671cada08d34","pdata_news_n.t02_bond_base_info_ext","债券基础信息拓展表","PHYSICAL_IDENTITY","是","否","","2","","141277","190113;230365",""
"dataset:ac8790c3d6b7c7e8b26ab0f19c95db6534a52a0a01e627ccbf624bd119e20734","dm_index_n.index_grp1_fir_net_ast_reaching_thrh_date_from20231226","客户_首次净资产达到某阈值的日期_自2023年12月26日起_无计算维度_无备注信息","PHYSICAL_IDENTITY","是","否","","0","","141353","206454","206454"
"dataset:8829d2fc58d22c4b442a35c1a7502771d0699ec37b98fcf48129a55017ec0416","odata_n_tit.d_pos_eod_calc_metrics_p","日终持仓-指标计算结果表","PHYSICAL_IDENTITY","否","否","","3","","165385;196633","141369;243712;243793","165385;196633"
"dataset:5e2f117a4bde727ebb6ebee4a6e0e662827269f3450351d920924d81001d21d5","odata_n_uip.q_mkt_reference_rate","人民币参考汇率","PHYSICAL_IDENTITY","否","否","","0","","141461","151401","141461"
"dataset:4e68e4cec4135bf29271330e2158fbe071bbba5190e78526834bb09dfc6f1116","pdata_n.t03_otc_deri_agt_agt_grp_rela_adtnl_info","每天一份快照，记录场外衍生品协议与协议组的关联关系、保证金 / 资产账户绑定、产品映射、内部单号及终止标志等附加信息，用于协议组管理、授信、保证金管控与业务追溯。","PHYSICAL_IDENTITY","是","是（并非已逐分支核验）","docs/00-20260914-图谱认知/01-tit入模/02-TIT入模去向.md;docs/00-20260914-图谱认知/01-tit入模/05-去向与未命中分类.md","18","K008;K087;K093;K096","141595;141596","143830;143860;145583;149570;151145;163599;172252;172257;172296;173137;176330;176360;176874;176877;200030;200078;206952;215700;236759","215700"
"dataset:fcc38d5e350a8fa4687675e89254f4e49e49f0167d2e56a2308a3ab2b8f411d8","dm_index_n.index_grp_cust_div_brch_apdtotast_10frntenayast_25pst10to25noapdast_mth_retandorgcntr","","PHYSICAL_IDENTITY","否","否","","1","","","141904",""
"dataset:03dbf8de2baf5937c9132a5a3e88074e93e539b7d29dfe2be9ed16f53fa5b5d1","dm_index_n.index_grp1_astchgrate_retandorgcntr","客户_资产变动率_无限制条件_无计算维度_零售和机构柜台","PHYSICAL_IDENTITY","是","否","","0","","141904","206454","206454"
"dataset:cede5be261abbe4ee71967875722d899ccc6cdfa6bdfe05a4f60334e59a6c29b","odata_n_pas.j_hssemp_employee_csrc","证监会系统单位工作经历信息主表","PHYSICAL_IDENTITY","否","否","","1","","141952","193982","141952"
"dataset:7b9d3d1881e6e9e3cb84820e787fac38d4cae0bce4fc0cc2c3db48379cbb448c","odata_n_pas.j_hssemp_employee_csrc_ver","证监会系统单位工作经历信息版本表","PHYSICAL_IDENTITY","否","否","","1","","141954","193982","141954"
"dataset:b6e6203460157598705959ea4b0fb0edd9b7a6e9bb079ad20e490ae5a636f3fa","dm_otc_n.md_sec_halt_tl","通联证券停复牌信息","PHYSICAL_IDENTITY","是","否","","0","","142064","144645","144645"
"dataset:73f5711d958f4ef6b9154261a7e084c5d083ba40487a7efe9134533e40b9839b","odata_n_uip.q_md_sec_halt_p","证券停复牌","PHYSICAL_IDENTITY","否","否","","1","","142571","142684","142571"
"dataset:65444bd8d76e9ffd1532e61995dac16f2866bc368ba8bf71fa6acf3ed0f5755e","dm_index_n.index_grp1_view_times_meg_stk_mkt_quot_prd_tdy","客户*产品_浏览次数_易淘金&个股行情产品_当日","PHYSICAL_IDENTITY","否","否","","1","","","142847",""
"dataset:5d0e45cea75f4b011521c753fd02ed4cd858e58ad4dfaa6e246ada592238dc0c","dm_index_n.index_grp1_view_times_meg_stk_prd_top5_last_30d","客户_浏览次数_易淘金&个股行情产品&浏览TOP5_最近30天","PHYSICAL_IDENTITY","是","否","","0","","142847","208983","208983"
"dataset:3e9ae9f25e450975633ec292d2818c0adfd2d365fa30cd55f74b30da029a9a6f","odata_n_tit.d_margin_bundle_acct","组合盯市账号表","PHYSICAL_IDENTITY","否","否","","1","","198378","142888;199158","198378"
"dataset:e1cd9e46ebdab5afbb2c104d92e0e7b7802847a95ed7c075faa706b1530b7d49","pdata_n.t03_otc_deri_comp_comb_adtnl_info","场外衍生品合约组合附加信息","PHYSICAL_IDENTITY","是","是（并非已逐分支核验）","docs/00-20260914-图谱认知/01-tit入模/02-TIT入模去向.md;docs/00-20260914-图谱认知/01-tit入模/05-去向与未命中分类.md","6","K093","142888","143830;143860;200030;200078;207458;207513;207514;207753;207905;215700;229121;232684","207458;207513;207514;207753;215700"
"dataset:43c64080b17e0dae6f5eb24feb35d7aadc0661b3cbb5f8109b3dabf643aaf368","odata_n_rcc.s_entrust_pb","订单表","PHYSICAL_IDENTITY","否","否","","1","","143520","203916","143520"
"dataset:d69f9844cf252a1048797a5c720593e6bf10d759abd439bcf12a3f6b0d8c4fb9","pdata_n.t03_otc_cutp_marg_acct_perf_guar_rslt","","PHYSICAL_IDENTITY","是","是（并非已逐分支核验）","docs/00-20260914-图谱认知/01-tit入模/02-TIT入模去向.md;docs/00-20260914-图谱认知/01-tit入模/05-去向与未命中分类.md","11","K008;K087","147139;165155","143830;143860;145583;163599;172296;173137;176330;176360;176874;176877;229121",""
"dataset:078c86f8793fb0a483ccefdf774b0bfed941af14bbac3ab2e8b96ba747640e03","dm_rsk_n.d_v_risk_contr_capital_mapping","合约与保证金账户对照关系","PHYSICAL_IDENTITY","是","否","","0","","143830","",""
"dataset:5dd16e7a8232e739a91bcfa8b60f5c538f4ef2c55bbc7376e94210a9933703f0","odata_n_cpl.p_gf_label_group","标签分组表","PHYSICAL_IDENTITY","否","否","","1","","","143846",""
"dataset:4e19db24a3585b470d93d263aa1343064a5c3a869647552b6032ed4e0a72ca3d","odata_n_cpl.p_gf_employee","员工表（其中oa用户每日全量同步）","PHYSICAL_IDENTITY","否","否","","1","","","143846",""
"dataset:28dafbbea95172001bf5d338f049fe0172cae84d6960756ad18ef9d43bec14b9","pdata_n.t99_lbl_grp_info","标签组信息","PHYSICAL_IDENTITY","是","否","","0","","143846","144891","144891"
"dataset:b6b457e5ff2d0c145d7a5bb3554e888407613fbc4f3b0c90b10e3e45164c951a","dm_rsk_n.d_v_risk_margin_acct_info","风控视图-保证金详情表","PHYSICAL_IDENTITY","是","否","","0","","143860","",""
"dataset:8e3b068915cf1e850d0daadc2f36eaf4cab418d6082baaddf8af12c50c27bbdc","dm_rsk_n.d_v_margin_param_for_risk","风控视图_保证金参数信息","PHYSICAL_IDENTITY","是","否","","0","","143897","",""
"dataset:65f0200a9144f8b25f25e62f7b0fd4c653208ec832fd9d56e27a6bd19e8e03ed","odata_n_icc.a_cbpentrust_p","综合业务委托表","PHYSICAL_IDENTITY","否","否","","1","","143914","203921","143914"
"dataset:2fdda60b5605d7ae075b292e846f58fa55fe2d14323b440f7290efeac69069ba","odata_n_icc.s_entrust_pb","订单表","PHYSICAL_IDENTITY","否","否","","1","","143928","203917","143928"
"dataset:6a928382cd51436f84955d66ca8205b6097a0b61e9cc73f343089bff59d09ef3","dm_index_n.index_grp1_cust_avg_trd_net_asset_xsb_nts_covt_mon","客户_净资产_大小非新三板折算&北交所及同业不折算&不含未到账资产_当月10至25日均_零售柜台和机构柜台","PHYSICAL_IDENTITY","否","否","","3","","","143951;187781;199241",""
"dataset:b16e8dec6d17ae76de7d0ba55dc039b332b75c8d2599686154a70041fae69030","dm_index_n.grp_tag_client_is_wlth_hnw_cust_flag","","PHYSICAL_IDENTITY","是","否","","3","","143951","144891;190237;202836;203115;207665","144891;207665"
"dataset:b4b97d1c10af7cd9d97f26698a902c379975e8e4f5e1c2f31fc441df39f1e744","odata_n_sip.file_szse_consnextday","国证指数文件","PHYSICAL_IDENTITY","否","否","","1","","","144016",""
"dataset:2501f5a291416100ad96a7feaf58a1278347b6856d1057cf96e832af3e9bc362","pdata_news_n.t02_idx_compnt_wght_ext","指数成分股权重拓展表","PHYSICAL_IDENTITY","是","否","","2","K079","144016;144018","144127;144146",""
"dataset:2c42b9c4024e3dbe2a3922e8c0209fd3eb7d828bb17de66cee954e342d210dbb","odata_n_sip.file_sse_weightnextday","中证指数文件","PHYSICAL_IDENTITY","否","否","","1","","","144018",""
"dataset:eca753b473f833eebae1db9b5283d54514bf3c91ac6bb240de7db4db7b57b1e3","dm_otc_n.file_szse_consnextday","国证指数成分股权重","PHYSICAL_IDENTITY","是","否","","0","","144127","144432;164112;180338;198260;208902","144432;164112;180338;198260;208902"
"dataset:11933f9d8170d9bd5788824bb985a53700327d65aa3a3d5966093f38a8315272","odata_n_tit.d_trd_otc_trade_p","【AI】交易-OTC—交易表（父类）","PHYSICAL_IDENTITY","否","否","","3","","144134;146687;211557;237065","144141;146688;163712;211614;227869;245498","144134;146687;211557;237065;144141;146688;211614"
"dataset:16cba84ab1ba5d2005843a52876ca169f6ed903be17cf228df2bcddbd9a224b8","odata_n_tit.d_ref_book_p","账簿信息表","PHYSICAL_IDENTITY","否","否","","3","","144136;146685;211559","144142;146686;163712;211615;244854;245498","144136;146685;211559;144142;146686;211615"
"dataset:366f3d53a95aefd117c8598c96b1de9bd5c5bbc30fee0dc8e0dc84cf780faefc","odata_n_tit.d_ref_instrument_p","","PHYSICAL_IDENTITY","否","否","","1","","144137;149680;151765;211603;237047","144143;149682;151766;211616;237188","144137;149680;151765;211603;237047;144143;149682;151766;211616"
"dataset:6feeeb0435a8c963ee65d955e979ee96910a0b35d4f42111c3bb446c268028a2","odata_n_tit.d_trd_otc_trade_pb","【AI】交易-OTC—交易表（父类）","PHYSICAL_IDENTITY","否","否","","1","","144141;146688;211614","144287;144288;144289;160811","144141;146688;211614"
"dataset:a33968078d539ee2d81a0885524222b969d948e4cddc40b96ec36d7f35b42364","odata_n_tit.d_ref_book_pb","账簿信息表","PHYSICAL_IDENTITY","否","否","","1","","144142;146686;211615","144290;144293;160815","144142;146686;211615"
"dataset:54f65cc0c60ecef91f483ae35f11f2e5f835b86e3f4ae9c1a7dde88905e06e4d","odata_n_tit.d_ref_instrument_pb","证券-证券基本信息","PHYSICAL_IDENTITY","否","否","","1","","144143;149682;151766;211616","144303;152124;211515","144143;149682;151766;211616"
"dataset:6fecc361104c402ee1c554034e5bbceb02314523bf13763cfe9f3db1a6d123c1","odata_n_tit.d_ref_trs_pb","场外交易-TRS","PHYSICAL_IDENTITY","否","否","","1","","144144;198801;211617","144287;144288;144289;144296;160830","144144;198801;211617"
"dataset:0c1d6318d4850d0983d314422aecde4a21c0a432232d2f6de42a532332b54fac","odata_n_tit.d_ref_trs_leg_pb","场外交易-TRS-leg基本信息","PHYSICAL_IDENTITY","否","否","","1","","144145;198804;211618","144295;144299;160824","144145;198804;211618"
"dataset:75696d89279eeb59c64d2a5250ff21fa497da9a5c7a514565023e88fddc1794e","dm_otc_n.file_sse_weightnextday","中证指数成分股权重","PHYSICAL_IDENTITY","是","否","","0","","144146","144433;164111;180336;198259;208903","144433;164111;180336;198259;208903"
"dataset:a99a7abb31bb9d566a903f4192ca78d50e9bcaaf402e18fd1e752a56a0ef0e34","dm_otc_n.trans_scr_st_info","股票特别处理信息","PHYSICAL_IDENTITY","是","否","","0","","144153","144420;228890","144420;228890"
"dataset:004d2e7b1bda27fb4899d7eb47268cfed3e71c47728bf22a63e321953342ba30","dm_otc_n.trans_st_stk_base_info","通联股票基本信息","PHYSICAL_IDENTITY","是","否","","0","","144157","144423;228899","144423;228899"
"dataset:9d3d8f96364a36ab49a7b9cdc9ab69f62b7ad01f6d58cc6dea5621503ba7b19f","dm_otc_n.trans_scr_base_info","万得证券基本信息","PHYSICAL_IDENTITY","是","否","","0","","144159","144394;228630","144394;228630"
"dataset:0e0e331585c67ee41b42177b1bb2b54e4cd3a729e1b2c09ac924dc2cf10f27df","odata_n_tit.d_pos_trs_leg_his_pos_p","【AI】持仓-TRS浮动及结构化腿历史持仓","PHYSICAL_IDENTITY","否","否","","1","","144163;198713;211758;237106","144167;198717;211491;237108;237630;239260","144163;198713;211758;237106;144167;198717;211491;237108;239260"
"dataset:ea26971e7344b65e9d64d8e21169f5c6be2b978093dacc6ae1ec018a81be331c","odata_n_tit.d_ref_future_properties_p","【AI】证券-期货信息表","PHYSICAL_IDENTITY","否","否","","1","","144165;211756;244872","144168;211760;245573","144165;211756;244872;144168;211760"
"dataset:6b4e350eb4507e590b9769caa5148c52ce5c4fa9b7998e01ee03b9d04c482c47","odata_n_tit.d_ref_rmb_midrate_pb","","PHYSICAL_IDENTITY","否","否","","0","","144166;211754","144298;211752","144166;211754"
"dataset:45430843aa82a5c4ea43d728d99e9545f4f5f15fd8cca5f8487f1ee01751e39f","odata_n_tit.d_pos_trs_leg_his_pos_pb","【AI】持仓-TRS浮动及结构化腿历史持仓","PHYSICAL_IDENTITY","否","否","","1","","144167;198717;211491;237108","144295;160828","144167;198717;211491;237108"
"dataset:fa35e9d315e39c45d5d6895cbe3a2ef1707fdf592c96e76d3df48b7f5095c805","odata_n_tit.d_ref_future_properties_pb","【AI】证券-期货信息表","PHYSICAL_IDENTITY","否","否","","0","","144168;211760","144301;211516","144168;211760"
"dataset:ac37b36baea16df9f3bff424847f1782d7323d2ac732835afa0e8a48207fc749","odata_n_tit.d_ref_fast_trs_pb","极速互换合约要素表","PHYSICAL_IDENTITY","否","否","","1","","180587;211556","144287;144288;144289;180406","180587;211556"
"dataset:1b5e3b37f38d2403fa8a8117120c9f22778af6795fb88712241f1371f2cc4391","dm_otc_n.trd_cal_ref","交易日历表","PHYSICAL_IDENTITY","是","否","","0","","144343;146860","",""
"dataset:ddb4fe33a1064fd2f2af80201ac3720c63ff6f4386bcab89b38bd9db24d91780","dm_index_n.index_grp1_dealscal_otcderi_cs_yearaccum","员工_交易规模_场外衍生品&交叉销售_当年累计","PHYSICAL_IDENTITY","是","否","","0","","144887","",""
"dataset:08f9e56ae0c2d6a54d7fb644c95fece0ec19eb98cd7c0d152e54b02c8fc12faf","dm_index_n.grp_tag_client_is_mts_purp","组合标签_两融意向潜客类型","PHYSICAL_IDENTITY","是","否","","0","","200180","144891","144891"
"dataset:c7caaa85a1a8c8c775eef1aa053d0662b927a4ab9005273d1c13e1aa1bc814d4","dm_index_n.grp_tag_client_cust_mts_type","组合标签_潜在两融客户类型","PHYSICAL_IDENTITY","是","否","","0","","199760","144891","144891"
"dataset:2212e04bf8d6af122c2cb75d4dff30750d201b2d3e8eee4fc5d248cde51c56cf","dm_index_n.grp_tag_indv_cust_is_high_age_pty","组合标签_客户_是否高龄客户&按出生年份","PHYSICAL_IDENTITY","是","否","","0","","207560","144891","144891"
"dataset:13f59a493a4bc47966c27415dfcdcaaa748d8ca990b481b3f703d329c8e9caeb","dm_index_n.grp_tag_client_is_new_valid","组合标签_是否当年新开有效户","PHYSICAL_IDENTITY","是","否","","1","","146788","144891;190237;208983","144891;208983"
"dataset:a9b2d9b465bc61f47ef122eed20844868d111fad492defeb6f47ad4faf27312a","dm_index_n.grp_tag_client_cust_whth_szhk_sc_pcus","组合标签_客户_是否为深港通潜在客户","PHYSICAL_IDENTITY","是","否","","0","","156245","144891;208353","144891;208353"
"dataset:79097723efa9ce38f85df0cf25539445e7f2692a6295c987fd4ce0407ee623d9","dm_index_n.grp_tag_client_cust_whth_shhk_sc_pcus","组合标签_客户_是否为沪港通潜在客户","PHYSICAL_IDENTITY","是","否","","0","","156244","144891;208353","144891;208353"
"dataset:de94599c5e593cb0d253fb4bf9a2fe5daf7896905065aa2bcdfff9336bfa89f5","dm_index_n.grp_tag_indv_cust_is_actv","是否当年存量活跃个人客户","PHYSICAL_IDENTITY","是","否","","1","","187781","144891;190237;208983","144891;208983"
"dataset:f2f05ab77c5e11a407c2c530578f8f110591633be3371075e73370de4dab28a8","dm_index_n.grp_tag_client_is_imp_crm","","PHYSICAL_IDENTITY","否","否","","1","","","144891;212242","144891"
"dataset:8df2a1c5701551372434de0b16673dc472a036e64b80d28612cd279c84012b6a","dm_otc_n.t02_fxr_incon_tl","沪港通汇率信息","PHYSICAL_IDENTITY","是","否","","0","","145059","145218;218415","218415"
"dataset:bcabef5f44217b9812ad48085b854103f97b06e045b97faa543a6743e0f54a9b","pdata_n.t03_arp_comp_info","约定购回合约信息","PHYSICAL_IDENTITY","否","否","","1","","","145137;187687","187687"
"dataset:dfe29db984402a530cc30b192776140dab1fae1739b3a42c0f27f68387323d9d","dm_index_n.index_grp1_ast_apptredpbusi_guar_tdy","客户_资产_约定赎回业务&担保品_当日","PHYSICAL_IDENTITY","是","否","","2","","145137","147847;148763",""
"dataset:644d25cb00be8ca9d7e5608e49876e23e2543a577889772b2a4256f453c9c534","dm_index_n.index_grp1_cust_currbal_cash_tdy","客户_当前余额_现金_当日_零售柜台和机构柜台","PHYSICAL_IDENTITY","否","否","","1","","","145235",""
"dataset:51a71cd88c9b564275434426ce6d2dce26c2fc92c7ea87a36d1d3855377df581","dm_index_n.index_grp1_intr_rcvb_bondqrp_tdy","客户_应收利息_债券报价回购_当日","PHYSICAL_IDENTITY","否","否","","1","","","145235",""
"dataset:3a3f15b84ef2252bbee9478988fda173b85ced4048bb696440c9584cbba0fb94","dm_index_n.index_grp1_mval_bondrepo_tdy","客户_市值_债券回购_当日_无备注信息","PHYSICAL_IDENTITY","否","否","","1","","","145235",""
"dataset:2900feca81af2ae9f0348082e39570fa98cc920f16a0263e36e10f2394cd4105","dm_index_n.index_grp1_intr_rcvb_bondrevrepo_tdy","客户_应收利息_债券逆回购_当日","PHYSICAL_IDENTITY","否","否","","1","","","145235",""
"dataset:8e0c94f5cedf33f24ce20e93d369968dec5a1d89ee94ce3d318cd0dff6f92a3d","dm_index_n.index_grp1_liab_bondrepo_tdy","客户_负债_债券正回购_当日","PHYSICAL_IDENTITY","否","否","","1","","","145235",""
"dataset:9826de9a286b1e9833a148a922e4d06e50a91d8ce77934c4052a8bd202b49267","dm_index_n.index_grp1_intr_payb_bondrepo_tdy","客户_应付利息_债券正回购_当日","PHYSICAL_IDENTITY","否","否","","1","","","145235",""
"dataset:6bab9cc691c6635e3f1af4b37b0a3e302755fe572045289341b62896e0b0b196","dm_index_n.index_grp1_liab_bondagtrepo_tdy","客户_负债_债券协议回购_当日_无备注信息","PHYSICAL_IDENTITY","否","否","","1","","","145235",""
"dataset:2d4b354b9215ece5a1232eec33ac39f64a0cdfe1c13e0427e3b83d6d8d6dacba","dm_rsk_n.v_risk_capital_acct_info","Titans视图-OTC资金账户余额","PHYSICAL_IDENTITY","是","否","","0","","145583","",""
"dataset:2b4e9bfa979c268eb55e36a594d07e8619597b8549c1d167427a2a213a78ba37","dm_index_n.index_grp1_cust_trd_net_asset_xsb_nts_covt_day","客户_净资产_大小非新三板折算&北交所及同业不折算&含南向通资产&不含未到账资产_当日_零售和机构柜台","PHYSICAL_IDENTITY","否","否","","1","","","145651",""
"dataset:1295054a0d9b2f8c6b20eebb6b5693079312f03028f9b688ef81576609713aa9","dm_index_n.index_grp2_cust_brch_avg_trd_net_asset_xsb_nts_covt_year_4th_qrt","客户*营业部&客户*分公司本部&客户*总部各部门_净资产_异地开户分成&大小非新三板折算&北交所及同业不折算&不含未到账资产_当年第四季度交易日日均_零售柜台和机构柜台","PHYSICAL_IDENTITY","是","否","","0","","145651","232164","232164"
"dataset:540213d6f883016f2fa8c3a165c7533eeed5c6fe1f8d7577a154bdbc5302c23f","dm_otc_n.otc_comp_dura_chg_evt","场外合约存续期变动事件","PHYSICAL_IDENTITY","是","否","","0","","146386","218665","218665"
"dataset:bb24ee857be479d745a1aef43c4e04821856d6bba050716534aca0c99ca2f6a7","spdata_n.t98_so_acct_rcs_tree_info","T98_自营账户递归树信息","PHYSICAL_IDENTITY","否","否","","1","","146428","230365","146428"
"dataset:00419ab33e676aedd00af7ef4a970f104fa66e73a76185561cbd7b944f02fd75","dm_otc_n.otc_opt_comp_info","场外期权合约信息","PHYSICAL_IDENTITY","是","否","","0","","146516","146550","146550"
"dataset:fce5adb4659ae8f612662953277e61cd650287139d1dc854eef91dd1a8865cb3","dm_index_n.index_grp1_cust_divd_avg_lend_scal","客户_日均出借规模_证券借贷_当月","PHYSICAL_IDENTITY","是","否","","2","","146553","147847;148763",""
"dataset:db0955156610e034990d8311933cb3c0c3dd25bf68978acf9a83afb9fe4f36e5","odata_n_pas.j_hssorg_history_dept_leader","部门历任负责人","PHYSICAL_IDENTITY","否","否","","1","","151956","146581","151956"
"dataset:e6240ff48eff8d8b358d8c0ad58a11bbae25b78d1233898270765d85dac79713","odata_n_pas.j_hssemp_employee_change_employee_type","","PHYSICAL_IDENTITY","否","否","","2","","179402","146581;186350","179402"
"dataset:4c8e8bba74a2d9b951f81d7e0ed2ac7dda1acb72adbf9d890184978bb47e5c4c","odata_n_ois.g_value_report_config","","PHYSICAL_IDENTITY","否","否","","1","","146585","147452","146585"
"dataset:b8d3fd0f09b51ab72e0d875baf06cd77d2125a7e0ee4bf408c4a26bdb4852788","odata_n_ois.g_value_report_execution","","PHYSICAL_IDENTITY","否","否","","1","","146598","147451","146598"
"dataset:bdc7ec10ff920c928356f6520694d39ef5292e92c2a73be10324200fe11a6413","pdata_n.t01_otc_cutp_valu_rpt_cfg_info","场外衍生品交易对手估值报告配置信息","PHYSICAL_IDENTITY","是","否","","1","","147452","146622",""
"dataset:78838b4a898aae44acb164ad6d4790904a3de5b120e4ec304a71b10b928ba15d","pdata_n.t05_otc_cutp_valu_rpt_exec_evt","场外衍生品交易对手估值报告执行事件","PHYSICAL_IDENTITY","是","否","","1","","147451","146622",""
"dataset:f62a8ca71e4a14782dba14643c1c4d71245cb4077b94a72ac79b491b020b1e41","pdata_nds.value_report_api_data","估值报告API数据表","PHYSICAL_IDENTITY","是","否","","1","","167451","146622",""
"dataset:666d713ca83794f11166252b1404f5dfc1526c1e231413bbf30143c79d0ce174","pdata_nds.value_report_ctpty_config","估值报告交易对手配置表","PHYSICAL_IDENTITY","是","否","","1","","161706","146622",""
"dataset:5c6fd76665dee02ef08ee8b766bce021cdca83fb173ea136250a9420c84cb47a","pdata_nds.value_report_gen_result","估值报告生成记录表","PHYSICAL_IDENTITY","是","否","","1","","161707","146622",""
"dataset:a7b508eabaff9b1fdc6d40e069f54eac94a63dd83143da685b820e2757831cb7","pdata_nds.value_report_template_config","模板管理配置表","PHYSICAL_IDENTITY","是","否","","1","","161708","146622",""
"dataset:65b1b26428d916a38912c165fc853b572da3c866e717190df70ddefa2364a574","dm_otc_n.value_report_view","估值报告配置","PHYSICAL_IDENTITY","是","否","","0","","146622","146645","146645"
"dataset:39c28691c8ba0e06cb069bc0cccb12c754274eeca154e9c7380f0e8c2b63a41e","dm_otc_n.t02_ira_ibor","银行间同业拆借利率","PHYSICAL_IDENTITY","是","否","","0","","146637","146641","146641"
"dataset:ecdc1febe7e96a4f05db00d9d8835fd5f5923e6257232f76112781121e596240","odata_n_tit.d_trd_otc_contr_report_p","交易-合约报备信息","PHYSICAL_IDENTITY","否","否","","1","","146689;146691;211568","146696;146697;211815;245027","146689;146691;211568;146696;146697;211815"
"dataset:00c2f3682c1f8d44b8ef478fa72f9ac7c0f809dbb0c3f2dfad53f9426d1a36c6","odata_n_tit.d_trd_otc_contr_report_pb","交易-合约报备信息","PHYSICAL_IDENTITY","否","否","","1","","146696;146697;211815","160829","146696;146697;211815"
"dataset:7817a7325f2df2df70e2d952d07073c536286fa26793be3d399d8466e788e05b","odata_n_uip.q_mkt_ibor_p","银行间同业拆借利率","PHYSICAL_IDENTITY","否","否","","1","","146728","146743","146728"
"dataset:88d48fc663ed6c94196713200205c341d26f72f46706ad7a626ae5d46f115b59","odata_n_tit.d_ref_instrument_pool_whitelist","一站通白名单标的池","PHYSICAL_IDENTITY","否","否","","1","","147324","146819;171427","147324"
"dataset:c9e11b7ff34a4280373f6d815bca25691d74e4d22006b38992abff378ff15d39","pdata_nds.ref_instrument_pool_whitelist","一站通白名单标的池","PHYSICAL_IDENTITY","是","否","","1","","146819","146823",""
"dataset:4e0d635fa58bb6d89d8ebe9a3282ded7cf0cd9701a02ee2f3904ddb7fd4bb1c0","dm_otc_n.ref_instrument_pool_whitelist","一站通白名单标的池","PHYSICAL_IDENTITY","是","否","","0","","146823;219432","146840","146840"
"dataset:e76e8270147db389f3d3c007c60d9b7d0ed8434488467353ff708da6d468d3ce","odata_n_tit.d_bundle_margin_daily_result","组合履保监控结果","PHYSICAL_IDENTITY","否","否","","1","","146867;211629","147138;147139;160816","146867;211629"
"dataset:71a748f5744225c0e6a02672f47497705c1802bac4002fb6c3e26b746a9b618b","odata_n_tit.d_value_report_element_result","指标定义-结果表","PHYSICAL_IDENTITY","否","否","","1","","147020","173052","147020"
"dataset:ab1180161a09e6c0ab6f8144646efb20e689d9bc96cc4837b1f2ef412396d1cc","odata_n_tit.d_value_report_element_config","指标定义-配置表","PHYSICAL_IDENTITY","否","否","","3","","147021","173967;173971;173973","147021"
"dataset:e431bfcbdcc0881d06f303ddb803f364b7fcd1b397e71e48562cee0498e4b6af","odata_n_tit.d_value_report_element_result_pb","指标定义-结果表","PHYSICAL_IDENTITY","否","否","","1","","147156","227869","147156"
"dataset:e0cde838ceb25bb3d9a68e71e16b5f02d8de9b49b19b4924a3d01f5d3ee141a6","dm_rsk_n.otc_cutp_base_info","OTC交易对手基本信息","PHYSICAL_IDENTITY","是","否","","2","K096","147185","206952;236759",""
"dataset:835ad3b6308aebf7745ca69a6cff715dfbcd47012c048e1b3674534a75420d1a","pdata_n.t07_prom_cust_list","活动客户名单","PHYSICAL_IDENTITY","否","否","","1","","","147810",""
"dataset:5c6decaedfa346c78ae96d378f0527dce965f818224d072c90d4596615562a67","dm_index_n.grp_tag_client_cust_exclu_lvl","组合标签_客户尊享等级","PHYSICAL_IDENTITY","是","否","","0","","147810","208983","208983"
"dataset:bcc6e7f0e8906faf22264f52e99b2b749251e60a82decba742466eb2119e707c","dm_index_n.index_grp1_ast_6m_dc","客户_总资产_无限制条件_当日&每日重刷过去六个月数据_零售柜台和机构柜台","PHYSICAL_IDENTITY","否","否","","1","","","147847",""
"dataset:301eca9821e09d6f029f4b0af0865c96c387f31f79a9da7eda9972db0b94e4bc","dm_index_n.index_grp1_netast_bond_tdy_ninclcash","客户_净资产_债券_当日_不含现金","PHYSICAL_IDENTITY","否","否","","1","","","147847",""
"dataset:e5ae217aad703a04789317a9bda19083305d23893b92832bb6835715f8d8a6a9","dm_index_n.index_grp_begn_bal","衍生指标表","PHYSICAL_IDENTITY","否","否","","2","","","147847;148763",""
"dataset:86f5904cd06315b36cdb10cf0fb4a2560758e91403dfcbe0398d822f21de0814","dm_index_n.index_grp2_cust_org_asset_std_mthaccum_all","客户&营业部*总部各部门_标准资产_普通账户市值_当月累计_零售和机构柜台","PHYSICAL_IDENTITY","是","否","","3","","147847","148368;148763;153126;190435;224741","190435;224741"
"dataset:1c0c8935f093f962381af9ca968d19b361a523745543034e30f25a0fdc427b26","dm_index_n.index_grp_whl_prd_ret_amt_avg_year","全产品口径当年日均保有市值","PHYSICAL_IDENTITY","否","否","","1","","","147889;243781","147889"
"dataset:e3ab14fbeb09a421142dc86e6fce62a1779509f0773900274408a4b8af5139e3","pdata_n.t98_ret_co_cust_info_muti_tag","客户群体标签-客户1对一群体标签","PHYSICAL_IDENTITY","否","否","","1","","","147889;243781","147889"
"dataset:bfdb1d9babb5ca4afb878825d79958640abdd7c999133295395e16d43b922f9f","dm_index_n.grp_tag_corp_cust_is_proxy_sale","组合标签_机构客户_是否代销产品","PHYSICAL_IDENTITY","否","否","","1","","","147889;243781","147889"
"dataset:a7357e4dce780917917a5b5033ce742348cc76b69cf9c4983db7e4fc87eea20f","dm_index_n.index_grp1_cust_avgnetassetqualdate_corpcust","客户_日均净资产首次达标日期_企业客群","PHYSICAL_IDENTITY","否","否","","1","","","147889;243781","147889"
"dataset:02bea80ca97666f2aeb10abaddb913d344b687b8488871393f04a496ef031beb","dm_index_n.index_grp_avg_net_asset_co","日均净资产和限售资产_当月","PHYSICAL_IDENTITY","否","否","","1","","","147889;243781","147889"
"dataset:8c3e828683e1e0c09839e7c112a6eae9355658aa0cdcb1e6d67d80b52679f1ca","dm_index_n.index_grp2_compscal_otcderi_cs_yearapd","客户*营业部&客户*分公司本部&客户*总部各部门_合约规模_场外衍生品&交叉销售_当年日均_无备注信息","PHYSICAL_IDENTITY","是","否","","0","","147921","",""
"dataset:20d83f900372b33a24c51d496519692992b7ad2843d078946d2480d7aab830fd","pdata_n.t05_corp_vst_evt","企业拜访事件","PHYSICAL_IDENTITY","否","否","","1","","","147945;243781","147945"
"dataset:6ebabb447f462a09ed915b5632b2638807e7870ada3725edaa3f3361364cff0e","pdata_nds.om_flip_new_orgid","翻牌及撤销营业部新编号对应关系","PHYSICAL_IDENTITY","否","否","","18","K013;K085;K039;K040;K042;K041","","147945;148368;148419;148763;149048;160773;160780;161054;161152;175419;175427;176693;177395;177407;192442;196245;196248;197534;197760;197997;201626;202294;202307;202401;202402;202538;202541;202691;202693;203676;203714;207665;208353;209813;209817;228803;243781","147945;175419;175427;176693;177395;177407;192442;196245;196248;197534;197760;197997;201626;203714;207665;208353;209813;209817;228803"
"dataset:1b38ec346a4171bf6197aab13d06aca13831a54d34fc5efadba16fb58872a2c1","pdata_n.t04_emp_intro_prd_info","员工引入产品信息","PHYSICAL_IDENTITY","否","否","","1","","","147985;243781","147985"
"dataset:fac593c9b449c7cff2b5030270a6eec8043ce8f104863725f9b780c09a642015","pdata_news_n.t02_bnd_cash_flow","债券现金流","PHYSICAL_IDENTITY","是","否","","1","","148046","190375",""
"dataset:228c388edc45f2c226d4e0e8750b08a51c7fb818686e6fa6d13461ffbd698c69","dm_index_n.index_grp2_compscal_otcderi_cs_mthapd","客户*营业部&客户*分公司本部&客户*总部各部门_合约规模_场外衍生品&交叉销售_当月日均_无备注信息","PHYSICAL_IDENTITY","是","否","","0","","148124","",""
"dataset:c298b74355448cb106939184ae70a29b8dff9f7a75f9ea1b9a81fc2a7b3b1d73","odata_n_icc.a_cashaccount_pb","","PHYSICAL_IDENTITY","否","否","","1","","148198","148445","148198"
"dataset:d1c80794047b55c19ebdac5dca1610316e15020565ce746b47d3ea081e9b3fdc","dm_index_n.index_grp1_lvrgastprop_prdcust_mth","客户_杠杆资产占比_产品户_当月","PHYSICAL_IDENTITY","是","否","","2","","149249","148368;148763",""
"dataset:24ce53c82120f17c790b3029f4a004415b7060105ae17c2914e2445d1a20ba3a","dm_index_n.index_grp2_tnrprop_prdcust_mth","客户&营业部_保有占比_产品户_当月_无备注信息","PHYSICAL_IDENTITY","是","否","","2","","149270","148368;148763",""
"dataset:aa5540faf887495a4279fe60e4d7166d1473a0b8451ae441aee46744690ea26c","dm_index_n.prdcust_mng_prd_ext_rela","产品户-产品关系表(关联管理人按名下产品展开)","PHYSICAL_IDENTITY","否","否","","6","K081;K100","","148368;148763;149249;149270;226278;234860",""
"dataset:eefd2e2b73ae740088a218de111a99e5a86cd3fa0ed853d4d0ef1f6e6bca5e91","dm_index_n.index_grp2_apdtnramt_2026yearaumexamcali_mthapd","客户*营业部&分公司本部_日均保有金额_2026年AUM考核口径_当月日均","PHYSICAL_IDENTITY","是","否","","1","","226278","148368",""
"dataset:caf9cea87b50cd501bad956af223e7dffd916ec548fdf108faf6c2b6f14cddbe","dm_index_n.index_grp3_compscal_otcderi_cs_mthapd","客户*营业部*员工&客户*分公司本部*员工_合约规模_场外衍生品&交叉销售_当月日均_无备注信息","PHYSICAL_IDENTITY","是","否","","4","K085","159763","148368;160773;160780;165154",""
"dataset:2dc3066e6f1c74e59713b742b5f72952709fbd59dd22ff8ebde6f0096924e159","dm_index_n.index_grp3_org_emp_cstdprd_avgast_aum_mon","总部各部门&营业部&子公司*员工*资产托管产品_日均净资产_AUM考核_当月日均","PHYSICAL_IDENTITY","是","否","","4","K085","149053","148368;160773;160780;165154",""
"dataset:6abe464d8816d56ff720cac79109bba1a3eea7f9826151d3eb74c9c116cc7762","dm_index_n.index_grp1_apdast_iabusi_mth","客户_标准资产_投顾业务AUM口径_当月","PHYSICAL_IDENTITY","否","否","","1","","","148368",""
"dataset:d14d60e28186c2c0ae5ba444e639fa62ea6eb317273d6f524a575cddfb671dac","pdata_nds.file_gfqh_ib_cust_eval_sum","证券协同期货客户考核数据_营业部汇总","PHYSICAL_IDENTITY","否","否","","1","","","148368",""
"dataset:c83591dccab7976fe18c1df86a59528678dde5a771fef3fdb35c2be65755937e","pdata_nds.aum_asset_ast_style_cd","标准资产字典表","PHYSICAL_IDENTITY","是","否","","3","","164766","148368;148763;149001;149841;152234;152257;155612;165154;231804;231821;236184","149001;149841;152234;152257;155612;231804;231821;236184"
"dataset:12182c43340769f51a7ce434ec4490997e781d491db79f31eca6df8c31ed6cf1","dm_index_n.grp_tag_client_is_aum_exam_del","组合标签_客户_是否标准资产考核特殊剔除","PHYSICAL_IDENTITY","是","否","","3","","187693","148368;148763;165154",""
"dataset:57a31b0017e9b0dbc1134fab80b30d665ac97e2a68cd4d997a6bd80521b8fdda","dm_index_n.grp_tag_client_is_cust_judic_frz","组合标签_客户_是否司法冻结","PHYSICAL_IDENTITY","是","否","","4","","158659","148368;148763;153126;165154;190435;224741","190435;224741"
"dataset:0f37256f9ebe1cba38b31f98de7c637df0cbed9e8d5f9df17bda020feaedba19","dm_index_n.index_grp2_std_ast_bef_covt_mth_apd","客户*机构_标准资产_折算前&产品户比例切分&异地开户切分&剔除司法冻结户&剔除特定客户_当月日均&每日更新过去6个月数据_无备注信息","PHYSICAL_IDENTITY","是","否","","7","K013;K085","148368","148419;148763;148806;148906;153126;160773;190435;191673;201644;224741;236483","190435;191673;224741;236483"
"dataset:4280d72e07c99ae4c550cfbadb35ca4d517067ef846c227029bf01bb4f6c3ad1","dm_index_n.index_grp3_compscal_otcderi_cs_yearapd","客户*营业部*员工&客户*分公司本部*员工_合约规模_场外衍生品&交叉销售_当年日均_无备注信息","PHYSICAL_IDENTITY","是","否","","6","K013","159768","148419;149048;149236;149951;152592;161054;161152","152592"
"dataset:5a79e540abc4242bc33c04d42c9fc93ee555bfa6cba9977a4f8f5907f877deeb","dm_index_n.index_grp3_org_emp_cstdprd_avgast_aum_year","总部各部门&营业部&子公司*员工*资产托管产品_日均净资产_AUM考核_当年日均_无备注信息","PHYSICAL_IDENTITY","是","否","","6","K013","149054","148419;149048;149236;149951;161054;161152",""
"dataset:ad93f177cc593e2b83cb07b317c7f2e99e35266755c210a47a2081723d877f8f","dm_index_n.index_grp2_std_ast_bef_covt_year_apd","客户*机构_标准资产_折算前&产品户比例切分&异地开户切分&剔除司法冻结户&剔除特定客户_当年日均&每日重刷当月数据_无备注信息","PHYSICAL_IDENTITY","是","否","","2","","148419","149087;175419;175427;176693;177677;192442;201699;209813;209817;218029","175419;175427;176693;177677;192442;209813;209817;218029"
"dataset:492c103a035e6c73c962bcdb5ea8e4bb509764694e64086b1d3c451065ef237c","pdata_nds.a_fundaccount_pb","资产账户","PHYSICAL_IDENTITY","是","否","","3","","148445","214294;216955;216982",""
"dataset:43ef6ca0f21b95bcd133c7a1c67e22c264b9113bded53007e298ddebacb5aba7","odata_n_tit.d_ft_sod_margin_plan","履保方案信息","PHYSICAL_IDENTITY","否","否","","1","","148545","148770","148545"
"dataset:9493c98da42f5d7a609861662ecaa387695d9fa9df9df956a1e78dd37268e997","odata_n_tit.d_ft_sod_instrument","履保方案信息","PHYSICAL_IDENTITY","否","否","","1","","148546","148768","148546"
"dataset:0161d4ee973ead67348a1d0420be4e5f859e8d4e5543e818f42a76d323c6e9b6","odata_n_tit.d_ft_sod_eq_recall_record","标的被召回信息","PHYSICAL_IDENTITY","否","否","","1","","148561","148767","148561"
"dataset:cf3ffff48d1abe7b9e3ce37623b922dd2dfeca730ea24b1b74f9ecd3ecd44a28","odata_n_tit.d_ft_sod_eq_lend_record","客户借券记录","PHYSICAL_IDENTITY","否","否","","1","","148562","148766","148562"
"dataset:eed25ee7c94f58f4a3e8d226da83d9ac59edbc07fd8a453f27c8fc4e4c17d264","odata_n_tit.d_ft_sod_eq_lend_available","融券券池信息","PHYSICAL_IDENTITY","否","否","","1","","148563","148765","148563"
"dataset:9758260975ee827c8f0b5ba12512cbcc4264b409ab33695234f14dfe401efc4a","odata_n_tit.d_ft_sod_counter_party","客户账户信息","PHYSICAL_IDENTITY","否","否","","1","","148564","148764","148564"
"dataset:c1ede125763fd62d9cc7d2651fdabe63efb2142c7ff2ac96282912ec816a7ea3","pdata_nds.ref_book","账簿","PHYSICAL_IDENTITY","是","否","","14","K030;K004;K021","160814;160815","148697;159489;159495;159497;159506;160791;160792;160794;160795;165949;188414;188419;188424;188429",""
"dataset:457f32c20c57aaf8eea8ebc7a76518474031d2034cab9cf844fd780187985611","pdata_n.t04_otc_deri_dept_adtnl_info","场外衍生品部门附加信息","PHYSICAL_IDENTITY","是","是（并非已逐分支核验）","docs/00-20260914-图谱认知/01-tit入模/02-TIT入模去向.md;docs/00-20260914-图谱认知/01-tit入模/T04-机构用户与权限/02 部门配置与账簿归属.md","4","K030;K090","165638;211773","148697;165949;185234;211619",""
"dataset:7deb965cd94096c2e2885ba30b46c2ad28419de8a2680665c374177f1f28c614","pdata_news_n.t02_opt_base_info_tit","期权基础信息tit","PHYSICAL_IDENTITY","是","是（并非已逐分支核验）","docs/00-20260914-图谱认知/01-tit入模/02-TIT入模去向.md;docs/00-20260914-图谱认知/01-tit入模/05-去向与未命中分类.md;docs/00-20260914-图谱认知/01-tit入模/T02-产品标的与市场数据/01-产品基础资料/02.2 场内期权.md;docs/00-20260914-图谱认知/01-tit入模/T02-产品标的与市场数据/his/产品标的与市场数据.md","4","K030","176204","148697;165949;176983;195090",""
"dataset:7bc4fbffc726da63d74856f4d0226ae953177f0e70028d3b18897d6bcdcc0c24","dm_rsk_n.v_risk_hedging_position_tit","风控视图-对冲交易持仓信息表","PHYSICAL_IDENTITY","是","否","","0","","148697;165949","",""
"dataset:c0079cc211f9dfaca521d37cd3c419ccf5b6056b124a597c66ffcde1194208ae","temp.cbs_coef_good_1","","PHYSICAL_IDENTITY","否","否","","0","","","148763",""
"dataset:8f53674f649eeac8d81ccc22a4dcf27764dcca5938e85b54cc4f21fcf732e9f2","temp.cbs_emp_good_5","","PHYSICAL_IDENTITY","否","否","","0","","","148763",""
"dataset:e7252bff94622d329cf942a0c2a4147b44618d86e1d0797bf950163955f3b16b","dm_index_n.pcav_hold_index","持仓指标表","PHYSICAL_IDENTITY","是","否","","3","","149814;150221;151652;151655;152824;152924;153067;154147;164123;164124;164647;167963;168844;170348;184842","148763;157103;231934",""
"dataset:8ad73f74a033c26b0991f94f7dac064cc3137aa0b74aea94b04ad9219f923c1f","dm_index_n.hold_def_daily_dict_stock","持仓定义表-分业务-每日对照字典表","PHYSICAL_IDENTITY","否","否","","6","K014","","148763;150221;153067;164123;167963;184842",""
"dataset:fc54668788e5bef83511b90f8e3fe59c2b5042c41e42965750baa8911fe6f5b1","dm_index_n.dm_co_t0_trd_prnt_stmt_perf","T0母单表","PHYSICAL_IDENTITY","是","否","","1","","205098","148763;197653","197653"
"dataset:fee85ab2c397cd0f37cfcb0303667e4ab7cc45f0a4a0ee36c1e7cd2c9726aa02","dm_index_n.index_grp2_std_ast_aft_covt_mth_apd","客户*机构_标准资产_普通账户市值累退折算&产品户比例切分&剔除司法冻结户&员工持股计划及回购客户处理&考核系数折算后_当月日均&每日更新过去6个月数据_无备注信息","PHYSICAL_IDENTITY","是","否","","31","K013;K085","148763","148911;149048;149243;158280;159585;159756;160257;160780;161271;161899;165154;175419;175427;176693;191689;192442;193642;193671;193686;193691;193766;193770;193799;193800;193805;193806;196245;196248;196465;197534;197760;199143;199170;201657;202038;209813;209817;218236;218244;228803;230911;232650;232655;232676;232677;234147;234350;236184;237421","175419;175427;176693;191689;192442;196245;196248;196465;197534;197760;199143;199170;209813;209817;218236;218244;228803;236184"
"dataset:704a5c4d8314d326fbb9fc1332f3e27017723699f32cbf4394d5929969a4d669","pdata_nds.ft_sod_counter_party","客户账户信息","PHYSICAL_IDENTITY","是","否","","0","","148764","148790","148790"
"dataset:b888819bc1599a17ab3dc8a08d5657af6beb257679b18becc421177c42821843","pdata_nds.ft_sod_eq_lend_available","融券券池信息","PHYSICAL_IDENTITY","是","否","","0","","148765","148801","148801"
"dataset:e1edaf7a25e21024ca3af80a68ca086b60c16940ab8d36110fb4c4ba1b275d08","pdata_nds.ft_sod_eq_lend_record","客户借券记录","PHYSICAL_IDENTITY","是","否","","0","","148766","148802","148802"
"dataset:1f86131c33e24d03e7d8ea3364e93e935031b968aac3789f74004ac3d7d1b8fd","pdata_nds.ft_sod_eq_recall_record","标的被召回信息","PHYSICAL_IDENTITY","是","否","","0","","148767","148803","148803"
"dataset:d4c82e57ae0755717beae27f54ea27d26c6c55c2bbdf377da7c536550887dbd7","pdata_nds.ft_sod_instrument","履保方案信息","PHYSICAL_IDENTITY","是","否","","0","","148768","148854","148854"
"dataset:c50a80f5fdb2fcdc0bcce3a0b653f1cefa5107897fb4198f5ee336ced3e5ff5b","pdata_nds.ft_sod_margin_plan","履保方案信息","PHYSICAL_IDENTITY","是","否","","0","","148770","148858","148858"
"dataset:bbf1ff4ff70ecb35cc0646a691703e036c1ad7dd3f7905f2525d4b6100dba271","odata_n_ois.g_aml_counterparty","交易对手","PHYSICAL_IDENTITY","否","否","","1","","148793","149557","148793"
"dataset:77f5255d46fcfe5cc704c49daa7a765b119b329f3bf39419aca369dd3afc6ffa","odata_n_ois.g_aml_beneficiary","受益所有人","PHYSICAL_IDENTITY","否","否","","1","","148795","149557","148795"
"dataset:0afdcf76b7b460224f8447a959d5166715052dd6944ed6028edfe83f82d62a14","odata_n_ois.g_counterparty_benefit_over_list","","PHYSICAL_IDENTITY","否","否","","2","","148796","149555;166540","148796"
"dataset:a6404061d00debfedf3e3cfade5d28e182c3551f5044ba870bf9c659a19c021f","dm_index_n.index_grp1_stdast_covtfrnt_astpkgrela_mthapd","员工_标准资产_折算前&资产包关系_当月日均&每日更新过去6个月数据_无备注信息","PHYSICAL_IDENTITY","是","否","","3","K013","148806","149236;152234;152613;170725;170941","152234;152613"
"dataset:f1183ea3cbf0f5cd5271c3adfe91c26750f2c68f151bdac85b9d230c6847f3ff","dm_index_n.index_grp1_org_std_ast_bef_covt_mth_apd","机构_标准资产_折算前_当月日均&每日更新过去6个月数据_无备注信息","PHYSICAL_IDENTITY","是","否","","0","","148906","149001;231804","149001;231804"
"dataset:a01dbbb62064a7274ab23e0408fb0220b8b60fe3b339eb9065e1ab64d2ae5dfd","dm_index_n.index_grp1_org_std_ast_aft_covt_mth_apd","机构_标准资产_折算后_当月日均&每日更新过去6个月数据_无备注信息","PHYSICAL_IDENTITY","是","否","","0","","148911","149001;231804","149001;231804"
"dataset:73bd93e55d35a8c1b6b33b19d2ee2477bff9f3bf87ed5a756c263586c7cb6d00","dm_index_n.index_grp2_std_ast_aft_covt_year_apd","客户*机构_标准资产_普通账户市值累退折算&产品户比例切分&剔除司法冻结户&员工持股计划及回购客户处理&考核系数折算后_当年日均&每日重刷当月数据_无备注信息","PHYSICAL_IDENTITY","是","否","","6","K091","149048","149092;175419;175427;176693;177395;177407;177677;177681;187699;187725;187911;187976;192442;197534;197760;197997;201626;201695;209813;209817;218029;218037;228803;232164","175419;175427;176693;177395;177407;177677;177681;192442;197534;197760;197997;201626;209813;209817;218029;218037;228803;232164"
"dataset:9005f66da3a3b019e023cf016ea929dfdf8f784438b1a6f74712c0463b9612cd","pdata_nds.s_cx_custody_rel","ECRM引入人信息表","PHYSICAL_IDENTITY","否","否","","2","K080","","149053;149054",""
"dataset:d1b2a8226617870031d1200e6162c69b080f909d1ef11b0d50342b0b6f1e018d","pdata_n.t03_prd_cstd_unit_adtnl_info","产品中心托管单元附加信息","PHYSICAL_IDENTITY","否","否","","2","K080","","149053;149054",""
"dataset:cc3d956aa87bcdbaa9e7f970936b08da815474562cf725ae54894e2c5f27d2ef","dm_index_n.index_grp1_cstdprd_avgast_aum_mon","资产托管产品_日均净资产_AUM考核_当月日均","PHYSICAL_IDENTITY","否","否","","1","K080","","149053",""
"dataset:ebfd0f52b4c68bf9628b81ae0cc30dbf6ef97ed9ed4adf909ae4d4118be2dc2f","pdata_n.t04_inr_org_div_rati_h","内部机构分成比例历史","PHYSICAL_IDENTITY","否","否","","2","K080","","149053;149054",""
"dataset:070851cb89a56d0542002964bacfeb995e300830817e420993e1d5ce964861ce","dm_index_n.index_grp1_cstdprd_avgast_aum_year","资产托管产品_日均净资产_AUM考核_当年日均","PHYSICAL_IDENTITY","否","否","","2","K080","","149054;158207",""
"dataset:6a3b257b079c6a0ac3f063f9420690a06897a15593ce9fee31e9af2eae13280b","dm_index_n.index_grp1_org_std_ast_bef_covt_year_apd","机构_标准资产_折算前_当年日均&每日重刷当月数据_无备注信息","PHYSICAL_IDENTITY","是","否","","0","","149087","149841;231821","149841;231821"
"dataset:476f769d0596a93cbd0929d83ba50e81aff51d445dcb1f804d682deee38ac572","dm_index_n.index_grp1_org_std_ast_aft_covt_year_apd","机构_标准资产_折算后_当年日均&每日重刷当月数据_无备注信息","PHYSICAL_IDENTITY","是","否","","1","","149092","149841;152592;202279;231821","149841;152592;231821"
"dataset:555b4ffd252e0d6699dbc1f7747e37ef7c18044fdf311c3f8fb176b5ee540178","dm_index_n.index_grp1_stdast_covtfrnt_astpkgrela_yearapd","员工_标准资产_折算前&资产包关系_当年日均&每日重刷当月数据_无备注信息","PHYSICAL_IDENTITY","是","否","","0","","149236","152257;152592","152257;152592"
"dataset:e59cd389d3854911bb9763b6463e9cb2b06de03fbb46a9636cb8c6819d1f9081","dm_index_n.index_grp1_stdast_covtpst_astpkgrela_mthapd","员工_标准资产_折算后&资产包关系_当月日均&每日更新过去6个月数据_无备注信息","PHYSICAL_IDENTITY","是","否","","1","","149243","149951;152234;152613","152234;152613"
"dataset:8cf91b93c7430490ba52621649ae3505f1ccf6129be998dce183635685ad26bd","pdata_n.t01_pty_owsr_over_prop_bene_info","当事人持股超比例受益人信息","PHYSICAL_IDENTITY","是","否","","1","","149555","208230",""
"dataset:2efb0bbaa5c72d4b555a4aaeaa5e220f90f048341a6c4ac1dee08ddcdf233dd0","pdata_n.t01_bene_owner_dd_info","受益所有人尽调信息","PHYSICAL_IDENTITY","是","否","","1","","149557","177390;178833;208230;219085","177390;178833;219085"
"dataset:7dd9206081ea7c3811c2e5b4b7115ad7cfa6bc0d3d96ecc895679dbaf9061ac2","dm_rsk_n.v_trs_nav_acc_for_risk","场外合约集中度信息","PHYSICAL_IDENTITY","是","否","","0","","149570","",""
"dataset:2551edba45783a7eeb41bac634ee31fac143ab063789aa9f5f746bdea8bff81b","odata_n_tit.d_ref_ctpty_auth_busi","【AI】交易参数-OTC交易对手授权业务类型","PHYSICAL_IDENTITY","否","否","","1","","149655","149961;173975","149655"
"dataset:997a61849d5b67526d8047e072b6c4e7295dc954779945e5797f80bd413b66db","odata_n_tit.d_ref_otc_option_deal_pb","场外交易-期权交易合同要素表","PHYSICAL_IDENTITY","否","否","","0","","149698;149699;198732","209862","149698;149699;198732"
"dataset:5ed920e9a0c460259933788aff88354dd87e8375c3b04811bab280394ee57ef8","odata_n_uip.w_liborprices","","PHYSICAL_IDENTITY","否","否","","1","","149769","150805","149769"
"dataset:ebb1813e3e95ac55a2e96321a29c0673bfefe74a965b1ef43a2b9e658520b631","dm_otc_n.opt_comp_obsv_info","期权合约观察信息","PHYSICAL_IDENTITY","是","否","","0","","149779","218667","218667"
"dataset:fde6d47a8f0a422d9e1ac1f440b4521d97af7ae37063c03d709c7708d9f8633f","pdata_pcav_n.mid_sta_acs_client_fund_total","汇总客户存管资金表","PHYSICAL_IDENTITY","否","否","","1","","","149814",""
"dataset:89991e844df5d9ac025e8cb762e4d7518c78338f365a7ab783e3c86b9f295094","dm_index_n.hold_def_cash","持仓定义表-分业务-每日对照字典表","PHYSICAL_IDENTITY","否","否","","2","","","149814;152824",""
"dataset:def2f443349930e5c3cfea2fc11f1e98e8b6cc345a2b172e2c7141cfedc85e81","odata_n_lss.s_gf_contract_info","合约表","PHYSICAL_IDENTITY","否","否","","2","","149825","151338;151342;182491;217951","149825"
"dataset:1f191c781c6b03b8cdcc051e6457602be8f460de43c81a9b2c322475f8601066","pdata_nds.pos_eod_position_view","","PHYSICAL_IDENTITY","是","否","","2","K009","150384","149902;176827",""
"dataset:175e214d694a716a9caea2099610d0a40ccfb4c3172a287d30872ee591ed5e03","dm_otc_n.opt_comp_eod_m2m_info","期权合约日终盯市信息","PHYSICAL_IDENTITY","是","否","","0","","149902","",""
"dataset:1ad802e80e15af519efe34b02c9f105e32f3aa1300d66cc6eee175ba51626687","pdata_news_n.t02_fin_prd_acct_join_info","基金产品账户关联信息","PHYSICAL_IDENTITY","否","否","","1","","","149908",""
"dataset:16633974097874a78612d3726cb1b5818178df813b4978ebeb3bd6c5e2def393","dm_index_n.grp_tag_client_is_serv_cstd_cust","组合标签_零售客户是否服务托管机构","PHYSICAL_IDENTITY","是","否","","0","","149908","150023","150023"
"dataset:c4bd8f937a1b6b1b8aa5a87a483662518693e34ca26695c4f2d3d52c3ef0b044","pdata_n.t99_src_sys_feat_code_info","源系统特征码信息","PHYSICAL_IDENTITY","否","否","","2","K082","","149916;149929",""
"dataset:38dd1a1759767ba7ec95608637f75af7ef935e184c56db073d257c746996b8fc","dm_index_n.grp_tag_client_is_brok_sett_cust","组合标签_是否券结客户","PHYSICAL_IDENTITY","是","否","","0","","149916","150023","150023"
"dataset:2c8b9b3a783e54b723ba9b8fb8d8c271839d68ea9199d669a8131b10e22d61cc","dm_index_n.grp_tag_client_is_custd_org_cust","组合标签_是否客户定制系统机构客户","PHYSICAL_IDENTITY","是","否","","0","","149929","150023","150023"
"dataset:040153aed09409692a49ff77fafcfe688ef19973967d56853d0b7a061da89d17","dm_index_n.grp_tag_client_is_bank_prd_cust","组合标签_是否银行机构产品客户","PHYSICAL_IDENTITY","是","否","","0","","149932","150023","150023"
"dataset:ce34aac407c6abea993fbfce43c618ac426d53bb80fcdd69c836395b68e8c69b","dm_index_n.grp_tag_client_is_pvt_org_prd_cust","组合标签_是否私募机构产品客户","PHYSICAL_IDENTITY","是","否","","0","","149946","150023","150023"
"dataset:726d7e7c17fe3e4956a45b2b7c8dade1681de33b431f5f22ec4560c92dc81519","dm_index_n.grp_tag_client_is_tyt_cust","组合标签_是否投易通客户","PHYSICAL_IDENTITY","是","否","","0","","149948","150023","150023"
"dataset:b23a08a212db6868b69fa57ada6433ffa970ff309868f1e478bd53f298fa825e","dm_index_n.index_grp1_stdast_covtpst_astpkgrela_yearapd","员工_标准资产_折算后&资产包关系_当年日均&每日重刷当月数据_无备注信息","PHYSICAL_IDENTITY","是","否","","0","","149951","152257;152592;210140","152257;152592;210140"
"dataset:56670bff24adc93f831a0d0b466b95f9b492695b4411a2579a42a05528bcb5bc","pdata_nds.d_ref_ctpty_auth_busi","交易对数数据采集","PHYSICAL_IDENTITY","是","否","","0","","149961","",""
"dataset:1286396a696ac08173aa358bec7e1280451ae1878eb0f06c692b1b2de15bb522","dm_index_n.index_grp_all_entr_num","组合指标日表","PHYSICAL_IDENTITY","否","否","","2","","","149973;149982;150023","150023"
"dataset:3e319dfe647742d8b01d9901f2557f19dd1ada637816d1ad85d0c8c3a5859324","dm_index_n.index_grp1_all_entr_num_recentyear","客户_委托数量_无限定条件_近一年_零售柜台和机构柜台","PHYSICAL_IDENTITY","是","否","","0","","149973","150023","150023"
"dataset:f179e019109ea65c11f51c864efd4a646645c5e4b30c4f1928fa33e706108514","dm_index_n.index_grp1_all_entr_num_mon","客户_委托数量_无限定条件_当月 _零售柜台和机构柜台","PHYSICAL_IDENTITY","是","否","","0","","149982","150023","150023"
"dataset:a61ff39f32608cb8b88c5a6b0ef4b6a2131b0490a361380508d35f6f1115d9db","dm_index_n.index_grp1_grp_opt_trd_amt_year_rcc","客户&分公司&营业部_交易金额_衍生品账户_近一年_零售柜台","PHYSICAL_IDENTITY","是","否","","0","","149991","150023","150023"
"dataset:9faaa753ce5f998a52b0942e21facbe5a64583ad182ace8e6585fd9b1d2db033","odata_n_tit.d_ref_ctpty_trade_group","交易对手账户组绑定关系","PHYSICAL_IDENTITY","否","否","","1","","213685","150022;219175","213685"
"dataset:6f105c063481ace5deaeaae25f5ca3935af7b2d0a087ea6833850c74650e2d28","dm_otc_n.goat_ref_counter_party","Goat交易对手数据","PHYSICAL_IDENTITY","是","否","","0","","150022","150174","150174"
"dataset:8b7b97f01f3e301589df901a60c28d20b773e31295496b7fb12a3051f363180b","dm_index_n.grp_tag_client_gpb_cust_type","组合标签_投易通客户分类","PHYSICAL_IDENTITY","是","否","","0","","150197","150023","150023"
"dataset:2ec5895416575d0f58eb2725850d27a07cb683a826f4e1eb94cca4bbe5c451e4","pdata_n.t03_pb_fnd_acct","PB资金账户","PHYSICAL_IDENTITY","否","否","","2","","","150197;162821",""
"dataset:2bb323bed60e8656a98037de8fcc747c5240e9a086e4f2485ec14bf5347f71a4","pdata_news_n.t02_fin_gpb_prd_info","投易通产品信息","PHYSICAL_IDENTITY","否","否","","1","","","150197",""
"dataset:bb21f92858c03e21124d52840b292d9f6bfad52f0a6237aa168cf93328a59c05","pdata_pcav_n.mid_sta_acs_single_stock_daily_profit","单一证券分币种日盈亏表","PHYSICAL_IDENTITY","否","否","","8","K014;K033","","150221;153067;164123;167458;167463;167466;167963;184842",""
"dataset:f063f1b30b781a1afb4b0f80b4a60eed4af99981fcab7bc5c924a8606030b711","dm_index_n.index_grp1_get_net_ast_1w_dealdays_last545day","客户_交易日天数_近545个自然日净资产1万及以上_当日_无备注信息","PHYSICAL_IDENTITY","是","否","","1","","150631","150646;206454","206454"
"dataset:2759772b45c82820e1d49b3c0ba1b24e66cd41321218faca653c0ed19fb47f29","dm_index_n.index_grp1_fst_net_ast_get_thrh_date_add_10dealdays_last545day","客户_首次净资产达到某阈值累计满10个交易日日期_近545天_当日_零售和机构柜台","PHYSICAL_IDENTITY","是","否","","0","","150646","206454","206454"
"dataset:ecc0418334124ace7085aab76d50ce5f5fe683f26451a8a62a31818ad00a044b","pdata_n.t01_same_pty_rela_adtnl_info","同一当事人关系附加信息","PHYSICAL_IDENTITY","是","是（并非已逐分支核验）","docs/00-20260914-图谱认知/01-tit入模/02-TIT入模去向.md;docs/00-20260914-图谱认知/01-tit入模/05-去向与未命中分类.md;docs/00-20260914-图谱认知/01-tit入模/T01-主体与交易对手/当事人与交易对手.md","1","","150759","212460;232822;234575","232822;234575"
"dataset:dbb12cdba74967394777686f876b9a60263efdc3950a5087f31ae76cab5ed513","pdata_nds.trd_otc_contr_props","交易-场外合约结构-其他属性表","PHYSICAL_IDENTITY","是","否","","1","","150768","207902",""
"dataset:d1caabd4f730b621cf18166b56cc215443fddee0c498e60e317cfa2c6639bc0a","dm_otc_n.otc_v_wm_greeks_pricing_tit","期权子交易希腊值定价数据","PHYSICAL_IDENTITY","是","否","","0","","150790","",""
"dataset:aeaaa3e2f928d24bb4d242d99bf1b0e1eabcd910eacdb1bbc3d45c30606a6284","odata_n_uip.w_cgoldspotdescription","","PHYSICAL_IDENTITY","否","否","","0","","150902","150919","150902"
"dataset:498a1ad5824bcbb9cd368e4ffc0d55a01233974e1b86e9972457e607465c4767","dm_rsk_n.opt_sub_trd_recv_pymt_evt","期权子交易收付款数据","PHYSICAL_IDENTITY","是","否","","0","","150915","",""
"dataset:7441f6fded01f6aabb48e4125f8f16fdcf8b9d5258eeedce0bb5f16cd6d7ca05","odata_n_alm.g_nsfr_assign_statistics","NSFR计算表","PHYSICAL_IDENTITY","否","否","","1","","150947","154494","150947"
"dataset:a4d6285e12c2cd85e09b470f476b9aa2f6aceb96d4282357fcec4cbae67a5eef","dm_rsk_n.comp_marg_acct_info","合约保证金账户信息","PHYSICAL_IDENTITY","是","否","","0","","151145","",""
"dataset:25f55d71bb03f73330b7c9c95bbc45df2ffd15ce23524fa8a88b73fea0f8767d","pdata_news_n.t02_fxr_bnk_quot_s","银行外汇牌价(新)","PHYSICAL_IDENTITY","是","否","","0","","151206","",""
"dataset:6a52825afc5de8553fd0c35f59a154ac4fdfad0407c0231937fbf86008d8479a","pdata_news_n.t02_fxr_cfets_quot_s","外汇交易中心汇率中间价(新)","PHYSICAL_IDENTITY","是","否","","0","","151207","",""
"dataset:9d341d6e133b0e6a00582564ed0827e01b4ecbc92b69ac141070a9d971be1b8b","odata_n_nbo.c_crossacct","跨境通签约表","PHYSICAL_IDENTITY","否","否","","1","","151249","164367","151249"
"dataset:84a09fac44108af060e9b5efe7633671c768b3709151708b1b12033a6e2195ec","odata_n_lss.s_vt_fin_trs","Titans财务-TRS基本信息","PHYSICAL_IDENTITY","否","否","","0","","152877","151342","152877"
"dataset:82cd3e5a47cdc49571e969b4347b4843f5fe7c2c9e071e70103840e82739a30d","pdata_pcav_n.mid_sta_acs_single_opt_daily_profit","单一期权分币种日盈亏表","PHYSICAL_IDENTITY","否","否","","3","K031","","151652;164124;170348",""
"dataset:02d7f752b9686f57ce2748643a9306db846b82d8b8b69e440b8c71d5401cfbe7","dm_index_n.hold_def_daily_dict_opt","持仓定义表-分业务-每日对照字典表","PHYSICAL_IDENTITY","否","否","","3","K031","","151652;164124;170348",""
"dataset:0d533627f91db83d0dc5d693e31ed677cf4e3fba500b8ed98fcccffde0fcc06e","pdata_pcav_n.mid_acs_opt_client_debit","期权负债信息表","PHYSICAL_IDENTITY","否","否","","1","","","151655",""
"dataset:9f47e1d10524e3233bb3ba52cfa75b3078e8a40b4f9ae28ef28f66a5ff041fd3","dm_index_n.dim_def","","PHYSICAL_IDENTITY","否","否","","2","","","151655;154181",""
"dataset:1c23fb16c392ab827602ecef53a90e3a9ef86db1e18943f570345ef4ecf6ed0b","dm_index_n.hold_def_daily_dict_opt_debit","持仓定义表-分业务-每日对照字典表","PHYSICAL_IDENTITY","否","否","","2","","","151655;154147",""
"dataset:af71f842fb2796377fcf3ea74d632cae6b0bc6f3e858f3a66cb21fd4aa2d2dc3","pdata_pcav_n.mid_acs_ses_client_debit","客户负债信息表","PHYSICAL_IDENTITY","否","否","","2","","","151655;180321",""
"dataset:b37f66aaf08030237ad7f53063b72a60220e5914425a1a06b752a237ae8c636d","dm_index_n.hold_def_daily_dict_debit","持仓定义表-分业务-每日对照字典表","PHYSICAL_IDENTITY","否","否","","2","","","151655;154147",""
"dataset:845bfd7cc67f6e2395fcf4a70876476769238fa494ff01a7fc267af654172a47","odata_n_tit.d_trd_transfer_p","交易-收付款记录表","PHYSICAL_IDENTITY","否","否","","2","","151773;160419;198790;211799;237078","151779;160420;163712;198791;211648;237599","151773;160419;198790;211799;237078;151779;160420;198791;211648"
"dataset:1f508014589468ca01fa6d0c21a3ecc57c16b400f45a0b6e8e59761cb3e0f9d8","odata_n_tit.r_cfg_instrument_pool_props_pb","配置-标的池标的属性表","PHYSICAL_IDENTITY","否","否","","1","","151778","152121;158292","151778"
"dataset:8b97ac7e6c0d09c70913b10f5461c52861bbef6a8317c1b4917d50b9f8b4c869","odata_n_tit.d_trd_transfer_pb","交易-收付款记录表","PHYSICAL_IDENTITY","否","否","","2","","151779;160420;198791;211648","152125;160813","151779;160420;198791;211648"
"dataset:106c703bc9577502425dc6740b5e029ceb0b890e5ea5e269cdcfd951e2195099","odata_n_tit.d_v_otcm_se_report_pb","视图-运管交易所报备","PHYSICAL_IDENTITY","否","否","","1","","151780","152123","151780"
"dataset:2ffa7c25b4f41f1a4cf33471ae88d1e61d606cacaab27d264ce4dbf6062b1a93","odata_n_oom.f_counterparty_account","","PHYSICAL_IDENTITY","否","否","","1","","151814","225386","151814"
"dataset:41c762b0fc5076ceed1aecc78d98d38a2476909f863a590b60dcfed80e6d1ddf","pdata_nds.cfg_instrument_pool_props_pb","配置-标的池标的属性表","PHYSICAL_IDENTITY","是","否","","1","","152121","152216",""
"dataset:f301bfd69c655e4bd4ebd072f7153b586b5e090693dbe8d65f962168a7db685b","pdata_nds.otcm_se_report_pb","视图-运管交易所报备","PHYSICAL_IDENTITY","是","否","","2","","152123","152217;167391",""
"dataset:c144df423d89641fcec72b34aa0d874aafe7e567c6b2eda34cd85e0ebcf10bbf","pdata_nds.ref_instrument_pb","证券-证券基本信息","PHYSICAL_IDENTITY","是","否","","2","","152124","152221;167380",""
"dataset:fe8342cf722ac46fa5e71289f186152f9fec75a51e19907827b1e7e7ac28245d","pdata_nds.trd_transfer_pb","交易-收付款记录表","PHYSICAL_IDENTITY","是","否","","2","","152125","152222;167391",""
"dataset:964450991c2344789bde8ecffa1aab2985319276dfbfc62c1cd492d2f0a9169c","dm_otc_n.cfg_instrument_pool_props","配置-标的池标的属性表-读标版","PHYSICAL_IDENTITY","是","否","","0","","152216","152251;166636","152251;166636"
"dataset:d2b9ba1ca2d238eb2609b4bb4c914312c928cb22225a8edd7eddc2d568802abe","dm_otc_n.otcm_se_report","视图-运管交易所报备-读标版","PHYSICAL_IDENTITY","是","否","","0","","152217","166630","166630"
"dataset:3085df7812206d6a7569d830132ca0d78cf5d6960b93d4cd9a2a75f0e5987144","dm_otc_n.ref_instrument","证券-证券基本信息-读标版","PHYSICAL_IDENTITY","是","否","","0","","152221","166638","166638"
"dataset:8cb15a7233d7bde50540ca50561200d0589b50d908e454fab8a1a646261c285c","dm_otc_n.trd_transfer","交易-收付款记录表-读标版","PHYSICAL_IDENTITY","是","否","","0","","152222","152246;166640","152246;166640"
"dataset:ef6d34c3478a496e1caa982705371dc36e5b44c9b72ae2bae2b617060ccb4259","dm_index_n.index_grp1_stdast_covtfrnt_astpkgrela_delcorp_delrepocust_mthapd","员工_标准资产_折算前&资产包关系&剔除企业客群&剔除回购客户&剔除员工持股计划客户&剔除债转股客户&剔除新三板市值&剔除大小非流通市值&剔除限售股市值&剔除非代销托管外包资产_当月日均_无备注信息","PHYSICAL_IDENTITY","是","否","","3","K016","153126","152592;152613;189204;199809;199879","152592;152613"
"dataset:378cea56bd8bef8c5079f206f22bb6b7b451bcfe0d866f780e060f4cc935308a","odata_n_tit.d_ref_option_autocall_cp","AUTOCALL息票障碍信息表","PHYSICAL_IDENTITY","否","否","","1","","152666;211711","156495;211692;228462","152666;211711"
"dataset:4fb9dda638a26f7644d49514ba3e8d04dd4079409acb6b118a0f6159930e1f9e","odata_n_tit.d_ref_option_autocall","证券-期权-自动赎回期权属性","PHYSICAL_IDENTITY","否","否","","1","","152769;211548","156500;211596;228443","152769;211548"
"dataset:41e5102713d5e60c6ca2a2cc3bd5ed0d83a6469447eb54b02a3d0bed40245444","pdata_pcav_n.ods_acs_user_stkprice","股票行情表","PHYSICAL_IDENTITY","否","否","","3","","","152824;154147;180321",""
"dataset:6461425b99cdf9d90ad03b8bbc478c0670cda82dd3ad3322319f089ba73f5a4b","dm_index_n.index_grp1_cust_income_wlthadmin_tdy_wghtre13mth","客户_创收_财富管理_当日累计&每日更新近13个月数据_零售和机构柜台","PHYSICAL_IDENTITY","否","否","","1","","","152846",""
"dataset:fa5d634c11d26345b5c4f0b7e7fd643894d175124ff8f40d3784fd1bbbb35b46","dm_index_n.index_grp1_cust_income_cs_tdy_wghtre5mth","客户_创收_交叉销售_当日累计&每日更新近5个月数据_无备注信息","PHYSICAL_IDENTITY","否","否","","1","","","152846",""
"dataset:85eeb1ad853ddae9e001ea7d1a76d9d8061875cb13ee07a711cac72fffd3212d","dm_index_n.index_grp1_cust_income_trabusi_tdy","客户_创收_传统业务_当日累计_零售和机构柜台","PHYSICAL_IDENTITY","否","否","","1","","","152846",""
"dataset:50e6529d32867184957b8e3ec8d4e1c416691b9c21a0943ef16ef46984dbee3c","dm_index_n.index_grp1_cust_incm_opt_tdy_all","客户_创收_期权业务_当日累计_零售和机构柜台","PHYSICAL_IDENTITY","否","否","","1","","","152846",""
"dataset:156b0ce2ed973dfd52c5e92f660bceb97a6149798c09a607fc5fa337031d1caa","dm_index_n.index_grp1_cust_incm_csfc_update_last13mon_tdy_all","客户_创收_证金业务_当日累计&每日更新近13个月数据_零售和机构柜台","PHYSICAL_IDENTITY","否","否","","1","","","152846",""
"dataset:356a923b69221f484b293f29dc8aeb77e6c8036a3b2495a201fe3d34b8693ed9","dm_index_n.index_grp1_cust_incm_allcali_tdy_all","客户_创收_全口径_当日累计&每日更新近13个月数据_零售和机构柜台","PHYSICAL_IDENTITY","是","否","","1","","152846","152879;175419;175427;176693;192442;197701;202354;209813;209817","175419;175427;176693;192442;197701;202354;209813;209817"
"dataset:aaa9c3b92fa74e856d5aa3f6e89c1433eb576fff89cdbb2058ec87c7a5668197","pdata_pcav_n.mid_sta_acs_single_fund_daily_profit","单一理财分币种日盈亏表","PHYSICAL_IDENTITY","否","否","","6","K032;K033","","152924;164647;167458;167463;167466;168844",""
"dataset:262c44b6c28fd95242b3b5ea9217c97a201f427f0abb658f2b314975446d21b1","dm_index_n.hold_def_daily_dict_secum","持仓定义表-分业务-每日对照字典表","PHYSICAL_IDENTITY","否","否","","3","K032","","152924;164647;168844",""
"dataset:b069a409e68651d376373b45eb2d143c9094e27af57e41e53aa0b4b58cac9bbc","dm_index_n.index_grp1_apdstdast_examcoefcovtpst_astlt10ttsd_mth","客户_日均标准资产_考核系数折算后&资产小于10万_当月","PHYSICAL_IDENTITY","是","否","","4","K084","235142","153126;158480;189181;190435;224741;230016;236184","190435;224741;236184"
"dataset:dbaf72a3b76555923595759f02de9eb33dfc8f05eb0e65e634ca78406bddf401","dm_index_n.grp_tag_client_aum_perf_exam","组合标签_客户*员工_是否属于绩效考核","PHYSICAL_IDENTITY","是","否","","20","K084;K020","190620","153126;158480;184973;184974;189181;190435;193642;193671;193686;193691;193766;193770;193799;193800;193805;193806;224741;230016;235142;235871;235878;236275","190435;224741"
"dataset:d49f0ee761e6309a27672a7bb87aa82e0623e4855d1ea9db0b2a8b65c5cdf260","pdata_n.t04_emp_stati_info_h","员工统计信息历史","PHYSICAL_IDENTITY","是","否","","0","","153220;153221;153222;168290;193982;199864","167523;171292;202354;210140;212630;212720;212721;222860","167523;171292;202354;210140;212630;212720;212721;222860"
"dataset:f622b824b69e6dd14eab5189b2cff32822d3356ad2369efb42a515385ce04444","dm_index_n.index_grp1_dealscal_otcderi_cs_mth","员工_交易规模_场外衍生品&交叉销售_当月","PHYSICAL_IDENTITY","是","否","","0","","154068","",""
"dataset:c70f631c4cd5134a7e7a889016852669a0836bf69bcec9ad9c9a2ab9ae27d944","odata_n_uip.w_hiborprices","","PHYSICAL_IDENTITY","否","否","","1","","154178","155318","154178"
"dataset:342cf7488b82887700e1ba0c5c13aa0008ebb371747fe373e56380f0f7f5b4c6","dm_index_n.ia_cust_prd_emp_split_income_det","投顾业务切分收入明细表","PHYSICAL_IDENTITY","否","否","","1","","","154232",""
"dataset:998b8689c3e15fa6d4468c75781e71032c5903da7444e5fa02e6f1563a7ee3f3","dm_index_n.index_grp3_cust_prd_emp_income_nwsincome_aumdevrela_tdy","客户*产品*员工_收入_资讯创收&AUM开发关系_当日_零售和机构柜台","PHYSICAL_IDENTITY","是","否","","2","K084","154232","158480;189181;190435;224741","190435;224741"
"dataset:aa833adcde4d9d0e79e81c4a4535fc4d83ec77f8010b1d624f6ec4716f4746b1","pdata_nds.nds_g_nsfr_assign_statistics","资金部NSFR结果表","PHYSICAL_IDENTITY","是","否","","1","","154494","192690",""
"dataset:8d24161635efd3d2d412f86c0aef54e7577082c489271a2a78e042fc309094d4","dm_otc_n.otc_recv_pymt_evt_info","场外衍生品收付款事件信息","PHYSICAL_IDENTITY","是","否","","0","","154591","218658;218664","218658;218664"
"dataset:d3843dc5675fa1a6a91c233058f55425f9fa0a8a5be35df781ddf9c3c2495926","odata_n_uip.q_md_security_p","证券主表","PHYSICAL_IDENTITY","否","否","","1","","154600","154677","154600"
"dataset:abcb3d95d1b0fab165e4684502911bc6cbb1cca3eb2df9aa3ad1a98e5e314fab","odata_n_tit.d_report_big_data_log","执行大数据调度任务日志表","PHYSICAL_IDENTITY","否","否","","1","","154919","154782","154919"
"dataset:cc66148673aaf20dc3b94a209563275e4e2b8224bf2db8f4a6fa07c67a45ac60","pdata_nds.d_report_big_data_log","报备执行大数据调度任务日志表","PHYSICAL_IDENTITY","是","否","","35","","154782","154932;154934;154937;154945;154949;154952;154956;154957;154959;154964;154968;154971;154973;154979;154983;154984;154989;154990;154991;154994;154997;155000;155002;155007;155009;155011;155012;155042;155044;155066;155079;155099;155100;155109;155151",""
"dataset:42ffc44747712c6b8ea8a1685d0a4c90b346c3b3b1edf85c4611471c16912e2d","dm_cisp_n.wt_otc_v_master_agrmt_a1001_mb","场外衍生品-主协议-多批次","PHYSICAL_IDENTITY","是","否","","0","","154932","",""
"dataset:79763ad3e962434ce12828c18dc2d77c8217095da505d777cb6b3a6105982955","dm_cisp_n.wt_otc_v_busi_representative_a1001_mb","场外衍生品-主协议-业务代表明细-多批次","PHYSICAL_IDENTITY","是","否","","0","","154934","",""
"dataset:c726d602a00724c3ad252828be99aa6df2419c7d5582f3ba9004b1cd2bc724cb","dm_cisp_n.wt_otc_v_associated_product_a1002_mb","场外衍生品-主协议-关联产品列-多批次","PHYSICAL_IDENTITY","是","否","","0","","154937","",""
"dataset:394a60a994f69395037a5cbaa3f04a80cb9d81e50222619965079b0cdcd9d9ee","spdata_n.t05_sb_futr_mtch_evt","自营期货成交事件","PHYSICAL_IDENTITY","否","否","","1","","154944","155602","154944"
"dataset:32f8a3dff4d0856b80c1ba13466b6b986080eac45860e95dc2218138ec9a1c85","dm_cisp_n.wt_otc_v_sup_agrmt_a1003_mb","场外衍生品-补充协议-多批次","PHYSICAL_IDENTITY","是","否","","0","","154945","",""
"dataset:928857f4255503be0e4c459510960aa4eb239e4a80874ffae6c3060a1bd18622","dm_cisp_n.wt_otc_v_report_opt_valina_a1004_mb","场外衍生品-期权结构类型-香草-多批次","PHYSICAL_IDENTITY","是","否","","0","","154949","",""
"dataset:3392b5567d206de94b463b4532520bb2b28a59b0e716d28a8be83760d5968154","pdata_nds.v_report_opt_confirm_a1004","期权交易确认书","PHYSICAL_IDENTITY","否","否","","1","","","154952",""
"dataset:df6488f0b9d3fb12775c1eaaff6d107fe47537a13fbf5e748272f5d0948aca0c","dm_cisp_n.wt_otc_v_report_opt_confirm_a1004_mb","场外衍生品-期权交易确认书-多批次","PHYSICAL_IDENTITY","是","否","","0","","154952","",""
"dataset:e851844be22472de3eee0de252a8405e0c5cd1e166c0f326552f28e607a61589","dm_cisp_n.wt_otc_v_report_opt_airbag_a1004_mb","场外衍生品-期权结构类型-安全气囊-多批次","PHYSICAL_IDENTITY","是","否","","0","","154956","",""
"dataset:40dd906435cf17cd91214e78f7d4c0fcbadf1ee5266276cff8fc75dafda11cf4","pdata_nds.v_report_opt_collateral_a1004","期权交易确认书-履约担保品","PHYSICAL_IDENTITY","否","否","","1","","","154957",""
"dataset:8831b5bdd8daf6b936d2fb7e1d27f989a76d051eb6c2d391b668da6484e827a8","dm_cisp_n.wt_otc_v_report_opt_collateral_a1004_mb","场外衍生品-期权交易确认书-履约担保品-多批次","PHYSICAL_IDENTITY","是","否","","0","","154957","",""
"dataset:89e705de789960db32298567f160610f03a4c21b982f98518aca53ac8be3c04b","dm_cisp_n.wt_otc_v_report_opt_autocall_a1004_mb","场外衍生品-期权结构类型-自动赎回-多批次","PHYSICAL_IDENTITY","是","否","","0","","154959","",""
"dataset:7aab14a72492ad80f6e252b55aa8629dff9fc84532af7879d85bbabbb9830972","dm_cisp_n.wt_otc_v_report_opt_digital_a1004_mb","场外衍生品-期权结构类型-二元及其组合-多批次","PHYSICAL_IDENTITY","是","否","","0","","154964","",""
"dataset:f519a1ac8cd0cc22ee3ea5fd6882b116ea5bdff3468070671c620822150504b7","dm_cisp_n.wt_otc_v_report_opt_accrual_a1004_mb","场外衍生品-期权结构类型-区间累计-多批次","PHYSICAL_IDENTITY","是","否","","0","","154968","",""
"dataset:7cbd1e24f023f8dea001d65bd14d55161a63240a13bd3678a8c89bade5b49750","dm_cisp_n.wt_otc_v_report_opt_barrier_a1004_mb","场外衍生品-期权结构类型-障碍及其组合-多批次","PHYSICAL_IDENTITY","是","否","","0","","154971","",""
"dataset:5664ca263508a6862412d3ff64abb5dc9fab51c0c1e8a80eb00d2185b87b174a","dm_cisp_n.wt_otc_v_report_opt_others_a1004_mb","场外衍生品-期权结构类型-其他-多批次","PHYSICAL_IDENTITY","是","否","","0","","154973","",""
"dataset:7cfab154f3f6677340bdd144a6f2dbf56850756112d6a9d99e1a91ed7340c67c","dm_cisp_n.wt_otc_v_report_opt_underlying_a1004_mb","场外衍生品-期权交易确认书-标的详情-多批次","PHYSICAL_IDENTITY","是","否","","0","","154979","",""
"dataset:30fbae680da355cd014b5ab28aa292b0d1c37d47a6e5950f16f4980183d305ea","dm_cisp_n.wt_otc_v_report_opt_termination_a1007_mb","场外衍生品-场外期权交易存续期管理-多批次","PHYSICAL_IDENTITY","是","否","","0","","154983","",""
"dataset:5bca9d6d4c0209e0c487b486c14d5d7f6230b981b1e7ededc4309b6fce8debe7","dm_cisp_n.wt_otc_v_report_opt_valuation_a1018_mb","场外衍生品-场外期权合约估值信息-多批次","PHYSICAL_IDENTITY","是","否","","0","","154984","",""
"dataset:cd067dae84a71c6d82bccad05488f383d814cf7d7fa1909372fce27d85721e7e","dm_cisp_n.wt_otc_v_report_opt_confirmatt_a1019_mb","场外衍生品-场外期权交易确认书附件-多批次","PHYSICAL_IDENTITY","是","否","","0","","154989","",""
"dataset:c202da32619211ab7c665c008be4a72a1e7e15d7d2e8b434dd78381963b6f64c","dm_cisp_n.wt_otc_v_swap_collateral_a1005_mb","场外衍生品-互换-履约担保品_TIT-多批次","PHYSICAL_IDENTITY","是","否","","0","","154990;154991","",""
"dataset:63e8278803fe5ff81d86af9820b2a7eff82775d39eeca3996d95cc13d7269f22","dm_cisp_n.wt_otc_v_swap_confirmation_a1005_mb","场外衍生品-互换交易确认书_KS-多批次","PHYSICAL_IDENTITY","是","否","","0","","154994;154997","",""
"dataset:7f20b783f939b0c3d12ddf8202105b9ba060ef2246d3dc4f680161f22afef167","dm_cisp_n.wt_otc_v_swap_fee_payment_a1005_mb","场外衍生品-互换交易确认书-费用端支付_OTC-多批次","PHYSICAL_IDENTITY","是","否","","0","","155000;155002","",""
"dataset:faff3424c9588b68f9234c68e2e54c29dabb001f2c14e43f5aa3fe827e3d00c9","dm_cisp_n.wt_otc_v_swap_lifecycle_pos_dt_a1006_mb","场外衍生品-互换交易存续期管理-合约持仓明细_OTC-多批次","PHYSICAL_IDENTITY","是","否","","0","","155007;155009","",""
"dataset:45cd07db035aaf2014000e30e45326ed650865dd460bae957bcac1ac56ad8408","dm_cisp_n.wt_otc_v_swap_lifecycle_a1006_mb","场外衍生品-互换交易存续期管理_OTC-多批次","PHYSICAL_IDENTITY","是","否","","0","","155011;155012","",""
"dataset:b8e1bac6fb7846e129011fbdc98b4aabebc10442b87f29d183d333ff6dccc046","dm_rsk_n.v_risk_audit_log","风控视图-修改日志记录","PHYSICAL_IDENTITY","是","否","","0","","155015","",""
"dataset:e0921a042aaae14724df6f253d0bfbbf77ff354cf0dd48244cb11b6d05119654","dm_cisp_n.wt_otc_v_swap_equity_payment_tp_a1016_mb","场外衍生品-收益互换交易权益端支付-权益端支付_OTC-多批次","PHYSICAL_IDENTITY","是","否","","0","","155042;155044","",""
"dataset:f05ed1a75a44122f8c28992bac5778904bff1a02f34a1d39e9c7bcb79182dab7","dm_cisp_n.wt_otc_v_swap_equity_payment_a1016_mb","场外衍生品-收益互换交易权益端支付_OTC-多批次","PHYSICAL_IDENTITY","是","否","","0","","155066;155079","",""
"dataset:0c91b226bc820547d17c64c797a211bad055cd53eb7824a183f804d354f353ca","dm_cisp_n.wt_otc_v_confirmationatt_a1017_mb","场外衍生品-互换交易确认书附件_OTC-多批次","PHYSICAL_IDENTITY","是","否","","0","","155099;155100","",""
"dataset:88db5a82b0d50f9fd9387695dbe387f443b2ec869d4805dadd06482469095e38","dm_cisp_n.wt_otc_v_report_guarantee_agrmt_a1008_mb","场外衍生品-履约担保-多批次","PHYSICAL_IDENTITY","是","否","","0","","155109","",""
"dataset:34044401b96953ffb8a30bf8f9542af40c01a22d1f1b8fdc7c26f8a4f6b9455e","dm_rsk_n.v_risk_qis","风控视图-策略指数","PHYSICAL_IDENTITY","是","否","","0","","155118","",""
"dataset:da789178fee102d1b6a520bd497be40cd1c5399d6205b404aa0347439f2beb99","dm_cisp_n.wt_otc_d_report_big_data_log","OTC报备执行大数据调度任务日志表","PHYSICAL_IDENTITY","是","否","","0","","155151","155179","155179"
"dataset:5096f9b5e665f5f29a16a7f8d0955dbad7a80273025caea6f813ebc061271588","dm_rsk_n.adm_dtl_otc_stres_tdy","场外衍生品每日压力测试数据","PHYSICAL_IDENTITY","是","否","","0","","155157","",""
"dataset:429046e3784f7e7a7780e35cf745cd969041e54d5bdc6d3ed1dd3940434f9d04","dm_rsk_n.v_risk_yield_curve","风控视图-收益率曲线","PHYSICAL_IDENTITY","是","否","","0","","155160","",""
"dataset:073c1038549a58966db895295306cbbbd1924017fd15d13185388cc76ae978e0","dm_index_n.index_grp1_dealscal_otcderi_cs_qtr","员工_交易规模_场外衍生品&交叉销售_当季_无备注信息","PHYSICAL_IDENTITY","是","否","","0","","155410","",""
"dataset:f0976d34c63034d06c718167bb8edb52cc77e32ce1edf62f4a5dbe8e05846ca1","dm_otc_n.f_flow_trade_virt_h","自营期货虚拟成交流水表","PHYSICAL_IDENTITY","是","否","","0","","155602","155658","155658"
"dataset:9dff566aed48fbfcfc5c32726fd0a79ffecf12ef21a02f92ac4671a2a347ce6e","spdata_nds.t_report","回报表","PHYSICAL_IDENTITY","否","否","","1","","155604","155610","155604"
"dataset:684bfc6682047c68060fb4785b631c2ef79cd94fb908c99c315b084eb1033d6d","dm_otc_n.t_report","自营期货回报表","PHYSICAL_IDENTITY","是","否","","0","","155610","155657","155657"
"dataset:20451b97f8ef001021789a0f0d825249d9c8816c2644631962d04b9194ea4388","dm_index_n.index_grp3_cust_org_emp_std_ast_bef_covt_mth_apd","客户*机构*员工_标准资产_折算前_当月日均&每日更新过去6个月数据_无备注信息","PHYSICAL_IDENTITY","是","否","","3","K013","160773","155612;161054;161841;162117","155612"
"dataset:ad2bcd4c5ee6ab60121c17504e053acf773b1b9654d153b3b2ed22b4c45562dd","dm_index_n.index_grp3_cust_org_emp_std_ast_aft_covt_mth_apd","客户*机构*员工_标准资产_折算后_当月日均&每日更新过去6个月数据","PHYSICAL_IDENTITY","是","否","","2","K013","160780","155612;161152;161844","155612"
"dataset:4cc53d48a361a7127be8cda5787f8c977f0e2cfc1a41a7988ba450e5c04b6892","dm_index_n.index_grp3_cust_org_emp_std_ast_bef_covt_year_apd","客户*机构*员工_标准资产_折算前&异地开户切分&产品户比例切分_当年日均&每日重刷当月数据","PHYSICAL_IDENTITY","是","否","","1","","161054","155612;161845","155612"
"dataset:125b6d27ef977ec9c3cb4c7d98b90d5928d2371747b9e6feb3f0d37918cb48d4","dm_index_n.index_grp3_cust_org_emp_std_ast_aft_covt_year_apd","客户*机构*员工_标准资产_折算后_当年日均&每日重刷当月数据","PHYSICAL_IDENTITY","是","否","","1","","161152","155612;161848;236483","155612;236483"
"dataset:7060060934d1ad5a21c9d46bc9c259ac228d6acfda28eb0fc631fb089f8e206f","dm_index_n.index_grp3_cust_org_emp_asset_bef_mon_gr_mth","客户*机构*员工_标准资产&折算前_当月较上月增长率_当月&每日更新过去六个月数据","PHYSICAL_IDENTITY","是","否","","0","","161841","155612","155612"
"dataset:c3d7fcfa7de29d99a97d7172b7574f7bfaced3850b78566e176f588d744b73c5","dm_index_n.index_grp3_cust_org_emp_asset_aft_mon_gr_mth","客户*机构*员工_标准资产&折算后_当月较上月增长率_当月&每日更新过去六个月数据","PHYSICAL_IDENTITY","是","否","","0","","161844","155612","155612"
"dataset:9e7c62f30204e7688b359843deda5fa622bd309308bc8fa07827cf4aca6232ae","dm_index_n.index_grp3_cust_org_emp_asset_bef_year_gr_mth","客户*机构*员工_标准资产&折算前_当年较上年增长率_当月","PHYSICAL_IDENTITY","是","否","","0","","161845","155612","155612"
"dataset:0cbfefdd8f89f8f4fc8745c2ff5c56bccdc61cc52a7b77ec2c6f4664b143c2cc","dm_index_n.index_grp3_cust_org_emp_asset_aft_year_gr_mth","客户*机构*员工_标准资产&折算后_当年较上年增长率_当月","PHYSICAL_IDENTITY","是","否","","0","","161848","155612;236483","155612;236483"
"dataset:f7007def2383cf16643f6deb52747e5d36042cf1923fb44a94ce55d2021f489b","dm_index_n.grp_tag_client_aum_asset_cbs_cust","组合标签_战略性持股机构客户","PHYSICAL_IDENTITY","是","否","","0","","186494","155612","155612"
"dataset:e3d01ceb9c6f982b1603d9d2108d1f66b4c43bebc6810ce3232b696b51c90daa","pdata_news_n.t02_ira_irs_yield_curv","利率互换收益率曲线","PHYSICAL_IDENTITY","是","否","","1","","155854","222346",""
"dataset:626a8a3f440234c3fc559564131e701c1b51a1aec30f948866e0a438c1cf4dbf","odata_n_uip.w_cbondinterbankmarketratecfets","银行间市场基准利率参考指标","PHYSICAL_IDENTITY","否","否","","0","","155899","158117","155899"
"dataset:d4eb81876bf7c0d552f25f74c5ec29aaccaa7cac143c208dda80152d71679c37","odata_n_uip.w_cbondmajorevent","中国债券重大事件汇总","PHYSICAL_IDENTITY","否","否","","1","","155900","158115","155900"
"dataset:ac68dd925f30fa04bb430e8c46c7d64a6adbf91629d98e3b49739098ce5a3bde","odata_n_uip.w_shszrelatedsecurities","AH股关联证券","PHYSICAL_IDENTITY","否","否","","2","","155901","163256;233383","155901"
"dataset:f0d5b9e1836242a92b402c54f8071754f7b3a881bc40546458223916f55f7e7e","odata_n_uip.w_hkstockchangecode","香港股票代码变更表","PHYSICAL_IDENTITY","否","否","","1","","155902","161618","155902"
"dataset:06ce1e427868f40182549dbfe0533d0cd7114754b5edaef9464ab87afc52ce86","odata_n_uip.w_ussharechangecode","美股代码变更表","PHYSICAL_IDENTITY","否","否","","2","","155903","162326;235079","155903"
"dataset:7922c4f85a23545dfb050f5fc70127d4d33fe3cd782eb23943ef5b12dee1cedf","odata_n_uip.w_ccbondamount","中国可转换债券份额变动","PHYSICAL_IDENTITY","否","否","","1","","155904","233406","155904"
"dataset:a63ecb3cba6072b64119030d0c9b30195cdfaec06548c4d63475bcae78c90599","odata_n_uip.w_asharegoodwill","中国A股财务附注--商誉","PHYSICAL_IDENTITY","否","否","","2","","155905","165051;232213","155905"
"dataset:bbd008fb882cfc03d11a6b5f7d242463f32433cb5b9d24dbf895229e77e483a0","dm_rsk_n.v_risk_pricing_bucket_metric","风控视图-期权日终bucket定价指标表","PHYSICAL_IDENTITY","是","否","","0","","155906","",""
"dataset:948be65bbd778a4db97db762f8a68fcb3e3eaae44443032c42419306eaf360bf","pdata_news_n.t02_fin_spvs_prd_list","投监系统产品清单","PHYSICAL_IDENTITY","否","否","","1","","","156181",""
"dataset:e60089589d1f00507723f1bcbff52b7edd05697a2c2d4d66137af34b72b10866","dm_otc_n.titans_cstd_prd_montr_rslt","北上股衍产品监控结果表","PHYSICAL_IDENTITY","是","否","","0","","156181;164968","156192;156763;228530;228532","156192;156763;228530;228532"
"dataset:137dfd3bb1403c0ae28a5fe8e94c40851e2f104564535b6fd7d7fca0b856bcc9","odata_n_tit.p_prd_product","产品基础信息","PHYSICAL_IDENTITY","否","否","","0","","156659;211524","160750;211488","156659;211524"
"dataset:9af6d42e16152c72676a91b3b437bf25ff6781d3d57327fa558156db00a3afde","odata_n_tit.p_prd_notes","票据基础信息","PHYSICAL_IDENTITY","否","否","","1","","156661;211599","160751;211487;236429","156661;211599"
"dataset:290f1f26e3ab31629fff31044d45932622adec40f840d805251b89d5191bdf96","odata_n_tit.p_prd_product_asset","产品底层资产表","PHYSICAL_IDENTITY","否","否","","0","","156663;211598","160753;211486","156663;211598"
"dataset:f8a52bfda209af7218fd722c99d47d99bb6fa69bcc0ae5a8b5bdd5e64e60e0bf","odata_n_tit.p_prd_notes_trade_record","票据交易流水","PHYSICAL_IDENTITY","否","否","","1","","156664;211597","160714;211535;236438","156664;211597"
"dataset:4d78aa5885e77876ad1e092e69d959e106c9762a1df09e8d538c79dbf5b5386b","pdata_news_n.tyzx_rcc_u_stkcode","RCC源股票信息表","PHYSICAL_IDENTITY","是","否","","1","","157296","212422",""
"dataset:8de2800e57c2cd19d61c9d5a7c79555d97f5cf467c202d38c04485a113d7bdca","odata_n_pas.j_hssemp_employee_post_category_changelist","人员类别变动表","PHYSICAL_IDENTITY","否","否","","1","","157998","160710","157998"
"dataset:82d81e0708daed0185699c863974cbac81e2f730d1b8c7c3193edd4ed3c89e91","pdata_news_n.t02_bnd_major_evt","债券重大事件","PHYSICAL_IDENTITY","是","否","","1","","158115","214551",""
"dataset:7d0a6deef9d8cb133455b6f95571cfb6e3d526b843de41dba333453c95b3d953","pdata_news_n.t02_ira_indx_info","利率指标信息","PHYSICAL_IDENTITY","是","是（并非已逐分支核验）","docs/00-20260914-图谱认知/01-tit入模/02-TIT入模去向.md;docs/00-20260914-图谱认知/01-tit入模/05-去向与未命中分类.md;docs/00-20260914-图谱认知/01-tit入模/T02-产品标的与市场数据/02-行情与市场参数/02 汇率与利率.md;docs/00-20260914-图谱认知/01-tit入模/T02-产品标的与市场数据/02-行情与市场参数/02.2 利率报价.md;docs/00-20260914-图谱认知/01-tit入模/T02-产品标的与市场数据/his/产品标的与市场数据.md","3","","158117;165804","166041;181104;182264;215676;234231","182264"
"dataset:df43347de1716ee0e974730e03585547097d610b92a58b5dbf1fdb02159a04a7","pdata_n.t98_cutp_base_info","T98_交易对手基本信息","PHYSICAL_IDENTITY","是","否","","5","","158195","172272;172288;173137;173282;177390;178833;206482;243831","177390;178833;206482"
"dataset:b264f21b4ff7bc1c9917840aa804d102e40e6098d234d7a762785d38f6f1bb0a","pdata_n.t98_cstd_prd_asmt_elmn","考核信息要素表","PHYSICAL_IDENTITY","否","否","","2","","","158205;158207",""
"dataset:4e374ebd30c4b17c49d65c039fb1a32df2e8dbd4fe4163072dcda6657094bc01","dm_index_n.index_grp1_newintroprdqty_astcstdprd_mon","引入人_新引入产品数量_资产托管产品_月份","PHYSICAL_IDENTITY","是","否","","0","","158205","203384;212945;244873","203384;212945;244873"
"dataset:091a76cbd190a4dff7cc293a6daf733ce1dda022a86e03a5f5297601c6682ddd","dm_index_n.index_grp1_newintroprdscal_astcstdprd_mon","引入人_新引入产品规模_资产托管产品_月份","PHYSICAL_IDENTITY","是","否","","0","","158207","203384;212945;244873","203384;212945;244873"
"dataset:4d67784c4af9778e07f39a82f49477d9576cce0ab6e8db89de1ace3b87f06423","pdata_news_n.t02_fin_undrl_attr","标的池标的属性表","PHYSICAL_IDENTITY","是","是（并非已逐分支核验）","docs/00-20260914-图谱认知/01-tit入模/02-TIT入模去向.md;docs/00-20260914-图谱认知/01-tit入模/05-去向与未命中分类.md;docs/00-20260914-图谱认知/01-tit入模/T02-产品标的与市场数据/01-产品基础资料/05.3 标的池与白名单.md;docs/00-20260914-图谱认知/01-tit入模/T02-产品标的与市场数据/his/产品标的与市场数据.md","3","","158210;158292","158671;159250;167380;176599;176600;176610","176599;176600;176610"
"dataset:d8d5e407da0b173e8d739591d6adefb405099eb27f2a21ee545ae4a07734b681","dm_index_n.index_grp1_stdastmomincrsrate_covtpst_astpkgrela_qtr","员工_标准资产环比增长率_折算后&资产包关系_季度_无备注信息","PHYSICAL_IDENTITY","是","否","","0","","158280","203979;207271","203979;207271"
"dataset:f48b59db1e6942a379fa6aaafacc836d7733c31a74218477123eecf0649ac60c","dm_index_n.index_grp2_emp_inr_incm_spaseat_mth","员工*机构_创收_专户席位_当月&每日更新过去六个月数据","PHYSICAL_IDENTITY","是","否","","2","K084","239434","158480;189181;190435;224741","190435;224741"
"dataset:6778a04e93ce19609baf40bfb1b047e3e331756c06fa4d97a6f73ef0c83be69d","dm_index_n.index_grp3_cust_pd_emp_prdincome_nothselcond_tdy","客户*产品*员工_创收_金融产品_当日&每日重刷上月数据_无备注信息","PHYSICAL_IDENTITY","否","否","","2","K084","","158480;189181;190435;224741","190435;224741"
"dataset:95ac1a0b808c13ad5f417d49c32eafa2b6c3e46bdfc558d1248fab8495cf1367","dm_index_n.index_grp3_cust_prd_emp_income_nwsincome_astpkgrela_tdy","","PHYSICAL_IDENTITY","否","否","","2","K084","","158480;189181;190435;224741","190435;224741"
"dataset:7ca85ea71d25cbae594da5de62e25f3d4eaa9c1383e4581b49ccf5931a100e56","dm_index_n.index_grp2_cust_emp_incm_plfmvabusi_aum_tdy_all","客户*员工_平台增值业务创收_资产包关系&销售关系_当日&每日重刷过去3个月_零售和机构柜台","PHYSICAL_IDENTITY","是","否","","2","K084","184787","158480;189181;190435;224741","190435;224741"
"dataset:87c9efdb8b654f46b22346b6140a243ccdd677d945fa4b4f2a1f1360addc5272","dm_index_n.index_grp1_emp_income_cs_mth_all","员工_创收_交叉销售_当月&每日更新本月及上月数据_零售和机构柜台","PHYSICAL_IDENTITY","否","否","","2","K084","","158480;189181;190435;224741","190435;224741"
"dataset:33c1a08d94d325dbf81eebf4bd566eea2a1c65327022c38e61d1e14aff87055b","pdata_n.t98_cust_refin_intr_dect_rwd","T98_客户转融通利息提成奖励","PHYSICAL_IDENTITY","否","否","","3","K084","","158480;159756;189181;190435;224741","190435;224741"
"dataset:dbc5d5cfca9af497b464479875ff115c64ca604bff6972b4705ce9ebbb75c203","dm_index_n.index_grp1_incomemomincrsrate_fullcali_astpkgrela_qtr","员工_创收环比增长率_全口径&资产包关系_季度_无备注信息","PHYSICAL_IDENTITY","是","否","","0","","158480","",""
"dataset:6850cdc7ee482edc8b81eef250c06fa54371bbabeff0a95051d2968bf159e341","pdata_n.t05_exch_shr_chg_evt","场内股份变动事件","PHYSICAL_IDENTITY","否","否","","1","","","158659",""
"dataset:3ac6d0c1ec71771e59f8c3f97033baf1024816c0ef22901d577e6354dc792afa","pdata_n.t05_acct_ctrl_chg_evt","账户控制变动事件","PHYSICAL_IDENTITY","否","否","","1","","","158659",""
"dataset:4b8dc6d307507c70d657d76543818841b411a692d9e6c597c0e818fc849ee42d","dm_otc_n.option_subject_view","Titans标的池","PHYSICAL_IDENTITY","是","否","","0","","158671","159197","159197"
"dataset:229b8d21947913b09a1cf3101a23d5706a42559c262500f51c6e7e5dc751a016","dm_otc_n.evt_secu_mholder_deli_jour","证券理财交割流水表","PHYSICAL_IDENTITY","是","否","","0","","158720","158934","158934"
"dataset:05bc93a5cd32da9b1d064026f1280449d2c9c810b2426186ae0d240ab01dd1ff","dm_otc_n.agt_fund_share_h","多金融余额表","PHYSICAL_IDENTITY","是","否","","0","","158725","159192","159192"
"dataset:0bccd1994240e010acf05563eef86ba2258dbad75ca6066f3c6c9fa43d653f28","pdata_nds.dm_option_contract_info","","PHYSICAL_IDENTITY","是","否","","1","","178488","159177",""
"dataset:ebf91153c700bc176bf9449fef8e467045e92472cfdf78b5164df067f011696f","pdata_news_n.nds_ref_basket_constituent","篮子成分表","PHYSICAL_IDENTITY","是","否","","3","","176353","159177;176600;177267;207513;212078;227254;241773","176600;207513;212078;227254"
"dataset:5a17f76e3db19aa291f58a7998bb5196931dc7ce81f8a588cad98a00de7937d3","dm_otc_n.otc_opt_comp_para","场外期权合约要素","PHYSICAL_IDENTITY","是","否","","0","","159177","159182;159187;218669","159182;159187;218669"
"dataset:78822be98ad2894ba5048b69feba01ecb7817845ee6b22deb2fdf8d26d16b612","dm_otc_n.trd_transfer_report_td","场外衍生品收付款事件","PHYSICAL_IDENTITY","是","否","","0","","159219","159221","159221"
"dataset:545cfbb0965f54971938303efcc92483ac169cff73517339cc6f3f887dde132e","dm_otc_n.ref_instrument_td","td证券基本信息","PHYSICAL_IDENTITY","是","否","","0","","159246","159325","159325"
"dataset:08cc84f5966c1843df867f38dd743b48f2cfc5945d16af452b9de9c6c99b5e8e","pdata_n.t98_cust_prd_sale_rela_clm","T98_客户产品销售关系认领","PHYSICAL_IDENTITY","否","否","","1","","","159248",""
"dataset:f379ce7039a6a221a2fe75dc004da8659bb952f2b2c44752778be43b5ebf7812","pdata_n.t98_cust_prd_sale_det","客户全产品销售明细表","PHYSICAL_IDENTITY","否","否","","1","","","159248",""
"dataset:33b0fe7ab6c0ce3b4cb5a0eb54cc4746514a1178ef6beaf91569770d41571556","dm_index_n.index_grp1_saleamt_finprd_delcash_pvtibcorp_clmrela_year","员工_销售金额_金融产品&剔除现金增利&私募同业企业客群&认领关系_当年","PHYSICAL_IDENTITY","是","否","","0","","159248","203384;212945;244873","203384;212945;244873"
"dataset:01c362126fc750994a2b86cabc0f1520ecf6eab9cc731121182f0da3d0f190c7","dm_otc_n.cfg_instrument_pool_props_td","标的池标的属性表","PHYSICAL_IDENTITY","是","否","","0","","159250","159330","159330"
"dataset:feb3b2e61f150ea30eddd107946c1a9055fa67a1452b17ad9e6c63ef0aa2a7a6","dm_index_n.dm_co_cust_algo_trd_cms_dtl","","PHYSICAL_IDENTITY","否","否","","6","","","159287;159303;169317;169368;170275;170281",""
"dataset:add3f27fd916ec02f57b229f3c78a4ec6dba18fa42edc9caba4262f0e00fcb97","dm_index_n.index_grp2_cust_astacct_algo_trd_net_cms","客户*资产账户_净佣金收入_算法交易&T0交易&含增值佣金&扣除供应商收取费用&扣除流量费_当日","PHYSICAL_IDENTITY","是","否","","0","","159287","160518","160518"
"dataset:1bb8e0b7615ec0624b2097d3b535ce800d16b1e5bd7084d774430361ea9c0dba","dm_index_n.index_grp2_cust_astacct_algo_trd_amt_day","客户*资产账户_交易金额_算法交易&T0交易_当日_无备注信息","PHYSICAL_IDENTITY","是","否","","0","","159303","160518","160518"
"dataset:fbeecf055ce0c674428176b053ac1bbdd9d7ccb0bd74f2ab2bfac70564156642","odata_n_uip.q_pfund_inst_cncl","已注销私募基金管理人名单","PHYSICAL_IDENTITY","否","否","","1","","159338","213889","159338"
"dataset:007a962188080b869e615ed34c5859fba72f8f9bb1f76df3cd182f4c819cf310","odata_n_uip.q_pfund_amac","私募基金管理人基金产品","PHYSICAL_IDENTITY","否","否","","1","","159344","213889","159344"
"dataset:9f756a984ab9b10e8fc3f458215d5bd8f983ad5b5d8cdc302325505440abca19","pdata_n.t05_otc_deri_book_mtch_evt","每天增量更新，记录场外衍生品交易编号、交易日期、对手方、买卖方向、成交数量 / 价格 / 金额、交易状态、费用、结算信息及操作人信息，用于场外衍生品交易台账管理、清算核对与合规追溯。","PHYSICAL_IDENTITY","是","是（并非已逐分支核验）","docs/00-20260914-图谱认知/01-tit入模/02-TIT入模去向.md;docs/00-20260914-图谱认知/01-tit入模/05-去向与未命中分类.md","4","","159419;160714;211535","163640;166009;176443;181143;202510","163640"
"dataset:36ea9f07d871078c5c24e78ef7f2cb14f7972ab5129e1b15842ec75264cc85da","pdata_n.t04_role_righ_h","角色权限历史","PHYSICAL_IDENTITY","是","是（并非已逐分支核验）","docs/00-20260914-图谱认知/01-tit入模/02-TIT入模去向.md;docs/00-20260914-图谱认知/01-tit入模/05-去向与未命中分类.md;docs/00-20260914-图谱认知/01-tit入模/T04-机构用户与权限/05 资源与菜单权限.md","0","","159421;178884","177414;207529;207571","177414;207529;207571"
"dataset:502c6094f5d1c10bded6a217e5c0996aa6514af3e7841933d217a85b7f7c1eab","pdata_news_n.t02_fnd_hk_etf_info","香港ETF基本信息","PHYSICAL_IDENTITY","是","否","","1","","159487;217962","217922",""
"dataset:7cf316082e22f46465f66eff57e6ac8c4e6a743c8d291269becf964eaf810b1f","pdata_nds.ref_counterparty","OTC衍生品客户","PHYSICAL_IDENTITY","是","否","","12","K004;K021","160826;160827","159489;159495;159497;159506;160791;160792;160794;160795;188414;188419;188424;188429",""
"dataset:824561731968c71976e1e6b3542e83847685bad4aa4d8e806ecc0826a5262fa8","pdata_nds.bundle_margin_daily_result","场外衍生品交易对手保证金账户履保结果","PHYSICAL_IDENTITY","是","否","","16","K004;K021;K093;K096","160816;160817;236415","159489;159495;159497;159506;160791;160792;160794;160795;188414;188419;188424;188429;200030;200078;206952;215700;236759","215700"
"dataset:cd0f3df26e620959ecc601cf13887354a5bef136403c6edbb08aaf928ea37d97","pdata_nds.ref_trs_leg","场外互换合约LEG信息","PHYSICAL_IDENTITY","是","否","","8","K004","160823;160824","159489;159495;159497;159506;160791;160792;160794;160795",""
"dataset:10f28afe91fce800bc28bd1284fb5a6e56872561417659fe34d295d9208633a6","pdata_nds.trd_transfer","交易-收付款记录表","PHYSICAL_IDENTITY","是","否","","12","K004;K021","160812;160813","159489;159495;159497;159506;160791;160792;160794;160795;188414;188419;188424;188429",""
"dataset:0a1b60b542b9ca2056952956ae0179020172959b1116579b85faca51f72d774e","dm_rsk_n.otc_trs_risk_plreport_bkup","场外互换合约盈亏汇总","PHYSICAL_IDENTITY","是","否","","0","","159489;159495;159497;159498;159506;188414;188419","",""
"dataset:cb49148d05fea91959abdd59da486116c694003d3bf7bc04987713d12ce2fd8a","dm_rsk_n.otc_trs_risk_plreport_temp","场外互换合约盈亏汇总-4-h15","PHYSICAL_IDENTITY","是","否","","0","","159489;159495;159497;159498;159506;160791;160792;160794;160795;188414;188419;188424;188429","",""
"dataset:9220df5777e5b955478835856ecb3e409c69c0f684ddc8fb55a7c3f7c6efff27","dm_index_n.index_grp1_stdastmomincrsval_covtpst_astpkgrela_qtr","员工_标准资产环比增长值_折算后&资产包关系_季度_无备注信息","PHYSICAL_IDENTITY","是","否","","0","","159585","203979;207271","203979;207271"
"dataset:395ce1e45d63bdfd62977dea279606bbab0ee4d51902800165261ef90f1b43be","dm_otc_n.brok_cust_base_info","经纪业务客户基本信息","PHYSICAL_IDENTITY","是","否","","0","","159677","163070","163070"
"dataset:bfa84ce735b9e2403516d2456dbfdf919e3c83ef28e9b6576a37c2de774c5f4e","dm_index_n.index_grp1_emp_incm_allcali_wghtdata_last13mon_mth","员工_创收_全口径_当月&每日更新过去13个月数据","PHYSICAL_IDENTITY","否","否","","3","","","159756;167523;205645;210140;244156","167523;210140"
"dataset:b83ef6595cfffd58678c8518a7631a226ad3547d02d2300b39f7665677f2eee6","dm_index_n.index_grp1_stdastunitastincome_covtpst_astpkgrela_qtr","员工_标准资产单位资产创收_折算后&资产包关系_季度_无备注信息","PHYSICAL_IDENTITY","是","否","","2","","159756","159991;160031;203979;207271","203979;207271"
"dataset:d09519a9a3c9eeba96f21a06fda719ab39892c1cd4c40bb27ba218b47a192001","pdata_n.t98_otc_swap_comp_undrl_valu_info","T98_场外互换合约标的估值信息","PHYSICAL_IDENTITY","是","否","","0","","159782","",""
"dataset:a72aa530fd46117a366de93a0da6a5c657cecf1d65f6a7b035647f6ffec3df40","dm_index_n.grp_tag_client_is_icc","组合标签_是否机构柜台客户","PHYSICAL_IDENTITY","是","否","","0","","159827","202354;210140;210413","202354;210140;210413"
"dataset:18b6abc73cc5fb46123c781aa0faa0985007756869875f09f27fc221f1d292b3","dm_index_n.index_grp1_income_exam_pqtrastendastpkgrela_mth_retandorgcntr","员工_创收_投顾序列人员考核_当月_零售和机构柜台","PHYSICAL_IDENTITY","是","否","","6","K016","189181","159973;161920;189204;199242;199809;199817;203979;207271","203979;207271"
"dataset:522ed69aec5664e7814cdbbdbaf0ad89d32d89ed55639c89a8aaf9f35cf5e391","dm_index_n.index_grp1_incmcopctincrsrate_astpkgrela_qtr","员工_创收司占比增长率_全口径&资产包关系_季度_无备注信息","PHYSICAL_IDENTITY","是","否","","0","","159973","203979;207271","203979;207271"
"dataset:4a3e36e67c9c47fb16e0f3f98546c6e28ceb75805d96750c3af437c6c846fae4","dm_index_n.index_grp1_stdastunitastincomemomincrsval_covtpst_astpkgrela_qtr","员工_标准资产单位资产创收环比增长值_折算后&资产包关系_季度_无备注信息","PHYSICAL_IDENTITY","是","否","","0","","159991","",""
"dataset:ea3be3dfadfe07f4f5c340bd16cb68b47a2ebc1b4d0af0f6d15a8a00b54ca71d","dm_index_n.index_grp1_stdastunitastincomemomincrsrate_covtpst_astpkgrela_qtr","员工_标准资产单位资产创收环比增长率_折算后&资产包关系_季度_无备注信息","PHYSICAL_IDENTITY","是","否","","0","","160031","",""
"dataset:06dc6f59edd9661f7dfd6f1812e97b35c4689a0b93258904d35893edffdf4331","dm_index_n.index_grp1_last30d_net_ast_ge_asgn_amt_days","客户_天数_近30个交易日含限售市值的净资产大于等于特定数额&按身份证及客户名称粒度汇总_当日_无备注信息","PHYSICAL_IDENTITY","是","否","","0","","160235","206454","206454"
"dataset:b78dcbb1764830c3d94200e341dfc66abf72085f676a42095ddb544e135fb5d7","dm_index_n.index_grp1_stdastcopctincrsrate_covtpst_astpkgrela_qtr","员工_标准资产司占比增长率_折算后&资产包关系_季度_无备注信息","PHYSICAL_IDENTITY","是","否","","0","","160257","203979;207271","203979;207271"
"dataset:746516eed02022d897bc6cf73eaca3ef6796f85bdfa33ff7d6e2cd7c5fd21d5a","odata_n_tit.d_ref_counter_party_p","交易参数-交易对手","PHYSICAL_IDENTITY","否","否","","4","","160411;211806;229773","160422;163712;211720;227869;245381;245498","160411;211806;229773;160422;211720"
"dataset:08734745bd8dd26246fc900f734f0d9ebb582fcf25adca460e5d7429e3f163cf","odata_n_tit.d_pos_position_daily_p","【AI】持仓-账户每日持仓数据表","PHYSICAL_IDENTITY","否","否","","1","","160412;194587;195009;211807;233002;237088","160423;194589;195010;211719;233003;237101;237617","160412;194587;195009;211807;233002;237088;160423;194589;195010;211719;233003;237101"
"dataset:3292d7a5090c121c6d41afa9b7c73638ecaf2ed5b84fc0d8371ac6779ed68a25","odata_n_tit.d_pos_trs_leg_valuation_p","【AI】持仓-账户TRS LEG每日估值","PHYSICAL_IDENTITY","否","否","","1","","160414;211808;237111","160425;211715;237112;237639","160414;211808;237111;160425;211715;237112"
"dataset:8c1d0864ea0b9db0846d741964fb0e4e7bfb3b7c3163db5283a5d4936953b455","odata_n_tit.d_bundle_margin_daily_result_p","组合履保监控结果","PHYSICAL_IDENTITY","否","否","","1","","160417;211811;236314","160427;211544;236415","160417;211811;236314;160427;211544"
"dataset:5a473dac2c09a5abe8ba1779a834c95fc937686689b69ae4f83dc3ef1a9a69bb","odata_n_tit.d_pos_position_daily_pb","【AI】持仓-账户每日持仓数据表","PHYSICAL_IDENTITY","否","否","","1","","160423;194589;195010;211719;233003;237101","160818","160423;194589;195010;211719;233003;237101"
"dataset:adf8b9c155bbbf853206b60da9a4686867cb26d463a85ccbb29a4b4c80d959a4","odata_n_tit.d_pos_trs_leg_valuation_pb","【AI】持仓-账户TRS LEG每日估值","PHYSICAL_IDENTITY","否","否","","1","","160425;211715;237112","160822","160425;211715;237112"
"dataset:bdd3e94f095a174c8095572b8f727cf25e61dc13e32960372cac5fc04401c1a8","odata_n_tit.d_pos_trs_underlying_valuation_pb","【AI】持仓-账户TRS 标的估值表","PHYSICAL_IDENTITY","否","否","","1","","160426;211546","160821","160426;211546"
"dataset:b0a174cffbb3ec0f88c5f0e2a4f43133bde113ccf7d9b2c340c8298028ab0526","odata_n_tit.d_bundle_margin_daily_result_pb","组合履保监控结果","PHYSICAL_IDENTITY","否","否","","1","","160427;211544","160817;165155","160427;211544"
"dataset:a5075f85b434ddef31de5a91ea3729d132758b07569db34c6ab55914bd4c48d4","odata_n_tit.d_mkt_option_eod_pt_metric","证券-期权每日日终压力测试指标表","PHYSICAL_IDENTITY","否","否","","1","","","160493",""
"dataset:b81d7b0802af0a76812bcd0852749e9ff30d0c5a4d483e8a392a75f69b650816","dm_index_n.index_grp2_cust_ast_algo_open_date","客户*资产账户_算法权限首次开通日期_拆单算法权限&T0权限_当日","PHYSICAL_IDENTITY","是","否","","0","","162821","160518;197653","160518;197653"
"dataset:03a642a0d43c0ac803988ebc588a25488769df92a2cb8c6593505cdbd95f7994","pdata_nds.dm_co_algo_splr_fee_rate","算法供应商收取费率","PHYSICAL_IDENTITY","否","否","","1","","","160518;205098","160518"
"dataset:01d22e77fc3905dfbd65623a261d7fee83239a2d3ccc8f8b84b0328abe25eba6","dm_index_n.index_grp2_cust_astacct_tramt_mulplr_mkt_vwap_slip","客户*资产账户_成交金额与市场VWAP滑点乘积_算法_当日","PHYSICAL_IDENTITY","是","否","","0","","170804","160518","160518"
"dataset:5db931cd1d7e4e0abad08ae8f3b7029a97e7e9577bb546f2ca76172a7ca423f8","dm_index_n.index_grp2_cust_astacct_tramt_mulplr_mkt_strk","客户*资产账户_成交金额与市场冲击乘积_算法_当日_无备注信息","PHYSICAL_IDENTITY","是","否","","0","","170818","160518","160518"
"dataset:a6e559c9e39fb264ce2b0ad42e1739517a2c44ffd78f6400b895ddfbe45924a5","dm_index_n.index_grp2_cust_astacct_entr_qty","客户*资产账户_委托数量_算法_当日","PHYSICAL_IDENTITY","是","否","","0","","170822","160518","160518"
"dataset:c41580ef90a9baf4dbbb4aa2ef3159d84c2510f2be859daa3869bc6c00a85f26","dm_index_n.index_grp2_cust_astacct_trd_qty","客户*资金账户_成交数量_算法_当日_无备注信息","PHYSICAL_IDENTITY","是","否","","0","","170832","160518","160518"
"dataset:ef72ccfc8e7daed409ee953b68ef5a51e3d8778d07bbcdc970d9d843ffa67b2b","dm_index_n.index_grp2_cust_astacct_algo_net_cms_income","客户*资产账户_净佣金收入_算法交易&T0交易_当日","PHYSICAL_IDENTITY","是","否","","0","","169317","160518","160518"
"dataset:eeb55cdb38439657c1d07f3e4cbe41aac042c855d4b472c18dc012b050f47e16","dm_index_n.index_grp2_cust_astacct_algo_flow_fee","客户*资产账户_佣金成本_算法委托&T0委托&流量费_当日","PHYSICAL_IDENTITY","是","否","","0","","169368","160518","160518"
"dataset:34adffd3fedd015c82ffd2d25ae52189a260c9ae232bbb66d23341132d5b9cc4","dm_index_n.index_grp2_cust_astacct_algo_value_added_cms","客户*资产账户_净佣金收入_算法增值服务&T0_当日","PHYSICAL_IDENTITY","是","否","","0","","170275","160518","160518"
"dataset:483877bf4fbbce684732db5c9176ea56a74d56d35e857b8559c99c283d343649","dm_index_n.index_grp2_cust_astacct_algo_vendor_fee","客户*资产账户_佣金成本_算法&T0供应商费用_当日","PHYSICAL_IDENTITY","是","否","","0","","170281","160518","160518"
"dataset:f16adeef1fec1cd16f895cd054c64aa6f09a4731b973d809ab134d2d954f633f","dm_hk_n.ref_ins_option_info","OTCHK证券-期权合约信息表","PHYSICAL_IDENTITY","是","否","","0","","160522;198442","226896;245912;245914","226896;245912;245914"
"dataset:eb0af41399658c263ef45514553a1dee13266e7883069f8745d77fbdf8119ab7","dm_hk_n.ref_future_properties","证券期货信息表","PHYSICAL_IDENTITY","是","否","","0","","160530;198437","226904;245781;245782","226904;245781;245782"
"dataset:b267e7f46a1398d8c80c0b049643cdd82d0e434bdb7c717d99577a74b81cfdb7","dm_hk_n.mkt_ins_daily_info","证券每日行情信息","PHYSICAL_IDENTITY","是","否","","0","","160531;196891","",""
"dataset:d1d81e398b0ea6b29f0f06f04f9ab5554f6f1df85287f7eb45151620a151a038","pdata_news_n.t02_fxr_incon_ext","市场交易互通汇率拓展表","PHYSICAL_IDENTITY","是","否","","1","","160674","212525",""
"dataset:0aa288089018005b23c4de9ca45505d12cb60075fe7d56269f260fab0eef26c9","pdata_n.t04_emp_clas_h","员工分类历史","PHYSICAL_IDENTITY","是","否","","1","","160710","169392;171292;191371;202354;207271;210140;210413;212720;212721","169392;171292;202354;207271;210140;210413;212720;212721"
"dataset:20cdf829d18af75c1d759681e27c483857c2ba3115aab7e03bb49dd5ccad2e74","pdata_news_n.t02_tit_prd_info","TIT产品信息表","PHYSICAL_IDENTITY","是","是（并非已逐分支核验）","docs/00-20260914-图谱认知/01-tit入模/02-TIT入模去向.md;docs/00-20260914-图谱认知/01-tit入模/03-关键入模链路.md;docs/00-20260914-图谱认知/01-tit入模/05-去向与未命中分类.md;docs/00-20260914-图谱认知/01-tit入模/06-原库到贴源.md;docs/00-20260914-图谱认知/01-tit入模/T02-产品标的与市场数据/01-产品基础资料/03.1 发行产品.md;docs/00-20260914-图谱认知/01-tit入模/T02-产品标的与市场数据/his/产品标的与市场数据.md","7","","160750;211488","163640;176443;181136;183259;183294;199871;202510;202957","163640"
"dataset:f9110528a7dda522d89110dabd4d49fc3ce2733eb46abfdef998c57816a5fe19","pdata_news_n.t02_tit_note_info","TIT票据信息表","PHYSICAL_IDENTITY","是","是（并非已逐分支核验）","docs/00-20260914-图谱认知/01-tit入模/02-TIT入模去向.md;docs/00-20260914-图谱认知/01-tit入模/05-去向与未命中分类.md;docs/00-20260914-图谱认知/01-tit入模/T02-产品标的与市场数据/01-产品基础资料/03.2 票据条款.md;docs/00-20260914-图谱认知/01-tit入模/T02-产品标的与市场数据/his/产品标的与市场数据.md","1","","160751;211487","163640;181140","163640"
"dataset:e972f308f8ce58f725ecbfc6ce43b959af15164a736dd24360a85d23e60bb728","pdata_news_n.t02_tit_prd_asset_info","TIT产品底层资产信息表","PHYSICAL_IDENTITY","是","是（并非已逐分支核验）","docs/00-20260914-图谱认知/01-tit入模/02-TIT入模去向.md;docs/00-20260914-图谱认知/01-tit入模/05-去向与未命中分类.md;docs/00-20260914-图谱认知/01-tit入模/T02-产品标的与市场数据/01-产品基础资料/04.1 发行产品底层资产.md;docs/00-20260914-图谱认知/01-tit入模/T02-产品标的与市场数据/his/产品标的与市场数据.md","6","","160753;211486","163640;176443;181142;183259;183294;199871;202510","163640"
"dataset:dd744c2803fdbda7741580bfd56d730018139e5486aec4ede479f7f48fd2e46b","dm_rsk_n.otc_trs_risk_plreport","场外互换合约盈亏汇总","PHYSICAL_IDENTITY","是","否","","0","","160791;160792;160794;160795;188424;188429","",""
"dataset:f07f05a4f4e500ea6a833dbf792986b8430f8f0f3ed6059f0f6e80e9e0c87c72","odata_n_tit.d_ref_counterparty_p","系统静态数据-交易对手数据表","PHYSICAL_IDENTITY","否","否","","2","","221576","160827;244970","221576"
"dataset:131cad260031f6e8ffa4268d22b1d6efe0c7192c6a6c87bec5d665b218340eec","pdata_news_n.t02_tit_scr_trd_cal","交易日历表","PHYSICAL_IDENTITY","是","是（并非已逐分支核验）","docs/00-20260914-图谱认知/01-tit入模/02-TIT入模去向.md;docs/00-20260914-图谱认知/01-tit入模/05-去向与未命中分类.md;docs/00-20260914-图谱认知/01-tit入模/T02-产品标的与市场数据/01-产品基础资料/05.5 交易日历.md;docs/00-20260914-图谱认知/01-tit入模/T02-产品标的与市场数据/his/产品标的与市场数据.md","6","","161255","180692;180700;180714;181553;181555;181556",""
"dataset:2d791686234c8c19c6d63289b0b8366334034208d871afde40d64ffef26454ef","dm_index_n.index_grp1_stdastmomincrsrate_covtpst_astpkgrela_qtrend","员工_标准资产环比增长率_折算后&资产包关系_季度末_无备注信息","PHYSICAL_IDENTITY","是","否","","0","","161271","",""
"dataset:0c4087867e3a910136857cbd9373a2c9655848d9f5674eba016ca0908de15d89","odata_n_cps.h_tmonitorresults_pb","监控结果表","PHYSICAL_IDENTITY","否","否","","1","","161363","200759","161363"
"dataset:4c567f360729474ce9c3e91d561deb900e563035ebc27ce1ada0c84db73315b1","odata_n_ois.g_value_report_ctpty_config","估值报告交易对手配置表","PHYSICAL_IDENTITY","否","否","","1","","161383","161706","161383"
"dataset:c433d1ffa0364e83e33480d91223fe5c94ba80a49ecc65977004d6f719042b3a","odata_n_ois.g_value_report_gen_result","估值报告生成记录表","PHYSICAL_IDENTITY","否","否","","1","","161391","161707","161391"
"dataset:308f6b06131691e14a6a16ad127636d220306e63865afa771f061d10f6bbadea","odata_n_ois.g_value_report_template_config","模板管理配置表","PHYSICAL_IDENTITY","否","否","","1","","161394","161708","161394"
"dataset:7ec4dc4e4bd1ed3e894e76c55c97bacbf7780443a57f7cb9ad97136ad7e989ad","pdata_news_n.t02_stk_cd_modif_rec","股票代码变更记录","PHYSICAL_IDENTITY","是","否","","1","","161618;162326;217965","217924",""
"dataset:c0e07f599d4970a0bb4091c8b239498323757151d7755e04c77b66b0f2dc0872","odata_n_uip.q_dy1d_factor_ret_cne6_zx20","因子收益率表(Trading Model)","PHYSICAL_IDENTITY","否","否","","1","","161629","228221","161629"
"dataset:f752733a5d5fe87dcfd8c7efb20b6432ac6e5ff7718486bbacb4bbbf7d781746","temp.index_grp3_cust_org_emp_std_ast_bef_covt_year_apd_aim_2026","","NONE","否","否","","0","","","161845",""
"dataset:06e7ef413665ae46295e88a80308ac5a59a18ce318eca7e7e45892e248bf5810","temp.index_grp3_cust_org_emp_std_ast_aft_covt_year_apd_aim_2026","","NONE","否","否","","0","","","161848",""
"dataset:7c52ce6d9d9a94a24d0302e12ebb25c52c15c37a55dfcdc83062f01e10c773a7","dm_index_n.index_grp1_stdastcopctincrsval_covtpst_astpkgrela_qtr","员工_标准资产司占比增长值_折算后&资产包关系_季度_无备注信息","PHYSICAL_IDENTITY","是","否","","0","","161899","203979;207271","203979;207271"
"dataset:a0cc92a57cc9aee936fc652d13d78a69f1c1b8934a783808bc066fd33d347efa","dm_index_n.index_grp1_incmcopctincrsval_astpkgrela_qtr","员工_创收司占比增长值_全口径&资产包关系_季度_无备注信息","PHYSICAL_IDENTITY","是","否","","0","","161920","203979;207271","203979;207271"
"dataset:46efbfa92ed65c56ce920f0a5882e2b4e4a008e73cc4f32664514e2925796975","dm_index_n.index_grp1_emp_aum_asset_bef_fix_mth","员工_标准资产_折算前_当月&当月月末固化","PHYSICAL_IDENTITY","是","否","","2","","162117","162120;162136",""
"dataset:3eeeae2f3ea5e3e43e8b3b43b5f1792f0c7baa65d0974bd97d4ed47b5f95f7ff","dm_index_n.index_grp1_emp_asset_bef_mon_gr_mth","员工_标准资产&折算前_当月较上月增长率_当月","PHYSICAL_IDENTITY","是","否","","0","","162120","",""
"dataset:6a754b72e980e445ee609442b134248a03087e9bce7204dbb0f1560ee4d1074d","dm_index_n.index_grp1_emp_aum_asset_bef_quat","员工_标准资产_折算前_当季季均","PHYSICAL_IDENTITY","是","否","","1","","162136","162564",""
"dataset:f202ec78c089ced7c6f521ace0a991915649cbb9ca7221105fd377f4d529c4ca","dm_index_n.index_grp1_emp_asset_bef_quat_gr_quat","员工_标准资产&折算前_当季较上季增长率_当季","PHYSICAL_IDENTITY","是","否","","0","","162564","",""
"dataset:1476865ef392be1376929e4a110852ea1dc0f644c7308b61eab357ee7baee8af","dm_index_n.index_grp1_compscal_otcderirgstcomp_mthend","广发证券_合约规模_场外衍生品报备合约_当月月末","PHYSICAL_IDENTITY","是","否","","0","","162610","168090","168090"
"dataset:311665d258e1d010029756b1bbaecbc2da03416fe3450c313156b2e3f74e3340","dm_index_n.index_grp1_dealscal_otcderirgstcomp_mth","广发证券_交易规模_场外衍生品报备合约_当月","PHYSICAL_IDENTITY","是","否","","0","","162618","168090","168090"
"dataset:f506a3d13178193388d53b192f91eb3e0751c4a7f572b3ec29c98261c097f29f","dm_index_n.gfhk_currency_hkd_usd_rate","广发香港货币折港币和美元汇率信息","PHYSICAL_IDENTITY","是","否","","0","","171396","162676;163640","162676;163640"
"dataset:59f4cf2a3c392ac6c7ba7a9d24c7d237c34da5d8eb21636af607be7b622cd0fc","pdata_n.t05_pb_db_exec_sql","PB数据库执行语句","PHYSICAL_IDENTITY","否","否","","1","","","162821",""
"dataset:72980804634177c2c67cc768f8fd2532a59a6d580201a1ea62818aaf07622c3f","pdata_n.t05_pb_db_sql_exec_log","PB数据库语句执行日志","PHYSICAL_IDENTITY","否","否","","1","","","162821",""
"dataset:e9a0564635575a7ffc90db606f6e3e12cea0bf4c7998f1500027ef140e69bd1f","pdata_news_n.t02_fin_gpb_prd_his_info","投易通产品历史信息","PHYSICAL_IDENTITY","否","否","","1","","","162821",""
"dataset:ac2f95001a8b864987d7c84b97087b13491595b16f863a6d50d02017db00e454","pdata_n.t05_jq_brok_ast_acct_bind_evt","聚宽券商资产账号绑定事件","PHYSICAL_IDENTITY","否","否","","1","","","162821",""
"dataset:977a9b53779c4f3d9d947d6122947662ece4e2f5d2745b207427fcc2c931d4c3","pdata_n.t03_algo_trd_fnd_acct_adtnl_info","协议算法交易资金账户附加信息","PHYSICAL_IDENTITY","否","否","","1","","","162821",""
"dataset:ad4537ad5ecc5c613b9300f7d5dccf322a3c1bc8af5af5682b54c0d81eed23d3","dm_otc_n.evt_secu_mholder_entr_jour","OTC直销信息表","PHYSICAL_IDENTITY","是","否","","0","","163027","163111","163111"
"dataset:735e87a01c630a4e6af80223d0a94ff49a5fa5dd94d36254f73ebb0c0c526bf8","odata_n_tit.d_ref_fx_forward_structure","外汇远期-结构要素||REF_FX_FORWARD_STRUCTURE||REF_FX_FORWARD_STRUCTURE","PHYSICAL_IDENTITY","否","否","","1","","163063;211723","163772;211810;228089","163063;211723"
"dataset:c0cf39a5f41f78901ac4d501adf17e8317b3f39824e281c36fb3df69e4efba4e","pdata_n.t03_otc_fx_fwd_comp_info","每天一份快照，场外外汇远期合约的核心信息台账，完整记录场外外汇远期合约从签订到履约的全维度关键信息。","PHYSICAL_IDENTITY","是","是（并非已逐分支核验）","docs/00-20260914-图谱认知/01-tit入模/02-TIT入模去向.md","2","","163771;211809","163077;166644",""
"dataset:d2062181572f459b2bc54abde51ae4554c3ae10ab71ba83e67c22a6bda0b66c5","pdata_n.t03_otc_fx_fwd_comp_stru_elmn_info","每天一份快照，场外外汇远期合约的协议关联信息、标的与定价要素、币种与汇率、合约量等交易核心要素。","PHYSICAL_IDENTITY","是","是（并非已逐分支核验）","docs/00-20260914-图谱认知/01-tit入模/02-TIT入模去向.md;docs/00-20260914-图谱认知/01-tit入模/05-去向与未命中分类.md","2","","163772;211810","163077;166644",""
"dataset:6fb666e96f54ebd5a468199c717b10f2a1ca447dafbc1be117af9c8146d2d910","dm_rsk_n.otchk_fx_forward_comp_info","OTCHK外汇远期合约信息","PHYSICAL_IDENTITY","是","否","","0","","163077","",""
"dataset:f416f15bd16ffb7ea8a2d5b87a021e7f21ff592c2bd030850d468516a734ce42","pdata_news_n.t02_stk_hk_cd_rela","AH股关联证券","PHYSICAL_IDENTITY","是","否","","1","","163256;217949","217914",""
"dataset:890f10af8604709b4b64f2f7c54b5f3bcd766ef685fde23f960c2669b4ff2c5a","dm_rsk_n.otc_trs_contract_param","TRS合约参数表","PHYSICAL_IDENTITY","是","否","","0","","163286","",""
"dataset:79a44b93a12cbb36d33b3e0282ca2524764bb10dfc174131634b40e68794a8a1","dm_rsk_n.v_risk_contr_margin_mapping","风控视图-保证金与资金账户对照","PHYSICAL_IDENTITY","是","否","","0","","163599","",""
"dataset:3c0bc36c84afc7d55f3b703014827518f6b61115cf4d4b9a1759192f6c6b9a1c","dm_rsk_n.v_risk_correlation_info","风控视图-相关性数据信息","PHYSICAL_IDENTITY","是","否","","0","","163633","",""
"dataset:06d440f98a13e874ad8b80d6bea1b31e79d743060014f3beabeab336ecfe7860","odata_n_tit.d_ref_option_autocall_p","证券-期权-自动赎回期权属性","PHYSICAL_IDENTITY","否","否","","1","","198784;244239","163712;198786","198784;244239;198786"
"dataset:eb4413feb186ea18b3a52e33dc6ae2941c9fa68e0eaacdfe675c18918b6b708b","odata_n_tit.d_ref_option_attribute_p","","PHYSICAL_IDENTITY","否","否","","1","","244233","163712","244233"
"dataset:06993724980d07d441f4264c257fdde74cfae7c5d08a3b394f60bcd1ba3d4be8","odata_n_tit.d_ref_option_barrier_line_p","","PHYSICAL_IDENTITY","否","否","","1","","244237","163712","244237"
"dataset:d89e01cf47ee1dd0c747907a432ab58e015479772fe7b6e8149d5510f29e73f0","odata_n_tit.d_ref_option_autocall_cp_p","","PHYSICAL_IDENTITY","否","否","","2","","244228;245277","163712;245627","244228;245277"
"dataset:e177209040a8806fde199c35806fe5c81c4babb2db92ac139687cbebcd73ebab","odata_n_tit.d_ref_option_dra_obs_p","","PHYSICAL_IDENTITY","否","否","","1","","244225","163712","244225"
"dataset:a53a07c6e8d3851fe18d2c33982c4a08c64a8cbf881508d6839718d4276a09f2","odata_n_tit.d_ref_option_dailyrangeaccrual_p","","PHYSICAL_IDENTITY","否","否","","1","","244238","163712","244238"
"dataset:1eb05c2f4ed7dad0a715f130ea672352e6f77797ab5e2ae979ff8cea40bd2755","odata_n_tit.d_ref_option_autocall_ki_p","AUTOCALL风险障碍信息表","PHYSICAL_IDENTITY","否","否","","2","","198778;244229;245286","163712;198779;245643","198778;244229;245286;198779"
"dataset:6246a6cffb8ba991a6d26e465eec0589d4dc58d184762bf6fb14ff24de991c25","odata_n_tit.d_ref_option_autocall_ko_p","","PHYSICAL_IDENTITY","否","否","","2","","244236;245287","163712;245672","244236;245287"
"dataset:aa5b00401e3de2ec0126e70291772c4b940195075c8a14dc623f6be66d94b72f","odata_n_tit.d_ref_option_lizard_obs_date_p","","PHYSICAL_IDENTITY","否","否","","2","","244227;245288","163712;245693","244227;245288"
"dataset:981f1665fde01df86e868b9f801ead4d0cea5d6dfd144a623ee909fb1701806b","odata_n_tit.d_ref_option_deal_strike_p","","PHYSICAL_IDENTITY","否","否","","2","","244234;244895","163712;245412","244234;244895"
"dataset:34f573b55583452e5364e7d707e15dafd56abebf7936f2c4978cbba8331f29e7","odata_n_tit.d_ref_ins_option_info_p","【AI】期权合约信息表","PHYSICAL_IDENTITY","否","否","","2","","198772;244232;245273","163712;198774;245883","198772;244232;245273;198774"
"dataset:62193092d199b10b9d56d19f50886bd48216de9e96f07bbf2e874477603c5ca9","odata_n_tit.d_ref_op_cumulator_schedule_p","","PHYSICAL_IDENTITY","否","否","","1","","244226","163712","244226"
"dataset:be91352777a3daf03c477d90d5d045613c10f938652f57675403ea919e3cf9eb","odata_n_tit.d_ref_option_deal_barrier_p","","PHYSICAL_IDENTITY","否","否","","2","","244071;244890","163712;245828","244071;244890"
"dataset:409529671213ba2f11cf42388e6fd21180df5fb2670259821fed1890d56ac2da","odata_n_tit.d_ref_option_deal_quote_reset_p","","PHYSICAL_IDENTITY","否","否","","1","","244223","163712","244223"
"dataset:b393040bd06e7df72653546c05288ea76b15d0455afe10af76eb731192e39fce","odata_n_tit.d_trd_cumulator_schedule_daily_p","","PHYSICAL_IDENTITY","否","否","","1","","244240","163712","244240"
"dataset:b019c5cb9daed93f148b21c24510a1ac47d5ea0dc1ba567b6972d85981db6f6d","pdata_n.t99_ihrs_pdef_dict_item_val","智慧人力自定义字典项值表","PHYSICAL_IDENTITY","是","否","","0","","163965","169392","169392"
"dataset:c20d80159a5d08462a396bed0c9c050ee1994333ca6940d4d4a3a7828fb79f36","pdata_news_n.t02_nws_ntce_info","公告信息表","PHYSICAL_IDENTITY","是","否","","1","","163993;163994","212881",""
"dataset:2188fd44cc0825cc50b0fa800e554752df52bcfd3a3931165358616d6c39763f","odata_n_tit.d_bk_department_properties","账簿管理-部门配置表","PHYSICAL_IDENTITY","否","否","","1","","164212;211743","165634;165635;165637;165638;211773;223558","164212;211743"
"dataset:4b08ebab3e63f186fc17b7f1a8d9e2d0147c1d3d300e563e95a49349c16349a8","pdata_n.t03_cros_bord_chrem_agt_sign_info","跨境理财协议签约信息","PHYSICAL_IDENTITY","是","否","","1","","164367","216569",""
"dataset:16f1809c1cdf16f2d04144db852a57ba37fe3aafefe9e69d0130115c4df5a0df","odata_n_lss.s_t_ks_customer_cap_info","资金账户信息","PHYSICAL_IDENTITY","否","否","","1","","164374","184315","164374"
"dataset:cf8a583d2b3f59e433eaeb4dc4276492acc0094d99df477ef509d0ae70676a32","dm_rsk_n.futr_base_info","期货基本信息","PHYSICAL_IDENTITY","是","否","","0","","164500","",""
"dataset:095e3dc24a3e1eeee12992dc52adc543ca70275a8793acc6a567ec20cd65a9c1","odata_n_tit.m_ref_cbond_rate","","PHYSICAL_IDENTITY","否","否","","0","","164507","165804","164507"
"dataset:4673f775479f1c4b6c0333ba20c9d194577c755358b21d68a842b5107e217f10","dm_rsk_n.futr_mkt_quot","期货行情表","PHYSICAL_IDENTITY","是","否","","0","","164723","",""
"dataset:88537e0605603b113ee267f04dec6265d5a73ee0cc4f8d626eac359bfc55f048","pdata_news_n.t02_fin_spvs_prd_list_p","投监系统产品清单","PHYSICAL_IDENTITY","否","否","","1","","","164968",""
"dataset:1e985a936b4852fa90a2cb080d764a6fa5bd1eed20d07bf29c2c4692c6461313","pdata_news_n.t02_co_fin_note","公司财务附注","PHYSICAL_IDENTITY","是","否","","1","","165051;217961","217918",""
"dataset:f386b1d75f1ca381f2c0515d6ef0dd2b52bc7db1ac4be4b909066baa3da8c35c","dm_otc_n.wt_trans_emp_hr_basic_info_new","员工信息表2TITANS","PHYSICAL_IDENTITY","是","否","","0","","165095","165108;228524","165108;228524"
"dataset:b2a85bcffc5eb07387654b4421525c69c5ab5284bd105c9a148079892fcd03f6","pdata_n.t01_pty_emp_rela_h","当事人员工关系历史","PHYSICAL_IDENTITY","否","否","","1","","","165154",""
"dataset:f5915cfd00eff9340481d2d470555800a5e5b34c1722d5c53328f7d5f06a3f48","dm_index_n.index_grp3_apdtnramt_2026yearaumexamcali_mthapd","客户*营业部&分公司本部*员工_日均保有金额_2026年AUM考核口径_当月日均","PHYSICAL_IDENTITY","是","否","","1","","234860","165154",""
"dataset:515dc8705d16c9be8cdeef0aa1bf0a90d660b3311363b343da5fc0b49958a866","pdata_nds.file_gfqh_ib_cust_eval_dtl","证券协同期货客户考核数据_客户明细","PHYSICAL_IDENTITY","否","否","","1","","","165154",""
"dataset:e0927803b022c9cfe8c1f3059bb8ce035cd9e49d7f36dbfa55521a533b3645b9","dm_index_n.index_grp2_cust_emp_stdast_devrela_mthapd","客户&员工_标准资产_折算后&开发关系_当月日均&每日更新过去6个月数据_无备注信息","PHYSICAL_IDENTITY","是","否","","0","","165154","",""
"dataset:7d95c3513fd84f69fc1cf11bd1390e8957c5fca0019044e401b11cdec4b1708c","dm_index_n.index_grp1_net_ast_in_out_amt_tdy","客户_净资产流入流出金额_无限制条件_当日_零售和机构柜台","PHYSICAL_IDENTITY","否","否","","1","","","165692",""
"dataset:083efb69001fc3006492dd9abae7182e60036d931514eaf5472104b6818f4a9a","dm_index_n.index_grp1_net_ast_net_in_amt_year","客户_净资产净流入金额_当年_零售和机构柜台","PHYSICAL_IDENTITY","是","否","","1","K015","165692","168458;174537","168458"
"dataset:37b4ffd2d3dff57d3376d4d35a6b89c347369d7339a030592ec8f41487c852ff","dm_index_n.index_grp1_page_view_times_ytj_app_tdy","客户_页面浏览次数_易淘金APP_当日_无备注信息","PHYSICAL_IDENTITY","否","否","","1","","","165928",""
"dataset:9d890dabeb5141ccf8b168f4f1ab12f47311847fb41eea81863ec54800ee4827","dm_index_n.index_grp1_page_view_days_meg_app_mon","客户_页面浏览天数_易淘金App_自然月_无备注信息","PHYSICAL_IDENTITY","是","否","","0","","165928","208983","208983"
"dataset:a6ca09fc628c3befd8861e6414e9bdb18f1b8b9e430e37cab2c3023a976a3541","dm_hk_n.trd_deal","OTCHK交易-场内交易成交表","PHYSICAL_IDENTITY","是","否","","0","","166009","",""
"dataset:ddb16793dcef7370f148de33601838fcb52101159802ef67dcf1e8c7262e136a","dm_hk_n.ref_rmb_midrate","OTCHK外汇交易中心汇率中间价","PHYSICAL_IDENTITY","是","否","","0","","166014","",""
"dataset:d863bbd0180827bee2d057f9ec1e6f5b9e6c0a7f74193641c425665118ed9e60","dm_hk_n.pos_bucket_vega_metrics","OTCHK期权合约维度日终bucket定价指标表","PHYSICAL_IDENTITY","是","否","","0","","166021;198429","226954;245766;245769","226954;245766;245769"
"dataset:b74ce26b6cc7caa3e775234a2ad8d816fbe7f4aeca7405b1aaf7f074d99d5183","dm_rsk_n.crrc_mkt_intrt","货币市场利率","PHYSICAL_IDENTITY","是","否","","0","","166041","",""
"dataset:bd68d02300d35324e6f2e7a754200c16106393ea3674fb1a3c74185a5da00ccf","dm_index_n.index_grp1_cust_doctranoamt_covtrmb_tdy_all","复制客户_银证转入金额_无限制条件_当日_零售和机构柜台","PHYSICAL_IDENTITY","是","否","","0","","166106","175419;175427;176693;192442;209813;209817","175419;175427;176693;192442;209813;209817"
"dataset:2fbe980890d10a891a3b686bdd9156191111d5ab06f3cf86737908e099a37b1f","dm_index_n.index_grp1_cust_docbkamt_covtrmb_tdy_all","客户_银证转入金额_无限制条件_当日_零售和机构柜台","PHYSICAL_IDENTITY","是","否","","0","","166108","175419;175427;176693;192442;209813;209817","175419;175427;176693;192442;209813;209817"
"dataset:6baab8c6dd4bc24688c2663ec6d1cd4b78aad9c9555a68d5daa9022067014ed1","pdata_nds.counterparty_benefit_over_list","","PHYSICAL_IDENTITY","是","否","","1","","166540","166670",""
"dataset:99c79031763a05f71565b3e856ef8b97af18942d2959a23283b367b94cb9cd56","dm_index_n.index_grp1_sob_dpst_for_recg_valu_cstd_oserv_day","账套_存出保证金_估值_每日_托管与外包","PHYSICAL_IDENTITY","是","否","","1","","166547","166588",""
"dataset:b713e6c92edbdf66d728177496f9dbf32b71a8e38f9dd0b588333be7766270b0","pdata_nds.private_fund_product_input","私募基金产品客户输入","PHYSICAL_IDENTITY","是","否","","1","","167449","166588",""
"dataset:377b045f31c5fc1f08d7e44238fcec339309bd0b6fdb39d4e4115b0d6bcad071","dm_otc_n.private_fund_product_output","私募基金产品客户输出","PHYSICAL_IDENTITY","是","否","","0","","166588","166933","166933"
"dataset:531d47ef2045d81647f576489b669dce51df56c4e4fe1746ab4a7742a2954a58","dm_index_n.index_grp1_vld_acctnetastnetinamt_servordevrela_year","广发证券&分公司&营业部&员工_有效户净资产净流入金额_服务或开发关系_当年_无备注信息","PHYSICAL_IDENTITY","是","否","","0","","174537","166614","166614"
"dataset:2adcecd29516334f0a80bd184e5de56cdf9156d9a8d26c9e6c0d694320e56a46","dm_index_n.index_grp1_vld_accttotast_servordevrela_tdy","广发证券&分公司&营业部&员工_有效户总资产_服务或开发关系_当日_无备注信息","PHYSICAL_IDENTITY","是","否","","0","","173057","166614","166614"
"dataset:aff2695c128c681073baa9eb6a553de6cfc8a713ee3e2577f22e6b6a85ca2de5","dm_index_n.index_grp1_notvld_acct_servordevrela_year","广发证券&分公司&营业部&员工_非有效户数_服务或开发关系_当年_无备注信息","PHYSICAL_IDENTITY","是","否","","0","","174370","166614","166614"
"dataset:5f919af8e9f5ce8ee9ceca932a554922b91964774197ce6af4723e6ab7f69ef8","dm_index_n.index_grp1_vld_acctpalcustprop_servordevrela_year","广发证券&分公司&营业部&员工_有效户盈亏客户数占比_服务或开发关系_当年_无备注信息","PHYSICAL_IDENTITY","是","否","","0","","175023","166614","166614"
"dataset:1d00aefad8c54747ce4afe1c8d56bf513d84c841c9dc535a9ffdda97ca70307f","dm_index_n.index_grp1_vld_acct_servordevrela_year","广发证券&分公司&营业部&员工_有效户数_服务或开发关系_当年_无备注信息","PHYSICAL_IDENTITY","是","否","","1","","174933","166614;175023","166614"
"dataset:a290c37f41361f5cbff9467120eb03a38e000d84fe12c83ce3a01e3044ccaca1","dm_index_n.index_grp1_vld_acctpalamt_servordevrela_year","广发证券&分公司&营业部&员工_有效户盈亏金额_服务或开发关系_当年_无备注信息","PHYSICAL_IDENTITY","是","否","","0","","174918","166614","166614"
"dataset:f8dace55ebd2e9676de105a5a1cf22659fbbb8025b9898f8613a7ed40ebdc8a7","dm_hk_n.otchk_fx_forward_comp_info","OTCHK外汇远期合约信息","PHYSICAL_IDENTITY","是","否","","0","","166644;198427","227033;246165;246166","227033;246165;246166"
"dataset:f340e578ce1252ce9fa31d516b8fcbf313a4bd6e440af1ad0364c356de84d03b","dm_otc_n.counterparty_benefit_over_list","单一委托人持股占比超过20%受益人明细","PHYSICAL_IDENTITY","是","否","","0","","166670","167080","167080"
"dataset:5b0f214884ccf37827f26b3f2f8f7160d0931e7bb56101aebfcf60bd09c7a666","dm_otc_n.counterparty_introduction","开发关系表","PHYSICAL_IDENTITY","是","否","","0","","166675","167082","167082"
"dataset:4d033699ef486f61ee46d9e793474e6baa1f492618e4ebd166dfcb634a388a7c","dm_otc_n.otc_derivative_counterparty","衍生品交易对手维护表","PHYSICAL_IDENTITY","是","否","","0","","166676","167084","167084"
"dataset:34ea9d0f7a796070934711b1576ed06bfce49364ea779a5e5c583ad099e536c3","dm_index_n.grp_tag_cstd_mngr_cstd_ecr_id_map_flag","组合标签_托管管理人与ECRM客户编号映射关系","PHYSICAL_IDENTITY","是","否","","0","","167072","219085","219085"
"dataset:81c1b260a5ebbaa8f8a83bd525767dd0899a6ba48098126cc80945f382e3e0b8","odata_n_pas.j_hssemp_employee_other_hobby","其他信息-兴趣爱好","PHYSICAL_IDENTITY","否","否","","1","","167134","168290","167134"
"dataset:b1046323a2c52c7381afa6464a996b544cfff9d9c6c25651d08d6914f61ac635","dm_otc_n.option_subject_view_pb","titans标的池-读标版","PHYSICAL_IDENTITY","是","否","","0","","167380","167438","167438"
"dataset:f792683a53159ddd6e9c5ed1b35aa49414c4062d7b30bddd598b0f783678e773","odata_n_ois.g_value_report_api_data","","PHYSICAL_IDENTITY","否","否","","1","","167383","167451","167383"
"dataset:cd16ac3f4894586a142bea376e61afc89d4994c12bd846688cafbe7d0455bc38","odata_n_oom.g_private_fund_product_input","","PHYSICAL_IDENTITY","否","否","","1","","167385","167449","167385"
"dataset:55913d61bfd89a2efd33502f53ae11cf04245369be3d4fe544890cdf96cf39ea","dm_otc_n.option_parameter_view_pb","期权合约参数-读标版","PHYSICAL_IDENTITY","是","否","","0","","167391","167435","167435"
"dataset:d7b7bab459ef71db35775355404dc562f478721743a14b2dc0e81879cbcfeeff","odata_n_xir.m_tcalendar_dates","","PHYSICAL_IDENTITY","否","否","","1","","167437","204673","167437"
"dataset:83ea959a690912ad208cd845579705e43321c00ed4e7bea9d97bec03b595f3a4","dm_index_n.index_grp1_apdnetast_oactdayapd_mth_retandorgcntr","客户_日均净资产_开户以来自然日日均_当月_零售和机构柜台","PHYSICAL_IDENTITY","是","否","","0","","167822","208983","208983"
"dataset:cf9dcd46d1cdc04dbc0d4769e5ba6743c8dc74c0d466514efde37966d53600d3","odata_n_tit.d_value_report_cap_flow_p","统一估值报告-资金流水","PHYSICAL_IDENTITY","否","否","","1","","167918","167920;227869","167918;167920"
"dataset:8d85cc576fdd382c656b80de129b42a89e2014823f54cc88f2f067027d073639","odata_n_tit.d_ref_rate_properites","货币利率属性表","PHYSICAL_IDENTITY","否","否","","0","","168245","170648","168245"
"dataset:c01b03be9861e03f75f8ea47d6fb4186b15e87b6f884e594caad70d4a4d2a83c","pdata_n.t98_sb_otc_opt_comp_prcg_indx","每天增量追加，自营场外期权合约按日计算的希腊字母（波动率风险）定价指标表","PHYSICAL_IDENTITY","是","否","","0","","168293;211730","",""
"dataset:9110f674226142a392952a775ef83302f6a4a770e253e7e8139c93c61b97baf2","pdata_news_n.currency","","NONE","否","否","","0","","","168302",""
"dataset:622c96292917d7869f4618c44770b7178033947a93d462243677b5fce90ee26f","pdata_news_n.data_time","","NONE","否","否","","0","","","168302",""
"dataset:8cc581155545aa0320241b0bc7470476adfa5950c4ded67f630eb1478a583bea","pdata_news_n.underlying_ins_id","","NONE","否","否","","0","","","168302",""
"dataset:173598cd6b82d95f5f48ba125b1946313825a5e342a811447e33ac18c7148668","pdata_news_n.security_type","","NONE","否","否","","0","","","168302",""
"dataset:d4bd72eaa1dee1dbc693ac530f3cb0980541a93b1571d423c0839c3fc7891a8e","pdata_news_n.underlying_code","","NONE","否","否","","0","","","168302",""
"dataset:f9009f80d853a91d8aa9046986bb12961a662679c30205bdeb78187f43ed659f","pdata_news_n.underlying_name","","NONE","否","否","","0","","","168302",""
"dataset:29b4b23dbba92e0a29c1de430d5c48941517722f535a1c09e18aac3765c8c869","pdata_news_n.t02_fin_equi_fctr_info","权益类因子信息","PHYSICAL_IDENTITY","是","是（并非已逐分支核验）","docs/00-20260914-图谱认知/01-tit入模/02-TIT入模去向.md;docs/00-20260914-图谱认知/01-tit入模/T02-产品标的与市场数据/02-行情与市场参数/01.2 风管行情.md;docs/00-20260914-图谱认知/01-tit入模/T02-产品标的与市场数据/02-行情与市场参数/05.2 因子与市场数据的对应.md;docs/00-20260914-图谱认知/01-tit入模/T02-产品标的与市场数据/his/产品标的与市场数据.md","6","K035;K037","168302","177526;182738;182755;191254;191534;191546;197540","197540"
"dataset:2ee6b30f0dc356c3f68d29090aa485f0e1746b456426f342a0296dc8d61bf0c3","dm_index_n.index_grp1_yield_fullacct_year_retandorgcntr","","PHYSICAL_IDENTITY","是","否","","2","K015","170011","168458;174918;174933","168458"
"dataset:a13f522ca103e748871d33287f114d34d40ca1bd8d6ba2e8feeb0d478f6c7e24","dm_index_n.index_grp1_yieldamt_fullacct_year_retandorgcntr","","PHYSICAL_IDENTITY","是","否","","1","K015","170002","168458;174918","168458"
"dataset:0c83f9d5c8e339953e010e43d1961f5d6ba9087b2b0019feac6c08ab167cadc6","odata_n_lss.m_md_hedge_config_p","","PHYSICAL_IDENTITY","否","否","","1","","168633","168665","168633"
"dataset:4337c322651c4d1def43ab87c6607ada3aff3c5fba9ab3c29ce2bab4768109d3","pdata_n.t98_otc_opt_comp_sub_trd_pal_sum","T98_场外期权合约子交易盈亏汇总","PHYSICAL_IDENTITY","是","否","","2","K009","169145","175990;181058",""
"dataset:db67d0ad5a5350bbdc50b5dbd491bd0fc0d8316c2b96cc4fd76d46840e44818f","pdata_n.t98_info_divn_base_ecr","部门基础信息_OA","PHYSICAL_IDENTITY","是","否","","0","","169945","232836","232836"
"dataset:765c1f9dcb8ccae130e72d41e6426b62ef79b285a5f367bd604fa434b7b901d8","dm_index_n.index_grp1_accumyieldamt_tdy_retandorgcntr","客户_收益金额_全账户_当日_零售和机构柜台","PHYSICAL_IDENTITY","否","否","","1","","","170002",""
"dataset:319245248372a5242fec7f77660de9ab1ea9273c42440de01f20fa8c95187a42","dm_index_n.index_grp1_accumyield_tdy_retandorgcntr","客户_收益率_全账户_当日_零售和机构柜台","PHYSICAL_IDENTITY","否","否","","1","","","170011",""
"dataset:6e16a0403733c0f541e6f586320486460f12dd2f4a86ac8d9d000bd836aba672","pdata_n.t04_oa_user_inr_org_rela_adtnl_h","OA用户内部机构关系附加历史","PHYSICAL_IDENTITY","否","否","","1","","","170132",""
"dataset:1cdca25b20ae180fa0caf5d7d5206e686b9ca704bf5a3fe081d7de0991ed8494","pdata_n.t98_info_emp_base_ecr","员工基本信息表_OA","PHYSICAL_IDENTITY","是","否","","0","","170132","187687","187687"
"dataset:ce8b0a5e35013a55037dee8ac00f5bed62ba5f6210b30f96765fb0c5a76cd19a","odata_n_lbr.m_ref_fx_factor_def","","NONE","否","否","","0","","","170264",""
"dataset:a9eb44f253da2b9b30fc1bee91a788c53e5e54cab3d98c599cfffc8ee0353905","pdata_news_n.t02_fin_fxr_fctr_def","外汇因子定义表","PHYSICAL_IDENTITY","是","否","","12","K035;K010;K036","170264","177526;180145;180208;180307;182738;182755;185564;185587;185661;185665;185736;185781",""
"dataset:898c800ffd7ba4d9fe534d549cef97467a93728cc87cb5336d272b81e484c213","odata_n_lbr.m_ref_factor_curve_def","曲线类因子定义表","PHYSICAL_IDENTITY","否","否","","0","","","170265",""
"dataset:31874e1000c6d827fb247c17e2dc73584b4b77fa58ad4a61e23da3d067fd71f3","pdata_news_n.t02_fin_curv_fctr_def","曲线类因子定义表","PHYSICAL_IDENTITY","是","是（并非已逐分支核验）","docs/00-20260914-图谱认知/01-tit入模/02-TIT入模去向.md;docs/00-20260914-图谱认知/01-tit入模/T02-产品标的与市场数据/02-行情与市场参数/05.2 因子与市场数据的对应.md;docs/00-20260914-图谱认知/01-tit入模/T02-产品标的与市场数据/his/产品标的与市场数据.md","20","K002;K010;K037","170265","178749;178766;178769;180145;180208;182209;182230;183769;183777;183817;183820;183831;183844;185564;185587;185661;185665;191254;191534;191546;197540","197540"
"dataset:4d703f9e8cff1cef38a40bda77121e52405b8f116d37dd1f10a9f18c5ded5f76","dm_index_n.index_grp1_margliabdate_last_tdy","客户_两融负债日期_最近一次_当日_无备注信息","PHYSICAL_IDENTITY","是","否","","1","","170351","237113",""
"dataset:0a618e553779a391ea3b536de6f7008397d70831ebec9fd9cfad45dcc87b29e0","pdata_news_n.t02_fut_chg_lmt","期货涨跌停限制","PHYSICAL_IDENTITY","是","否","","1","","170365","219865",""
"dataset:2554b439ad2ba39ca04beca253ec5ed252763657c44c34c4ba58a35c66f093b9","pdata_news_n.t02_tit_ira_crrc_attr","货币利率属性表","PHYSICAL_IDENTITY","是","是（并非已逐分支核验）","docs/00-20260914-图谱认知/01-tit入模/02-TIT入模去向.md;docs/00-20260914-图谱认知/01-tit入模/05-去向与未命中分类.md;docs/00-20260914-图谱认知/01-tit入模/T02-产品标的与市场数据/01-产品基础资料/02.3 货币利率.md;docs/00-20260914-图谱认知/01-tit入模/T02-产品标的与市场数据/02-行情与市场参数/02.2 利率报价.md;docs/00-20260914-图谱认知/01-tit入模/T02-产品标的与市场数据/his/产品标的与市场数据.md","1","","170648","171040",""
"dataset:1a28f1ab6c1eab9fced9bd512c03e6a3d47d13836a01e26d7d24a6396a24c14b","dm_index_n.index_grp1_stdastmomincrsrate_covtfrnt_astpkgrela_qtr","员工_标准资产环比增长率_折算前&资产包关系_当季_无备注信息","PHYSICAL_IDENTITY","是","否","","0","","170725","",""
"dataset:c63dc2b3e9b3382848b7e309ac0a5e5a73fef94f7df07695568adaa41b82ad80","dm_index_n.dm_co_algo_sfzx_slip_impact_det","","PHYSICAL_IDENTITY","否","否","","4","","","170804;170818;170822;170832",""
"dataset:9dcc50e2e53a26f9692d2d233933489c76a078c4b082fc74a57e58e7b42136e3","dm_index_n.index_grp1_stdastmomincrsrate_covtfrnt_astpkgrela_mth","员工_标准资产环比增长率_折算前&资产包关系_当月_无备注信息","PHYSICAL_IDENTITY","是","否","","0","","170941","",""
"dataset:40d51d43ae993db79c56e552286ffdbbd5d2a02c552400716294e7c3d16871ab","dm_rsk_n.crrc_mkt_intrt_base_info","货币市场利率基本信息","PHYSICAL_IDENTITY","是","否","","0","","171040","",""
"dataset:111c71459935b5b7b59572b9238db4a1ae9e5e8b86a4d23ae3756dacfb4e8bc0","pdata_n.t98_otc_swap_comp_fnd_sett_sum","T98_场外互换合约资金结算汇总","PHYSICAL_IDENTITY","否","否","","1","","","171179",""
"dataset:1e6cf23776c4618e714807ff55f3786392d8d905c4d1bd5838d81471640fdcaf","pdata_nds.ref_fast_trs","极速互换合约要素","PHYSICAL_IDENTITY","是","否","","5","K021","180393;180406","171179;188414;188419;188424;188429",""
"dataset:d56a34a17c909cf75bcc02527b12e9670f0fd49de917d08cf9c4fb12bcc4b150","dm_fin_n.adm_trd_otc_comp_day","OTC合约交易流水","PHYSICAL_IDENTITY","是","否","","0","","171179","",""
"dataset:dfbcba19f89e005e097e3b6df15998b0a6d1b13a3e172e3199f9e1fc4346c90b","dm_index_n.grp_tag_otc_deri_contr_type_rpt_contr_type","组合标签_OTC经营分析报表衍生品合约类型","PHYSICAL_IDENTITY","是","否","","10","K034;K038;K095;K006","200499","171347;171364;171370;199706;201318;201483;203306;203311;203879;206208",""
"dataset:2da45c1d6915b54f844205f7839047268fbbc8827dd150c7af4e65d4f8c68d4c","dm_index_n.index_grp1_dealscal_otcderi_year","广发证券_交易规模_场外衍生品_当年","PHYSICAL_IDENTITY","是","否","","1","","171347","171450;199706","171450"
"dataset:8d23462bd3f6217f32ce6ae694f7e64376732c2daf6f94df93805b1c82ef3faa","dm_index_n.index_grp1_dealscal_otcderi_mth","广发证券_交易规模_场外衍生品_当月","PHYSICAL_IDENTITY","是","否","","2","","171364","171450;199706;199727","171450"
"dataset:b341814c877de1d5a6fbd99ef0b2565d12b1cd803246fcb2c7ba59a96630165b","dm_index_n.index_grp1_compscal_otcderi_tdy","广发证券_合约规模_场外衍生品_当日","PHYSICAL_IDENTITY","是","否","","1","","171370","171450;199706","171450"
"dataset:a5064e814f34087fb6efeba3c95a442b168c9512ee027a55a58ca66be3140f65","pdata_news_n.t02_fxr_mkt_quot","中国外汇交易行情","PHYSICAL_IDENTITY","否","否","","1","","","171396",""
"dataset:757fff6032b65b4fd026dd3490364258255d278274769c02ad99aaece9f20dd3","pdata_news_n.t02_tit_wi_undrl_pool","白名单标的池信息","PHYSICAL_IDENTITY","是","是（并非已逐分支核验）","docs/00-20260914-图谱认知/01-tit入模/02-TIT入模去向.md;docs/00-20260914-图谱认知/01-tit入模/05-去向与未命中分类.md;docs/00-20260914-图谱认知/01-tit入模/T02-产品标的与市场数据/01-产品基础资料/05.3 标的池与白名单.md;docs/00-20260914-图谱认知/01-tit入模/T02-产品标的与市场数据/his/产品标的与市场数据.md","0","","171427","",""
"dataset:01db5c57b00cfc35887be333f5773d9cb54aeee220559ed9084cd6059b2ccf81","pdata_nds.capital_acct_daily_balance","资产分币种每日账户余额","PHYSICAL_IDENTITY","是","否","","5","K096","174014","171618;172276;173282;206952;236759",""
"dataset:ea13a736371bac8e71e09cb1a085ec54daac89b63846c9375e2395fe78a2349c","dm_otc_n.adm_ast_acct_bal_day","客户资金账户每日余额","PHYSICAL_IDENTITY","是","否","","0","","171618","175236","175236"
"dataset:db8692751900be92820681ad081a7ed60573d5056040a463d912d72b26feb79d","odata_n_sip.file_gfamhk_pb","","NONE","否","否","","0","","","171818;171821",""
"dataset:55992ea95f7732042b1ec76ef7d372087d9fbdf6fe8ffeb9c6218e252c5872e4","pdata_nds.file_gfamhk_pb","中信qfii持仓文件","PHYSICAL_IDENTITY","是","否","","2","","171818;171821","172163;172165",""
"dataset:883c89e5eb3112d824ab84595d6995a735a7154e2ba4b3eee880d0c0272530e9","odata_n_lss.s_t_set_forbidden_account","【AI】禁用账户","PHYSICAL_IDENTITY","否","否","","1","","171822","217951","171822"
"dataset:e14fcbcc0b1a3e7ac186ee8dc3d5cc2f98af967e7cb2e405ec3e29c9740f8b7a","dm_otc_n.fdm_file_gfamhk","中信QFII每日持仓信息","PHYSICAL_IDENTITY","是","否","","0","","172163;172165","172192;172193;235929;235931","172192;172193;235929;235931"
"dataset:32fb378cb34b8c205a382375a58fa93230412ede2923b532c7dab760f8f40e06","dm_hk_n.margin_bundle_contract_mapping","OTCHK组合和合约映射关系表","PHYSICAL_IDENTITY","是","否","","0","","172252","",""
"dataset:0ba1cf93f25a61596c8e0ae8888cb20b888fbcdb5a35d13bfe650d2fcc64d4d6","dm_hk_n.margin_acct_bundle_mapping","OTCHK组合编号和保证金映射表","PHYSICAL_IDENTITY","是","否","","0","","172257;198420","227040;244418;244726","227040;244418;244726"
"dataset:ee7c78e2f208af7856c3d2d316a2b8960647235ec0057b4cd1a4ce99281b5089","dm_hk_n.capital_account","OTCHK客户资金账户信息","PHYSICAL_IDENTITY","是","否","","0","","172272","",""
"dataset:07239eb58f169d7f805255972577670265f41638e894f9933fec4cc06714acb9","dm_hk_n.capital_acct_daily_balance","OTCHK资金账户每日余额","PHYSICAL_IDENTITY","是","否","","0","","172276","246174","246174"
"dataset:bd5665f4848d8a5b53da32d7e89179e5c9791aaab51a10ddbeac849a99f9baf7","dm_hk_n.margin_account","OTCHK交易对手保证金账户","PHYSICAL_IDENTITY","是","否","","0","","172288;198415","227063;244671;244729","227063;244671;244729"
"dataset:5e56d3dbf7919c142c3b1f2d02e782b09d992f7bb7243220ffd88621ee9dddcc","dm_hk_n.bundle_margin_daily_result","OTCHK组合履保监控结果","PHYSICAL_IDENTITY","是","否","","0","","172296","",""
"dataset:643c5c5306ad0edc4a8583c39e4935429023c087ac4bc8c3b6a69358b6ea0c32","dm_hk_n.risk_option_initial_metric","OTCHK证券-期权起初指标表","PHYSICAL_IDENTITY","是","否","","0","","172318","245501","245501"
"dataset:2e42a40fabb4ad1f3ea7cb14c6ab54567150f87e4a9d5da8c8226f6da6ea964d","dm_hk_n.trd_transfer","OTCHK收付款记录表","PHYSICAL_IDENTITY","是","否","","0","","172344","",""
"dataset:a4a17fb3b4f9e7a9fe313c97c22bd4a378a137da69ad077b371d9cad2d32aaed","dm_hk_n.pos_trs_leg_valuation","OTCHK持仓-账户TRS LEG每日估值","PHYSICAL_IDENTITY","是","否","","0","","172356;196894","",""
"dataset:cd8bf678536deea4ee6bd082c472225fb3737ce4f4d605c551714ad0ea40311a","dm_hk_n.bk_book_mapping","OTCHK账簿映射关系表","PHYSICAL_IDENTITY","是","否","","0","","172367;198218","227108;244406;244567","227108;244406;244567"
"dataset:2c938be6255f6e0c9c505f6d5d1d0005314f645d352ee3d95f828dce44b8776d","dm_hk_n.pos_trs_leg_current_pos","OTCHK持仓-TRS浮动及结构化腿虚拟当前持仓","PHYSICAL_IDENTITY","是","否","","0","","172371;198522","226741;244677;244730","226741;244677;244730"
"dataset:b7e2db99e977e574ceff351142794543c6f7abe565bd5123bd2cc07d89f480f9","dm_rsk_n.tbine_mkt_quot","涡轮行情表","PHYSICAL_IDENTITY","是","否","","0","","172823","",""
"dataset:932097afd71f04a5008d7aaf0d4418075cf419f27d93c045e9087148e43ded6b","dm_rsk_n.cbbc_mkt_quot","牛熊证行情表","PHYSICAL_IDENTITY","是","否","","0","","172848","",""
"dataset:79fa919798025912d1e537454cd4910de7dbdd8337f7d1e13890762dec6e9b95","pdata_n.t98_otc_deri_valu_rpt_idx_calc_rslt","每天增量追加，存储场外衍生品估值报告中各项指标的计算结果","PHYSICAL_IDENTITY","是","否","","0","","173052","",""
"dataset:4b8da5b4a933d6d0d68f151132d144821642c37094a3e951f8b3c6ae9207d810","pdata_n.t05_otc_deri_cutp_marg_chg_evt","每天增量更新，记录保证金账户变动事件、流水号、账户信息、对手方与组合产品信息，包含发生时间、生效日期、资金变动类型、发生金额、操作前后保证金余额，以及触发来源与业务日期，用于保证金变动跟踪、对账与风控追溯。","PHYSICAL_IDENTITY","是","是（并非已逐分支核验）","docs/00-20260914-图谱认知/01-tit入模/02-TIT入模去向.md;docs/00-20260914-图谱认知/01-tit入模/05-去向与未命中分类.md","3","K008;K087","173965","173137;176330;176360",""
"dataset:236992d04e8de9eac615886ef7c725d3cf14165f68c22efb548f213930d09f62","pdata_n.t03_otc_swap_comp_bal_info","场外互换合约余额","PHYSICAL_IDENTITY","否","否","","1","","","173137;184662","184662"
"dataset:e2bc911fb7b9ea945972e4237f778428f45c27b3678cdaaa1acbb1335ae43beb","dm_fin_n.adm_ast_otc_marg_day","OTC保证金账户每日余额","PHYSICAL_IDENTITY","是","否","","0","","173137","",""
"dataset:2ce2c9524c7151f7af4a3dc4edf1a269128d22c7de79229a3c837d2967dd2140","odata_n_lss.s_v_fin_margin_daily_report","","PHYSICAL_IDENTITY","否","否","","1","","173151","182492","173151"
"dataset:5cb7d3c962c764df00da1605ac1713673f83cab3fb78fb2f9204f3bc92dd9849","odata_n_lss.s_v_fin_capital_change","","PHYSICAL_IDENTITY","否","否","","1","","173201","182494","173201"
"dataset:4a41c5e8937f0aa592d41b071708b6df4d79a015edbf2bb6d51b60727184ad9e","dm_fin_n.adm_ast_otc_ast_acct_chg_day","OTC资金账户每日变动","PHYSICAL_IDENTITY","是","否","","0","","173282","",""
"dataset:0e1237e0815b38292d8f14e92968b1df114327ca45a4bfddfde25e10f0eca0f5","dm_fin_n.otc_v_fin_trs","财务OTC互换信息","PHYSICAL_IDENTITY","是","否","","0","","173559","",""
"dataset:755ce82da4588f8724821f36365ac9d02c33d1352873f3be28238f5e97c19a5c","dm_fin_n.adm_info_otc_opt","财务OTC期权信息","PHYSICAL_IDENTITY","是","否","","0","","173563","",""
"dataset:cddaa568de70c0f67c9d4a3060e5dbbdaf7afe6e00418ddbb1c2ae0878321cfc","dm_otc_n.adm_info_otc_comp_day","OTC合约每日基本信息-运管视图","PHYSICAL_IDENTITY","是","否","","0","","173843","175241;175244;175246","175241;175244;175246"
"dataset:ce1dcd19a158af6c4688d5c4f1e1d1e9b71d0370d0cf9ad04c1bddbacb927b95","pdata_n.t00_doc_attach_info","档案附件信息","PHYSICAL_IDENTITY","是","否","","0","","173964","",""
"dataset:36d8e051460a78541da9c3a86e53745dee63bdb6ad553b538d19adaf8b6f473c","pdata_n.t05_otc_deri_cutp_fnd_chg_evt","每天增量更新，记录资金账户变动事件、流水号、对手方及组合产品信息，包含发生日期、资金变动类型、账户状态，详细记录发生金额、操作前后余额、可用金额、冻结金额及应收款相关变动，用于资金账户对账、变动追溯与风控核查。","PHYSICAL_IDENTITY","是","是（并非已逐分支核验）","docs/00-20260914-图谱认知/01-tit入模/02-TIT入模去向.md;docs/00-20260914-图谱认知/01-tit入模/05-去向与未命中分类.md","1","","173966","174910",""
"dataset:770a4a1d9b319a8373a251960fac4f764c6dba86abf5b8250db27d7803aa9b8e","pdata_n.t99_idx_def_info","指标定义信息","PHYSICAL_IDENTITY","是","否","","0","","173967","",""
"dataset:303027af16a776626422e6eb9b9095282c45e71a6658742b2b014b35d8d2291b","pdata_n.t99_idx_rela_h","指标关系历史","PHYSICAL_IDENTITY","是","否","","0","","173971","",""
"dataset:626bb0169def31934a59f10d3f703a05c2676d2cef2f2626a10d8ca42d893266","pdata_n.t99_otc_deri_valu_rpt_idx_def_adtnl_info","场外衍生品估值报告指标定义附加信息","PHYSICAL_IDENTITY","是","否","","0","","173973","",""
"dataset:dac4700d4fbe5e2c503eb4073f383e137f243ec71c1cfb90144eea57c1e614f6","odata_n_pas.j_hssext_share_merge_code_info","","PHYSICAL_IDENTITY","否","否","","1","","173990","176156","173990"
"dataset:82c9c80f072cec624b92b9b8809314be97bb821a3b5afa5aabc48b154b81abe1","pdata_nds.capital_acct_current_balance","资产分币种当前账户余额","PHYSICAL_IDENTITY","是","否","","3","K096","174013;236414","174022;206952;236759",""
"dataset:27def007eb10bdb3b1aad5f4d28889b59737ab2f95da1abdd670fb4b42258397","pdata_nds.margin_acct_current_balance","保证金分币种当前账户余额","PHYSICAL_IDENTITY","是","否","","3","K093","174015","174026;200030;200078;215700","215700"
"dataset:55a642538c5a8c86381d10f89e6a12b867fff58a9202022748dff309d39c5f30","pdata_nds.t05_otc_deri_cutp_marg_chg_evt","场外衍生品交易对手保证金变动事件","PHYSICAL_IDENTITY","是","否","","1","","174016","174032",""
"dataset:ffee3baa4de3faa767da1088e4889ba5ca4819faa80b4ada31db415878118dfe","dm_hk_n.capital_acct_current_balance","OTCHK资金账户当前余额","PHYSICAL_IDENTITY","是","否","","0","","174022;198223","227102;244694;244822","227102;244694;244822"
"dataset:2ca40a14b314e3207156ee12f1ec0b7ac2f30766e4adf19ff069a34a75d8f31d","dm_hk_n.margin_acct_current_balance","OTCHK保证金账户当前余额表","PHYSICAL_IDENTITY","是","否","","0","","174026;198423","227039;244430;244727","227039;244430;244727"
"dataset:dfbfecc8a7be5c537350e77ddbd0c751168e39e7a919891d0a0c2fef2fe7e965","dm_hk_n.margin_account_ledger","OTCHK交易对手保证金账户台账","PHYSICAL_IDENTITY","是","否","","0","","174032;198418","227061;244786;244789","227061;244786;244789"
"dataset:67f4ace446d52c6b4a27eb130edfb924317c6fabaf9373fc0b5d1fede08be966","odata_n_tit.a_adm_function","","PHYSICAL_IDENTITY","否","否","","1","","174377","242362","174377"
"dataset:9006c06e66bf57d47ae4a3ddbd791cd28bce2d10ba408a736ed625b2460cd1ce","odata_n_tit.a_adm_menu_permission","","PHYSICAL_IDENTITY","否","否","","1","","174378","177760","174378"
"dataset:e59996fda9ff77bc773882fe1a7fec2b8adad8a35635af92b95071a68c6bfb23","odata_n_tit.a_adm_menu_role_mapping","","PHYSICAL_IDENTITY","否","否","","0","","174379","178884","174379"
"dataset:8dd3d64d41f59bb4d833f9efecfa4cecd1f7931fd6e7d26db9c72c261345eee9","dm_otc_n.adm_trd_otc_ast_day","OTC交易对手资金变动事件","PHYSICAL_IDENTITY","是","否","","0","","174910","175141","175141"
"dataset:50134ff7a23c2324377b6c2cc9c872aca4fdbb31b4c0b0bb9771eaa5cb8dfe03","dm_hk_n.ref_main_contract","OTCHK主合约信息表","PHYSICAL_IDENTITY","是","否","","0","","175112;198443","226892;244398;244568","226892;244398;244568"
"dataset:0a61f742ffd25a14dc593c7d85320157833202bee4714985d5d4b98556a7ca4c","odata_n_xir.m_tzz_bond_eval","","PHYSICAL_IDENTITY","否","否","","2","","175583","180086;180088","175583"
"dataset:ebea420e46c9a598c4cbcb7849fdbe29d4612605feed56d1d81f5c0a95d0c535","dm_index_n.index_grp1_cust_astprop_tdy_retandorgcntr","客户_资产占比_无限制条件_当日_零售和机构柜台","PHYSICAL_IDENTITY","否","否","","1","","","175726",""
"dataset:428826b04f55e55bb6cb2882a537f0e1aae3b0407ce76e7d6d11a5ed83cd1813","pdata_news_n.t02_idx_mkt_quot_s_md","指数日行情","PHYSICAL_IDENTITY","否","否","","1","","","175726",""
"dataset:fa051ff882f8ff389b6c8e1b6ac6d63d42c16b9367fdf7f56d30515e6a8fa437","dm_index_n.index_grp1_cust_relacoef_since2019_retandorgcntr","客户_皮尔逊相关系数_持仓产品&沪深300_19年以来_零售和机构柜台","PHYSICAL_IDENTITY","是","否","","0","","175726","206454","206454"
"dataset:e5b738829a13fe8ce203f122396cb1a05ba9aad1963e94c753bba098d7a80afc","dm_rsk_n.stk_spi_mkt_quot_day","股票股指行情表","PHYSICAL_IDENTITY","是","否","","0","","175782","",""
"dataset:1e634a48c2ca84027f9afbc5f039518b73402bdd8556c366d30c493564745547","dm_rsk_n.fnd_mkt_quot_day","基金行情表","PHYSICAL_IDENTITY","是","否","","0","","175843","",""
"dataset:0ca315b47d4b2a1a024b6a8396f3270b61f6193bf8f16605bdb127746b55ce0d","dm_rsk_n.trd_opt_mkt_quot_day","场内期权行情","PHYSICAL_IDENTITY","是","否","","0","","175878","",""
"dataset:1e29fcae03c1a5be310c263526c50cda4ccd2ccd90d4c19b3028a1c3a6383dee","odata_n_sso.t_t_order","","PHYSICAL_IDENTITY","否","否","","1","","175930","177556","175930"
"dataset:a48343f95963e597dd66b033e44ff04f2ea86869c655f7c174fd0733718661ac","dm_otc_n.v_equity_plreport_contract","权衍部视图-合约维度盈亏数据表","PHYSICAL_IDENTITY","是","否","","0","","175990","218668","218668"
"dataset:de3ace0f2a0ddeb1a10ad54a60603747c86c3f481a9a0583788f356c51e061a2","dm_otc_n.v_equity_plreport_contract_temp","权衍部视图-合约维度盈亏数据表","PHYSICAL_IDENTITY","是","否","","0","","175990","",""
"dataset:3483c1beeaad1115839d29f34296449cb5b29e2f927014c12aa59ff231e67c11","dm_rsk_n.otc_comp_marg_det","OTC合约保证金明细","PHYSICAL_IDENTITY","是","否","","0","","176330;176360","",""
"dataset:1c4b7abf9bb6991e0b08c3d4cc7edb30dd6654748f890ad35a9bb0c073487423","pdata_news_n.t02_fin_undrl_data_lbr","标的数据表","PHYSICAL_IDENTITY","是","否","","3","K088","176349","176548;182209;188171",""
"dataset:3acdc2bce54a17590d877ede26d9ac35b0c56cbd01fb504b279b144ecf742455","odata_n_lbr.m_ref_vol_factor_def","","PHYSICAL_IDENTITY","否","否","","1","","","176350",""
"dataset:7f33fce00fe826fef16f7e86964fc9c519ad42318453438e33ad95ec850ce1e6","pdata_news_n.t02_fin_vola_cate_fctr_def","波动率类因子定义表","PHYSICAL_IDENTITY","是","否","","5","K088;K037","176350","176548;188171;191254;191534;191546;197540","197540"
"dataset:4675cb055b5f914fad242a5e7210b4f1b6015d8f8d1fc5a7396ed4b2dee411ec","dm_index_n.index_grp1_hld_posmval_tdy_retandorgcntr","客户*产品_持仓市值_股票_当日_零售和机构柜台","PHYSICAL_IDENTITY","否","否","","1","","","176398",""
"dataset:d7b9c5b20270c17eb50abe55000cf407443397929a338d60eb5ef39d50bd46cb","dm_index_n.index_cust_prd_buyamt_day","客户*产品_买入金额_日_无备注信息","PHYSICAL_IDENTITY","否","否","","1","","","176398",""
"dataset:914d19269bb4dad4352adfc617b29572a4db0a71a179397b19c3d7e27779b02a","dm_index_n.index_cust_prd_sellamt_day","客户*产品_卖出金额_日_无备注信息","PHYSICAL_IDENTITY","否","否","","1","","","176398",""
"dataset:f446e153c5ebf4dbf6fcabef75397c78b168a95fb71262704f102246fc585c10","dm_index_n.index_cust_prd_ret_amt_finprd_tdy","客户*产品_保有金额_金融产品_当日_无备注信息","PHYSICAL_IDENTITY","否","否","","2","","","176398;177473",""
"dataset:50b2a0f0dfae262ab1a06b362ff22caa89e3052b9bb52360d22575029c10280d","dm_index_n.index_cust_prdqty_trd_hld_pos_12mth","客户_产品数量_交易&持仓_近12个月","PHYSICAL_IDENTITY","是","否","","0","","176398","206454","206454"
"dataset:46452cb2a74e5679346156916cfb50faefc3650808f57bc7051e52f9e291e223","pdata_hk.t05_hk_gm_sb_fin_note_trd_evt","香港GM条线自营融资票据交易事件","PHYSICAL_IDENTITY","否","否","","1","","","176443",""
"dataset:009e35c2e430a36c9dc1f4c26f93f03e2a37bb8f693c3b6a8f53837727d070c1","dm_rsk_n.trd_rsk_hk_liab_basic_day","风控-香港负债表","PHYSICAL_IDENTITY","是","否","","0","","176443;176525","",""
"dataset:f025cebd63596e77f3d6487496f94c6795921e0d4e588257fa8e4df19db724da","pdata_hk.t05_hk_gm_sb_repo_trd_evt","香港GM条线自营回购交易事件","PHYSICAL_IDENTITY","否","否","","1","","","176525",""
"dataset:ebe7b81d4e802129ab4551ebaf68dbb9f4e25312ec8e62d418dc5b3f63dcf3be","pdata_news_n.t02_fin_fctr_def","因子定义表","PHYSICAL_IDENTITY","否","否","","26","K088;K002;K010;K036;K037","","176548;178749;178766;178769;180145;180208;180307;182209;182230;183769;183777;183817;183820;183831;183844;185564;185587;185661;185665;185736;185781;188171;191254;191534;191546;194609;197540","197540"
"dataset:4c9d4e981622156e2b51ff90e133962989ffedad3e1c21e11cacd426efb97c74","pdata_news_n.t02_fin_fctr_data","因子数值表","PHYSICAL_IDENTITY","否","否","","14","K088;K002;K037","","176548;178749;178766;178769;183769;183777;183817;183820;183831;183844;188171;191254;191534;191546;197540","197540"
"dataset:8b8b4dd29031c1cbd7e01efde62e960e0d0084aed4714dc31057e6d0567ff8eb","dm_rsk_n.vola_mkt_quot_day","波动率行情表","PHYSICAL_IDENTITY","是","否","","0","","176548;188171","",""
"dataset:9361065f311a6e6136facf6a6681538348d23e2adfac61c19e3d12db93c2b8ab","dm_rsk_n.otc_opt_greek_val_det_h","OTC期权子交易希腊值明细数据","PHYSICAL_IDENTITY","是","否","","0","","176827","",""
"dataset:f688f03da104b0aa1c8a8fbc63617417143c373aaa57151bf3aa9cc7a01bbe2d","dm_rsk_n.otc_opt_mutl_undrl_prcg_indx","OTC期权多标的定价指标","PHYSICAL_IDENTITY","是","否","","0","","176831;176839","",""
"dataset:3b8d3025b3fc496800e05fd6bd0d3586bfec81f54879a51d36d580d446fe0ed2","dm_otc_n.otc_swap_comp_info","OTC互换合约基本信息","PHYSICAL_IDENTITY","是","否","","0","","176864","218663","218663"
"dataset:8229eccff601a21a170c07255bd75315eb17ffff02748e7d9c3bc09839f33d3f","pdata_n.d_v_trs_for_risk_temp","","NONE","否","否","","0","","","176873",""
"dataset:ebaca3672e20c193e3906938fb76418f01d18ce6a08dc7401fb60d508107976f","pdata_n.t98_otc_comp_marg_det","每天增量追加，场外衍生品合约对应的保证金明细台账。","PHYSICAL_IDENTITY","是","否","","0","","176873;176874;176877","",""
"dataset:056eb72afd29bc5ab1d38b8229e9736dd4da0b26141b3af892fdba4f105a4388","dm_hk_n.fin_info_otc_trs","OTCHK财务互换信息","PHYSICAL_IDENTITY","是","否","","0","","176930","246308","246308"
"dataset:2319de173a2bcad4d6c5443460773cd9cb5dad3aa677e95ed9c94db3118ecd2c","dm_hk_n.fin_trd_otc_comp_day","OTCHK财务合约交易流水","PHYSICAL_IDENTITY","是","否","","0","","176941","244853","244853"
"dataset:d980d30d7bf283aec21d27a0047bb814c1d0bae5c733643b8be4fc1f87958acc","dm_hk_n.fin_valu_otc_trs","OTCHK财务互换合约估值","PHYSICAL_IDENTITY","是","否","","0","","176951;198246","227064","227064"
"dataset:f53f3da81ba932e09b792313c8540f5f35982e6a2756b9cf9e1eb92f326d3123","dm_rsk_n.trd_opt_base_info_day","场内期权基本信息","PHYSICAL_IDENTITY","是","否","","0","","176983","",""
"dataset:4cdc01dbff37cd441753b25e52628b43ea878cba67d8039c628d9b47bc24b705","pdata_news_n.t02_rcc_prd_info_h","零售柜台TA产品基本信息","PHYSICAL_IDENTITY","是","否","","2","","177018","208428;209657",""
"dataset:6bc0e42051681a47bae49d8c23b2a35df629469b7539f9f0e3ece05add7fa70d","dm_rsk_n.otc_opt_mult_bask_info","OTC期权合约多标的一篮子信息","PHYSICAL_IDENTITY","是","否","","0","","177267","",""
"dataset:64abfa6e95ed994341712f664d89371f86bc448c59be7a36f6150367a4b6284a","odata_n_cso.e_sz_sjsgb_v3_pretreat","广播类信息库","PHYSICAL_IDENTITY","否","否","","1","","177419","183109","177419"
"dataset:93b2ea1797081380d51a324c09ae2dacf3f3fff86dd84894bdeed75967a9a399","dm_index_n.index_grp1_apdtnramt_finprd_1year","客户_日均保有金额_金融产品_近一年","PHYSICAL_IDENTITY","是","否","","0","","177473","206454","206454"
"dataset:3c8f35884ddf03f6b525fba3203b1daae6c6c750309cc4bac699acc3a1ad9c4b","pdata_nds.t05_sso_exch_scr_mtch_evt","华锐ATP场内证券成交事件","PHYSICAL_IDENTITY","是","否","","2","","177512;216286","177682;216982",""
"dataset:d63a6da1c2481a8e6727bfd1499d885c7cb8ad9a407432bbaaf01bf9f93a1798","pdata_news_n.t02_fin_mkt_quot_fctr_rslt","股指行情因子结果表","PHYSICAL_IDENTITY","否","否","","6","K035;K037","","177526;182738;182755;191254;191534;191546;197540","197540"
"dataset:2287b5afcde474083a81c158cf2b444e9cd7e1a6a8b7744dc5c9c297d3fab19d","pdata_news_n.t02_prd_unit_nav_s_tit","基金净值表(TIT)","PHYSICAL_IDENTITY","是","是（并非已逐分支核验）","docs/00-20260914-图谱认知/01-tit入模/02-TIT入模去向.md;docs/00-20260914-图谱认知/01-tit入模/05-去向与未命中分类.md;docs/00-20260914-图谱认知/01-tit入模/T02-产品标的与市场数据/02-行情与市场参数/01 日常价格与净值.md;docs/00-20260914-图谱认知/01-tit入模/T02-产品标的与市场数据/02-行情与市场参数/01.2 风管行情.md;docs/00-20260914-图谱认知/01-tit入模/T02-产品标的与市场数据/his/产品标的与市场数据.md","3","K035","207284","177526;182738;182755",""
"dataset:b70cd0765db483e69337bf45db7323ebf518f974e7cdd85f1d2e47b0ee6b25d1","dm_rsk_n.pric_fctr_mkt_quot_day","价格类因子行情表","PHYSICAL_IDENTITY","是","否","","0","","177526;182738;182755","",""
"dataset:afff0027bc5a7125f42bbdcd8542ecc2254989afa538ba0f18e805a734681779","pdata_nds.t05_sso_exch_scr_entr_evt","华锐ATP场内证券委托事件","PHYSICAL_IDENTITY","是","否","","1","","177556;216283","216982",""
"dataset:56998c4b5d9eb4c91c311104cfa381a5a01e5d037574889457561a84b8e4c914","pdata_n.t03_otc_deri_book_agt_trd_jour_map_regu","场外衍生品账簿协议交易流水映射规则","PHYSICAL_IDENTITY","是","是（并非已逐分支核验）","docs/00-20260914-图谱认知/01-tit入模/02-TIT入模去向.md;docs/00-20260914-图谱认知/01-tit入模/05-去向与未命中分类.md","1","","180014","177682",""
"dataset:46b30e363d354cc4c53cc574b25ec4e181c7e32b015138c3db364bfcf9d85da3","dm_otc_n.trd_sso_exch_scr_mtch_day","","PHYSICAL_IDENTITY","是","否","","0","","177682","179972;180065","179972;180065"
"dataset:d1916e3e7943335ff3cbddd2fe7b2604383bc9aa54dcb77dd8cc70c94560518f","pdata_n.t99_sys_menu_info","系统菜单信息","PHYSICAL_IDENTITY","是","否","","0","","177760","207529","207529"
"dataset:65a7e70914ebca5c44103b4cac0edc510ce5860b53e1ce13865fb217aed9c729","pdata_news_n.t02_fin_fctr_term_stru_def","因子期限结构定义表","PHYSICAL_IDENTITY","否","否","","12","K002;K037","","178749;178766;178769;183769;183777;183817;183820;183831;183844;191254;191534;191546;197540","197540"
"dataset:33351a94f87fb5f15cd530563654e1985722138962012c5b74c0c3bb8f38a55a","dm_rsk_n.curv_delay_abn_hand_info","曲线数据停滞及异常处理信息","PHYSICAL_IDENTITY","是","否","","0","","178749;180145;183769;183777;185564;185587","",""
"dataset:b5460be10fdf36e8730cddf479878f708a408bd299d7eeb73209b777c565cf89","dm_rsk_n.curv_lack_abn_hand_info","曲线数据缺失及异常处理信息","PHYSICAL_IDENTITY","是","否","","0","","178766;180208;183817;183820;185661;185665;191254;191534;191546","",""
"dataset:a5192ddf692fbee70effd43699693c2c49e4314894247bf02dfdd9851181ce24","dm_rsk_n.curv_jump_abn_hand_info","曲线数据跳变及异常处理信息","PHYSICAL_IDENTITY","是","否","","0","","178769;180307;183831;183844;185736;185781","",""
"dataset:33941a38c8224a7f892907b8045fe2b5518a39d44df6879b5cacb893f57efc7c","pdata_n.t98_ficc_prd_cust_info_ecr","2.2产品客户信息（固收）","PHYSICAL_IDENTITY","是","否","","0","","209974","178833","178833"
"dataset:ddf85e5ef9ffbfb24af12ffe3c8b131d29c0888c156e978fec4bbd829cd82814","odata_n_tit.b_trd_book_mapping_condition","交易流水账簿映射条件","PHYSICAL_IDENTITY","否","否","","0","","179071","180014","179071"
"dataset:4e83c0a1f15515069099892501752b41b6f72a2f7f5227fcff3fcd9d3e89463d","odata_n_tit.n_ope_settle_notice","结算通知书主表","PHYSICAL_IDENTITY","否","否","","0","","179125","181103","179125"
"dataset:3d1427eb2ac5779e42e8a5dd4d8bb1f4a289c6a49d88f72337577880cfbe99a5","odata_n_tit.b_trd_book_mapping","","PHYSICAL_IDENTITY","否","否","","0","","179796","180014","179796"
"dataset:467dd306358bba088fc8bb65d72fa8597db28db78a91fa645585a8e81095fbdd","odata_n_aum.a_tprfm_grade_param","","PHYSICAL_IDENTITY","否","否","","1","","","180004",""
"dataset:f4c338b65e0107f680ea16ca3e95904b229e9a21e4c9103acc80ef242a9f069e","pdata_n.t04_inr_org_exam_schm_use_scop","内部机构考核方案适用范围","PHYSICAL_IDENTITY","是","否","","0","","180004","212630;222860","212630;222860"
"dataset:1577b05fa3adf96c4f3018ceff07023e88032dcf3c9a62452d669364787ad411","odata_n_lss.s_gf_clear_stream_check_result","清算流水核对结果表","PHYSICAL_IDENTITY","否","否","","1","","180050","182495","180050"
"dataset:4e33c1d09dcb0b1a0ace933d31fd3604bed5a99a8ca89f12c05dc5104b214ab6","odata_n_lss.s_gf_intention_info","意向成交表","PHYSICAL_IDENTITY","否","否","","1","","180051","182496","180051"
"dataset:b4c1b53c3cc3b6cbf5f28b6630d9bf554c2626ef2969ee6e525b8f24d07ba0dc","odata_n_lss.s_v_ks_leg_info","","PHYSICAL_IDENTITY","否","否","","1","","180054","182497","180054"
"dataset:06e4bb5b9ec92688378207db0914b0422d280a72ec977d7db6fb9edc432192b4","odata_n_lss.s_gf_pos_cal_balance_result","持仓试算平衡结果表","PHYSICAL_IDENTITY","否","否","","1","","180056","182498","180056"
"dataset:4bfd84e20ed8e911b44832825fab96ade20c02c706c25c93b78ab3e33f21bb95","odata_n_lss.s_v_margin_account_for_risk","","PHYSICAL_IDENTITY","否","否","","1","","180058","182499","180058"
"dataset:aa5576c615a55db6897e2e8509454cae1586fa9a9d6af104ae313e4c0414c2a4","odata_n_lss.s_v_margin_param_for_risk","","PHYSICAL_IDENTITY","否","否","","1","","180059","182500","180059"
"dataset:41b8bd278735edbb08a075364c449ad696492e6dbf1f33ee0707837bf89e722f","odata_n_lss.s_v_marketval_acc_for_risk","","PHYSICAL_IDENTITY","否","否","","1","","180060","182501","180060"
"dataset:2c1f78ee73d111e10713707f2d13112b3837dc5615097e8f5e3be9b6c13926e9","odata_n_lss.s_v_trs_nav_acc_for_risk","","PHYSICAL_IDENTITY","否","否","","1","","180067","182503","180067"
"dataset:3a46a0915190fc7ad72e3f4463a50edcf0ab970f2d7e2b5a374887c32f39f6ea","odata_n_lss.s_v_trs_param_for_risk","","PHYSICAL_IDENTITY","否","否","","1","","180068","182504","180068"
"dataset:fd6d25894186fece93c32ac0e706967a3715adf8a6d5106db4ffb550c17da2cd","odata_n_lss.s_v_ks_deriv_notional","交易确认书维度名义本金变动视图","PHYSICAL_IDENTITY","否","否","","1","","180070","182506","180070"
"dataset:189c08ab2f677b42987580facdb83dff389731145dde387e679c1369dd886bbc","odata_n_lss.s_v_fin_capital_acct_mapping","","PHYSICAL_IDENTITY","否","否","","1","","180071","182507","180071"
"dataset:54e311f306cc8710e0c8e11142ca4e8eba9837b55f1fbc0a6b57a4dbdd484fca","odata_n_lss.s_v_fin_capital_record","","PHYSICAL_IDENTITY","否","否","","1","","180073","182508","180073"
"dataset:38935c3fd11f7ed7454823b2a57ae4298929c8a7319fa3329a756db22b2c991e","odata_n_lss.s_v_fin_margin_acct_mapping","","PHYSICAL_IDENTITY","否","否","","1","","180074","182509","180074"
"dataset:2b3a54d549495b5511c45d76f90c97afe9d4fa7179cc6d12a2769eafe1a78427","odata_n_lss.s_v_fin_trs","","PHYSICAL_IDENTITY","否","否","","1","","180076","182510","180076"
"dataset:409cd3fd85491c4bf976a037c5147e7c6530172cd7137f50f1203b109bb93d5c","odata_n_lss.s_v_fin_trs_trade_record","","PHYSICAL_IDENTITY","否","否","","1","","180077","182511","180077"
"dataset:650c973417cfe8ec1a0c7fe9a8d9b8dda6635fcf2c95ee559420499dd4c6b6ad","odata_n_lss.s_v_fin_trs_valuation","","PHYSICAL_IDENTITY","否","否","","1","","180078","182512","180078"
"dataset:0c152ebcbdc297673f288793cc425f3ebd0d7b8267286645bde60c133649d5e5","odata_n_lss.s_v_ks_trs_contract","","PHYSICAL_IDENTITY","否","否","","1","","180080","182513","180080"
"dataset:f190067a5e1daea898e74ac32e39ccd6b103785218ae9ccb478751d7e5176d91","odata_n_lss.s_v_trs_for_risk","","PHYSICAL_IDENTITY","否","否","","1","","180082","182515","180082"
"dataset:36770cf6af47887ac70bd51a82a997069387e5ab9a37c79d56e1f66197b8083d","pdata_news_n.t02_bond_valu_anls","中证债","PHYSICAL_IDENTITY","是","否","","2","K092","180086;189829","189542;190382",""
"dataset:c99380010655c6de4fd91fea9b34cd8b921e6df54b9db0d5d05320215556cc8c","pdata_news_n.t02_bond_valu_anls_ext","债券估值拓展表","PHYSICAL_IDENTITY","是","否","","2","K092","180088;189830","189542;190382",""
"dataset:ecc0d7cbfcb8dfc3191cc19962d5d5838ec4cb081b323d1d7640c634295cc68e","pdata_n.t03_csdc_shr_stmt_det","中登股份对账明细","PHYSICAL_IDENTITY","是","否","","2","","185023;185025","180113;180167",""
"dataset:9ba2597400ed6cb685be051d0b48e4ebd7fb37e2e36ed036473361af3b3c7aad","pdata_n.t03_agt_inr_list_det","协议内部名单明细","PHYSICAL_IDENTITY","是","是（并非已逐分支核验）","docs/00-20260914-图谱认知/01-tit入模/02-TIT入模去向.md;docs/00-20260914-图谱认知/01-tit入模/05-去向与未命中分类.md","4","","246200","180113;180146;180164;180167",""
"dataset:eb160192c87b60acf124a6bea7f1b0ede97e95dc366f60ca7e78e7875bc45e7f","dm_otc_n.cso_e_ha_zqye_pretreat","CSO上交所证券余额","PHYSICAL_IDENTITY","是","否","","0","","180113","180340","180340"
"dataset:96e37210350aa780b62bcb37112d54f0aeee3518b18584d6e58045f997ebd403","pdata_n.t05_cdsc_sse_ntfc_data_det","中登沪市通知数据明细","PHYSICAL_IDENTITY","是","否","","1","","183101","180140",""
"dataset:0b85d4c6bfc798430132b32f1f066dd0bbc0d5578d035894adc6a2f5e960af91","dm_otc_n.cso_e_ha_tzxx_pretreat","CSO上交所通知信息","PHYSICAL_IDENTITY","是","否","","0","","180140","180345","180345"
"dataset:12f5bc91fa303d3a61ea2be807603ab5892884c5c0fa245f6c8010baeb8d05ea","pdata_news_n.t02_fin_impl_yield_undrl_def","隐含无风险收益率标的定义","PHYSICAL_IDENTITY","否","否","","6","K010","","180145;180208;185564;185587;185661;185665",""
"dataset:91aed6745992e4a5bfa764d32b0fa0bf9595e2548ec2d5e7a2d374ab28bd33ac","dm_otc_n.cso_e_ha_jsmx_pretreat","CSO上交所结算明细","PHYSICAL_IDENTITY","是","否","","0","","180146","180342;239308","180342;239308"
"dataset:fc366482a460d573615e0d14f5b3e6bd5cadebb2621c44a61cc851726886bbc4","dm_index_n.index_grp1_yield_ostotsdscr_acctdiagclas_tdy_retandorgcntr","","PHYSICAL_IDENTITY","否","否","","1","","","180160;206454","206454"
"dataset:4658df85f872154e8a0420cd8162cad17166e1248fdd43f9d33ef7639cc89c2b","dm_index_n.index_grp1_nav_ostotsdscr_acctdiagclas_tdy_retandorgcntr","客户_净值_场内外证券&账户诊断分类_当日_零售和机构柜台","PHYSICAL_IDENTITY","是","否","","0","","180160","206454","206454"
"dataset:3955e4df391801469b89ba435eb5b7d04124640838ee5e07772962077641154b","pdata_n.t05_csdc_scr_acct_sett_det","中登证券账户结算明细","PHYSICAL_IDENTITY","是","否","","1","","185024","180164",""
"dataset:adc34853a7c8e558edc5d7afb8d7d4408ad137a8e123bfd2eb2da7aa1e6e09b1","dm_otc_n.cso_e_sz_sjsmx_v2_pretreat","CSO深交所明细","PHYSICAL_IDENTITY","是","否","","0","","180164","180347;243704","180347;243704"
"dataset:eba70eba3388c4cdefefa1874c7e0530ab04b6a25d3409396a361949674fb595","dm_otc_n.cso_e_sz_sjsdz_v3_pretreat","CSO深交所对账","PHYSICAL_IDENTITY","是","否","","0","","180167","180348","180348"
"dataset:286e4096445cee94233710bb15eee527ed11f4cbfa7f64982f734547938b5891","pdata_n.t05_csdc_sz_bcst_data_det","中登深市广播数据明细","PHYSICAL_IDENTITY","是","否","","1","","183109","180169",""
"dataset:e623bb653795b2f8566ba903c15c238f51080fe26859485be974c6834fc7b320","dm_otc_n.cso_e_sz_sjsgb_v3_pretreat","CSO深交所广播","PHYSICAL_IDENTITY","是","否","","0","","180169","180349","180349"
"dataset:e26f7f4163604fb32dae7fdabc89abac8dad1cc3af31cca5e45c9a4411563633","dm_index_n.index_grp1_ast_p1","客户&营业部&分公司_总资产_衍生标签_当日_零售和机构柜台","PHYSICAL_IDENTITY","是","否","","0","","180321","210140","210140"
"dataset:363d36f34bfa96d796a5e9a4c46498132b739bb8a9593591a76c9999ca8468d0","odata_n_uip.g_company_behavior","","PHYSICAL_IDENTITY","否","否","","2","","180360;187079","180396;187110","180360;187079"
"dataset:f959de452a7f3b3d4952298623dcf35c5a5c51e54ee268eb142819a33d0f0eab","pdata_news_n.nds_company_behavior","公司行为信息","PHYSICAL_IDENTITY","是","否","","2","","180396;187110","230357;230360",""
"dataset:868afdb007919fb870361382d5414ae37116ea0fb26e987cad124cdb70090c24","odata_n_tit.d_ref_fast_trs_leg","极速互换腿表","PHYSICAL_IDENTITY","否","否","","2","","180565;211467","180407;183093;211639;221905","180565;211467"
"dataset:e540bdd02612b37dc6b05f07dabd442fd9356770d8ab467a4c1b4efb68de742d","pdata_nds.ref_fast_trs_leg","极速互换腿表","PHYSICAL_IDENTITY","是","否","","4","K021","180407;180753","188414;188419;188424;188429",""
"dataset:ca28e613d993e617cb4ab8558ef5e026aba0c52bdced9430727f44eb967bfd8c","dm_fin_n.fin_gf_fi_quot_stock","估值系统股票行情","PHYSICAL_IDENTITY","是","否","","0","","211987","180425","180425"
"dataset:253ba465b53ffaa8f236f7c0c3aaed3d46b3cfb4a336cc8c0a0a877f02c750e2","odata_n_oos.g_issuemastertable","证券/合约主表","PHYSICAL_IDENTITY","否","否","","1","","180638","180535","180638"
"dataset:830b535fad75e126c81bab32b8dffd37ea3805cd5b0b28cf629fb7f4a50b25e0","pdata_nds.g_issuemastertable","QG2场内期权信息","PHYSICAL_IDENTITY","是","否","","1","","180535","180546",""
"dataset:f7196e0fa6bf1c500d04e873287ac31737e76b135c8b980829b30e0c31b30b95","dm_otc_n.info_qg2_trd_opt_day","QG2场内期权信息","PHYSICAL_IDENTITY","是","否","","0","","180546","180592;228559","180592;228559"
"dataset:b4db34c37663ed751549619904751d492c04a957f4b6372b3e5eb5fc82449efe","odata_n_tit.d_pos_fast_trs_leg_his_pos_p","北上极速腿历史持仓表","PHYSICAL_IDENTITY","否","否","","1","","180557;211762","180582;211716;245232","180557;211762;180582;211716"
"dataset:100fafce8cc64059898d40cf06b5ca418241fd8053ed6923164afa644c9455d7","odata_n_tit.d_ref_fast_trs_leg_p","极速互换腿表","PHYSICAL_IDENTITY","否","否","","1","","180566;211466;233000","180585;211718;245064","180566;211466;233000;180585;211718"
"dataset:3a846b629b5d7b06bea0b551ee53eee65453779067cc71472d6bb9cce3f806bd","odata_n_tit.d_pos_fast_trs_leg_valuation","极速互换腿估值表","PHYSICAL_IDENTITY","否","否","","4","K089","180569;211465","180757;183098;211644;225368","180569;211465"
"dataset:62efc00b9a237ab9dbe849d7bec53042415d4263c273ef3d262a539a1da885ea","odata_n_tit.d_pos_fast_trs_leg_valuation_p","极速互换腿估值表","PHYSICAL_IDENTITY","否","否","","1","","180570;211577","180586;211555;245295","180570;211577;180586;211555"
"dataset:b9098011d7f865a1a345929bd3943666e8cd0e53f0083dcc2c1c70da547b3cff","odata_n_tit.d_ref_fast_trs_p","极速互换合约要素表","PHYSICAL_IDENTITY","否","否","","1","","180571;211576;232999","180587;211556;245043","180571;211576;232999;180587;211556"
"dataset:ea373516dedb273225c0c4a495b41385a80b43280c03e24b35a5b9bd65c99167","odata_n_tit.d_pos_fast_trs_leg_his_pos_pb","北上极速腿历史持仓表","PHYSICAL_IDENTITY","否","否","","1","","180582;211716","180755","180582;211716"
"dataset:50ae08147eae19fc3e20d4fc2e87f9917ed30441d6cbac0338494e8b7986bdd1","odata_n_tit.d_ref_fast_trs_leg_pb","极速互换腿表","PHYSICAL_IDENTITY","否","否","","1","","180585;211718","180753","180585;211718"
"dataset:efd34cc1d5e26bc0ae175cc5aca1157e0789e5ecd806cef851e2ad48ea6af3e4","odata_n_tit.d_pos_fast_trs_leg_valuation_pb","极速互换腿估值表","PHYSICAL_IDENTITY","否","否","","1","","180586;211555","180759","180586;211555"
"dataset:72d02718269bc4b0769cb22ac6138b11e479d95e943780e398799b95f3f22fc7","dm_rsk_n.otc_deri_sett_abn_montr_indx","场外衍生品结算异常监测指标","PHYSICAL_IDENTITY","是","否","","0","","180692;180700;180714;181553;181555;181556;187506;187509","",""
"dataset:726b4be35719ce0de22dde75c4b5a2c4c6b34cfe2309ef6c4d53fc2d03be6701","pdata_nds.pos_fast_trs_leg_his_pos","北上极速腿历史持仓表","PHYSICAL_IDENTITY","是","否","","4","K021","180754;180755","188414;188419;188424;188429",""
"dataset:4a3be1ba0a0f23f4ed401dec48bd2eb2a4583cf398c911f45e27eed1f60bbaef","pdata_nds.pos_fast_trs_leg_valuation","极速互换腿估值表","PHYSICAL_IDENTITY","是","否","","4","K021","180757;180759","188414;188419;188424;188429",""
"dataset:b9d56566c3e68882063d2798cdc2c5b16a4747b2b49b328b8f15055104872211","dm_index_n.index_grp1_yieldamt","客户&营业部&分公司_盈亏金额_无限制条件_当日_零售和机构柜台","PHYSICAL_IDENTITY","否","否","","3","","","180850;194860;199337",""
"dataset:b2ec01ddc42b287d0258da4047f409968724adc885133b821316c7ca7438ba6a","dm_index_n.index_grp1_yieldamt_year","客户&营业部&分公司_盈亏金额_无限制条件_当年_零售和机构柜台","PHYSICAL_IDENTITY","是","否","","0","","180850","206454","206454"
"dataset:acdd984857c92ef67b025ab55556e54fa2762ad3cd3c120de1f8639bab38409d","dm_rsk_n.otc_opt_inr_comp_pal_sum","风控视图-OTC合约维度盈亏数据表","PHYSICAL_IDENTITY","是","否","","0","","181058","",""
"dataset:f4e33b8a1dc3a47f1e88c4310efe192cfc41b176a3b642cfa34622e6f068d3c0","dm_rsk_n.otc_opt_inr_comp_pal_sum_temp","风控视图-OTC合约维度盈亏数据表","PHYSICAL_IDENTITY","是","否","","0","","181058","",""
"dataset:9bdf4ef06c4ed730913ff4ce3b900f4fc5ac4f6268f7e097e8ee1ccac741e1a6","pdata_n.t05_otc_deri_comp_sett_ntfc_send_evt","场外衍生品合约结算通知发送事件","PHYSICAL_IDENTITY","是","是（并非已逐分支核验）","docs/00-20260914-图谱认知/01-tit入模/02-TIT入模去向.md;docs/00-20260914-图谱认知/01-tit入模/05-去向与未命中分类.md","1","","181103","181556",""
"dataset:ce07b6cb3f0ad4b07d68bd045cec33daae4c48fbab24b5e70ca023ee5ed7364b","dm_hk_n.info_tit_ira_indx_day","TIT利率指标信息","PHYSICAL_IDENTITY","是","否","","0","","181104","245533","245533"
"dataset:15d974d45113768cd67ad390853894e8af2d168df9a872838b1eeafd254ad222","dm_otc_n.t02_tit_prd_info","TIT产品信息表","PHYSICAL_IDENTITY","是","否","","0","","181136","181183","181183"
"dataset:582c7c2c457cd65c0638b198bc766e16c94f777fa27f6439a046c4c7e9259ef8","dm_otc_n.t02_tit_note_info","TIT票据信息表","PHYSICAL_IDENTITY","是","否","","0","","181140","181182","181182"
"dataset:fff28a89235e772039431cfe0a027dfb501d886e28b85985a09d118d05fa0c2e","dm_otc_n.t02_tit_prd_asset_info","TIT产品底层资产信息表","PHYSICAL_IDENTITY","是","否","","0","","181142","181181","181181"
"dataset:6edee158994765d1f9ab8ca7b06b66211532e27324035da48ed62959e8c6f4dc","dm_otc_n.t05_otc_deri_book_mtch_evt","场外衍生品账簿成交事件","PHYSICAL_IDENTITY","是","否","","0","","181143","181180","181180"
"dataset:727f03180b1e2551c3d8e8e87758239825b0144889d0492df59bb3c9fd0524c1","odata_n_uip.g_bbg_stk_mkt_quot","","PHYSICAL_IDENTITY","否","否","","4","","181547;187080;196042;197757","181561;187162;196081;197823","181547;187080;196042;197757"
"dataset:c01cb5e1f5c56683ea124fc94380eb8d07f8e871e8f7476a104566ac83597614","pdata_news_n.t02_co_behav_info","企业行为信息表","PHYSICAL_IDENTITY","是","是（并非已逐分支核验）","docs/00-20260914-图谱认知/01-tit入模/02-TIT入模去向.md;docs/00-20260914-图谱认知/01-tit入模/05-去向与未命中分类.md;docs/00-20260914-图谱认知/01-tit入模/T02-产品标的与市场数据/01-产品基础资料/05.6 公司行为.md;docs/00-20260914-图谱认知/01-tit入模/T02-产品标的与市场数据/his/产品标的与市场数据.md","1","","188381","181555",""
"dataset:6f6a419b3a111572fe5ec4a06e48936e4bf37e495686890f9ca2dbefec3d8360","pdata_n.t05_otc_deri_evt_rela_h","场外衍生品事件关系历史","PHYSICAL_IDENTITY","是","是（并非已逐分支核验）","docs/00-20260914-图谱认知/01-tit入模/02-TIT入模去向.md;docs/00-20260914-图谱认知/01-tit入模/05-去向与未命中分类.md","1","","185098","181556",""
"dataset:f0f0dd6435195ead97f1e4f27e5b12ea67fe9acd9e206c05c35d3e6993057dee","pdata_news_n.nds_bbg_stk_mkt_quot","股票日行情","PHYSICAL_IDENTITY","是","否","","4","","181561;187162;196081;197823","236089;236092;236095;236097",""
"dataset:a5624ade731cd72df88f9eca38bb37a7da1d53b7fc254216733b7148d42108af","dm_rsk_n.div_curv_fctr_def","分红率曲线因子定义","PHYSICAL_IDENTITY","是","否","","0","","182209","",""
"dataset:d627fdec7fd7e4737fdbd535d213523e84d079e3ee73005a11ffc860bea90295","dm_rsk_n.div_curv_fctr_mkt_quot","分红率曲线因子行情","PHYSICAL_IDENTITY","是","否","","0","","182230","",""
"dataset:99a16764b5f6d4ed5de9fcf7628ce9985d3b5ed6c73702c1747388270c93a247","pdata_nds.s_v_ks_trade_comfirm_info","交易确认书信息表","PHYSICAL_IDENTITY","是","否","","1","","182490","182659",""
"dataset:24edcfbdfe477b8267aa78b832fcb17e818586c024b7821dc28ca367267b0a83","pdata_nds.s_gf_contract_info","金仕达合约表","PHYSICAL_IDENTITY","是","否","","1","","182491","182699",""
"dataset:914e9d1ceaf1ab38a6affb7e2d5de43115a876b723582c54c420fcc53a5c432d","pdata_nds.s_v_fin_margin_daily_report","金仕达保证金日记账","PHYSICAL_IDENTITY","是","否","","1","","182492","182753",""
"dataset:15c984b51a63d31707d077755227a3d7c046b953fb2a2f8bf56e4bb803f8a1dd","pdata_nds.s_v_fin_capital_change","金仕达保证金日表","PHYSICAL_IDENTITY","是","否","","1","","182494","182766",""
"dataset:358dfaa106507c6bfbdb42657c9ff3f88fa57996f7aa579eee5cfe4b27310ed0","pdata_nds.s_gf_clear_stream_check_result","金仕达清算流水核对结果表","PHYSICAL_IDENTITY","是","否","","1","","182495","182691",""
"dataset:4cab91081c159597a69292c622a11ddc3fca51f76a444dcca3689efbb0b25889","pdata_nds.s_gf_intention_info","金仕达意向成交表","PHYSICAL_IDENTITY","是","否","","1","","182496","182700",""
"dataset:a7c87ce806edc16652d9962498b596666de3422cc1245307768db954a2825e98","pdata_nds.s_v_ks_leg_info","金仕达合约腿信息","PHYSICAL_IDENTITY","是","否","","1","","182497","182701",""
"dataset:d61013e5723bf6e8d1d618d3320661e75e5fb19aebc7311d645a55950898aabd","pdata_nds.s_gf_pos_cal_balance_result","金仕达持仓试算平衡结果表","PHYSICAL_IDENTITY","是","否","","1","","182498","182702",""
"dataset:5403fed69cd2c51df401f49264dca21be535a8332f6cbb5c37d8b01d486d8c8f","pdata_nds.s_v_margin_account_for_risk","金仕达保证金账户","PHYSICAL_IDENTITY","是","否","","1","","182499","182724",""
"dataset:eaaef50750e29286a9f7eafb65329fe7a0338bc83fdcdf28b06e90a2ea73680f","pdata_nds.s_v_margin_param_for_risk","金仕达合约保证金参数","PHYSICAL_IDENTITY","是","否","","1","","182500","182725",""
"dataset:146b057000071ae6023acf49bcebbb2405b70e3a1f42e4dd28ba9bc3ab0c6293","pdata_nds.s_v_marketval_acc_for_risk","金仕达标的市值集中度","PHYSICAL_IDENTITY","是","否","","1","","182501","182727",""
"dataset:be472f02481ea7cd3d3b2d7066678cc773b108d5ecf10490ada92f08ad36c5de","pdata_nds.s_v_trs_nav_acc_for_risk","金仕达合约净值数据","PHYSICAL_IDENTITY","是","否","","1","","182503","182728",""
"dataset:1b3a9da236d80a25669f64e98bddedb118723013c494066c0536fdd0b7092153","pdata_nds.s_v_trs_param_for_risk","金仕达合约参数","PHYSICAL_IDENTITY","是","否","","1","","182504","182733",""
"dataset:0949029471beaaca63d8060e849bb443e718431102b53bfd2bd3d4afb16006cc","odata_n_lss.s_v_ks_trs_eod_postion","","NONE","否","否","","0","","","182505",""
"dataset:7cedfa52e1da390f10c4af6fd747369ac4b211f3f8c6574b573d745256b820b8","pdata_nds.s_v_ks_trs_eod_postion","金仕达日终持仓表视图","PHYSICAL_IDENTITY","是","否","","1","","182505","182740",""
"dataset:b8e87343ee96e9ae331f5088e9a30d5a3d2842b8b344db5fe1127c22a398035a","pdata_nds.s_v_ks_deriv_notional","金仕达交易确认书维度名义本金变动视图","PHYSICAL_IDENTITY","是","否","","1","","182506","182743",""
"dataset:1e46653b50e1b89e4aeb9759ae5c9e75c24b51e8581e13bd193d2b87c5e1b525","pdata_nds.s_v_fin_capital_acct_mapping","金仕达资金账户信息","PHYSICAL_IDENTITY","是","否","","1","","182507","182744",""
"dataset:ab06f01635a63578bc96aa617f2230b0fea1d3d29dcf1f4c3eba1231f6fb6c68","pdata_nds.s_v_fin_capital_record","金仕达资金日记账","PHYSICAL_IDENTITY","是","否","","1","","182508","182748",""
"dataset:42426dc4f3c178e1e9fd25148f1c78ea0e0def8ab77c4b67388c9b81d97e4eac","pdata_nds.s_v_fin_margin_acct_mapping","金仕达保证金-合约映射关系表","PHYSICAL_IDENTITY","是","否","","1","","182509","182749",""
"dataset:f2163fc94e979fdfecd6d914c76544a1ebef42479309eda1a947b37de50c6cdf","pdata_nds.s_v_fin_trs","金仕达财务视图","PHYSICAL_IDENTITY","是","否","","1","","182510","182759",""
"dataset:82a470581330b75a88edfa5db42a6d5b88771709c89c98245af9be6d9f93373e","pdata_nds.s_v_fin_trs_trade_record","金仕达交易记录","PHYSICAL_IDENTITY","是","否","","1","","182511","182762",""
"dataset:d30fd4936fe1745ebba5ec629f111e236beeb74285470504555760c1aabd53e3","pdata_nds.s_v_fin_trs_valuation","金仕达合约估值","PHYSICAL_IDENTITY","是","否","","1","","182512","182765",""
"dataset:39079fcc9bce6c3da888a08f3d9997b4ae0a4df674fe75b9be46a8019b3cb267","pdata_nds.s_v_ks_trs_contract","金仕达合约保证金信息","PHYSICAL_IDENTITY","是","否","","1","","182513","182770",""
"dataset:4fcadeb99ef83cdedd1b49e8039d3c0a9b6190c286190e23900172dbfebae4c1","odata_n_lss.s_v_ks_trs_contract_underly","","NONE","否","否","","0","","","182514",""
"dataset:c99ea40d3599d7b7e3a9b226471104d11003e194ad971ab62bed4fc54c4a0117","pdata_nds.s_v_ks_trs_contract_underly","金仕达合约标的信息","PHYSICAL_IDENTITY","是","否","","1","","182514","182771",""
"dataset:c088b4aeccaa022e322ee7c248f94b1f54c251f85793e51725ffff5d8ea3b8f4","pdata_nds.s_v_trs_for_risk","金仕达合约保证金日表","PHYSICAL_IDENTITY","是","否","","2","","182515","182737;184170",""
"dataset:00e632f90a2b3893718a5c53cb43dbaa7374cb9ceaf498c06776c30ccd38a365","dm_otc_n.s_v_ks_trade_comfirm_info","金仕达交易确认书信息","PHYSICAL_IDENTITY","是","否","","0","","182659","184025","184025"
"dataset:3ba131555a5953d622698555c28d846e19b12abcbbec49b6a15daa0dea1c0e3d","dm_otc_n.s_gf_clear_stream_check_result","金仕达清算流水核对结果表","PHYSICAL_IDENTITY","是","否","","0","","182691","184163","184163"
"dataset:77105bdac3e0b53871cfdaff5048427a4863dae7dd7a93bc93a136ce3bc01762","dm_otc_n.s_gf_contract_info","金仕达合约表","PHYSICAL_IDENTITY","是","否","","0","","182699","184160","184160"
"dataset:882d0a8009c4f633493f3f0e7e18e8dea71ae0c389bb26589127753780ebffbb","dm_otc_n.s_gf_intention_info","金仕达意向成交表","PHYSICAL_IDENTITY","是","否","","0","","182700","184076","184076"
"dataset:b72934098273fe428b49416448419b356e8d6ebc450870fdb01f8fe364b210ad","dm_otc_n.s_v_ks_leg_info","金仕达合约腿信息","PHYSICAL_IDENTITY","是","否","","0","","182701","184067","184067"
"dataset:6239600286e244f78095e7d0222e526426495674f464878e2b7d05eca3550101","dm_otc_n.s_gf_pos_cal_balance_result","金仕达持仓试算平衡结果表","PHYSICAL_IDENTITY","是","否","","0","","182702","184038","184038"
"dataset:17a2070a8afb1d14f7a908a38860a1d64ab2c914ac99f25ef860d8ad81b9c22a","dm_otc_n.s_v_margin_account_for_risk","金仕达保证金账户","PHYSICAL_IDENTITY","是","否","","0","","182724","184064","184064"
"dataset:40380a0a15bcd1ec356c651505a1a751fe105dc869fb304f661683f0a3d72495","dm_otc_n.s_v_margin_param_for_risk","金仕达合约保证金参数","PHYSICAL_IDENTITY","是","否","","0","","182725","184061","184061"
"dataset:afd8b860fb98d7401904989899a4d06f1a076464becd1c848bb1918359355bac","dm_otc_n.s_v_marketval_acc_for_risk","金仕达标的市值集中度","PHYSICAL_IDENTITY","是","否","","0","","182727","184045","184045"
"dataset:1c64e7d6626be4ee07e481a3d5b0b39afc4156e860236278d6d2fc1bd46f6897","dm_otc_n.s_v_trs_nav_acc_for_risk","金仕达合约净值数据","PHYSICAL_IDENTITY","是","否","","0","","182728","183988","183988"
"dataset:2ebc84d6e6f07809dd61ba3e929e19f91ef5c57fec67eef46595771b9327f33f","dm_otc_n.s_v_trs_param_for_risk","金仕达合约参数","PHYSICAL_IDENTITY","是","否","","0","","182733","183974","183974"
"dataset:f5ce20938b15bf17a9a8a79698b1a8867f222041ecc2d15de104793e56160f26","dm_otc_n.s_v_trs_for_risk","金仕达合约保证金日表","PHYSICAL_IDENTITY","是","否","","0","","182737","183994","183994"
"dataset:eb74a1444c32177443769dabc1c55cd93f9b072e191cf5aa360edc73a261b605","dm_otc_n.s_v_ks_trs_eod_postion","金仕达日终持仓表视图","PHYSICAL_IDENTITY","是","否","","0","","182740","184010","184010"
"dataset:a0fb02f6b70b8e054a7597b2141bdac6222a40badedd3cbf73b28567bd97fae9","dm_otc_n.s_v_ks_deriv_notional","金仕达交易确认书维度名义本金变动视图","PHYSICAL_IDENTITY","是","否","","0","","182743","184154","184154"
"dataset:368bda50124d62c5ae6d45bcbe53ae3e28a969e210e375749537528813fca179","dm_otc_n.s_v_fin_capital_acct_mapping","金仕达资金账户信息","PHYSICAL_IDENTITY","是","否","","0","","182744","184140","184140"
"dataset:88f98d54ff9695cc663da73cac6616cc20856a311de9ff90df6903a0d30efeb1","dm_otc_n.s_v_fin_capital_record","金仕达资金日记账","PHYSICAL_IDENTITY","是","否","","0","","182748","184137","184137"
"dataset:26486f8ca9330d96198e33870c3ca77b5d77c506511d9fa4816989c63af90941","dm_otc_n.s_v_fin_margin_acct_mapping","金仕达保证金-合约映射关系表","PHYSICAL_IDENTITY","是","否","","0","","182749","184099","184099"
"dataset:23b1fbce262f1088338110955df86675c338650e013e85c099c8827a550d9fa5","dm_otc_n.s_v_fin_margin_daily_report","金仕达保证金日记账","PHYSICAL_IDENTITY","是","否","","0","","182753","184097","184097"
"dataset:e21be0bb8e74afea91234ebfe47a5b5b015f64731a21cd88efd40db954c85f00","dm_otc_n.s_v_fin_trs","金仕达财务视图","PHYSICAL_IDENTITY","是","否","","0","","182759","184094","184094"
"dataset:1302a4d453372cd5654d1f3ec448e9850008ac85b062bf13bba3e471d3390e5a","dm_otc_n.s_v_fin_trs_trade_record","金仕达交易记录","PHYSICAL_IDENTITY","是","否","","0","","182762","184092","184092"
"dataset:0ef2d8b7b0f6c608424dd731e71c59577816c8376ed546e94e04154ad1b75d9d","dm_otc_n.s_v_fin_trs_valuation","金仕达合约估值","PHYSICAL_IDENTITY","是","否","","0","","182765","184084","184084"
"dataset:713df7ba13d28c15de884fdd4910dddce4a8996d995d793e9817c60881f03ad5","dm_otc_n.s_v_fin_capital_change","金仕达保证金日表","PHYSICAL_IDENTITY","是","否","","0","","182766","184139","184139"
"dataset:5347fb657576118ca6aead1c54a8e572f017b0797e69d9b10becb24a0f668f45","dm_otc_n.s_v_ks_trs_contract","金仕达合约保证金信息","PHYSICAL_IDENTITY","是","否","","0","","182770","184227","184227"
"dataset:c5d0f596c6c50589b3446cb64d1962a65aac636d914b6d1e929744815ebc17ba","dm_otc_n.s_v_ks_trs_contract_underly","金仕达合约标的信息","PHYSICAL_IDENTITY","是","否","","0","","182771","184014;228922","184014;228922"
"dataset:fc06be1b1f216d3fb74450ee394d9ed85c8cbea023eeb452f5781af74e05916b","pdata_news_n.t02_fnd_compnt_info","基金成分信息","PHYSICAL_IDENTITY","是","否","","2","","182870;217960","217917;220548",""
"dataset:dbe01449e7adca9cac1c7a731c40fac9708311e19be726e39f501767fa492466","dm_otc_n.v_wm_cashflow_report_tit","产品中心-OTC期权现金流视图","PHYSICAL_IDENTITY","是","否","","0","","182997","",""
"dataset:f2983df2c19fe76f17ffdaf61728941a41bbe0103990ca26b66618bfb6c902b6","dm_index_n.index_grp1_firqualtotastmaxvaldate_endtdy","客户_首次达标总资产峰值日期_截至当日","PHYSICAL_IDENTITY","是","否","","0","","183028","206454","206454"
"dataset:b33dcc09d0aa73165aed36c98747cd7171e3739837867bf86f30929220b0a6a7","dm_hk_n.otc_prd_product_asset","OTCHK产品底层资产信息表","PHYSICAL_IDENTITY","是","否","","0","","183259;198433","226910;244682;244821","226910;244682;244821"
"dataset:60d6e430360b94f17079df220e678894d57309c92c1645cd3928d14479b2ed66","dm_hk_n.otc_prd_product","OTCHK产品信息表","PHYSICAL_IDENTITY","是","否","","0","","183294;198431","226913;244454;244555","226913;244454;244555"
"dataset:8591f1fd126b03ddd9ec1c73384b46bd97c671a071d559a6550437afff7400e5","dm_otc_n.s_v_risk_long_short_acc","风控多空互换集中度指标","PHYSICAL_IDENTITY","是","否","","0","","184170","184031","184031"
"dataset:12090ff98460fe0c5c76f0c6186992a796a07af8434af9a90e5e415e73512f4e","dm_index_n.index_grp1_cust_shr_aum_tdy_all","","PHYSICAL_IDENTITY","否","否","","1","","","184082;197534;208353;228803","197534;208353;228803"
"dataset:fdbf21e85552d39c8337c569a1eab53ef40bfe64dda9351aea930759e0034a52","dm_index_n.index_grp1_cust_nav_aum_tdy_all","客户_净值_AUM_当日_零售和机构柜台","PHYSICAL_IDENTITY","是","否","","3","","184082","197534;202307;202673;203119;207665;208353;228803;232650;234954","197534;203119;207665;208353;228803;234954"
"dataset:b113f9e50db6a3e051e06d46b03d85004fcb305544b658b57d27d9e30a159364","odata_n_rcc.c_crdtentrust_p","","PHYSICAL_IDENTITY","否","否","","1","","184090","203918","184090"
"dataset:b9f4ef335f4b32fff534261f23b8ce12103f308c571c95f2d09ce31b8d1cd7f1","dm_index_n.index_grp_conv_bond_open_date_fir","开通日期_可转债_首次","PHYSICAL_IDENTITY","否","否","","1","","","184119",""
"dataset:7932043ff7f6a28fc1f3a014a75e17d9577f1cd3ba2c9193cbc15d2db71fdf7e","dm_index_n.index_grp_df_conv_bond_open_date_fir","开通日期_定向可转债_首次","PHYSICAL_IDENTITY","否","否","","1","","","184119",""
"dataset:63d475182812687626436cf2f057de0275611f9b5a0ddc5ae7ce95e630f00ddb","dm_index_n.index_grp_bond_purch_sell_amt_rcc","债券买卖成交金额_零售柜台","PHYSICAL_IDENTITY","否","否","","1","","","184119",""
"dataset:11aa97dbb3e41356ce5d49e081135c83242592975ccc9748e738d89dfe8f4c24","dm_index_n.index_grp_bond_purch_sell_amt_icc","债券买卖成交金额_机构柜台","PHYSICAL_IDENTITY","否","否","","1","","","184119",""
"dataset:5dc6b296f207dd6572e691fc1d8334a2471a114fdbfdfe64f99ca23d0f9859a5","dm_index_n.index_grp_bond_covt_bond_resell_amt_rcc","债券转债回售成交金额_零售柜台","PHYSICAL_IDENTITY","否","否","","1","","","184119",""
"dataset:8da00fa2e37df157a29684dff135685f26b45e821062ff1c5b8e1b5a673cb97c","dm_index_n.index_grp_covt_bond_resell_amt_icc","转债回售成交金额_机构柜台","PHYSICAL_IDENTITY","否","否","","1","","","184119",""
"dataset:845bc743043359d8b096a31c5bdb6c9a4865cbd1a460ba2fba81bb43923615e7","dm_index_n.grp_tag_client_con_pond_potential_cust","组合标签_客户_是否可转债潜在交易客户","PHYSICAL_IDENTITY","是","否","","0","","184119","208983","208983"
"dataset:c920998be484fbf43e46f5069972f8e05e3dadca229873fdb8483efe8113abc5","pdata_nds.s_t_ks_customer_cap_info","资金账户信息","PHYSICAL_IDENTITY","是","否","","1","","184315","186472",""
"dataset:54fcf15040b9dda5be0f726062ed94faae267456b33749930ec805f94dfb3740","dm_index_n.index_grp1_empoa_examincome_vaserv_tdy","员工&OA系统用户_考核收入_增值服务_当日_无备注信息","PHYSICAL_IDENTITY","否","否","","1","","","184787",""
"dataset:5c0643e48c80ea6bd58e5f50e700c08afe8f0093795e51baec483f441d4dfc45","dm_index_n.index_grp1_cust_examincome_vaserv_tdy","客户_考核收入_增值服务_当日_零售和机构柜台","PHYSICAL_IDENTITY","否","否","","1","","","184787",""
"dataset:df1df40e9ffd71d13f390dfebe684d3beef58ce0adfb56963847fa2eaf105945","pdata_nds.d_v_fin_trs_trade_record","","PHYSICAL_IDENTITY","是","否","","1","","184959","198806",""
"dataset:562989f6e901dd34d2b771fbe62edb89c0a4896dc9711386af28f4398dc7757d","odata_n_tit.n_ope_settle_notice_transfer","结算通知书 - 已生成 Transfer 记录","PHYSICAL_IDENTITY","否","否","","0","","184965","185098","184965"
"dataset:eb562807a7882986540902089d6bddf23080be6cf8c4194e9797f92531eec38a","dm_index_n.index_grp2_cust_stdast_covtpst_examapp_mth","客户*机构_标准资产_折算后&考核应用_当月","PHYSICAL_IDENTITY","是","否","","7","K020","230911","184973;184974;185235;187205;230006;235871;235878",""
"dataset:6d7dd74bd394209e19402fbdab8753024de84092e71e28b84fa8d8d9fb44e7df","dm_index_n.index_grp1_emp_std_ast_aum_bgng_mth_all","员工_标准资产_资产包关系&期初_当月_零售和机构柜台","PHYSICAL_IDENTITY","是","否","","0","","184973","",""
"dataset:1f94765b47097214ad183c9d89fc47e21191dc0436b9b6ede9cb1b956560be50","dm_index_n.index_grp1_emp_std_ast_aum_end_mth_all","员工_标准资产_资产包关系&期末_当月_零售和机构柜台","PHYSICAL_IDENTITY","是","否","","0","","184974","",""
"dataset:74e4845226f72bd559c30b147fcaab53bcaae348576a9b200c3f80cd61e577c7","pdata_nds.d_v_fin_trs","","PHYSICAL_IDENTITY","是","否","","2","","185032","198806;199838",""
"dataset:61c9df3cae6812d8ca16dcccffa81609910a39b48373c29094605c6a43717711","pdata_nds.d_v_fin_capital_change","资金总额变动视图","PHYSICAL_IDENTITY","是","否","","2","","185038","198806;198929",""
"dataset:fbda0e7364f42b827aa238a8f0fce8de03917d3e4b74e20ded8188607f53e9da","odata_n_lss.s_gf_bk_contract","【AI】合约表","PHYSICAL_IDENTITY","否","否","","2","","185205","217951;223867","185205"
"dataset:632bcf6f263aa7bb99dd479ea04f3a24f175f190c559730d028ab32236a2293b","dm_index_n.index_grp1_emp_std_ast_aum_curpd_mth_all","员工_标准资产_资产包关系&当期_当月_零售和机构柜台","PHYSICAL_IDENTITY","是","否","","0","","185235","",""
"dataset:6c2cf947b9e2bea5743389923c9a9e5d000ffdad328b571e97c15dba1ee91330","pdata_nds.d_v_fin_option_info","财务视图-titans期权信息","PHYSICAL_IDENTITY","是","否","","2","","185518","198929;199729",""
"dataset:7623bb7d1c14f93c00f9e4c88f98637f95697163d39871562aaf30d153d1f58f","pdata_nds.d_v_fin_option_trade_record","财务视图-titans期权交易流水","PHYSICAL_IDENTITY","是","否","","2","","185525","198929;213646;216868","213646"
"dataset:d781901f7c92256f538104f0cc6ed9fd53fc76ae2ad1314f1db33396230220c0","odata_n_icc.c_crdtentrust_p","","PHYSICAL_IDENTITY","否","否","","1","","186306","203919","186306"
"dataset:ebfccc2f1718e1f29d68605a9f3b79e44937b4224da80be0a06db5b1e72566d4","pdata_n.t04_inr_org_imp_date_h","内部机构重要日期历史","PHYSICAL_IDENTITY","否","否","","1","","","186430",""
"dataset:baad65fb1b5cf0171e12ff507d161340a407a85f73742bce2077950698f4ad81","pdata_n.t99_sale_perp_cal_ref","营销绩效计算参数","PHYSICAL_IDENTITY","否","否","","1","","","186430",""
"dataset:be29e0995c720d14bad718d006fb0ad50edd6cb33bc481c52d0d614c3e71bedf","dm_otc_n.wt_s_t_ks_customer_cap_info","金仕达资金账户信息","PHYSICAL_IDENTITY","是","否","","0","","186472","188042","188042"
"dataset:4074bc1c34629e3d385e2bf2a5c63761e5cdcf8a5bd7bbfd5a0f660cc68ec383","pdata_nds.aum_asset_cbs_cust","战略性持股机构客户","PHYSICAL_IDENTITY","否","否","","1","","","186494",""
"dataset:aba89ebd2a9fcaeab735421c9b450a1f860c53d6579e338ff491fef4afb6ff13","dm_index_n.index_grp1_emp_aum_asset_pdastpkgrela_delcust_qtr_all","员工_标准资产_较基期资产包关系移除客户_当季季均_零售和机构柜台","PHYSICAL_IDENTITY","是","否","","0","","187205","",""
"dataset:07995cfe9502d204813fa600bb95e936553f75611cdf7267a8aebb8f041481a6","odata_n_tit.d_ref_corporate_action_info","【AI】公司行为信息表","PHYSICAL_IDENTITY","否","否","","1","","187636","188381;242926","187636"
"dataset:34e026c01e9bdf761490878f1d4f69cfeaae5bc3af8de770bf8bc9bfeed5df01","pdata_news_n.t02_prd_fin_info_ext","产品中心产品管理人托管人信息","PHYSICAL_IDENTITY","否","否","","3","K040","","187687;202540;202541;202550","187687"
"dataset:fc58a87d3abf2f7bf3a1d4954a064e0f87c112f41aeb62d3f878b8aa2698833b","pdata_n.t98_cust_info_of_res_serv_ecr","购买研究服务的客户信息","PHYSICAL_IDENTITY","是","否","","0","","200096","187687","187687"
"dataset:e571953091d4aadbcd7f44ae50102e49da72b1d954df656936b06e9777dc262c","pdata_nds.s_bg_acs_rel_emp_v","托管服务人员_产品关联表","PHYSICAL_IDENTITY","是","否","","0","","212965","187687","187687"
"dataset:e1216ab9c955f0073067bfd99834f5d0de0bfdf3f0b614f99d4dfa24179db373","pdata_nds.o_option_parameter","期权参数表","PHYSICAL_IDENTITY","是","否","","1","","217451","187687;208777","187687"
"dataset:668312fcd73b2182d56be2b6b054bc016884adee90cf95436e3dfc45aba376d0","pdata_nds.f_view_act_pe_xm","乾和项目视图表","PHYSICAL_IDENTITY","是","否","","0","","224769","187687","187687"
"dataset:0a24b086b1980ec74b51db0bf7c516d21fe692acc4e3e7aaede5fa8d7ce28392","pdata_nds.aum_del_cust","标准资产剔除客户","PHYSICAL_IDENTITY","否","否","","1","","","187693",""
"dataset:4c3df2c4d8799c0eed1e90d382f7a698feeb87ba80b9d2c245f196c2e73ab3a2","pdata_n.t05_cust_ast_pkg_rela_adj_proc","客户资产包关系调整流程","PHYSICAL_IDENTITY","否","否","","2","K091","","187699;187725",""
"dataset:0cd220c3c3a1385e548df3751af211eab98129c2a44e12e266b2e3cdffecb3d6","pdata_n.t05_cust_ast_pkg_rela_adj_proc_det","客户资产包关系调整流程明细","PHYSICAL_IDENTITY","否","否","","2","K091","","187699;187725",""
"dataset:33203a96cfaa12fdb4bfdd99b33ba1bb7f58451f60cd563f0aa73f1e39fa817e","pdata_n.t05_cust_rela_bat_adj_chg_evt","客户关系批量调整变动事件","PHYSICAL_IDENTITY","否","否","","2","K091","","187699;187725",""
"dataset:8fa283ba0020fb567be2434faab1a4c341a5c520bd4df82164a0b73951039ca0","dm_index_n.index_grp1_cust_stdastincrsval_aum_ytddistrcust_tdy_all","客户_标准资产增长值_AUM&今年分配客户_当日_零售和机构柜台","PHYSICAL_IDENTITY","是","否","","0","","187699","",""
"dataset:0dc644adf92aafb8a6550a432ef612a3f9ce72d3bc7e5fcce1f1e512a8a60a3b","dm_index_n.index_grp1_emp_projnum_brchexam_mth_an","员工_An项目数_分支考核_当月","PHYSICAL_IDENTITY","是","否","","0","","187703","244873","244873"
"dataset:8be3ace355c43ec4002aa443bbb944cc13533229616eb614893179615fefb4d7","dm_index_n.index_grp1_stdastincrsrate_aum_ytddistrcust_tdy_all","客户_标准资产增长率_AUM&今年分配客户_当日_零售和机构柜台","PHYSICAL_IDENTITY","是","否","","0","","187725","",""
"dataset:a79d981a6fc8702ad1fe58021512cc05dfdcf00bfba2eb70440df3c868680007","dm_index_n.grp_tag_client_is_kyc_accts","是否企业微信认证客户_一人多户","PHYSICAL_IDENTITY","是","否","","2","","187791","190237;207665;208353;232820;234954","207665;208353;234954"
"dataset:b2ece304e28de025186aa30abf9874a704fef0084670b57ce17cc2b00268424d","dm_index_n.index_grp1_cust_yoyincrsval_aumstdast_tdy_all","客户_同比增长值_AUM标准资产_当日_零售和机构柜台","PHYSICAL_IDENTITY","是","否","","0","","187911","206454","206454"
"dataset:2af1abf532a350adb4c201959aa0613eae22c3dc8420c6f2635f313f3cff24b3","dm_index_n.index_grp1_cust_yoyincrsrate_aumstdast_tdy_all","客户_同比增长率_AUM标准资产_当日_零售和机构柜台","PHYSICAL_IDENTITY","是","否","","0","","187976","206454","206454"
"dataset:c4f0ae5e60694f823484f40483940ee1351bdd4441a96799ab4f0d2b7fab5f72","dm_index_n.index_grp1_astincomerate_pqtrendastpkgrela_mth_retandorgcntr","员工_资产创收率_投顾序列人员考核_当月_零售和机构柜台","PHYSICAL_IDENTITY","是","否","","0","","189204","202091","202091"
"dataset:359105c30ebde5e4efb89784a825904606cbc5dccd8552183a20674231354602","odata_n_dbs.d_tjd_order_backup","条件单备份表","PHYSICAL_IDENTITY","否","否","","1","","","189432",""
"dataset:f76a06c93bd551f64700b559699b6527409a4dc9800937c9cc86a1fab0149839","odata_n_dbs.d_tjd_order_dump","条件单归档表","PHYSICAL_IDENTITY","否","否","","1","","","189434",""
"dataset:ed3de8084fefb42feff3a5bd306f0efe37ee1105d89061360dfea058f7e800d2","dm_otc_n.fdm_t02_bond_valu_anls_tzz_xir","场外_中证估值数据","PHYSICAL_IDENTITY","是","否","","0","","189542","189581;228918","189581;228918"
"dataset:0226ead799d394863cb3df840c5ccf34aa2812e8d4b79ab5e827c4b5707efc30","odata_n_xir.m_tqss_bond_eval","","NONE","否","否","","0","","","189829;189830",""
"dataset:b41bd7b9d13d8712e9848c32fdb591eb0b66a778dd8a711dc48ff53ebcc67735","pdata_news_n.t02_xir_bond_base_info","债券基础信息表(XIR)","PHYSICAL_IDENTITY","是","否","","1","","218316","190113",""
"dataset:e934c3a3207f77fda73bd3b2e42822c87b23f977c9eb821878e96e16151ef7ce","dm_otc_n.fdm_t02_bond_base_info_xir","场外_债券基础信息","PHYSICAL_IDENTITY","是","否","","0","","190113","190116;228909","190116;228909"
"dataset:661d35382888361bf18712eec2c8c09d071bc4a08e0142f106de05d8c0062d34","dm_index_n.index_grp1_authcust_servordevrela_endtdy","分公司&营业部&员工_企微认证客户数_服务或开发关系_截至当日_无备注信息","PHYSICAL_IDENTITY","是","否","","0","","190237","203979;207271","203979;207271"
"dataset:3b14b8be3bb2bf6700dc5bd3439e23f66fac716c9b7b4763f812666f15328956","dm_otc_n.fdm_t02_bnd_cash_flow_tbsi_xir","场外_债券现金流","PHYSICAL_IDENTITY","是","否","","0","","190375","190436;228911","190436;228911"
"dataset:1050b50728b5ce5c705d205f8e71cd9af73be1f0ac4c90c9f38e56210bd7482c","dm_otc_n.fdm_t02_bond_valu_anls_tqss_xir","场外_上清所估值数据","PHYSICAL_IDENTITY","是","否","","0","","190382","190442;228917","190442;228917"
"dataset:a987261cffbcd1a7be69cb17d6b9007f25487ffc9b00b4ef741f0dd228832b48","dm_index_n.index_grp2_apdstdast_examcoefcovtpst_mth","客户*机构_日均标准资产_考核系数折算后_当月&每月8号固化上月数据","PHYSICAL_IDENTITY","是","否","","2","","230006","190435;224741;230016;235142","190435;224741"
"dataset:9d57f0f88770f300261567854b882f56a095854000f8cbedfebae0ed12197808","pdata_news_n.t02_fut_comp_info_f","期货合约信息","PHYSICAL_IDENTITY","是","否","","0","","190690","",""
"dataset:1c5bceaa5b06797fd1a432b0ee173a126212ff75481bc33c1082b7b47d38679f","pdata_nds.nds_t01_sys_user_ioa","门户用户信息-限制主部门","PHYSICAL_IDENTITY","否","否","","1","","","191371",""
"dataset:f2042f87ebb5112c0018935b670ab9e4391a8358a4c2dc1495fb288d085a28b7","pdata_nds.t04_emp_pos_asgn_h_pas_mms","员工职位分配历史","PHYSICAL_IDENTITY","否","否","","1","","","191371",""
"dataset:2788f748082310a7acecdc6f2027f82e7dde7cc1bce4dff45050ef9a218d4b19","pdata_nds.pas_j_v_encrypt_hssemp_employee_post_ver","分配信息版本表敏感字段加密视图","PHYSICAL_IDENTITY","否","否","","1","","","191371",""
"dataset:f4ddff148216c8b44a88fcb014534e7236d96f2f9b0fe5d7b451073ee9e334a0","pdata_n.t04_emp_exam_rank_adj_info","全量更新，用于存放员工考核职级调整参数的信息记录，记录员工的考核职级代码、考核目标值上浮比例、基期参数等调整因子。","PHYSICAL_IDENTITY","否","否","","1","","","191371",""
"dataset:991a83d1078fa753b10809d571fe20074f47c2a056546dc810b10991858d21ba","odata_n_tit.d_v_report_file_info_p","报备视图-报备用附件信息汇总视图","PHYSICAL_IDENTITY","否","否","","3","","191409;191410;191411","191700;191702;191703","191409;191410;191411"
"dataset:574ad76cda79cb314f072e04ebedcdb34d8b434fd928468e595bcfac6c8a6709","pdata_news_n.t02_bnd_cir_info_xir","债券流通量信息表","PHYSICAL_IDENTITY","是","否","","1","","191516","210184",""
"dataset:01adea42b5a3528861fec7c10ac30734ae6478d07599080dfed022dd24b6d11b","odata_n_tit.r_cfg_ins_be_share_proportion","受益人持股比例监控标的","PHYSICAL_IDENTITY","否","否","","0","","191985","208603","191985"
"dataset:7a477b8edfc6e797b94e803f2a133e281192a3ee8cb6093388b98ad208c463a5","pdata_nds.h_his_price","证券行情表","PHYSICAL_IDENTITY","是","否","","1","","192217","207001",""
"dataset:eb450a76ae0474339398732fb0ba21368261be72630435dbe7f52bd9c5012d80","dm_otc_n.mail_g_nsfr_assign_statistics_otc","资金部NSFR结果_分列邮件发送","PHYSICAL_IDENTITY","是","否","","0","","192690","193557;196689","193557;196689"
"dataset:da6a6604e8d1be27ae9b2d2f8853dda55d656271fb789cf0f5c579484f735baa","dm_index_n.index_cust_prd_emp_kpiexamindx_finprd_day","客户*产品*人员_KPI考核指标_金融产品_日","PHYSICAL_IDENTITY","是","否","","2","","225770","193068;237421",""
"dataset:2b2cad41d665156984b4bc06660a929f300953ad6680d2cc2e38e873efd8979f","dm_index_n.index_grp1_ast_gt1w_trds_year","客户_资产大于1万交易天数_无限制条件_当年_零售和机构柜台","PHYSICAL_IDENTITY","是","否","","0","","193068","206454","206454"
"dataset:7ccb69db8adbb7c5cab6fe9b383fd0687e20efe72cc8a505d86d09ee73f9ebaa","pdata_n.t05_gem_acct_chg_evt","创业板账户变动事件","PHYSICAL_IDENTITY","否","否","","1","","","193247",""
"dataset:37a2bf4b17d4b14cc5d7ed365b6c894d20c5811eb127bc72673897b2862ecf0a","dm_index_n.index_grp1_endopenrighdate_inclhisopen","客户_末次开通权限日期_含历史开通_无计算维度","PHYSICAL_IDENTITY","是","否","","0","","193247","206467","206467"
"dataset:ff1cc381911072cb137abbe1543e2f4389e3d7b68f6064edc629755cee05124a","dm_index_n.index_grp1_orgcuststdastmomincrsrate_covtpst_astpkgrela_qtr","员工_机构客户标准资产环比增长率_折算后&资产包关系_季度","PHYSICAL_IDENTITY","是","否","","0","","193642","",""
"dataset:00ba37212aa25dffdee31aac4f1b590a046b69cc752a91ce85b0305f89b65932","dm_index_n.index_grp1_indvcuststdastmomincrsrate_covtpst_astpkgrela_qtr","员工_个人客户标准资产环比增长率_折算后&资产包关系_季度","PHYSICAL_IDENTITY","是","否","","0","","193671","",""
"dataset:a36b666baebaacff22b5a47a888512d9c2a491c0892d0728313cf312c7000bdb","dm_index_n.index_grp1_orgcuststdastmomincrsrate_covtpst_astpkgrela_mth","员工_机构客户标准资产环比增长率_折算后&资产包关系_当月","PHYSICAL_IDENTITY","是","否","","0","","193686","",""
"dataset:88350779709d7ccfc4ef925e2e0a9562c8a0e7adc82499b0a22ba212902fef88","dm_index_n.index_grp1_indvcuststdastmomincrsrate_covtpst_astpkgrela_mth","员工_个人客户标准资产环比增长率_折算后&资产包关系_当月","PHYSICAL_IDENTITY","是","否","","0","","193691","",""
"dataset:d8d6179da3bce44c2e4a94c931425189ed04d8390bd595cbc8dbba6c637d6d03","dm_index_n.index_grp1_orgcustbgngstdast_covtpst_astpkgrela_qtr","员工_机构客户期初标准资产_折算后&资产包关系_季度","PHYSICAL_IDENTITY","是","否","","0","","193766","",""
"dataset:9473cbdf0e8e9101f2105d7c49cfd824c3839351378bfdf49e0d0230c739b16c","dm_index_n.index_grp1_indvcustbgngstdast_covtpst_astpkgrela_qtr","员工_个人客户期初标准资产_折算后&资产包关系_季度","PHYSICAL_IDENTITY","是","否","","0","","193770","",""
"dataset:913358addc297a941be7780fecbc916cb52c6d2a5c3ada684a2c79bb89916c2b","dm_index_n.index_grp1_indvcustendstdast_covtpst_astpkgrela_qtr","员工_个人客户期末标准资产_折算后&资产包关系_季度","PHYSICAL_IDENTITY","是","否","","0","","193799","",""
"dataset:508ec04f736e75306124b04551abd89e69a08ffdad4674bfc2d256e5100ac980","dm_index_n.index_grp1_orgcustendstdast_covtpst_astpkgrela_qtr","员工_机构客户期末标准资产_折算后&资产包关系_季度","PHYSICAL_IDENTITY","是","否","","0","","193800","",""
"dataset:69bb96fde727bddce7a3847b9866ef0805797439ca63c01fa43e9f0c2625157c","dm_index_n.index_grp1_orgcustendstdast_covtpst_astpkgrela_mth","员工_机构客户期末标准资产_折算后&资产包关系_当月","PHYSICAL_IDENTITY","是","否","","0","","193805","",""
"dataset:cd6a907bbe2735fd5de2d8353b29f0034d0daaafd195289a0f1f4378fba77d6f","dm_index_n.index_grp1_indvcustendstdast_covtpst_astpkgrela_mth","员工_个人客户期末标准资产_折算后&资产包关系_当月","PHYSICAL_IDENTITY","是","否","","0","","193806","",""
"dataset:18461908957f141c615f06b42d52b5ac01ddda305378857d0a06b4ea84e7dc09","odata_n_uip.g_ovefk_quot_info_n","","PHYSICAL_IDENTITY","否","否","","1","","193856","194334","193856"
"dataset:70b4947938992a9aa680c25a1b424c97d70b38d5aa12faf73b2ea14f57f070e5","odata_n_alm.g_hk_liquidity_term_gap_mild_result","","PHYSICAL_IDENTITY","否","否","","1","","193934","194780","193934"
"dataset:835b4d25464b7e65b3f7ed9b830461a4f466b6249b97f4eae17747a2c2a09aa2","pdata_news_n.tyzx_frgn_mkt_quot_snap","海外行情信息快照表","PHYSICAL_IDENTITY","是","否","","1","","194334","229358",""
"dataset:9673e8e9356a74abd76b951d97c5045e58bd8fa7d64509a0f7fb856fdffa1cee","odata_n_lbr.m_ref_correlation_factor_def","","PHYSICAL_IDENTITY","否","否","","1","","","194512",""
"dataset:e1c4ac56d391b613189062ac07fc8a881bac75df0553dc9662ed3f8cf265aaa2","pdata_news_n.t02_fin_corr_fctr_lbr","相关性因子信息表","PHYSICAL_IDENTITY","是","否","","1","","194512","194609",""
"dataset:7b2aeedb742af0dacbc55b21d4d6bfccec65bc175a04e2a3e8448b82516493bb","dm_rsk_n.corr_fctr_mkt_quot","相关性因子行情表","PHYSICAL_IDENTITY","是","否","","0","","194609","",""
"dataset:482cf291b5ff5a4e5fc3c9faaf4d376fc2a445904c91d8d468cc39ab7fbf3abb","pdata_n.t98_gfhk_lqdy_gap_sum","T98_广发香港子公司流动性","PHYSICAL_IDENTITY","是","否","","0","","194780;228970","",""
"dataset:d9c4c651f8836275895b0a980672c2b7a34e2b191e5187811a39d484181984c8","dm_index_n.index_grp1_emp_nav_aum_tdy_all","员工_净值_AUM资产包关系_当日_零售和机构柜台","PHYSICAL_IDENTITY","是","否","","2","","194864","194860;196465;202681;203979;207271","196465;203979;207271"
"dataset:d74fb2f357d7b2663491e189b8111ac7d6ca3c8b4d28c16c7cb1452b8298184f","dm_index_n.index_grp1_emp_shr_aum_tdy_all","员工_份额_AUM资产包关系_当日_零售和机构柜台","PHYSICAL_IDENTITY","是","否","","1","","194860","194864;196465","196465"
"dataset:1c3290b78f7a8b325cae4a26dbac2bc0c283a0718ecb4433875848ca1781490c","dm_hk_n.fdm_info_tit_opt_base","TIT期权基础信息","PHYSICAL_IDENTITY","是","否","","0","","195090","246224","246224"
"dataset:90b89285a29d2c551b9f87c4466600fc11c36303583d63f85e5556bc03674709","dm_index_n.index_grp1_slp_emt_actv_date_appr_pst","客户_休眠与空户激活日期_营销平台审核后","PHYSICAL_IDENTITY","是","否","","1","","195334","197534;199241;208353;228803","197534;208353;228803"
"dataset:660d2cb57152d550f9dd285b32eff94d20dcd7d9b7cc605ac926ba6455bfc79b","odata_n_xir.m_tstype_define","标准类型定义表","PHYSICAL_IDENTITY","否","否","","1","","","195641",""
"dataset:4b890126d497a89925c8325dddb3c27c44baa2fbcc07b4b2ce23e00dc94085f4","pdata_news_n.t02_ira_intrt_fin_inst_xir","利率金融工具表(XIR)","PHYSICAL_IDENTITY","是","否","","1","","195641","196129",""
"dataset:c3e0d3740fac865372970e54ad7815350d279671a06cce9cd9c286ad353b4838","dm_index_n.index_cust_prd_sale_amt_finprd_tdy","客户*产品_申购金额_金融产品_当日_无备注信息","PHYSICAL_IDENTITY","否","否","","1","","","195842",""
"dataset:69a19e8aba7e42548c7741db8f439dfa1297791df8d7d2783855f4a42de5c500","dm_index_n.grp_tag_prd_rsol_prd_flag","组合标签_产品_是否解决方案","PHYSICAL_IDENTITY","否","否","","1","","","195842",""
"dataset:f42bbfd7f5836aaec3a0c5ba6d34a0b6197490b6d7103075e1ef6dcc179c73ae","dm_index_n.grp_tag_client_cust_purch_finprd_type","组合标签_客户_购买过某类型金融产品","PHYSICAL_IDENTITY","是","否","","0","","195842","232164","232164"
"dataset:24d71a4048250e52b03327ed9c7ac81ffb5c63a2be8b186800773cf025d15f7d","dm_otc_n.fdm_t02_ira_intrt_fin_inst_xir","场外_ 利率金融工具表","PHYSICAL_IDENTITY","是","否","","0","","196129","196145;228914","196145;228914"
"dataset:e62c0cc50c83bfa92c56438615c564135da400b66c360539b90c777dd5d7ad86","dm_otc_n.fdm_t05_futr_brok_mtch_evt_gfqh","场外_广发期货交易数据","PHYSICAL_IDENTITY","是","否","","0","","196270","196273;228895","196273;228895"
"dataset:b32f81bf007680fec9f06d93fca08d803694b726c84d23216798e5529700539a","dm_otc_n.fdm_t98_futr_opt_hold_sum_gfqh","场外_广发期货持仓数据","PHYSICAL_IDENTITY","是","否","","0","","196272","196274;228897","196274;228897"
"dataset:e6743504fe5e311f5e5d22b14f2d2aa1058686050d51a029b7ace69689bc113c","dm_index_n.index_grp1_emp_income_fullcali_devrela_delredpfee_tdy_pmthaccum","员工_创收_AUM&开发关系&剔除赎回费_当月 _无备注信息","PHYSICAL_IDENTITY","否","否","","3","K016","","196985;199245;207351",""
"dataset:53aefaa94264ac05ccec57a3e4554c9c2f0af7f56a1e39036c69d72e0054cc78","dm_index_n.index_grp1_income_fullcali_devrela_delredpfee_3mthavg","员工_创收_全口径&开发关系&剔除赎回费_近3个月月均","PHYSICAL_IDENTITY","是","否","","0","","196985","202091","202091"
"dataset:9464d670c009a51b00bc1bd69047ce9ae0f82aacae6ffab56558fa7712a6389d","odata_n_pas.j_hssemp_employee_post_info","员工OA显示岗位关联表","PHYSICAL_IDENTITY","否","否","","1","","197335","199864","197335"
"dataset:13b5045b03398132e3f8189e58e401b556dfd6720a77cf1aa96eda58ff6ab1bc","dm_hk_n.wt_otc_swap_comp_info_n_cross_dma_swap","场外互换合约信息-北上极速","PHYSICAL_IDENTITY","是","否","","0","","197337;197437","",""
"dataset:61ce40b54be41a77033c37afca82721547742f257b9ec8fee1509334cb05b386","dm_hk_n.wt_otc_swap_comp_leg_info_n_cross_dma_swap","场外互换合约LEG信息-北上极速","PHYSICAL_IDENTITY","是","否","","0","","197339","",""
"dataset:9f90a396a05f72055122f11aa04ccb4a07f9b1e45f9cd716bc29d9992fdaab46","spdata_n.t03_risk_ivst_portfl_idx_val","风控投资组合指标值","PHYSICAL_IDENTITY","否","否","","1","","197400","208190","197400"
"dataset:f02e737c1845fae741fa63784e1afc71c3dfadfd8aa501bf61e0c5420b79295c","dm_hk_n.info_otc_swap_comp_info_n_cross_dma_swap","场外互换合约信息-北上极速_香港","PHYSICAL_IDENTITY","是","否","","0","","223192","197437;227122;245092;245093","227122;245092;245093"
"dataset:51864e0961b189c36f2050b1d1db063f26b8d3c70295a2ead438b38bdfed618e","dm_hk_n.info_otc_swap_comp_valu_info_n_cross_dma_swap","场外互换合约估值信息数据-北上极速","PHYSICAL_IDENTITY","是","否","","0","","197439;225368","227118","227118"
"dataset:f8ae8609be99e7740a87806d44ecc15c5b60432b7599a8da36184cedf28fef95","dm_hk_n.info_otc_swap_comp_leg_info_n_cross_dma_swap","场外互换合约LEG信息-北上极速_香港","PHYSICAL_IDENTITY","是","否","","0","","197443;221905","227110","227110"
"dataset:235f48b34c70ea42dbb6770fcee8a62ced5f778c2669cbace146183d2a69ad81","dm_index_n.index_grp2_cust_org_stdast_aft_stagger_year_apd_all","客户*机构_标准资产_折算后&错期_当年日均_零售和机构柜台","PHYSICAL_IDENTITY","是","否","","5","","201695","197534;201976;201993;202486;228803;234266;234392","197534;228803"
"dataset:3c71bdba4467fc1f73e39562b2a3daf35601957e3fd3b4f5e2d6a7359cd0b147","pdata_n.t98_assm_trd_cfm_stati","T98_资管交易确认统计","PHYSICAL_IDENTITY","是","否","","1","","197974","208910",""
"dataset:a11e11af5d41076900e54a239f5164081e70256cca91822991cc05f6ba54b0c6","pdata_n.t98_assm_divd_stati","T98_资管分红统计","PHYSICAL_IDENTITY","是","否","","1","","197975","208910",""
"dataset:ab092c309f3423a43d32508ba6a1b397f0ccf87372af340d251f82c873f0391a","pdata_nds.d_v_fin_capital_acct_mapping","财务视图-Titans资金账户信息","PHYSICAL_IDENTITY","是","否","","2","","198021","198929;199720",""
"dataset:ce361489f2b215c0a9b972e310060fc3c212e2a30b4865452ba5e5a6021e64c1","odata_n_uip.gd_con_forecast_stk","","PHYSICAL_IDENTITY","否","否","","1","","198175","217511","198175"
"dataset:80149882d739baf7329d0285f91f46953f5bf5e7c40d98af89136ee9ff4aeada","dm_hk_n.ref_instrument_code_info","证券-证券编码","PHYSICAL_IDENTITY","是","否","","0","","246035","198441;226899;247365","226899;247365"
"dataset:ed3c56e64471ce874b90a573ab65564c79a321114c11f8ca2c507e8a3855a47d","dm_hk_n.ref_option_deal_strike_hk","场外交易期权合约结构票息表_香港","PHYSICAL_IDENTITY","是","否","","0","","198453;219390","226876;245432;245439","226876;245432;245439"
"dataset:8fe69bd60ca3f5f736e51e8f694165de0bef5336ae2cf66568b5c78a33cfa720","dm_hk_n.ref_otc_trd_option_deal_structure","场外交易期权交易结构表_香港","PHYSICAL_IDENTITY","是","否","","0","","198454;219391","226840;244974;244975","226840;244974;244975"
"dataset:ab09e847ff1d79aabc37163608fb289c14e9faea77539b03a496646e458a8b81","dm_hk_n.info_ref_otc_option_deal","OTC交易-期权交易合同要素_香港","PHYSICAL_IDENTITY","是","否","","0","","198467;221901","226815;245003;245004","226815;245003;245004"
"dataset:d1ea09eb87025471813f7ef236655265d790f2072f37a13e61bb0ade0e50e252","dm_hk_n.ref_trs_n","OTC背靠背互换交易","PHYSICAL_IDENTITY","是","否","","0","","198483;220427","226798;244410;244721","226798;244410;244721"
"dataset:a2ac2952b1fd916a414c355ef3248c21af7c1edf5195a8c7c23ee5fd7af1598e","dm_hk_n.info_ref_trs_leg","OTC交易-TRS-leg基本信息_香港","PHYSICAL_IDENTITY","是","否","","0","","198485;221904","226797;244793;244810","226797;244793;244810"
"dataset:ebe6de123ed63386d31051a3e9db0e82dcca9506fcb38fcab0bf903aa417a8ab","dm_hk_n.evt_trd_transfer","OTC收付款记录表_香港","PHYSICAL_IDENTITY","是","否","","0","","198514;221895","226746;244813;244816","226746;244813;244816"
"dataset:c32c76eec2270edef3f1050ff5973ee4d1972a657ccff93d84fb05d1ae18adf5","dm_hk_n.evt_trd_trs_event","OTC交易-TRS存续期事件_香港","PHYSICAL_IDENTITY","是","否","","0","","198515;221897","226744;244781;244783","226744;244781;244783"
"dataset:e218f41d36267f8ccd288de377dafd7ef992a8750709060cc176fcfd21c49395","odata_n_tit.d_margin_acct_daily_balance_p","【AI】保证金账户余额","PHYSICAL_IDENTITY","否","否","","1","","198638;243272","198710;244135","198638;243272;198710"
"dataset:f5d064a46c569ba7307b0ddbcefbf70252ad4d1b4550a502a4f30251fa5d93df","dm_index_n.index_grp1_company_salerwd_otcderi_qtr","广发证券_销售奖励_场外衍生品_季度","PHYSICAL_IDENTITY","是","否","","1","","203306","198739",""
"dataset:a5dc92785bd4b5719921b5f61acfd4ec262a7ad9b49063fe9014d58a3385960c","dm_index_n.index_grp1_company_saleincome_otcderi_qtr","广发证券_销售收入_场外衍生品_季度","PHYSICAL_IDENTITY","是","否","","1","","203311","198739",""
"dataset:d8a2f6e9df0a04a7f495fb097db9c129382d8332a30e257aa1263f7a4f47bbab","dm_otc_n.otc_deri_cros_sale_distr_qtr","季度交叉销售发放情况","PHYSICAL_IDENTITY","是","否","","0","","198739","",""
"dataset:abc3d8b6916d1822bb942fe39efe86f0ff2a14422f88347b48b2e0fad2967973","pdata_nds.y_bd_acc_fi_int","内部证券账户","PHYSICAL_IDENTITY","是","否","","5","","212507","198806;198929;200199;201133;202510",""
"dataset:9f41439f693e687e4a805a72c6d4330125027022c58fcfa61916b1bc2838f8ca","dm_fin_n.civ_trd_otc_trs_deli_dtl_day","估值场外互换","PHYSICAL_IDENTITY","是","否","","0","","198806;198831","",""
"dataset:e6414069a05b3722defedf44bc3315480e9d726658fe9ca208c1d2952a9a97b0","dm_fin_n.civ_trd_otc_opt_deli_dtl_day","估值系统场外期权","PHYSICAL_IDENTITY","是","否","","0","","198929;225436","",""
"dataset:7b6ef09621f7f8551461f9085a8954a235c57dd5feb5a9b27d3f6bfb239c7faf","pdata_nds.bundle_daily_contr_param","组合履保计算参数","PHYSICAL_IDENTITY","是","否","","2","K093","199157","200030;200078;215700","215700"
"dataset:f4d2d3266c03919941921c3ca6cc18aca26fed40387a5ffc79febbb34f3bdbc6","pdata_nds.margin_bundle_acct","组合盯市账号表","PHYSICAL_IDENTITY","是","否","","2","K093","199158","200030;200078;215700","215700"
"dataset:146cbb3960f74f9a7e663963929f07dde8c13d8344697768fd6effb460dde0e9","pdata_nds.margin_plan","履保方案表","PHYSICAL_IDENTITY","是","否","","2","K093","199159","200030;200078;215700","215700"
"dataset:fd1b10f1dd8e9ec1dab095e3ab0a087300d7d766fb4b0d339a7eeb23cd778751","pdata_n.t98_rep_fin_otc_deri_comp_info","每天一份快照，用于监管报送与财务核算的场外衍生品合约基础信息表","PHYSICAL_IDENTITY","是","否","","1","","199176;199178","200199",""
"dataset:c4c017c999da20d5c33f8451064fb83cc36a390c5a89098584c2b0e18fdbb521","pdata_n.t98_rep_fin_otc_deri_comp_trd_evt","T98_报送财务场外衍生品合约交易事件","PHYSICAL_IDENTITY","是","否","","2","","199179;199180","200199;201133",""
"dataset:721966c30ac2aa6b7e80b1dba271ca13674b85cbd8c6c0bd4503d29f19be3ea1","pdata_n.t98_otc_deri_ast_acct_bal_chg_evt","T98_场外衍生品资金账户余额变动事件","PHYSICAL_IDENTITY","是","否","","2","","199181","200199;201133",""
"dataset:be9f66fb5e97701c71b3f5e9862a225f468968698a79c131de08a78450101454","pdata_n.t98_otc_deri_ast_acct_bal_sum","每天一份快照，场外衍生品资金账户余额及业务占用汇总表，用于资金头寸汇总、保证金占用统计、资金风险监控与财务对账。","PHYSICAL_IDENTITY","是","否","","0","","199182;213442","210687","210687"
"dataset:4ebb0ef761a6e776366103663eb91bffc7424152c056ca04179c24d996733d02","odata_n_cap.upload_core_cust_manu_add_list","","PHYSICAL_IDENTITY","否","否","","1","","","199198",""
"dataset:9e36b8882dfea5f895d0bbe950afdb26ad5019d582976506989f5db7589efc9a","pdata_n.t98_brch_team_men_det","T98_分支机构团队成员明细","PHYSICAL_IDENTITY","否","否","","7","K016","","199240;199245;199809;199817;199879;203828;207351",""
"dataset:25290dfa391a7de0418b4e38cd1d50778ada8b7e467ed56e41fde8a462a41a4c","pdata_n.t98_brch_team_info","T98_分支机构团队信息","PHYSICAL_IDENTITY","否","否","","7","K016","","199240;199245;199809;199817;199879;203828;207351",""
"dataset:9f2362d0f57da48cd4f7382f2a403b63799fb79fb28959f4622029fdad4af6d2","dm_index_n.index_grp1_emp_addnetast_normdevrela_qtrmthavg","员工_新增净资产_普通开发关系&日均净资产大于等于1万的客户_当季月均","PHYSICAL_IDENTITY","是","否","","1","","199241","199240;202091","202091"
"dataset:ee746b107490cafeb017d502bf8baf3cadd993c339f0a3231cf76ac7694a9271","pdata_n.t04_emp_inr_list_det","员工内部名单明细","PHYSICAL_IDENTITY","否","否","","7","K016","","199240;199245;199809;199817;199879;202091;203828;207351","202091"
"dataset:bcc3726034c3b9ae3c37bcaf3594f8f7a7795e0aa29b96d82bcec459ed3a6484","dm_index_n.index_grp1_addnetast_normdevrela_teamleader_delnotprtcexamprsn_qtrmthavg","员工_新增净资产_普通开发关系&日均净资产大于等于1万的客户&团队长&剔除不参与考核人员_当季月均","PHYSICAL_IDENTITY","是","否","","0","","199240","202091","202091"
"dataset:1432233fd87e8a28f5a246d19d2a6697591ea6f7f9998c627bf4de712d43b469","dm_index_n.grp_tag_indv_cust_typ_retmngr_exam","组合标签_客户类型_零售经理考核口径","PHYSICAL_IDENTITY","否","否","","1","","","199241",""
"dataset:5c76c5f177b7481122459a85a07dd84bd90750093e3008ac923873f7fddefbe6","pdata_nds.input_cust_kpi_reward","零售、投顾经理考核口径第四类参与考核的客户","PHYSICAL_IDENTITY","否","否","","1","","","199241",""
"dataset:34c315d64c10ea1be2cea017ab02f960388be1de5764d0d0522e219654d5ec47","dm_index_n.index_grp1_emp_mthavgtotincome_astpkgrela_qtr","员工_月均总创收_资产包关系_当季","PHYSICAL_IDENTITY","是","否","","0","","199242","202091","202091"
"dataset:d1f40ef3e7b204508e034137ba857888eafe17c8eeeb047227bcd98d78f30313","dm_index_n.index_grp1_emp_totincome_manp_delredpfee_mth","员工_总创收_人力效能口径&剔除赎回费_当月","PHYSICAL_IDENTITY","否","否","","1","","","199244",""
"dataset:712ec6ba46909c19f43c5cc4bc0ac9802dfc92d6620b2de0179afcb2e872ccee","dm_index_n.index_grp1_emp_manp_cost_mth","员工_人力成本_当月","PHYSICAL_IDENTITY","否","否","","2","","","199244;203828",""
"dataset:4a56f2807a07f8b98c7190af37e4239f1f2923937349d1ff25bcfed003256ed7","dm_index_n.index_grp1_emp_manp_activity_mth","员工_人力效能_无限制条件_当月","PHYSICAL_IDENTITY","是","否","","1","","199244","199246;202091","202091"
"dataset:01553f957cd58e356d1dc279ab3c8255df503b6a92ba7d20e6818fe174dd90ca","dm_index_n.index_grp1_emp_totincome_devrela_teamleader_mth","员工_总创收_开发关系&团队长&剔除不参与考核人员_当月","PHYSICAL_IDENTITY","是","否","","0","","199245","202091","202091"
"dataset:881662c4f215e85f2599e7d3be1e1e1cc8adc5462baa0d0c9b649af92ca94567","dm_index_n.grp_tag_staff_human_efficiency_standard","组合标签_员工_人力效能是否达标","PHYSICAL_IDENTITY","是","否","","0","","199246","202091","202091"
"dataset:95cd0baab72e956ce01209470dffa3df6fc795c0163f9795c0fdda8480ebabb8","dm_index_n.index_grp1_cust_palamt_relapst_astpkg_obsv_mth_all","客户_盈亏金额_资产包关系&观察池关系&关系生效后_当月_零售和机构柜台","PHYSICAL_IDENTITY","是","否","","0","","199337","208353","208353"
"dataset:2fe88a55f83664cba3db589ff27ca95556c7b5d3667bc288344ab627201fbd60","dm_index_n.index_grp1_compscal_otcderi_cs_yearapd","营业部&分公司&员工_合约规模_场外衍生品&交叉销售_当年日均","PHYSICAL_IDENTITY","是","否","","2","","206208","199408;199482",""
"dataset:52acfc00c7f76c823c30b1b94528bdbe2076ec33afce42e7dfe00326336e7abc","dm_otc_n.trd_org_cust_rank_mth","分支机构客户交易规模排名","PHYSICAL_IDENTITY","是","否","","0","","199408","",""
"dataset:1995673a650ec4b79b28dbd43c1bc6f759d54c70407496fd9f9bb4864073115b","pdata_nds.u_sysdictionary","零售字典表","PHYSICAL_IDENTITY","是","否","","1","","199435","216416",""
"dataset:3f9029b1243f8fc6e03afd0268a96542fbf7849a57b36484410650b8de82955a","dm_otc_n.trd_org_cust_stru_rank_mth","分支机构客户交易结构规模排名","PHYSICAL_IDENTITY","是","否","","0","","199482","",""
"dataset:a9055576458f8345ed11629c59d96044ff3e7426c2e681f685866c5d55a4ffa6","dm_index_n.grp_tag_otc_deri_contr_type_busi_type","组合标签_场外衍生品业务类型","PHYSICAL_IDENTITY","是","否","","1","","225262","199706",""
"dataset:8249b52982219151edc37542a0e08f1b94d00ef653335deea47c931fa0f48a38","dm_otc_n.trd_deri_stru_type_mth","月度衍生品结构类型交易情况","PHYSICAL_IDENTITY","是","否","","0","","199706","",""
"dataset:ad4da034fe0113476a3d4c722de6048fb3df1bb430ad414201814f7f4163eb2f","dm_fin_n.civ_otc_capital_acct_mapping","估值系统Titans资金账户信息","PHYSICAL_IDENTITY","是","否","","0","","199720","199723","199723"
"dataset:0005f072eecc71393a9a4244d6f0c4c60695cd511ffae9136037214354db1ce9","dm_otc_n.trd_deri_type_mth","月度衍生品类型交易情况","PHYSICAL_IDENTITY","是","否","","0","","199727","",""
"dataset:de020eb7cd5e98e0d61120261e38f7b8be0a7e935548a4833d5f098b72dc99b6","dm_fin_n.civ_otc_fin_option_info","估值系统titans期权信息","PHYSICAL_IDENTITY","是","否","","0","","199729","199734","199734"
"dataset:ebdc98076f2374d5cda475e3c663714694c7be001673184ba63e624b75857c1c","dm_fin_n.civ_fin_option_premium_info","估值系统期权费用信息","PHYSICAL_IDENTITY","是","否","","0","","199736","199740","199740"
"dataset:53cfb216f2fb9f55a1e2ec52a482fe294aebe6f958d6fe63fb0a2dad171db4bb","dm_index_n.index_grp1_cust_astnetinamt_astacctng_tdy_all","客户_资产净流入金额_资产核算_当日_零售和机构柜台","PHYSICAL_IDENTITY","否","否","","1","","","199739",""
"dataset:38d6a14b68ab16f4adc34d5327e94bf1fb850eeaa770fa6830fae1f7dfddc909","dm_index_n.index_grp1_cust_bscast_astpkg_obsv_mth_all","客户_基期净资产_资产包关系&观察池关系&关系生效后_当月_零售和机构柜台","PHYSICAL_IDENTITY","是","否","","0","","199739","208353","208353"
"dataset:ba27b338263bf1ace33cc3ec6cdcb7d1e060809c041d7ec8f1a8219e199259a0","dm_index_n.index_grp1_astincomerate_astpkgrela_teamleader_delnotprtcexamprsn_mth","员工_资产创收率_资产包关系&团队长&剔除不参与考核人员_当月","PHYSICAL_IDENTITY","是","否","","0","","199809","202091","202091"
"dataset:41e3a05b95c88d0ef961b7a8f435b4a806923e3f452554de757bfd1f951d232f","dm_index_n.index_grp1_totincome_astpkgrela_teamleader_delnotprtcexamprsn_mth","员工_总创收_资产包关系&团队长&剔除不参与考核人员_当月","PHYSICAL_IDENTITY","是","否","","0","","199817","202091","202091"
"dataset:e2d863cf5664b4fc2bb2bd8924a0f07f06242fe6cd8922d2da4ecf9054501cca","dm_fin_n.civ_d_v_fin_trs","估值系统场外金融TRS交易表","PHYSICAL_IDENTITY","是","否","","0","","199838","199844","199844"
"dataset:dcec301762052a449324d95f764dcdf2e500c6656cb1233ed17ee261964c2c08","dm_fin_n.civ_fin_trs_plreport","估值系统股转系统股票日行情表","PHYSICAL_IDENTITY","是","否","","0","","199845","199855","199855"
"dataset:80961e6a04912ce57bc548da582a116f03cc342d4c0048dd65c6d7dda8c84d02","pdata_n.t01_pty_bnk_acct_h","当事人银行账户历史","PHYSICAL_IDENTITY","是","否","","1","","199856;225386","222830",""
"dataset:eeeba00215351bb20279ce8196e9bfcda2355634d427128f696925c10f725b20","spdata_n.t05_sb_otc_trd_note_info","自营场外交易票据信息","PHYSICAL_IDENTITY","否","否","","1","","","199871",""
"dataset:acbf2411f34f161a005c43da6dd735623da60ea0a7101ae2c068ffb75c182ef1","spdata_n.t98_xir_fin_inst_mkt_sum","T98_衡泰金融工具市场汇总","PHYSICAL_IDENTITY","否","否","","1","","","199871",""
"dataset:ce66c81870e88a996c7d32271aad8893914e85c4f37962a1c77a1de9786c7d80","dm_fin_n.civ_market_prices_spt_cp_t","估值系统票据行情","PHYSICAL_IDENTITY","是","否","","0","","199871;199872","",""
"dataset:d3ab7e5f2e8b8d51744f73377c710c20aecccc00eaf405a706419aa8c6ffca93","dm_index_n.index_grp1_apdtotast_astpkgrela_teamleader_delnotprtcexamprsn_mth","员工_日均总资产_资产包关系&团队长&剔除不参与考核人员_当月","PHYSICAL_IDENTITY","是","否","","0","","199879","202091","202091"
"dataset:a1eb5dbfa0dbe90d9bcaa22959b8e1f1362a38b015278f0ccf7b90334f9c875b","pdata_nds.bundle_margin_underlying_type","组合履保计算参数","PHYSICAL_IDENTITY","是","否","","2","K093","200489","200030;200078;215700","215700"
"dataset:ab1d251479b458c5dd76471159a885320e317149c86ec53918e975cde5a2ec21","dm_otc_n.adm_v_risk_daily_bundle_margin","每日组合履保计算结果","PHYSICAL_IDENTITY","是","否","","0","","200030","",""
"dataset:5c412058fe378c1d28a1d25455ce771c5e57d2fec740cf8510de24e32799bb81","dm_index_n.index_grp1_cutpenty_compscal_otcderi_yearapd","客户主体_合约规模_场外衍生品_当年日均","PHYSICAL_IDENTITY","是","否","","1","","203879","200048",""
"dataset:528af7a714f2013973ef5fb608f5ccb72bfb0fb3c1bb734e46f8029a10108599","dm_otc_n.otc_deri_cros_top10_cust_stru_scal_prop_mth","年前十交易规模客户品种日均占比","PHYSICAL_IDENTITY","是","否","","0","","200048","",""
"dataset:7027802e949cd753ff19a444fca45c32060f40564facb54fa593a3f539dd0518","pdata_n.t01_cutp_perf_marg_plan_info","每日一份快照，存放当事人交易对手的履保方案信息，包括履保方案，履保状态等。","PHYSICAL_IDENTITY","是","是（并非已逐分支核验）","docs/00-20260914-图谱认知/01-tit入模/02-TIT入模去向.md;docs/00-20260914-图谱认知/01-tit入模/05-去向与未命中分类.md;docs/00-20260914-图谱认知/01-tit入模/T01-主体与交易对手/05 履保方案.md;docs/00-20260914-图谱认知/01-tit入模/T01-主体与交易对手/当事人与交易对手.md","1","","200060","207458;207513;207514;229121","207458;207513;207514"
"dataset:ab283c7f97ae22f15349e2bd5c44f0fdbdc65e313ab5337f02a9863c3146f231","dm_rsk_n.adm_v_risk_daily_bundle_margin","风险_每日组合履保计算结果","PHYSICAL_IDENTITY","是","否","","0","","200078","",""
"dataset:1c2fc8ab59f4d6b6e5bdf1a177ffd6c687c005183371bb982e85c90c692b2af9","odata_n_uip.g_bbg_bond_price","","PHYSICAL_IDENTITY","否","否","","1","","200083","203449","200083"
"dataset:31eca71b885bdd462ef92fb2582082d7d4241e0098987180fd8de4ade409e689","pdata_n.t98_rms_corp_cust_base_info","T98_投研对公客户基本信息","PHYSICAL_IDENTITY","否","否","","1","","","200096",""
"dataset:0ca662cb41d6bc133affca1f7c8b40745d5bb9655ed8dd7d8a2fd2d1b1ccdbc5","pdata_n.t98_rms_corp_cust_emp_rela_info","T98_投研对公客户员工关系信息","PHYSICAL_IDENTITY","否","否","","1","","","200096",""
"dataset:973ed25330a809d45c50efd48acf4f10c9a4f764980a8bd368ab5b13b85575b7","dm_fin_n.civ_trd_otc_trs_deli_dtl_day_hk","估值香港场外互换","PHYSICAL_IDENTITY","是","否","","0","","200199;200256","",""
"dataset:143e9673209f729a988834bf146ae39362b30d9a01e690199bbe58c9b987a72d","odata_n_tit.d_bundle_margin_underlying_type","组合履保标的类型","PHYSICAL_IDENTITY","否","否","","1","","200352","200489","200352"
"dataset:3771da8fcc4d8081a0390d44630126c2fdb273706bf29572b5ff5b0e46915bc5","odata_n_uip.w_hiborprices_p","","PHYSICAL_IDENTITY","否","否","","1","","200632","223531","200632"
"dataset:88162eb31d2c2a134e375cef99a7fe5f9e5a4869a64504bfc06fbd448473d334","dm_index_n.index_grp1_cutpenty_compscal_otcderi_tdy","客户主体_合约规模_场外衍生品_当日","PHYSICAL_IDENTITY","是","否","","1","","201318","200633",""
"dataset:a11d5d5f3d90318311a1e3c1c5fa65463518b56313fa0a22dd679a627a01f9b5","dm_index_n.grp_tag_otc_deri_cutp_enty_trd_freq","组合标签_场外衍生品客户交易频率","PHYSICAL_IDENTITY","是","否","","1","","208608","200633",""
"dataset:04ff0740f194ee08d89d5fce23c8458157171fbf1e442ad86173230183a70d96","dm_otc_n.trd_cust_mth","客户月度交易情况","PHYSICAL_IDENTITY","是","否","","0","","200633","",""
"dataset:802006b56f7e170558c91a4449539b48219aa78d5fa860958a38dd590b7eea4c","odata_n_bdp.p_t_meta_tag","元数据标签表","PHYSICAL_IDENTITY","否","否","","1","","","200745",""
"dataset:fa6d6b4e67b7984e1e19f5dd9ca28b001362da486f3843fab699585abf81ef82","dm_otc_n.trans_statement_deal_detail","TRANS_STATEMENT_DEAL_DETAIL","PHYSICAL_IDENTITY","是","否","","0","","201074","201075;228896","201075;228896"
"dataset:4808deaeee648e83b09c8f614e7e272ae993574e6da6376da26af9761ca4a351","pdata_hk.t05_hk_ext_opt_trd_evt","香港子公司外部期权交易事件","PHYSICAL_IDENTITY","否","否","","1","","","201133",""
"dataset:be58f176427cac8c81c52fbd3aced9ae1f97657afd2756b0e629b0d506957924","pdata_hk.t03_hk_ext_opt_hold_info","香港子公司外部期权持有信息","PHYSICAL_IDENTITY","否","否","","1","","","201133",""
"dataset:66a2fbc36773c6c009c386b7caa57083899a4b1e778be2114218e5682f866734","pdata_hk.t98_gfse_so_hold_sett_info","T98_香港经纪股票期权持仓结算信息","PHYSICAL_IDENTITY","否","否","","1","","","201133",""
"dataset:8bd5e43a7c4cb8a76ba67438876924a747b8f4ba2851d39a6512c29c40050c13","pdata_hk.t98_gfse_so_trd_sett_info","T98_香港经纪股票期权交易结算信息","PHYSICAL_IDENTITY","否","否","","1","","","201133",""
"dataset:e14276a65b5d333c985aa5fa1ec0382d9665ed354baf841dd975e68410fedbcd","dm_fin_n.civ_trd_otc_opt_deli_dtl_day_hk","估值香港场内场外期权","PHYSICAL_IDENTITY","是","否","","0","","201133;201181","",""
"dataset:a0ad4eb6b2b79f741658b568d7c471d8f35d6777e046e5dcf1285e6a42cafa12","pdata_n.t98_inr_org_race_stmt","T98_内部机构竞赛报表","PHYSICAL_IDENTITY","否","否","","1","","","201197;243790","201197"
"dataset:2bcfb6fa823ec4343ea3ed1edf17085c09b3ae3978f4369b1f0f0746a35c4eb0","dm_index_n.index_grp1_cutpenty_trddays_otcderi_near1mth_tdy","客户主体_交易天数_场外衍生品&近一个月_当日","PHYSICAL_IDENTITY","是","否","","0","","201252","",""
"dataset:f4f3ed6fea40c393420022748306da39243749861bb63970c6f40d90432f1bf8","dm_otc_n.fdm_t02_ira_fixing_repo_rate_xir","场外_利率行情数据","PHYSICAL_IDENTITY","是","否","","0","","201282","201891;228915","201891;228915"
"dataset:d11ad2eb90aaf5663fabe36e74cacec2caf3d0d458d95133c5b30817b694495d","dm_index_n.index_grp1_cust_income_fullcali_mth_ricc","客户_创收_全口径_当月_零售和机构柜台","PHYSICAL_IDENTITY","是","否","","4","","201299","202286;202399;207665;208626;232655;236483","207665;236483"
"dataset:f67e641bcdf7205fd7deea4b7a2512d3c85658858dabb5112f6459a7ec18ad40","dm_index_n.deri_list","","NONE","否","否","","0","","","201463;214722",""
"dataset:d81669295b3bf85f40dbc0bef553bc2cca73f9b18366f0f2040c917823298be4","dm_index_n.index_grp2_tnramtprop_season","产品*营业部&分公司&总部各部门_保有金额占比_剔除内部户&场外衍生品_季","PHYSICAL_IDENTITY","是","否","","1","","201463","232556",""
"dataset:5382eaa5e31941fdb1ae712c78c1808f85a22ab9e126a8f43932f226f0cc1986","dm_index_n.index_grp1_cutpenty_trdscal_otcderi_year","客户主体_交易规模_场外衍生品_当年","PHYSICAL_IDENTITY","是","否","","0","","201483","",""
"dataset:9c9253cd2bd2d1105b1bd5247125f5a4e6fedf9982ba18ea85250b4be04593f3","pdata_n.t05_msa_prom_draw_evt","易淘金活动礼品领取事件","PHYSICAL_IDENTITY","否","否","","1","","","201551",""
"dataset:838f558d1df9bbe3e85bea32c72abe5c16f9c10e8daf4edd07666982598279f8","dm_index_n.index_grp1_enddrawdate_custact","客户_末次领取日期_客户尊享活动","PHYSICAL_IDENTITY","是","否","","0","","201551","208983","208983"
"dataset:cf8a4b2afe8899295e30ebdc92e21c8d916517ac7324bac81f28f7a66c6a5b1e","dm_index_n.index_grp2_cust_org_stdast_bef_stagger_mth_10fix_all","客户*机构_标准资产_折算前&错期_当月日均&每月10号固化上月数据_零售和机构柜台","PHYSICAL_IDENTITY","是","否","","0","","201644","",""
"dataset:750f726ca75044e5125156ad25ef591a0fc6f36655f4d7f23dd0b46c42df9279","dm_index_n.index_grp2_cust_org_stdast_aft_stagger_mth_10fix_all","客户*机构_标准资产_折算后&错期_当月日均&每月10号固化上月数据_零售和机构柜台","PHYSICAL_IDENTITY","是","否","","0","","201657","",""
"dataset:18b37c003f167841b4dc0ea15dd06b9c8d25ef10b617c78cdbfa3046d34b7509","dm_index_n.index_grp2_cust_org_stdast_bef_stagger_year_apd_all","客户*机构_标准资产_折算前&错期_当年日均_零售和机构柜台","PHYSICAL_IDENTITY","是","否","","0","","201699","",""
"dataset:b29c285e56b25d0ce899bfe0e4bc86036740583ec1686d6ad6cf8ff820cd056b","odata_n_uip.w_cdreodderivativeindicator_p","中国存托凭证日行情估值指标","PHYSICAL_IDENTITY","否","否","","1","","201959","201969","201959"
"dataset:9ef5f7be3541921b2fbd9a2069b162954f0fe9b7ad3d282f8253df9868112377","dm_index_n.index_grp1_org_stdastincrsrate_aft_yearapd_bsc_mth_all","机构_年日均标准资产增长率_折算后_当月_零售和机构柜台","PHYSICAL_IDENTITY","是","否","","0","","201976","203958;207070","203958;207070"
"dataset:389bbaca6014b5ebddafb4d86e0120e042df45beef8ff3821bcd67314882ad2f","dm_index_n.index_grp1_cust_stdast_aft_stagger_qtrapd_all","客户_标准资产_折算后&错期_当季季均_零售和机构柜台","PHYSICAL_IDENTITY","是","否","","5","","234350","201980;202160;202175;202286;208353;234362;234954","208353;234954"
"dataset:06fa2dff29275b0a0d6f1961bf93bea9092151e83e935e18098f8c5061624d6a","dm_index_n.index_grp1_cust_stdastincrsrate_aft_qtrapd_pqtrapd_mth_all","客户_季日均标准资产增长率_折算后_当月_零售和机构柜台","PHYSICAL_IDENTITY","是","否","","1","","201980","203119;207665;218244;232676;234954","203119;207665;218244;234954"
"dataset:5a58aa1ac1164ba2f96124b8846ca6168d00b6d1474b9f6876e91bdb152dc671","dm_index_n.index_grp2_cust_org_stdastincrsval_aft_yearapd_bsc_mth_all","客户*机构_年日均标准资产增长值_折算后_当月_零售和机构柜台","PHYSICAL_IDENTITY","是","否","","0","","201993","",""
"dataset:cf87e9ccc704146c925755f0518fc87fef71398273228620b3604e7e3102cd21","dm_index_n.index_grp2_cust_org_stdast_aft_stagger_qtrapd_all","客户*机构_标准资产_折算后&错期_当季季均_零售和机构柜台","PHYSICAL_IDENTITY","是","否","","1","","202038","201994",""
"dataset:24541511f3803385123214e7c03fbea158f4597573fcd25ddf86cc4314fff4e3","dm_index_n.index_grp2_cust_org_stdastincrsval_aft_qtrapd_pqtrapd_mth_all","客户*机构_季日均标准资产增长值_折算后_当月_零售和机构柜台","PHYSICAL_IDENTITY","是","否","","0","","201994","218236","218236"
"dataset:15642aeda98bf84f60c5365bd7f8301da7724ebefd2de67f796b009bd99daacd","dm_index_n.index_grp1_org_year_stdast_coporp_aft_stagger_mth_all","机构_年日均标准资产司占比_折算后&错期_当月&每日更新本月及上月数据","PHYSICAL_IDENTITY","是","否","","2","","234266","202020;202172",""
"dataset:48d94c9a46dfd5683894f32bdff25e9bdaa1bbff7e654f2e2125051faa566fe0","dm_index_n.index_grp1_org_stdast_coporp_aoin_aft_year_mth_all","机构_年日均标准资产司占比增长值_折算后_当月_零售和机构柜台","PHYSICAL_IDENTITY","是","否","","0","","202020","203958;207070","203958;207070"
"dataset:0ed0766877806131149658c05f6d75eeb441cae7b524f7297c65f888f1ca2757","pdata_n.t98_emp_strg_cust_cs_rwd_stmt","T98_员工战略客户交叉销售业务奖励报表","PHYSICAL_IDENTITY","否","否","","1","","","202071;243781","202071"
"dataset:23ff177064c7345f3ebde70328294669f1a9c1dac7b600084660563b11e71df4","pdata_n.t98_org_strg_cust_cs_income_stmt","T98_机构战略客户交叉销售业务收入报表","PHYSICAL_IDENTITY","否","否","","1","","","202071;243781","202071"
"dataset:e31777d3893ff939154f21e99dc07f1ce19de7e2bb6a4fdc9c2631db365ea6de","dm_index_n.index_grp1_org_income_fullcali_oactrela_mth_ricc","营业部_创收_全口径&开户关系_当月_零售和机构柜台","PHYSICAL_IDENTITY","否","否","","4","","","202073;202279;202294;202353;203958;207070","203958;207070"
"dataset:47e72091f10b474968c282be78f1b3db2288a8a69e026693c220465340fbf212","dm_index_n.index_grp1_org_propincrsval_fullcali_oactrela_mth_ricc","营业部_创收司占比增长值_全口径&开户关系_当月_零售和机构柜台","PHYSICAL_IDENTITY","是","否","","0","","202073","203958;207070","203958;207070"
"dataset:b968552609af817fda8145551b22d1024dd31f54efb8ce076c5f559596be76ee","dm_index_n.index_grp1_emp_manp_qualrate_delnotprtcexamprsn_qtrmthavg","员工_人力效能达标率_剔除不参与考核人员_当季月均","PHYSICAL_IDENTITY","是","否","","0","","205915","202091","202091"
"dataset:8c7e66b6b4a3604787120e5f3bd4a45e172138dd2b3147707777fa4b65c567a3","dm_index_n.index_grp1_emp_manpcost_accotteamrelasum_mth","员工_人力成本_按团队关系汇总_当月","PHYSICAL_IDENTITY","是","否","","0","","203828","202091","202091"
"dataset:d850cea790a7bb0f714bd363233993c1f9d346797783b4cee089dda304b64186","dm_index_n.index_grp1_emp_totincome_devrela_teamleader_ninclteamleader_mth","员工_总创收_开发关系&团队长&剔除不参与考核人员&不含团队长_当月","PHYSICAL_IDENTITY","是","否","","0","","207351","202091","202091"
"dataset:c6ca2abca442e72477f2070c84b6e48bd24c7f41598061ec1d4870f8c51078a3","odata_n_tit.f_trd_trs_udly_deal_allo","交易- 交易型TRS成交回报分配表","PHYSICAL_IDENTITY","否","否","","0","","202097","202900","202097"
"dataset:66dcc150bdf63e2facc71a5ff837bff8af8fd49763522fb64cdca373df56bd90","dm_index_n.index_grp1_cust_stdast_coporp_aoin_aft_qtrcomprpqtr_mth_all","客户_季日均标准资产司占比增长值_折算后_当月_零售和机构柜台","PHYSICAL_IDENTITY","是","否","","1","","202160","203119;207665;218252;232675","203119;207665;218252"
"dataset:61679cabe2533608dd685ebe861fd2b68a18f37985e3f827dda5232a6be07125","dm_index_n.index_grp1_org_stdast_coporp_grrate_aft_year_mth_all","机构_年日均标准资产司占比增长率_折算后_当月_零售和机构柜台","PHYSICAL_IDENTITY","是","否","","0","","202172","203958;207070","203958;207070"
"dataset:42b778bc7f2273b9fe48962083bbecffc01071e28a0705c8dee861c291a8032e","dm_index_n.index_grp1_cust_stdast_coporp_grrate_aft_qtrcomprpqtr_mth_all","客户_季日均标准资产司占比增长率_折算后_当月_零售和机构柜台","PHYSICAL_IDENTITY","是","否","","1","","202175","203119;207665;218255;234130","203119;207665;218255"
"dataset:c73a1a247bb2966e9bc4c0cf9bfaeb4836603026dcb78adb42b989eaaad2708c","pdata_n.t05_otc_deri_swap_mtch_retu_evt","每天增量更新，记录互换类交易的匹配返还分配事件，包含交易对手、分配方向与状态、分配数量及前后变动、交易金额，关联期限调整事件，用于互换交易返还分配管理、台账核对与业务追溯。","PHYSICAL_IDENTITY","是","是（并非已逐分支核验）","docs/00-20260914-图谱认知/01-tit入模/02-TIT入模去向.md;docs/00-20260914-图谱认知/01-tit入模/05-去向与未命中分类.md","1","","202899","202186",""
"dataset:fa5783c4f52470ab80f3e19bb1d16699c314e562f62b028758e8380faae3ff4e","dm_hk_n.otc_trd_trs_underlying_deal","总收益互换交易信息","PHYSICAL_IDENTITY","是","否","","0","","202186","202219;226677","202219;226677"
"dataset:2edc9da1edc64058c9e809f06b2a4a543ad4e078fb7da9203931b09a09aa51a5","pdata_n.t05_otc_deri_swap_mtch_retu_asgn_evt","场外衍生品互换成交回报分配事件","PHYSICAL_IDENTITY","是","是（并非已逐分支核验）","docs/00-20260914-图谱认知/01-tit入模/02-TIT入模去向.md;docs/00-20260914-图谱认知/01-tit入模/05-去向与未命中分类.md","1","","202900","202233",""
"dataset:c9491ffb6d4f5f835789ed7dd504678f7a03f0eee0f7611492395657a947cadb","dm_hk_n.otc_trd_trs_udly_deal_allo","总收益互换交易配给信息","PHYSICAL_IDENTITY","是","否","","0","","202233","202235","202235"
"dataset:000871e0f89e4143fca1e229fca8c3ce5d13e4f9a87a23c8a8d288accfb56c76","dm_index_n.index_grp1_org_stdast_muyield_oactrela_mth_all","机构_年日均标准资产亩产_全口径&开户关系_当月_零售和机构柜台","PHYSICAL_IDENTITY","是","否","","0","","202279","203958;207070","203958;207070"
"dataset:0ea33980b3e70241facbdd83ebc80c7fe6e7ce51b3c652d512560704b9625801","odata_n_rcc.u_etfcode_p","ETF代码表","PHYSICAL_IDENTITY","否","否","","2","","202281;239794","237781;239937","202281;239794"
"dataset:27548cc29253984baf0a39502d0a31c4c67a0aa8c17936d754563cee7bb90af3","dm_index_n.index_grp1_cust_stdast_muyield_fullcali_mth_all","客户_季日均标准资产亩产_全口径_当月_零售和机构柜台","PHYSICAL_IDENTITY","是","否","","1","","202286","203119;207665;218404;232652;234954","203119;207665;218404;234954"
"dataset:68054c4abe29d7d4e24d884e7772e4d9ccedd3ea94928f461317491c28d8f17c","dm_index_n.index_grp1_org_aumnetast_muyield_oactrela_mth_all","机构_年日均AUM总资产亩产_全口径&开户关系_当月_零售和机构柜台","PHYSICAL_IDENTITY","是","否","","0","","202294","203958;207070","203958;207070"
"dataset:21a0314f1ad53727e0754ba71a5924753d98d83b31c563762c3a742293a0eb5b","dm_index_n.index_grp1_cust_aumnetast_muyield_fullcali_mth_all","客户_季日均AUM总资产亩产_全口径_当月_零售和机构柜台","PHYSICAL_IDENTITY","是","否","","1","","202295","207665;232651;234954","207665;234954"
"dataset:3a6c99e2d31bc137bdde0834f10aae30c0c5190a7bbbf2df0c503331dc7707ed","dm_index_n.index_grp1_org_custaum_navsupernetrate_oactrela_mth_all","机构_客户AUM净值超净率_开户关系_当月_零售和机构柜台","PHYSICAL_IDENTITY","是","否","","0","","202307","203958;207070","203958;207070"
"dataset:8bace6c0c271700b55ab0361a2294d90e882e72a3e04f26df9857f0c017d222d","dm_index_n.index_grp1_org_propincrsrate_fullcali_oactrela_mth_ricc","营业部_创收司占比增长率_全口径&开户关系_当月_零售和机构柜台","PHYSICAL_IDENTITY","是","否","","0","","202353","203958;207070","203958;207070"
"dataset:b5b19b9e4ddd9fb9c33d52558b2ee541df0a8344506a4b0b70aac625a9777d29","pdata_n.t03_prd_ord_info","产品中心订单信息","PHYSICAL_IDENTITY","否","否","","3","K039","","202397;202400;202401",""
"dataset:25fd10da278fc3d19e81807067f961764d53d683da989f93005f19e489ac419a","dm_index_n.grp_tag_client_cust_year_ia_nws_new_addsign","组合标签_客户_是否当年AUM投顾资讯新签客户","PHYSICAL_IDENTITY","是","否","","1","","202397","203119;207665;208353;232820;234954","203119;207665;208353;234954"
"dataset:7b2dfb9a3271b375e70f67db0c44c251eecdfd0d282877f5c38b0f67858522a0","dm_index_n.grp_tag_client_cust_year_product_tenure","组合标签_客户_是否当年产品保有客户","PHYSICAL_IDENTITY","是","否","","1","","202398","203119;207665;208353;232820;234954","203119;207665;208353;234954"
"dataset:ee8ad1b3f2cbb4430e5560e1cc92be37205f6d8cf8773bbf857c69a3a241d2de","dm_index_n.index_grp1_cust_propincrsrate_fullcali_mth_ricc","客户_创收司占比增长率_全口径_当月_零售和机构柜台","PHYSICAL_IDENTITY","是","否","","1","","202399","203119;207665;232653","203119;207665"
"dataset:71e454a631483308f4d9878a14f770e9bbcb65abd11e1a032ec67bf63e8301df","dm_index_n.index_grp1_emp_newsign_custcount_ianws_mth_ricc","员工_新签约客户数_投顾资讯_当月_零售和机构柜台","PHYSICAL_IDENTITY","是","否","","0","","202400","203979;207271","203979;207271"
"dataset:064d9bf71da6e7bef19f9f70934a381a45f66abc212ed43c57b56748d0726f5d","dm_index_n.index_grp1_org_newsign_custcount_ianws_mth_ricc","营业部_新签约客户数_投顾资讯_当月_零售和机构柜台","PHYSICAL_IDENTITY","是","否","","0","","202401","203958;207070","203958;207070"
"dataset:708e78505959bc3be3c21162776bbe8f90fe13957553be695025ecf6ff73f6ed","dm_index_n.index_grp1_covrg_fullprdtnrcust_oactrela_accumtomth_ricc","营业部_覆盖率_全产品保有客户&开户关系_累计至当月_零售和机构柜台","PHYSICAL_IDENTITY","是","否","","0","","202402","203958;207070","203958;207070"
"dataset:b11842ed9dc53480637e04204841dc75478d3a013057a3cf0806dafc816bbc99","dm_index_n.index_grp1_emp_covrg_fullprdtnrcust_astpkgrela_accumtomth_ricc","员工_覆盖率_全产品保有客户&资产包关系_累计至当月_零售和机构柜台","PHYSICAL_IDENTITY","是","否","","0","","202403","203979;207271","203979;207271"
"dataset:212a7110507002d35242b5bfb3f7e6b679ff2d34ae9afb8b173eec6b71d06e46","dm_index_n.index_grp2_cust_org_year_stdast_coporp_aft_stagger_mth_all","客户*机构_年日均标准资产司占比_折算后&错期_当月_零售和机构柜台","PHYSICAL_IDENTITY","是","否","","0","","202486","",""
"dataset:a1e3445b69e61e0643cd47ce02ae9f3b35aaa37ccfe9af034fbd4a253719ffbb","odata_n_uip.gd_rpt_forecast_stk","","PHYSICAL_IDENTITY","否","否","","1","","202487","217510","202487"
"dataset:5c76516a1f51ba841f7cf24a92f4d404e70f1ce3f32127ee1b72a965f2026676","dm_index_n.grp_tag_client_is_srv_impcust","组合标签_是否为当月已服务的重点客户","PHYSICAL_IDENTITY","否","否","","2","","","202490;232820",""
"dataset:c78c608875c66f8478ce7c60b53f34707a96cdfe3f2a8e846c3decb911954df8","dm_index_n.grp_tag_client_is_impsrv","组合标签_是否为已服务的重点客户_当年","PHYSICAL_IDENTITY","是","否","","2","","202490","202516;207665;232820;234954","207665;234954"
"dataset:b4f9e4902b7f0982ef0043cc33aa352a275a4fb601a0f21d37cd767948294ad2","dm_fin_n.civ_trd_bill_deli_dtl_day_hk","估值系统香港票据","PHYSICAL_IDENTITY","是","否","","0","","202510;203056","",""
"dataset:0e8fbc81bdcae9096bbdb3312402c9ff719476bb585c1a89057b3cd1fefc9d3d","dm_index_n.index_grp1_servcovrg_impcust_astpkgrela_year","分公司&营业部&员工_服务覆盖率_重点客户&资产包关系_当年","PHYSICAL_IDENTITY","是","否","","0","","202516","203958;203979;207070;207271","203958;203979;207070;207271"
"dataset:805fbb44a645df18b69e29b3f8dfc20a470ec8be687513cdcb39baced197c14d","dm_index_n.index_grp1_org_addcust_optbusi_oactrela_mth_ricc","营业部_新增客户数_期权业务&开户关系_当月_零售和机构柜台","PHYSICAL_IDENTITY","是","否","","0","","202538","203958;207070","203958;207070"
"dataset:760f852c473531d30eaa32df394ae528805b37e0597ebfb69f3b6c076592e77c","dm_index_n.index_grp1_emp_addcust_optbusi_optdevrela_mth_ricc","员工_新增客户数_期权业务&期权开发关系_当月_零售和机构柜台","PHYSICAL_IDENTITY","是","否","","0","","202539","203979;207271","203979;207271"
"dataset:61b91f192facd4505e29b688fda7b01fe3000bc324225827cdff5890811bff24","dm_index_n.index_grp2_firtnrdate_finprd","客户*产品_首次保有日期_金融产品_无机算维度_无备注信息","PHYSICAL_IDENTITY","否","否","","3","K040","","202540;202541;202550",""
"dataset:b92f23e93332f8b90976ce0e3e6dcaa7c54a781f3c8b0f9e0c8c842f64bfb22e","dm_index_n.index_grp1_emp_addcust_buyria_astpkgrela_mth_ricc","员工_新增客户数_买方投顾&资产包关系&剔除新客专享_当月_零售和机构柜台","PHYSICAL_IDENTITY","是","否","","0","","202540","203979;207271","203979;207271"
"dataset:c744ee0d9b26c4328442894ecf153ea934e4dc1d065e2fd7d3db0b8b2460c887","dm_index_n.index_grp1_org_addcust_buyria_oactrela_mth_ricc","营业部_新增客户数_买方投顾&开户关系&剔除新客专享_当月_零售和机构柜台","PHYSICAL_IDENTITY","是","否","","0","","202541","203958;207070","203958;207070"
"dataset:a102ec7813b575310815cb0ec7d66b3bbfa0b9dc49d2cbd058e0b75282133e91","dm_index_n.grp_tag_indv_cust_cust_year_buyria_newadd","组合标签_客户_是否当年买方投顾新增客户","PHYSICAL_IDENTITY","是","否","","1","","202550","203119;207665;208353;232820;234954","203119;207665;208353;234954"
"dataset:1b98d988b3b2050e03c6f423a35695c8be6137cebdbf64f2f03302f185568c1d","odata_n_ois.g_cross_income_reward","【AI】交叉收入奖励","PHYSICAL_IDENTITY","否","否","","1","","202590","203358","202590"
"dataset:57756a35833810864612d2f91309a93c26ee1f3a75df56613894ac60e42a0eb9","dm_index_n.index_grp1_emp_custaum_navsupernetrate_astpkgrela_mth_all","员工_客户AUM净值超净率_资产包关系_当月_零售和机构柜台","PHYSICAL_IDENTITY","是","否","","0","","202673","203979;207271","203979;207271"
"dataset:aa12c5f8035bc0464fbd7f5d142ed1f13315406b6718cc5c337a9fb82b3309c0","dm_index_n.index_grp1_org_empaum_navsupernetrate_mth_all","机构_员工AUM净值超净率_当月_零售和机构柜台","PHYSICAL_IDENTITY","是","否","","0","","202681","203958;207070","203958;207070"
"dataset:e8af712c16159d59be59133e6893639a9251b3b25007e943ece1ca55b7abcc52","dm_index_n.grp_tag_client_cust_year_marg_permeation","组合标签_客户_是否当年两融渗透客户","PHYSICAL_IDENTITY","是","否","","1","","202688","203119;207665;232820;234954","203119;207665;234954"
"dataset:832bc3a5362f4d392bec8ffba1a291463a9b65d211fdb1aa9d6a762bdda2e010","dm_index_n.index_grp1_mval_stk_new_fullmkt_tdy","客户_市值_股票打新&全市场_当日_无备注信息","PHYSICAL_IDENTITY","否","否","","3","K042","","202689;202691;202692",""
"dataset:4d603fabb8a80a18206791f48b1411f74efcaafd6b6fe861cbac25220e8b01f1","dm_index_n.index_grp1_emp_newmvalprop_astpkgrela_mth_ricc","员工_打新市值占比_资产包关系_当月_零售和机构柜台","PHYSICAL_IDENTITY","是","否","","0","","202689","203979;207271","203979;207271"
"dataset:ddc2ef6dd18edfbcd76a3c333a861992742660195cf4fd21371a5a3b3f257c34","dm_index_n.index_grp1_org_newmvalprop_oactrela_mth_ricc","营业部_打新市值占比_开户关系_当月_零售和机构柜台","PHYSICAL_IDENTITY","是","否","","0","","202691","203958;207070","203958;207070"
"dataset:47ecde8435cb54b3be33c501cc87c519cc0b73e30d0ae002585401f21c41f3cc","dm_index_n.index_grp1_cust_newmvalprop_mth_ricc","客户_打新市值占比_无限定条件_当月_零售和机构柜台","PHYSICAL_IDENTITY","是","否","","0","","202692","203119;207665","203119;207665"
"dataset:91276de44ca2c37509880884dc874f02a8de92bd42d798ff57e1f695af81acce","dm_index_n.index_grp1_org_perrate_margcust_oactrela_mth_ricc","营业部_渗透率_两融&开户关系_年初累计至当月_零售和机构柜台","PHYSICAL_IDENTITY","是","否","","0","","202693","203958;207070","203958;207070"
"dataset:a9a580d81552c2aa71177390dd5f7ee7d95ad4a873162b68d050ae6e995c0585","dm_index_n.index_grp1_emp_perrate_marg_astpkgrela_mth_ricc","员工_渗透率_两融&资产包关系_年初累计至当月_零售和机构柜台","PHYSICAL_IDENTITY","是","否","","0","","202694","203979;207271","203979;207271"
"dataset:3eb9f7c847401937b1a2553d68a2f8d3a980b2953be3f906e8db1f288123fadd","odata_n_xir.m_tcb_bond_eval_p","中债债券估值","PHYSICAL_IDENTITY","否","否","","2","","202744;202747","202912;202914","202744;202747"
"dataset:66d37238c1ddfbf1a7ecf70109e32c7a144614f5ac710bf39b397b1e64515dce","dm_index_n.index_grp1_losrate_richhnwcust_year","分公司&营业部_客户流失率_富裕高净值客户_当年","PHYSICAL_IDENTITY","是","否","","0","","202836","203958;207070","203958;207070"
"dataset:0c8d28763fc00c929d253a8db0c67054e1db9f4a7751d69e939ba5a2d1a60562","pdata_news_n.t02_bnd_csb_valu_anls_pb","中证债估值表","PHYSICAL_IDENTITY","是","否","","2","","202912;202914","230777;230792",""
"dataset:ffeb2f1315fc19215f31d8e023009fac4a3394149fda22c41304352ed9f57c60","dm_fin_n.civ_t02_tit_prd_info","估值系统-香港TIT产品信息表","PHYSICAL_IDENTITY","是","否","","0","","202957","202946","202946"
"dataset:f209764d82a61a5086b2329f2ae40f8d987053932afacc67560ca69b538fdf64","dm_index_n.index_grp1_cust_qtrapd_incomeincrsrate_fullcali_mth_all","客户_季日均创收增长率_全口径_当月_零售和机构柜台","PHYSICAL_IDENTITY","是","否","","0","","203102","203119","203119"
"dataset:dfb49f64a1b667e74439383d2628998e879e8b2a45eacf6f2b78c529c09d00b8","dm_index_n.index_grp_close_date","","PHYSICAL_IDENTITY","否","否","","1","","","203115;207665","207665"
"dataset:ad9db5a7b8044037d5fe597ad1380b6ac71864da7213980755d18aa2eeab1798","dm_index_n.index_grp1_custlosrate_richhnwcust_astpkgrela_qtr","员工_客户流失率_富裕高净值客户&资产包关系&含已回收未分配客户_当季","PHYSICAL_IDENTITY","是","否","","0","","203115","203979;207271","203979;207271"
"dataset:66f0d3409b8a1b0a3feadcc597368526df9b0504923f8f8cb1099964c6ca81b1","dm_index_n.grp_tag_client_is_net_hnw_cust","组合标签_客户_是否为互联网高净值客户","PHYSICAL_IDENTITY","是","否","","0","","203676","203119","203119"
"dataset:825ca4ce7a19c17c35cec5834e813ef82d9799487d18f87f3e74213a939e4682","dm_index_n.index_grp1_cust_stdastincrsval_aft_qtrapd_pqtrapd_mth_all","客户_季日均标准资产增长值_折算后_当月_零售和机构柜台","PHYSICAL_IDENTITY","是","否","","1","","234362","203119;207665;232677;234954","203119;207665;234954"
"dataset:06c8363ca06e319627528c352b82f13c79be3225bf646a716070a6d9b70777ea","dm_index_n.index_grp1_margbalincrsval_margdevrela_orgseqempkpiexam_yearapd","员工_两融余额增长值_两融开发关系&机构序列员工KPI考核_当年日均","PHYSICAL_IDENTITY","是","否","","0","","235230","203384;212945;244873","203384;212945;244873"
"dataset:0308b450c83fbfb975cb9d0f182f7cb4e8a3f89c3c4155978ad30464868f2cbe","pdata_news_n.nds_bbg_bond_price","彭博债券行情表","PHYSICAL_IDENTITY","是","否","","1","","203449","229358",""
"dataset:8d944439b649ef0f4fbf7e4b66bfb14712f7caa1f4c9babfcc651c8729617a32","dm_index_n.index_grp1_cust_netastandresmval_tdy_ricc","客户_净资产及限售市值_无限制条件_当日_零售和机构柜台","PHYSICAL_IDENTITY","否","否","","1","","","203566",""
"dataset:2ee0fd3ec1a9e4cdececf8d2805c5325ffce564feabc662c9daae222aea6bb73","dm_index_n.index_grp1_cust_netastandresmval_20trddayapd_ricc","客户_净资产及限售市值_无限制条件_近20交易日日均_零售和机构柜台","PHYSICAL_IDENTITY","是","否","","0","","203566","206454","206454"
"dataset:5267fb891c1528b2eaf1af2fa9aa964b75b2625b837566d952ad4aba028045b9","dm_otc_n.info_a_stk_mkt_quto_day","A股等盘后行情","PHYSICAL_IDENTITY","是","否","","0","","203575","",""
"dataset:a5e98c37f55a520f22eefb7f15068326111bd3421ae767d0d1743509c57ad5e6","dm_index_n.index_grp1_tgt_secu_sellqty_shts_tdy_ricc","标的产品_卖出数量_融券_当日_零售和机构柜台","PHYSICAL_IDENTITY","是","否","","1","","203699","203756",""
"dataset:dc2011d62d8313ddbb615471ac3510c75e2592204f6f52152b007907e3fc8e9f","dm_index_n.index_grp1_tgt_secu_sellamt_shts_tdy_ricc","标的产品_卖出金额_融券_当日_零售和机构柜台","PHYSICAL_IDENTITY","是","否","","1","","203702","203756",""
"dataset:571972650dbf69596472738b518f4f31c6737d56fe945ab7790357663b560af9","dm_index_n.index_grp1_tgt_secu_rmbrsamt_shts_tdy_ricc","标的产品_偿还金额_融券_当日_零售和机构柜台","PHYSICAL_IDENTITY","是","否","","1","","203704","203756",""
"dataset:69ab3633f42af0ded266fd48e9ac2ca7378be495e65e3226cc7cf60da5bb36f9","dm_index_n.index_grp1_tgt_secu_rmbrsqty_shts_tdy_ricc","标的产品_偿还数量_融券_当日_零售和机构柜台","PHYSICAL_IDENTITY","是","否","","1","","203709","203756",""
"dataset:e3d4df871d119da7a833d24af323d19682206b6823ba2161553c1a53ceebe2da","dm_otc_n.sum_cust_shts_amt_qty_day","客户融券金额数量汇总","PHYSICAL_IDENTITY","是","否","","0","","203756","203807","203807"
"dataset:6251b8f110cc15932b3cf5653d150d82f44b24055ffa48223fd8290b6b700eec","odata_n_xir.m_tstk_idx_future_p","","PHYSICAL_IDENTITY","否","否","","1","","203865","203859","203865"
"dataset:030d88901e20226983cfb773628e2e4be232413ca7ecff686ec726613e421fb9","pdata_news_n.t02_fu_contr_info_pb","期货动态合约信息","PHYSICAL_IDENTITY","是","否","","2","","203859","203911;230720",""
"dataset:281d98f74b67567e84d6e8214ea635685e167fdeb20f04d7900d0892e1e297a7","odata_n_xir.a_tbsi_bond_p","","PHYSICAL_IDENTITY","否","否","","1","","203863","203884","203863"
"dataset:f0a0db400f26783963460d712deb55b9d16cf4408e9a691dd1eab33250fb825a","odata_n_xir.m_tbnd_future_deliverbonds_p","","PHYSICAL_IDENTITY","否","否","","1","","203866","203911","203866"
"dataset:adba79cae8d3c5de2912b67dbc3918848976e7c36dc85df07d1d06150f4b68e7","pdata_news_n.t02_bond_valu_anls_pb","债券估值表","PHYSICAL_IDENTITY","是","否","","1","","203884","230766",""
"dataset:6521e673aa74b2cdd96024c43e919ac011de3d866ea7d78f645d8d86cba7871a","pdata_news_n.t02_bnd_futr_deli_bnd_pb","期货可交割债券","PHYSICAL_IDENTITY","是","否","","1","","203911","230735",""
"dataset:b6446500c66873cec9daca84eaa3c5ee4735efed793b87855e12db8a3b347a1f","odata_n_rcc.a_cbpentrust_p","综合业务委托表","PHYSICAL_IDENTITY","否","否","","1","","204175","203920","204175"
"dataset:6c6459d54b2b6060534a44a3819653bf93dca7c3f917ac070ba2dfbd6466690b","dm_index_n.index_grp1_org_stdastincrsval_aft_yearapd_bsc_mth_all","机构_年日均标准资产增长值_折算后_当月_零售和机构柜台","PHYSICAL_IDENTITY","是","否","","0","","234392","203958;207070","203958;207070"
"dataset:0acc75fb8b3085de4bc6a47ed0849e30cabc3414e855d5af8a26e562d1884488","dm_index_n.index_grp2_avgservtimes_aumimpcust_astpkgrela_yearendmth_ricc","分公司&营业部&员工_平均服务次数_aum重点客户&资产包关系_当年截至当月_零售和机构柜台","PHYSICAL_IDENTITY","是","否","","0","","212242","203958;203979","203958;203979"
"dataset:50e17f3ed5ed5c1fbb334b9f2d67b8ae86578d8f2039ea962e23d818b280cc64","dm_index_n.index_grp1_emp_aumnetast_muyield_aumastpkgrela_mth_ricc","员工_季度日均净资产亩产_全口径&AUM资产包关系_当月_零售和机构柜台","PHYSICAL_IDENTITY","是","否","","0","","205645","203979;207271","203979;207271"
"dataset:e1f3cd90d50b223f74269d98e075177ecc3c33c1d357316ffd61ce49b62e24cd","dm_index_n.index_grp1_npssatiqstnnscor_refr_mth","分公司&营业部&员工&客户_NPS满意度问卷评分_推荐人_当月","PHYSICAL_IDENTITY","是","否","","0","","231751","203979","203979"
"dataset:cc0906d4908e4a1906bed49b339b094cfb6aec25ec42f54dfbd073a3bede8f5d","odata_n_tit.d_v_report_deri_rpt_a2001","报备视图-跨境月报","PHYSICAL_IDENTITY","否","否","","1","","204280","205224","204280"
"dataset:bb5a939951436bfacc7df9cbbf67e5da81ea88c33e67dc23d0461cfabbea9ae0","odata_n_tit.d_v_report_monthlyreport_a2005","跨境场外衍生品业务视图","PHYSICAL_IDENTITY","否","否","","1","","204281","205225","204281"
"dataset:1dd98d0721e0ad31669b5159eb6f93a45ea0c0afe7a405317555d8357ec08c71","odata_n_uip.q_pfund_sec_amac","","PHYSICAL_IDENTITY","否","否","","1","","204383","213889","204383"
"dataset:7a967bbc83e543bb6b9cd15f7707a5d034dcb998dab1fcba7289c9e9faa73dd1","odata_n_uip.q_pfund_direct_amac","","PHYSICAL_IDENTITY","否","否","","1","","204390","213889","204390"
"dataset:2edee305372dec7f7897dbcb57e1d5c3757b926da4036d2e6fb7b8678f2a3ef0","odata_n_uip.q_pfund_sec_inv_amac","证券公司私募投资基金","PHYSICAL_IDENTITY","否","否","","1","","204391","213889","204391"
"dataset:12ce4f0715eae4cf8c7eea7353ec9b4bcc47bb3765538efc77b0575b2491e248","odata_n_uip.q_pfund_inv_amac","基金公司私募投资基金","PHYSICAL_IDENTITY","否","否","","1","","204410","213889","204410"
"dataset:a39beef5e71f01cd8ab366c7f04c8992f3409633fd5572bf4acf9c09235f2522","odata_n_uip.q_pfund_fundaccount_amac","基金公司及子公司集合资管产品公示","PHYSICAL_IDENTITY","否","否","","1","","204411","213889","204411"
"dataset:2463ab841647ad2aaaef5d3cdce5e36dcf7ee84e5cff09137634255088a6e8db","odata_n_uip.q_pfund_inst_abs","协会资产支持专项计划","PHYSICAL_IDENTITY","否","否","","1","","204412","213889","204412"
"dataset:ec3a92edb6d25c7a6fe3f56e9f4b01d1ffcc60046f7e5707413b8d96da5f58ee","odata_n_uip.q_pfund_futures_amac","期货公司集合资管产品公示","PHYSICAL_IDENTITY","否","否","","1","","204414","213889","204414"
"dataset:50bbf1ec8975526fd784fbab760ceab448c510893918ef52310b75a75d621eed","pdata_news_n.nds_xir_trd_cal","交易日历表(衡泰)","PHYSICAL_IDENTITY","是","否","","1","","204673","230437",""
"dataset:dad96d1c54f1c4c9e358ebae7f0a90da2fc56382626c22cf32bbba485e692d3a","odata_n_tit.d_capital_account_p","客户资金账户信息","PHYSICAL_IDENTITY","否","否","","0","","204954","222317","204954"
"dataset:dbb36fa7ff18c80bdbec3f6d96caa73ec5eaf071197c75508a7b65f7b02cfb12","odata_n_uip.w_chinaoptiondescription_p","","PHYSICAL_IDENTITY","否","否","","2","","204987;210878","205016;221122","204987;210878"
"dataset:e7ea99d0d3e20f73aaec23f01de9d15973c86f637cb643a2f2a8d761086c685e","pdata_news_n.t02_opt_dyna_info","期权动态合约信息","PHYSICAL_IDENTITY","是","否","","1","","205016","231762",""
"dataset:80c95bff292ce14c5405069c5a9c7f12182fc0172bacb07c2c68e962508219a6","pdata_n.t03_agt_fee_ref_info","协议费用参数信息","PHYSICAL_IDENTITY","否","否","","1","","","205098",""
"dataset:f969b8264d2e5d5a39f352d66ca9cfb2c8c5c01de8fcab28b86201068f3e93de","pdata_n.t99_brok_va_serv_cd_ref","经纪业务增值服务代码参数","PHYSICAL_IDENTITY","否","否","","1","","","205098",""
"dataset:46cc01df2f9e02d7ff9c04eac80d4d075b0d862cd3f3a31def59d0c643d09f92","pdata_n.t99_exch_fare_tplt_ref","场内费用模板参数表","PHYSICAL_IDENTITY","否","否","","1","","","205098",""
"dataset:2300521534d78b1e8261ede491b73cc9f0442fb818e96f80fcefbff08f7a2c96","pdata_n.t05_algo_trd_entr_evt","算法交易委托事件","PHYSICAL_IDENTITY","否","否","","1","","","205098",""
"dataset:4d6d9a1f0163a8b5304310284895d14cc84b720b7627f0dc1e90df2e5b5f6ecf","pdata_n.t98_t0_trd_prnt_stmt_perf_det","T98_T0交易母单绩效明细","PHYSICAL_IDENTITY","否","否","","1","","","205098",""
"dataset:617d42d6eb41a891ff148ad593af5fcb4bffafbd35610bf91c86b2c9129936f2","pdata_n.t98_ast_acct_strg_trd_pal_det","T98_资金账户策略交易盈亏明细","PHYSICAL_IDENTITY","否","否","","1","","","205098",""
"dataset:872af0a1b3130d9eba95346e75343521d8a933acc718d5536f7944bfdfc8d896","pdata_n.t03_agt_algo_trd_strg_info","协议算法交易策略信息","PHYSICAL_IDENTITY","否","否","","1","","","205098",""
"dataset:99063a629545f271f273cad9a351d0c84ebaa67406758b958123cef39bd3de15","pdata_n.t98_ast_acct_prnt_stmt_trd_pal_det","T98_资金账户母单交易盈亏明细","PHYSICAL_IDENTITY","否","否","","1","","","205098",""
"dataset:f2fc2fb24ab2746b55913e582a08d8b065aac61cf9791e6d4a0db30cb8c5cbbb","pdata_n.t05_algo_trd_mtch_evt","算法交易成交事件","PHYSICAL_IDENTITY","否","否","","1","","","205098",""
"dataset:f2b29aa1c8229fcbd37850e74cab023323e47f42facf5201ca704371a5358500","pdata_n.t95_cbo_otc_deri_busi_det","T95_跨境场外衍生品业务明细","PHYSICAL_IDENTITY","是","否","","1","","205224","205538",""
"dataset:3fb422c0e882778adcafe2c0a3b80b7c86af90931a7095b241d2b1fae8b472c3","pdata_n.t95_our_cbo_mth_rpt","T95_我司跨境业务月报","PHYSICAL_IDENTITY","是","否","","1","","205225","205535",""
"dataset:0d240b8562406b647ef0b494ec0438af2fb61640a3c4c34a802a29db44c39999","dm_hk_n.src_opt_vanilla_day","香草期权属性宽表","PHYSICAL_IDENTITY","是","否","","0","","205519","207352","207352"
"dataset:a1c51ad3f0e4045d7e3b32fc29f206059356a0436c17da69b295a4ef022c16cc","dm_cisp_n.cstd_our_cbo_mth_rpt_tit","A2005_跨境场外衍生品_泰坦月报","PHYSICAL_IDENTITY","是","否","","0","","205535","",""
"dataset:2043da8276d05b98c695fd1136ab39f39c4c9a9a2522c7d039afee1c98843ef3","dm_cisp_n.cstd_cbo_otc_deri_busi_det_tit","A2001_场外衍生品业务明细_泰坦月报","PHYSICAL_IDENTITY","是","否","","0","","205538","",""
"dataset:19dcb780fa3921e0d2bb69b74bd2510ba997e7ed92f35d86738b9b0c352e11d8","odata_n_bma.t_t_order_pb","","PHYSICAL_IDENTITY","否","否","","1","","205669","216567","205669"
"dataset:9e94d00502cbb8a8415869264bff469ed5983f2a2b466e73a1828a0e1bf543b8","odata_n_bma.t_t_report_pb","","PHYSICAL_IDENTITY","否","否","","1","","205671","216566","205671"
"dataset:2afc236bac909e58404dbb298003d17bf2f8bbad53fd9171425964137c11ad29","odata_n_bma.t_t_order_status_pb","","PHYSICAL_IDENTITY","否","否","","1","","205675","216447","205675"
"dataset:44df68ede2719e44ac37af3724f4bbb47883dc67a5b506d1e3b0b8fea05824bb","odata_n_sso.r_t_report_pb","","PHYSICAL_IDENTITY","否","否","","1","","205687","216286","205687"
"dataset:f906a1ec51b95b89f9f8f11f3d02b659fc56d5d75cc286430b316edde3840892","odata_n_sso.r_t_order_pb","","PHYSICAL_IDENTITY","否","否","","1","","205692","216283","205692"
"dataset:d29445355bc22c0cce78d205620eb5c5ac8e71c29206b35b4384d79a4e91e245","odata_n_hts.c_tmr_drwt_pb","","PHYSICAL_IDENTITY","否","否","","1","","205696","216759","205696"
"dataset:41eeb817e3b3a58509695f6bb592ce297c73d4d96c6f67dfc2028cfb917e66c7","odata_n_hts.b_tmr_drwt_pb","","PHYSICAL_IDENTITY","否","否","","1","","205697","216772","205697"
"dataset:209cca4f17f46f1f186a54acf887bda328aee050115f18c81e512815e543fe4c","dm_index_n.index_grp1_emp_manp_qualrate_delnotprtcexamprsn_mth","员工_人力效能达标率_剔除不参与考核人员_当月","PHYSICAL_IDENTITY","否","否","","1","","","205915",""
"dataset:635eaf511f3f2828c603dd7b20ecc4a7d3b7ce1e26aeca7b6400312ff08a2136","odata_n_tit.d_v_report_margin_details_a1020","协会报备-客户保证金-履约保障品详情","PHYSICAL_IDENTITY","否","否","","1","","206146","207790","206146"
"dataset:de98d2e5672f2ab7f12774a66b7113d3b7c4a42882648a04c7b75e1e79d37d05","odata_n_tit.d_v_report_margin_file_a1020","协会报备-客户保证金-客户保证金附件","PHYSICAL_IDENTITY","否","否","","1","","206152","207791","206152"
"dataset:78caa70fafb4fb602d299a6b4fccb243ef37b9a6833e1d8bebbcebeea5c54ea8","dm_engin_n.prediction_unified","","NONE","否","否","","0","","","206200;206201",""
"dataset:560734a9690d359710554c2a82fe5c4f2ae79ce2d4ccf69996c9662ea9231599","dm_index_n.index_grp1_conv_bond_enabl_model_origin","客户_预测模型原始分数_可转债权限开通预测模型","PHYSICAL_IDENTITY","是","否","","0","","206200","",""
"dataset:fa6af5f50b5459bf477d7a99d5a3850016ed7b4d00705d38e016034d368fecd8","dm_index_n.index_grp1_conv_bond_enabl_model_percent","客户_预测模型排名分数_可转债权限开通预测模型","PHYSICAL_IDENTITY","是","否","","0","","206201","208983","208983"
"dataset:5c9758af2153ce69ddc3dc605f4503a266a87f93e0a634368df0340a73286193","pdata_n.t95_otc_deri_cust_bail_attach","T95_场外衍生品客户保证金附件","PHYSICAL_IDENTITY","是","否","","0","","207791","206314;206884","206314;206884"
"dataset:45045d800a3920508bf853fa8550525a315f7398c8a5e5909182bcc6c21258e9","pdata_n.t95_otc_deri_cust_bail_info","T95_场外衍生品客户保证金信息","PHYSICAL_IDENTITY","是","否","","0","","207789","206314;206482","206314;206482"
"dataset:9955cd0c91395be9ffbfa6b93eb4f085de053b235fd4f5dbc01d37432e379bef","odata_n_xir.m_tircurve_rates_p","利率曲线关键点利率","PHYSICAL_IDENTITY","否","否","","1","","206343","206875","206343"
"dataset:d7459bd367a221a8621b009e0c6b503dc6aa3e2b13486b12d7039a5ac2ebe07d","odata_n_tit.d_mkt_risk_daily_info","风管部私募行情数据表","PHYSICAL_IDENTITY","否","否","","0","","206408","207284","206408"
"dataset:b78c37e7f96573f85b3c12f1150a1ee4653e804c0d39693153dd5f653cc35a82","odata_n_tit.a_adm_function_menu_mapping","功能菜单映射表","PHYSICAL_IDENTITY","否","否","","1","","206506","242349","206506"
"dataset:d24794fa20c76213315f7759684f16d414ea2c433d747e043c7e161909728dad","odata_n_tit.f_ref_op_deal_lizard_obsdate","场外交易-Lizard观察日","PHYSICAL_IDENTITY","否","否","","0","","206576","207944","206576"
"dataset:f2a883a9b86b21998edf073c0bad5fe07d83251ba9c18948f1c8fdca74af9e12","odata_n_tit.f_trd_fee","交易-费用定义","PHYSICAL_IDENTITY","否","否","","0","","206581","207947","206581"
"dataset:af277a6132240645b5c15a8faa753a41f4cb453da83a0cf335cf2c5c60e1dc6b","odata_n_tit.f_trd_fee_payment_schedule","交易-费用支付列表","PHYSICAL_IDENTITY","否","否","","0","","206582","207947","206582"
"dataset:6fc08a3c72e53a236744786e6338749fa7d4a4a637cdb0f2d739c39ea1f68ef8","odata_n_tit.f_trd_fee_rate_reset","费率修改表","PHYSICAL_IDENTITY","否","否","","1","","206583","207937","206583"
"dataset:272c28a9455d391a7dbec94588db8dd30697451b92a1ab4d8b08def1e85bd593","odata_n_tit.f_trd_option_limit_audit","期权限额审核表","PHYSICAL_IDENTITY","否","否","","1","","206587","207904","206587"
"dataset:c3db96db33e8ea41f8b224ff3dda9c2a3440b0c058c7eac037c2b15891607ba7","odata_n_tit.f_trd_option_process_condition","期权流程定义条件表","PHYSICAL_IDENTITY","否","否","","1","","206588","207936","206588"
"dataset:6509ea49c736c7194c3b034c1ab900b96cd3793b5499f1a3cfd58312111d64bb","odata_n_tit.f_trd_option_process_def","期权流程配置表","PHYSICAL_IDENTITY","否","否","","1","","206589","207935","206589"
"dataset:e91c7ca343e634535119e3aa72559bfec6d237d199372f298b5d68b45ba79b59","odata_n_tit.f_trd_otc_contr_files","交易-交易-期权合约合同相关文件","PHYSICAL_IDENTITY","否","否","","0","","206591","207946","206591"
"dataset:08d9f03dae404771c671934d3c9aa5cb9a0d7fcb361a43d34c0a7f887193b90b","odata_n_tit.d_v_report_swap_tp_a1016_ls","协会报备-互换-权益端支付明细(多空互换)","PHYSICAL_IDENTITY","否","否","","1","","206661","207102","206661"
"dataset:b69d62c0e6bd498546733186598e5ef67f7e4a31b2347ac5a2b118cc6ebed4dc","odata_n_tit.d_v_report_swap_pos_a1006_ls","协会报备-互换-权益端持仓明细(多空互换)","PHYSICAL_IDENTITY","否","否","","1","","206662","207101","206662"
"dataset:2875ba1ee5c3370a633ffeebe3027a28d3e4bec68e9a4bad834b4e9151814736","odata_n_tit.d_v_report_swap_pay_a1016_ls","协会报备-互换-权益端支付(多空互换)","PHYSICAL_IDENTITY","否","否","","1","","206664","207100","206664"
"dataset:eb0ca3d8e246da7eb0881d073628bdce0b62b340ef10abc96332e0bef4b41352","odata_n_tit.d_v_report_swap_life_a1006_ls","协会报备-互换交易存续期管理(多空互换)","PHYSICAL_IDENTITY","否","否","","1","","206665","207099","206665"
"dataset:74bfb38b651a462b864de90156aa1694514bf3a73f3e494b98d9ded896a8b460","odata_n_tit.d_v_report_swap_fee_pay_a1005_ls","协会报备-互换交易确认书-费用端支付（多空互换）","PHYSICAL_IDENTITY","否","否","","1","","206666","207098","206666"
"dataset:575c58ad0041fb818c85722e8ac4d45dbb0ecdcf166c6ce19ab48db2d5098eb6","odata_n_tit.d_v_report_swap_confirm_a1005_ls","协会报备-互换交易确认书（多空互换）","PHYSICAL_IDENTITY","否","否","","1","","206669","207097","206669"
"dataset:3de4647bc48b37bf7d8dd1b60492bad33cc08ae317dabaf50d3acc9c0c6b30a8","odata_n_tit.d_v_report_swap_confatt_a1017_ls","协会报备-交易确认书附件（多空互换）","PHYSICAL_IDENTITY","否","否","","1","","206670","207103","206670"
"dataset:2e62a0867a7e26edd29e1b86878da865bc9cce31b0e6767d0e3ef8e904ab3c80","odata_n_tit.d_v_report_swap_coll_a1005_ls","协会报备-互换交易确认书-履约担保品（多空互换）","PHYSICAL_IDENTITY","否","否","","1","","206671","207096","206671"
"dataset:1d7b9fe4619e8473e32984e15b54dfe8fb1a5ad0e2adf343ca4b7dff31ad2ec3","odata_n_erp.i_gl_daily_rates","","PHYSICAL_IDENTITY","否","否","","1","","206676","208735","206676"
"dataset:7be92dc8bb13343c3562ab1b68148f4b21a6f402f922687a05b22ae3bd26dcc1","dm_otc_n.v_equity_value_report","权益部互换估值持仓数据","PHYSICAL_IDENTITY","是","否","","0","","206789","218657","218657"
"dataset:a02a4e9623fc289d164c09693125dbfb8adc4a00794938ca23771d580f6119f2","pdata_n.t98_micro_strg_backup_ecr","自研平台智能条件单","PHYSICAL_IDENTITY","是","否","","0","","206853","206877","206877"
"dataset:66518838dc80886ab96c60bf4404bc4ba507d540192cb3d387b6befe8e8dbf93","pdata_n.t98_k_cos_cuacct_ecr","金证条件单","PHYSICAL_IDENTITY","是","否","","0","","206855","206877","206877"
"dataset:45a8c66fe79419bf4b5b94a463d074192fcd9b9fb74f52312203c30cbef1e975","pdata_news_n.t02_ira_curv_term_intrt","曲线关键点期限利率","PHYSICAL_IDENTITY","是","否","","1","","206875","231140",""
"dataset:33770e9b79346908e24ceb7c9e627e7a1b3e841c78d64ab6ed03d3771b4a5315","pdata_n.t98_kzzcxhjy_bbmd_ecr","可转债程序化交易报备名单","PHYSICAL_IDENTITY","是","否","","0","","207142","206877","206877"
"dataset:396942264a21f21b7a05d6ce4ccb65e4ae2fef3e85c3c50e1f3bec5b284c1c97","pdata_n.t95_otc_deri_cust_bail_colla_det","T95_场外衍生品客户保证金履约保障品详情","PHYSICAL_IDENTITY","是","否","","0","","207790","206883","206883"
"dataset:c42aa7e1f4b9da8c22ca01f14ada6f8f6374bc68fb5843af1a759d8b1765dc9c","odata_n_tit.f_eq_lend_info","已出借记录表","PHYSICAL_IDENTITY","否","否","","0","","206950","207514;209839","206950;207514"
"dataset:b73b8ee1db0a8178a0ff8646efb3da91aa3068337ba519e08c826c3378891a98","dm_rsk_n.trd_otc_deri_fnd_acct_bal_day","场外衍生品资金账户每日余额","PHYSICAL_IDENTITY","是","否","","0","","206952;236759","",""
"dataset:f490aeaa38688fb09eb2a697f4b745a7a7fa74d8afa6aa4bc82b83a992fe2e13","odata_n_tit.k_eq_equity_source","券源名称管理","PHYSICAL_IDENTITY","否","否","","2","","206968","207514;208592;208593","206968;207514"
"dataset:3cb7eafcdd6d1f95f134bb7f9449486d2776340f24125e611eca0a60cd293133","pdata_nds.h_his_refcashcompact_o","头寸合约信息","PHYSICAL_IDENTITY","是","否","","1","","213683","206999",""
"dataset:901b1ce381951a57e6a7b3eba564f2bec4c7177c0ad45f76080f958838ab7a60","dm_otc_n.dc_his_cashcompact_tmp_qgj","卷管家_专项头寸合约快照临时表","PHYSICAL_IDENTITY","是","否","","0","","206999","207368","207368"
"dataset:96f05d8be3713fed24890452c20e346ab0f58d5038a1d43142f105ba2d95fa9a","dm_otc_n.his_price_qgj","卷管家_历史价格表_每日快照","PHYSICAL_IDENTITY","是","否","","0","","207001","207370","207370"
"dataset:db544ffff5aa5cac145598881c9eb9593572a9d92c3e7514776e0d2b5b25905b","pdata_n.t95_otc_deri_swap_trd_cfm_book_perf_colla","T95_场外衍生品收益互换交易确认书履约担保品","PHYSICAL_IDENTITY","是","否","","1","","207096","207170",""
"dataset:1980e7c3253ff9738f0238cf44984b1fcb9f1b81e8fec57fb6918112ff100b28","pdata_n.t95_otc_deri_swap_trd_cfm_book_info","T95_场外衍生品收益互换交易确认书信息","PHYSICAL_IDENTITY","是","否","","1","","207097","207272",""
"dataset:27de6f6e1044646bffb402fed2747ee660d902655b604cfc5925a02cb1c10c2c","pdata_n.t95_otc_deri_swap_trd_cost_pymt_det","T95_场外衍生品收益互换交易费用端支付详情","PHYSICAL_IDENTITY","是","否","","1","","207098","207175",""
"dataset:b0ad2471b094f2eae787400d58d085bff8ebdfcb63c5222f054fd381a0846a16","pdata_n.t95_otc_deri_swap_trd_dura_oper_info","T95_场外衍生品收益互换交易存续期操作信息","PHYSICAL_IDENTITY","是","否","","1","","207099","207173",""
"dataset:c3c8daff6ea7771b359d6db9b740373a32301857bcba21a27dee9c20d651a428","pdata_n.t95_otc_deri_swap_trd_equi_pymt_main_info","T95_场外衍生品收益互换交易权益端支付主信息","PHYSICAL_IDENTITY","是","否","","1","","207100","207181",""
"dataset:b9440b67741c97bd58e38da3f9d2ed7538cef41f7cd26632ddc0fc4bc8ce6d66","pdata_n.t95_otc_deri_swap_trd_dura_comp_hold_det","T95_场外衍生品收益互换交易存续期合约持仓明细","PHYSICAL_IDENTITY","是","否","","1","","207101","207228",""
"dataset:32b52b411039b176bd2fae92ec81528385a3b58c70fb53e2f3b5036961658fcb","pdata_n.t95_otc_deri_swap_trd_equi_pymt_det","T95_场外衍生品收益互换交易权益端支付详情","PHYSICAL_IDENTITY","是","否","","1","","207102","207229",""
"dataset:436cd5aeac0cd989d3e9d01b07c82de282af8806c17798ffbb697881fd3deed9","pdata_n.t95_otc_deri_swap_trd_cfm_book_attach_info","T95_场外衍生品收益互换交易确认书附件信息","PHYSICAL_IDENTITY","是","否","","1","","207103","207177",""
"dataset:e4804a69580dd392cf8a042b8b7dfc55d9ca9881d50385b5a5ee5b587234a397","odata_n_ecr.s_cx_procedural_bond_info","可转债程序化交易报告信息表","PHYSICAL_IDENTITY","否","否","","1","","","207142",""
"dataset:1fcd9f0704a8c4ba00d1cb7858683a8d9a7ab8df8536d3333e84942ed2f606a2","odata_n_ecr.s_cx_procedural_bond_report","可转债程序化交易报告上传变更字段表","PHYSICAL_IDENTITY","否","否","","1","","","207142",""
"dataset:500bd224a710859534bd50615628c02d005d6463e9530bd45949697c6984862d","dm_cisp_n.otc_deri_swap_trd_cfm_book_perf_colla","A1005互换交易确认书-履约担保品","PHYSICAL_IDENTITY","是","否","","0","","207170","",""
"dataset:3d6cfc733f13e3e40547ae384ff5e04b03367ec99da336c77534c12db9f09340","dm_cisp_n.otc_deri_swap_trd_dura_oper_info","A1006互换交易存续期管理","PHYSICAL_IDENTITY","是","否","","0","","207173","",""
"dataset:c52a082095d242e37be54fe8155c9d041c9f0e2b80e8d69a47bfa588c8b95c15","dm_cisp_n.otc_deri_swap_trd_cost_pymt_det","A1005互换交易确认书-费用端支付","PHYSICAL_IDENTITY","是","否","","0","","207175","",""
"dataset:207b4b101dd35924a6e3c642bc7a9888974507edd462f6712c4050489ad5cf14","dm_cisp_n.otc_deri_swap_trd_cfm_book_attach_info","A1017互换交易确认书附件","PHYSICAL_IDENTITY","是","否","","0","","207177","",""
"dataset:df60f13838ec0f98e37bdf88c5126dac1e9465da82d1dc1998ccb86e03aff937","dm_cisp_n.otc_deri_swap_trd_equi_pymt_main_info","A1016收益互换交易","PHYSICAL_IDENTITY","是","否","","0","","207181","",""
"dataset:7ba85f700f970dff428f2ec874369fc49a1b6457b12d5ca757070bc6183d3851","odata_n_tit.f_trd_otc_contr_initial_amt","产品-合约初始保证金信息","PHYSICAL_IDENTITY","否","否","","1","","207205","207917;208637","207205"
"dataset:9fc8c19aecbda8eb53092db433c2aa84da2b982d99908615be426a49eae0be74","dm_cisp_n.otc_deri_swap_trd_dura_comp_hold_det","A1006互换交易存续期管理-合约持仓明细","PHYSICAL_IDENTITY","是","否","","0","","207228","",""
"dataset:14b46fda04bbd29689958076eb65d41e0898dfa85d60584b8ce7c38765d26c3e","dm_cisp_n.otc_deri_swap_trd_equi_pymt_det","A1016收益互换交易-权益端支付","PHYSICAL_IDENTITY","是","否","","0","","207229","",""
"dataset:a517712bdfacfe43ba7924efc332dda03c3d40bc97e96a034b89edc3830adb94","dm_cisp_n.otc_deri_swap_trd_cfm_book_info","A1005互换交易确认书","PHYSICAL_IDENTITY","是","否","","0","","207272","",""
"dataset:32bc330dd173bdfa5fda51658e56375cab91502d4f32c74ac3b28b377d3c4826","pdata_n.t00_sys_func_info","系统功能信息","PHYSICAL_IDENTITY","是","否","","0","","242362","207529","207529"
"dataset:f82182d24ac40a3b6dcf9a4f68801f9b926c387c5deeafaf89946fae12b78b7d","pdata_n.t99_sys_func_menu_map","系统功能菜单映射","PHYSICAL_IDENTITY","是","否","","0","","242349","207529","207529"
"dataset:f5249556a60fe5f67d756868fa95956da91ebd511e47fc7c847f66ab5bded473","dm_otc_n.trzrqkhxx_tmp_qgj","卷管家_融资融券客户信息","PHYSICAL_IDENTITY","是","否","","0","","207545","207550","207550"
"dataset:175ebc87316ce9b7f60f604fb998bdb587c73e90a2283dc3679df14fc3dc426f","dm_otc_n.exchange_pre_termination_list","收益凭证提前终止列表","PHYSICAL_IDENTITY","是","否","","0","","207640","207643","207643"
"dataset:0a522c16e52a5a94fd4cfaa347dcec7b4f374a04141776ecb75232431b79d25e","dm_index_n.index_grp1_cust_propincrsval_fullcali_mth_ricc","客户_创收司占比增长值_全口径_当月_零售和机构柜台","PHYSICAL_IDENTITY","是","否","","0","","208626","207665","207665"
"dataset:6ba73889a976e08f56626b45eb31ca0896bbadb49e4e00354bc2d5e20e92de34","dm_index_n.wide_idx_cust_aum_tot_score","客户AUM评价方案总分表","PHYSICAL_IDENTITY","是","否","","12","K003","234147","207665;218429;236275;237459;237468;237470;237471;237474;237478;237480;237481;237483;237485;237486","207665;218429"
"dataset:1333cdddf70ea8a33cc2ff816d1ff7446ab24f37a0b8a924e0896325a7112583","dm_otc_n.rsk_eod_ctpty_risk_pv","日终交易对手风控PV变动","PHYSICAL_IDENTITY","是","否","","0","","208190","207676","207676"
"dataset:774a40470b34651b673f147303906b3ddd2a2e861532f674575bd34a406672f1","pdata_n.t03_otc_deri_comp_hedg_prd_info","每天一份快照，记录场外衍生品合约对应的对冲标的、渠道、数量、价格、开平仓等信息，用于对冲交易管理、风险敞口对冲、盯市估值与损益核算。","PHYSICAL_IDENTITY","是","是（并非已逐分支核验）","docs/00-20260914-图谱认知/01-tit入模/02-TIT入模去向.md;docs/00-20260914-图谱认知/01-tit入模/05-去向与未命中分类.md","0","","210926","207753","207753"
"dataset:3b2aba2d4d4d92d118b299d9f9d7eceda2f07d7d80b4d3be356634c9cefb77dc","pdata_n.t03_otc_deri_comp_undrl_lend_info","每天一份快照，记录场外衍生品合约对应的标的出借相关信息，包括出借池、标的证券 / 产品、出借数量、出借期限、保证金计划等，用于标的出借管理、盯市估值、风控与合规追溯。","PHYSICAL_IDENTITY","是","是（并非已逐分支核验）","docs/00-20260914-图谱认知/01-tit入模/02-TIT入模去向.md;docs/00-20260914-图谱认知/01-tit入模/05-去向与未命中分类.md","0","","209839","207753","207753"
"dataset:ce49c607058a096eef7bac0b90d894dd839ffaa72620474c4f5b3ed53756166d","pdata_n.t00_prd_pool_info","产品池信息","PHYSICAL_IDENTITY","是","否","","0","","208593","207753","207753"
"dataset:9489ecbfcf76221d9c4657d07294fff60cfd236baa2cfd24659679918e93342f","odata_n_tit.d_v_report_margin_a1020","协会报备-客户保证金","PHYSICAL_IDENTITY","否","否","","1","","215546","207789","215546"
"dataset:ff7b25a8cddf70a8564ac8edb2bab3f3316f34aa1f2bbb4290dd68041e94b8a1","dm_otc_n.stk_lift_detail_qgj","券管家_限售股解禁明细表","PHYSICAL_IDENTITY","是","否","","0","","207834","207866","207866"
"dataset:ae8392325dfeb5c4438504e9db95e8aa55ed203836e28c13d77206dbe6834f57","dm_hk_n.info_margin_acct_daily_balance_day","titans保证金账户每日余额_当日","PHYSICAL_IDENTITY","是","否","","0","","207898","208006","208006"
"dataset:641420d5742d520a30344c3d4f971a837900e911e8c73fdcc18aaa631cf49742","dm_hk_n.trd_otc_contr_props_day","titans合约属性_当日","PHYSICAL_IDENTITY","是","否","","0","","207902","208007","208007"
"dataset:a954eaf4d85aaa12427c47178699dca917e737b67785dada5191ef4d5d3b3cb9","dm_hk_n.trd_option_limit_audit_day","titans期权限额审核_当日","PHYSICAL_IDENTITY","是","否","","0","","207904","208008","208008"
"dataset:cdc697ad620851587e4973df7350ca3d25d2985ec6eceff4da3b7d131726456b","dm_hk_n.trd_bundle_info_day","titans交易组合信息_当日","PHYSICAL_IDENTITY","是","否","","0","","207905","208010","208010"
"dataset:e5986e0bccde0974ee1502b0a4578ee9793b3c4d47c688121994f4239dc4380d","dm_hk_n.ref_op_cumulator_schedule_day","titans累积器计划_当日","PHYSICAL_IDENTITY","是","否","","0","","207906","208012","208012"
"dataset:7ba02d98d25868cbfd689f1344cf35bb03da92069e0b88fee987ac7e9563e092","dm_hk_n.trd_otc_contr_init_amt_day","titans场外合约初始金额_当日","PHYSICAL_IDENTITY","是","否","","0","","207917","208017","208017"
"dataset:13ccd5cf3c257b2c08de206b43ca9e51cb8b83cc7e5c6c01385831d9f13770ab","pdata_n.t00_req_proc_tplt_info","需求流程模版信息","PHYSICAL_IDENTITY","是","否","","1","","207935","208269",""
"dataset:6409068c5af5f74b20592bef23904d583d08267df6e150cd42a67b49d7395be0","pdata_n.t00_req_proc_tplt_def_cond","需求流程模版定义条件","PHYSICAL_IDENTITY","是","否","","1","","207936","208268",""
"dataset:b7f6c23b3113df50c8bb8e2453978a8bf6a87e2c20ecc2ccc060a82084bd003c","pdata_n.t99_otc_deri_comp_fee_rate_info","场外衍生品合约费率信息","PHYSICAL_IDENTITY","是","否","","1","","207937","208267",""
"dataset:2a418a97311c4b2c5f361fde2c50fa860d6bd069867bc3029270bcc1fc84785c","pdata_n.t03_otc_deri_comp_contr_file_info","场外衍生品合约合同文件信息","PHYSICAL_IDENTITY","是","是（并非已逐分支核验）","docs/00-20260914-图谱认知/01-tit入模/02-TIT入模去向.md;docs/00-20260914-图谱认知/01-tit入模/05-去向与未命中分类.md","1","","207946","208265",""
"dataset:888d478b679e560d1d83acdbb16551cd1099adfcf40ecf1a1dfeef21ee11824f","pdata_n.t05_otc_deri_comp_fee_pymt_plan","场外衍生品合约费用支付计划","PHYSICAL_IDENTITY","是","是（并非已逐分支核验）","docs/00-20260914-图谱认知/01-tit入模/02-TIT入模去向.md;docs/00-20260914-图谱认知/01-tit入模/05-去向与未命中分类.md","1","","207947","208264;228195","228195"
"dataset:a5a85a9b9656e9dc4f8d7b328f0ec25287fb709a652c787395400973ed7daffc","dm_otc_n.wt_cash_camp_info","两融头寸合约信息表","PHYSICAL_IDENTITY","是","否","","0","","208143","",""
"dataset:ed97541f84c39ed12fd431d613e76ca01555ac31c4c31cd0c6a7b20cc5d1e8da","dm_index_n.index_grp1_cust_totalast_npapd_qtr_all","客户_总资产_自然日日均_当季_零售和机构柜台","PHYSICAL_IDENTITY","是","否","","0","","208182","208353","208353"
"dataset:60e2192a06a4d725be6121963103d92099ac6a5420154002e74328789a89535b","dm_index_n.index_grp1_cust_incm_fullcali_qtr_all","客户_创收_全口径_当季累计_零售和机构柜台","PHYSICAL_IDENTITY","是","否","","0","","208186","208353","208353"
"dataset:5b40fc3cdd149436bfa3e414ddec6da9c5e45442fbd92cbc03509f6190e8a88e","spdata_n.t99_rsk_idx_tplt_def_info","风控指标模板定义信息","PHYSICAL_IDENTITY","否","否","","1","","","208190",""
"dataset:0394bafadcb3b3add52aa351024f28c57bf40e14d14d832498a7e6675c1d503e","odata_n_ta5.t_ta_tsalequalify","","PHYSICAL_IDENTITY","否","否","","1","","208226","208907","208226"
"dataset:e5805d94d631f04ae4d2df971f7b414c16aa125818284729dd540b236eab0390","odata_n_ta5.t_ta_tnetvalueday","","PHYSICAL_IDENTITY","否","否","","1","","208228","208812","208228"
"dataset:2ba03ec76462ca7a6fa0337e90534ff6a97289d6740dc6f8762ae98b13eacae4","odata_n_ta5.t_ta_tconfirmstat","","PHYSICAL_IDENTITY","否","否","","2","","208229","208812;208907","208229"
"dataset:36456b16f8d42bddaf75981cbf9cfbab0320bad4f91bb419b30f6932106b6fe1","pdata_news_n.t02_tit_stk_bene_owsr_prop","受益人持股比例表(tit)","PHYSICAL_IDENTITY","是","是（并非已逐分支核验）","docs/00-20260914-图谱认知/01-tit入模/02-TIT入模去向.md;docs/00-20260914-图谱认知/01-tit入模/05-去向与未命中分类.md;docs/00-20260914-图谱认知/01-tit入模/T02-产品标的与市场数据/01-产品基础资料/05.4 受益人持股监控清单.md;docs/00-20260914-图谱认知/01-tit入模/T02-产品标的与市场数据/his/产品标的与市场数据.md","1","","208603","208230",""
"dataset:bbd13b6d47e881fc6b88410b0f75a3e7db8f5a1a12be578b74787a9d3baac4dc","dm_otc_n.bene_owner_hold_prop_excd_pct3_day","持有人、受益人持股比例超过市值百分之三","PHYSICAL_IDENTITY","是","否","","0","","208230","210221","210221"
"dataset:c23719a3924df7ebac338c9c2292585a243d2746863792e2cbefbf6441849297","dm_hk_n.trd_fee_payment_schedule_day","称 titans交易费用支付计划_当日","PHYSICAL_IDENTITY","是","否","","0","","208264","208335","208335"
"dataset:a2e028ec118e49a72def662fba3b8ab03eedf2f5d2f236145ca00b0f579ff395","dm_hk_n.trd_otc_contr_files_day","titans场外合约文件_当日","PHYSICAL_IDENTITY","是","否","","0","","208265","208336","208336"
"dataset:671c11d26ed218c6bd0c96dde1c17c2f23313bec40a8233b46bf0069e86f71b9","dm_hk_n.ref_op_deal_lizard_obsdate_day","titans蜥蜴式期权观察日期_当日","PHYSICAL_IDENTITY","是","否","","0","","208266","208337","208337"
"dataset:f326d47d8f0f7d50e7ec440ab333c4d5b461269d133be8feb73c14d09ca63900","dm_hk_n.trd_fee_rate_reset_day","titans交易费率重置_当日","PHYSICAL_IDENTITY","是","否","","0","","208267","208338","208338"
"dataset:7470a18c6ed87319df695106f746a8df4ae97bbf9a11d63447b574143f1c36e1","dm_hk_n.trd_option_process_condition_day","titans期权处理条件_当日","PHYSICAL_IDENTITY","是","否","","0","","208268","208340","208340"
"dataset:ed99f0a5af58c56b08d974bd6bb650a42d8f6be6c6fe09b272245d09267731cc","dm_hk_n.trd_option_process_def_day","titans期权处理定义_当日","PHYSICAL_IDENTITY","是","否","","0","","208269","208341","208341"
"dataset:29bca821e600557efea7e37e413043916265c6d7e593db1cb5ddd538108b7658","odata_n_ecr.s_v_crm_acc_credentials_p","客户证件信息","PHYSICAL_IDENTITY","否","否","","1","","","208317",""
"dataset:b42890374e754c0473ab1b250b02fb0e5d6813ce941d3101615f64023b937633","dm_otc_n.nams_p_prodcode","柜台OTC产品代码表","PHYSICAL_IDENTITY","是","否","","0","","208428","208630","208630"
"dataset:6ec07651cacac1c59cb2de2b65b89e71494b41783b37debeb5fe49b418b36e90","odata_n_tit.d_trd_hedge_product_info","对冲品管理信息表","PHYSICAL_IDENTITY","否","否","","0","","208471","210926","208471"
"dataset:45d52b327f3605690bf94c7c5af494b8e1f6a962c5b3bccf49403338cc4abeee","odata_n_tit.r_cfg_pricing_env_def","","PHYSICAL_IDENTITY","否","否","","0","","208500","226617","208500"
"dataset:248668d01f62b639f61c49a47763b5577cf8575a65a4e1500bada0cf47299cd9","pdata_n.t00_otc_deri_prd_pool_adtnl_info","场外衍生品产品池附加信息","PHYSICAL_IDENTITY","是","否","","0","","208592","",""
"dataset:fe6930d8a56580118030a9f8e9af8ee6b06028633f221e49a6cf65be9e793488","pdata_n.t03_otc_deri_comp_marg_info","每天一份快照，记录场外衍生品合约的保证金类别、币种、优先级、方向、余额、汇率及折算率等信息，用于保证金计算、占用管控、盯市与风险控制。","PHYSICAL_IDENTITY","是","是（并非已逐分支核验）","docs/00-20260914-图谱认知/01-tit入模/02-TIT入模去向.md;docs/00-20260914-图谱认知/01-tit入模/05-去向与未命中分类.md","0","","208637","",""
"dataset:96d2ee09858a8f093afbca72b042b4c6874bd0c86a9cbf2be180addc5e2b4bb4","pdata_news_n.t02_fxr_covt_info_erp","汇率折算信息erp","PHYSICAL_IDENTITY","是","否","","1","","208735","246593",""
"dataset:2307ab9eff65af5c844a61cebc18460c2e33b11724b8bbc88888cacbc65fd7f5","dm_otc_n.trd_option_event","运管信创_交易_OTCOPTION存续期事件表","PHYSICAL_IDENTITY","是","否","","0","","208755","210231","210231"
"dataset:98159b8d65b74cd3bbdb9f93d0c5d372e02b3588cc27cc897a4af45ea2caf670","dm_otc_n.option_parameter","期权台账表","PHYSICAL_IDENTITY","是","否","","0","","208777","208817","208817"
"dataset:fad3ffe6d2660532835d027ca84e2e4b11432cbd4ba54ff10464105583d6d74f","dm_otc_n.info_ta5_reg_rpt_mon","ta5登记数据","PHYSICAL_IDENTITY","是","否","","0","","208812","210737","210737"
"dataset:ab2beafc84f92d93683f65d278ae2b156d67104d15de233b42297023713475c3","dm_otc_n.info_ta5_iss_rpt_mon","ta5发行数据","PHYSICAL_IDENTITY","是","否","","0","","208825","210743","210743"
"dataset:06830e5821053dca1bb317e8c32f196b8658d1c0b0f178b9abbba141aa2291a8","dm_otc_n.info_ta5_redp_rpt_mon","ta5申赎数据","PHYSICAL_IDENTITY","是","否","","0","","208907","210745","210745"
"dataset:ec893a46ccb7642f2f9ed874beaabd395335e290bd2209cdb430f37faff08d3e","dm_otc_n.info_ta5_acct_rpt_mon","ta5账户数据","PHYSICAL_IDENTITY","是","否","","0","","208909","210748","210748"
"dataset:815e9ea9a5d0eed7ed0441a1eb34acf1a64f50910c740f417ddf1797d35ea64a","dm_otc_n.info_ta5_disp_rpt_mon","ta5转让数据","PHYSICAL_IDENTITY","是","否","","0","","208910","210749","210749"
"dataset:5aa47f0d88a28873ed150e829691d798099dcb096cfafc2b717da18a3c98b97c","dm_otc_n.fdsypz_ledger","浮动收益台账表","PHYSICAL_IDENTITY","是","否","","0","","208996","209137","209137"
"dataset:a9991b1c0ba37417a9ea2af0fc6537e541691f1dbc5be7e4fe374067676d8e43","dm_rsk_n.otc_opt_sub_trd_info","场外期权子交易信息","PHYSICAL_IDENTITY","是","否","","0","","209119;244970","",""
"dataset:890bdf764facf56f82ee9eb191ce2369448f8b684032b62b128449b3d4a418f2","dm_otc_n.prd_name_scd","运管信创_产品名称历史表","PHYSICAL_IDENTITY","是","否","","0","","209657","210301","210301"
"dataset:c5282f03962be9431cd607a40442ee94b41a4187471c20a7a38c589e5ecae676","odata_n_tit.w_act_hi_procinst_p","","PHYSICAL_IDENTITY","否","否","","0","","209732","210338","209732"
"dataset:6e9f63cad479bdddc207c235a85ff6b283b0e5db6ccff9e37afdea62d2f1978f","odata_n_tit.w_plc_process_def_p","","PHYSICAL_IDENTITY","否","否","","1","","209736","210337","209736"
"dataset:c320a5a5f92f1b734b271bdba49d60db366875d274b765a8ae8dc428b67d5ac2","dm_hk_n.info_trd_deal_day","OTCHK交易-场内交易成交数据","PHYSICAL_IDENTITY","是","否","","0","","219264","209739","209739"
"dataset:def4f32043ec0bd9cb2091e11b807315418cb5e0a6708880bac1513210346758","dm_otc_n.cs_cust_spec_shts_income","交叉销售客户专项融券收入","PHYSICAL_IDENTITY","是","否","","0","","209747","212298;239180","212298;239180"
"dataset:0ce30fa2571b6e17af79f95cfded6a05f00ea58e34ce5b15b0c30ede244727f6","odata_n_ecr.s_cx_ledger_account","","PHYSICAL_IDENTITY","否","否","","2","K097","","209971;209974",""
"dataset:024392a8f4fe3e006b6b43c8c487418be9270b487fdfe82ec5c4bc27ca05ce76","odata_n_ecr.s_cx_ficc_aml","","PHYSICAL_IDENTITY","否","否","","2","K097","","209971;209974",""
"dataset:7bd36b4eccebc7d28d04fb1706c1f1dc82318f919a3215fc99f4eee1abaf264d","pdata_n.t98_ficc_org_cust_info_ecr","2.1机构客户信息汇总（固收）ECRM","PHYSICAL_IDENTITY","是","否","","0","","209971","219085","219085"
"dataset:d5b65ed10ace9da87eb6202f6ce140c325ce8ac85f5083ffe51609eb5cd361d2","dm_otc_n.prd_fund_nav_h","运管信创_产品净值表","PHYSICAL_IDENTITY","是","否","","0","","210134","210345","210345"
"dataset:d8be68137527427d1b803b9052b3ba2eb3c7f4d771c90b1ed98676a287b20571","dm_otc_n.fdm_t02_bnd_cir_info_xir_xir","场外_债券流通量信息表","PHYSICAL_IDENTITY","是","否","","0","","210184","210191;229966","210191;229966"
"dataset:ca1d2c9331d5191c5d5062fdc9ccf424efb73bb5cf4885874bb997efdcb971d2","odata_n_uip.q_pfund_repub_amac","","PHYSICAL_IDENTITY","否","否","","1","","210427","213889","210427"
"dataset:0c40d6462997f252dec86a13531b29d728b6dda554d2c879528b9d20d8407874","odata_n_rcc.a_secumholder_pb","","PHYSICAL_IDENTITY","否","否","","1","","210443","210760","210443"
"dataset:003b2ca94e83fd0fbb29f7488dff2e441415fe899e6dacea36668f19ce8fbea8","odata_n_rcc.h_his_secumdeliver_pb","","PHYSICAL_IDENTITY","否","否","","1","","210445","210759","210445"
"dataset:64cb8f21b1fe62b8d1f5765514c6ac554defccb0cd83aba90ff7aad283d5ad8d","odata_n_tit.d_capital_daily_actual_balance_p","客户历史实际资金总额数据","PHYSICAL_IDENTITY","否","否","","1","","210678;233155;233156;234818;234820","213442;233309;233341","210678;233155;233156;234818;234820;233309;233341"
"dataset:4852f38012b73c3811fbd6dcd9d219469d334076564610b846dd57781c4a8918","odata_n_tit.d_v_report_file_info_ls","报备视图-极速互换报备用附件信息汇总视图","PHYSICAL_IDENTITY","否","否","","2","","210755","210883;212702","210755"
"dataset:949f4ff24118d73a8c6e6955f0365dd758078e4ef51521fb35d1e3d9c20f3606","pdata_nds.t05_exch_scr_deli_evt_pdda","证券交割事件","PHYSICAL_IDENTITY","是","否","","1","","210759;210760","212026",""
"dataset:60c111c1e204ac433f00fbe18e26c53bd996d7841d9928c42a1d1e517e7f6604","dm_cisp_n.report_file_info_ls","报备用附件信息-Titans-北上极速","PHYSICAL_IDENTITY","是","否","","0","","210883","",""
"dataset:3e6648e1444899d61cedfdd0ee65f4e76c9707a1f3fd56d0e951ce26b2f14c35","pdata_n.d_pos_fast_trs_leg_his_pos_temp","","NONE","否","否","","0","","","211472",""
"dataset:08679a749170db6fcfe39d02e1f3e5529b1bfea90dd670f7fef0afef83426b51","pdata_n.p_prd_notes_trade_record_temp","","NONE","否","否","","0","","","211535",""
"dataset:a747d5966e29aa23b8ae8a6637cea17260443002e645d131ca208b771b8cf527","pdata_n.d_pos_fast_trs_leg_valuation_temp","","NONE","否","否","","0","","","211644",""
"dataset:73b64df66a9ad6072646923f11e7badfa084b62477e97c3e16ad8b6f7245a132","pdata_n.d_pos_bucket_vega_metrics_date_temp","","NONE","否","否","","0","","","211730",""
"dataset:b30b325b5327ac55ffdb86de98ef67088939dfda52e6a33b134052b1df7e06ed","pdata_nds.t01_pty_name_h16","当事人名称","PHYSICAL_IDENTITY","是","否","","3","","211882","214294;216955;216982",""
"dataset:2ae94aa8a021cd08ae696da66db19ebf8bed86b677450ca8bb5db0ce0589c475","odata_n_aml.j_amlrc_risklevelcheck_p","","PHYSICAL_IDENTITY","否","否","","1","","219050","211929","219050"
"dataset:197ab12d9be6d835cd014086a4a0b1960f94ea622120f0f2a04f29615fa990ea","pdata_nds.t05_aml_cust_risk_lvl_reval_evt","反洗钱客户风险等级复评事件","PHYSICAL_IDENTITY","是","否","","1","","211929","218629",""
"dataset:cfdd2916467c78386fd3aaf1509d4c8911178339eb03cd74ab4ba53c8f22d48d","pdata_news_n.t02_exch_quot_bef_s","前复权日行情表","PHYSICAL_IDENTITY","否","否","","1","","","211987",""
"dataset:ff3bce04e5b81f6c5a3f1070c22adf620a6bc1a8adef3e7871feb3c0c88f5a91","pdata_news_n.t02_stk_tran_method","股票转让方式","PHYSICAL_IDENTITY","否","否","","1","","","211987",""
"dataset:83df95344c64262cbbaa68bca4783d7dc4470d6880d8147afe690c44c55a6242","pdata_news_n.t02_scr_info_tot","证券信息总表","PHYSICAL_IDENTITY","是","否","","2","","217719","211987;221844",""
"dataset:e0051213a7d391b0be348e9dd85fff5b7b8c6b36cf67a0c78ff980585a3b000d","pdata_news_n.t02_stk_rstk_disc_info","限售股折价信息表","PHYSICAL_IDENTITY","是","是（并非已逐分支核验）","docs/00-20260914-图谱认知/01-tit入模/02-TIT入模去向.md;docs/00-20260914-图谱认知/01-tit入模/05-去向与未命中分类.md;docs/00-20260914-图谱认知/01-tit入模/T02-产品标的与市场数据/02-行情与市场参数/06.5 限售股估值.md;docs/00-20260914-图谱认知/01-tit入模/T02-产品标的与市场数据/his/产品标的与市场数据.md","2","","228593","211987;228801",""
"dataset:9c7960b5de51c3f0d20720b3a056127f731830fe30c66680a7500de5343af26a","dm_otc_n.evt_secu_mholder_deli_jour_t0","证券理财交割流水表-T0","PHYSICAL_IDENTITY","是","否","","0","","212026","212229","212229"
"dataset:5d6550ae5f75014fd49efb54f5f3e5ab1675283c815d7c04af78d3cd1ca3e8a9","odata_n_aum.a_t_ins_cust_assn_pool","","PHYSICAL_IDENTITY","否","否","","1","","","212185",""
"dataset:ef140b56c5cc56344116d3de30d72d433633aae89003ca65ad75c0f317bd4926","odata_n_icc.a_acctspcash_p","","PHYSICAL_IDENTITY","否","否","","1","","212191","212234","212191"
"dataset:4a4010857ff0ffde58b79d4086c3ba719c9ad64077052029b0e2fa936e68b09a","pdata_nds.t03_ast_acct_spec_cash_ctrl_h1530","资产账户专项头寸控制","PHYSICAL_IDENTITY","是","否","","3","","212234;212235","214294;216955;216982",""
"dataset:832e042c75db6e833a8b1b57329a6e0f3ca1d58304703a14fa737ee6e9246387","odata_n_rcc.c_crdtacctspcash_t","","PHYSICAL_IDENTITY","否","否","","1","","","212235",""
"dataset:b95ea1f1813ea6465102fac204ff270526188b376c28c4ad00a66b95a4fc092d","dm_index_n.index_grp2_servtimes_aumimpcust_mth_ricc","员工*客户_服务次数_aum重点客户_当月_零售和机构柜台","PHYSICAL_IDENTITY","否","否","","1","","","212242",""
"dataset:bf3176bf071f8bf522897708c4185a01fdcdac4e12338fa381e4263b86049629","dm_index_n.index_grp2_servtimes_aumimpcust_astpkgrela_mth_ricc","员工*客户_服务次数_aum重点客户&资产包关系_当年截至当月_零售和机构柜台","PHYSICAL_IDENTITY","否","否","","1","","","212242",""
"dataset:b75b2ec3ca5640c6166a1e626fc55c1a4f39b5f5bc6fddedadf1d898fd8a825a","dm_otc_n.cust_stk_mts_hld_his","客户各标的信用账户持仓数量","PHYSICAL_IDENTITY","是","否","","0","","212422","213286","213286"
"dataset:74dfcab6ad7545a37fda6a300c49dad0f0a7855624be7644ec5edc8d6289cb2b","dm_hk_n.pty_ref_ctpty_mapping_day","交易对手映射数据_当日","PHYSICAL_IDENTITY","是","否","","0","","212460","",""
"dataset:69334aec6d72e4cc65f6f5ceeaa5cdd8e7481508f0e77152dd407dde3b07cf26","odata_n_fia.y_bd_acc_fi_int","","PHYSICAL_IDENTITY","否","否","","1","","","212507",""
"dataset:4a70a42e2728bb70301772044d20d58d75d1f4499c2e42150d4302608dfcf520","dm_otc_n.cust_stk_cbs_hld_his","客户各标的普通账户持仓数量","PHYSICAL_IDENTITY","是","否","","0","","212525","213284","213284"
"dataset:2126f75fb3d81755d69756817e59fdae7ea866d397b81f01fdeae0fc2568b5fa","spdata_nds.m_tbnd_t0","衡泰债券信息表多批次模型","PHYSICAL_IDENTITY","否","否","","1","","212569","230852","212569"
"dataset:51cf54707d2a4fb7d5c62243409dc8782efb489cec1b7b30350a1c371cf5f0ca","spdata_nds.t00_prd_pool_compnt_info_t0","产品池成分信息","PHYSICAL_IDENTITY","否","否","","1","","212570","230852","212570"
"dataset:0201badc35d6def79c8c12bc3627fead5a5a4b87d4b24eee601b191cba9db696","pdata_n.t95_otc_deri_rpt_doc_attach_info","T95_场外衍生品报备档案附件信息","PHYSICAL_IDENTITY","是","否","","0","","212702","",""
"dataset:10bd5ee81b7d4f9e7204578417b2217fa7dce988116a261001539417548de347","temp.ref_dw_cd_val_h_temp","","PHYSICAL_IDENTITY","否","否","","0","","","212728",""
"dataset:3ccc1869cbb95484e87dbf017664efbe892d4e748ce2736cc478e8cca9bd2588","temp.ref_dw_cd_val_h_mid","","PHYSICAL_IDENTITY","否","否","","0","","","212728",""
"dataset:21eae27b19f8c51096f2ca13af45bb59fe81d3f53a0d57aeda679aa58b095910","pdata_n.ref_dw_cd_val_h","仓库代码取值历史","PHYSICAL_IDENTITY","是","否","","0","","212728","",""
"dataset:b6d4002dd1927c3a9d16f8bf119c313f5026b5e59a252eff05c72690ccb34e05","dm_otc_n.covt_bond_info","可转换公司债券信息","PHYSICAL_IDENTITY","是","否","","0","","212881","213283","213283"
"dataset:727aee9c4fb6097ae38e7e9dfadcbf4f7c1202a81ba7c832300d2c498b735003","dm_index_n.index_grp1_netintrincome_margdevrela_orgseqempkpiexam_yearmthavg","员工_净利息收入_两融开发关系&机构序列员工KPI考核_当年月均","PHYSICAL_IDENTITY","是","否","","0","","235224","212945;244873","212945;244873"
"dataset:4e9fb8c85af0c89b9602a7f648ac81acb515c40577af877f1811a1c5d12f24c1","dm_index_n.index_grp1_margbalincrsrate_margdevrela_orgseqempkpiexam_yearapd","员工_两融余额增长率_两融开发关系&机构序列员工KPI考核_当年日均","PHYSICAL_IDENTITY","是","否","","0","","235234","212945;244873","212945;244873"
"dataset:b52989ff22e1ced418fe4bdcbd1a94ad4a486effba3f096f1ffc796dffbc5112","odata_n_ecr.s_bg_acs_rel_emp_v","","PHYSICAL_IDENTITY","否","否","","1","","","212965",""
"dataset:d31926b60f93b33b9e6d8e56dcc7269bd51e41c17cda8a9fe0273e8e600ea3e2","pdata_news_n.t02_fin_otc_forb_undrl","otc禁止标的","PHYSICAL_IDENTITY","是","否","","1","","216798;216800","213475",""
"dataset:018566b5530d41eb39569e82ea0d4c59e729fb55c915fd2a866aa80e62622205","dm_otc_n.file_restricted_list","OTC禁止标的池","PHYSICAL_IDENTITY","是","否","","0","","213475","213723;229963","213723;229963"
"dataset:87bb06c56e6d0a66422171cc045775b87e6df9a42f921dd1074048bc8cf81886","pdata_news_n.t02_name_chg_info","曾用名信息","PHYSICAL_IDENTITY","否","否","","1","","","213889",""
"dataset:533aa2f6dbd743ea566baf4d4e4077e8cf252653cd7adfb6b2d62d41a4ca44e3","pdata_nds.t03_marg_comp_info_t0","融资融券合约信息T0","PHYSICAL_IDENTITY","是","否","","2","","220464;220509;220512","214294;216982",""
"dataset:5aa25940c4413ee9bd067f5e7d74b0889c3b0f10d939bfb2e80fb6a40cf47f9e","pdata_news_n.t02_rcc_exch_quot_s_pb","市场行情(RCC)(批次表)","PHYSICAL_IDENTITY","是","否","","3","","214752","214294;216955;216982",""
"dataset:1d3768bba2365032164856d6873a153fa63a87b603b483e21b6c007e4dc976af","pdata_nds.tmr_drwt","两融委托与成交明细","PHYSICAL_IDENTITY","是","否","","1","","216759;216772","214294",""
"dataset:1758acbecfb12c1783c938f2ade69156c8d22b5989e131eaf666123a7443244d","dm_otc_n.t0_trd_monitor_detail_each_source","T0交易监控数据统计表","PHYSICAL_IDENTITY","是","否","","0","","214294;216955;216982","215655;215805;216252","215655;215805;216252"
"dataset:ac02e2c170b785b76315f18529ec0714e946c6ba60f120e0d80b371b4dcf3d6f","odata_n_sso.r_t_order_status_pb","","PHYSICAL_IDENTITY","否","否","","1","","214412","216421","214412"
"dataset:979e3aaab6e9cb0316846c90f6a6d012e50f6295b302258db1d402e4a2fa5ff4","odata_n_sso.t_t_order_status_pb","","PHYSICAL_IDENTITY","否","否","","1","","214413","216423","214413"
"dataset:df45f3cb24723864dbb86208b52774b50669830827a20535e96b0bdbecad71d5","dm_otc_n.nds_asharetypecode","资讯类型编码表","PHYSICAL_IDENTITY","是","否","","0","","214555","214543",""
"dataset:cc16713a3b39385c95ab44449e6379d75e884fdada2cf5156767e7264b7e9738","dm_otc_n.t02_bnd_major_evt","中国债券重大事件汇总","PHYSICAL_IDENTITY","是","否","","0","","214551","",""
"dataset:3dea25e0df7e3d0de8e82d0b9b25324c1251ebe70c074d7b4f4c4fc4feb6be75","dm_index_n.deri_actl_income","衍生品实收收入表","PHYSICAL_IDENTITY","是","否","","0","","214722","",""
"dataset:c3353bc647d3ee6b02ec21539e11b9561c8f62eade18fdeacfac53ef9c80151c","odata_n_fia.y_bd_fi_bond","","PHYSICAL_IDENTITY","否","否","","1","","214739","217719","214739"
"dataset:e4d2764195268fad642ade8cef40044c5126d5f3d451c0ce9dda520a55d70cad","odata_n_tit.d_trd_fast_trs_event","极速互换存续期事件表","PHYSICAL_IDENTITY","否","否","","1","","214749","215630;216458","214749"
"dataset:6ebe4d88cfc2f02c1c0f5932bc209d594f6d053d73272902bca7b45c8c94a935","odata_n_rcc.u_price_p","","PHYSICAL_IDENTITY","否","否","","1","","","214752",""
"dataset:a425014e1ba4408172e2270006c21cfb7b35d4ebb32da3d3f6b5965e1bb153aa","odata_n_fia.y_bd_fi_stock","","PHYSICAL_IDENTITY","否","否","","1","","214818","217719","214818"
"dataset:eea24b4d848eeab909b2f48f4f316bcd9d9ccc632ab24c9e0bf49546e8d31cb0","odata_n_fia.y_bd_fi_fund","","PHYSICAL_IDENTITY","否","否","","1","","214819","217719","214819"
"dataset:63fbaf201e7cc1ba0357f64b99cc4c563ac92e342e7625c1221a245f6f6d899f","odata_n_fia.y_bd_fi_equity","","PHYSICAL_IDENTITY","否","否","","1","","214820","217719","214820"
"dataset:87a5187763f23cabd5d7dc8873e6d84ff9ea1d1739ee009eaa028f3a341b2f3e","odata_n_fia.y_bd_fi_stock_rt","","PHYSICAL_IDENTITY","否","否","","1","","214821","217719","214821"
"dataset:754dd6fc53b5b037810513a1931c8976ee757fbd0966727a97c786aeaaa55df1","odata_n_fia.y_bdv_instrument","","PHYSICAL_IDENTITY","否","否","","1","","214831","217719","214831"
"dataset:17f4585abaca14f30f9e28bb995d4e9f828378ad3b9084869caaf713c85d0ed0","odata_n_tit.r_cfg_ice_listedoption","","PHYSICAL_IDENTITY","否","否","","0","","215229","218469","215229"
"dataset:c1d2559ae8c00e6aa39867d640a167d894df10a6c9e83ee41012131f6f3fa263","dm_hk_n.info_trd_fast_trs_event_day","极速互换存续期事件","PHYSICAL_IDENTITY","是","否","","0","","215630","215631;226506","215631;226506"
"dataset:b8b69eb57998bf91e49a915d28ae088e54be62bcf3e8e4284327e640b83ba074","dm_otc_n.t02_fur_mkt_quot","期货日行情","PHYSICAL_IDENTITY","是","否","","0","","215671","",""
"dataset:c481e6924aad6778cda09f9e54da71360f203456c9a50937395ab775a5506b4c","dm_otc_n.t02_ira_indx_info","银行间市场基准利率参考指标","PHYSICAL_IDENTITY","是","否","","0","","215676;234231","216480","216480"
"dataset:007c9e6dd7c2e0d6b1e272329b9ac23ba78c452aa30cfbe2d13b73dc20b41450","odata_n_tit.d_pos_eod_fx_exposure","日终外汇敞口||POS_EOD_FX_EXPOSURE","PHYSICAL_IDENTITY","否","否","","1","","215871","219358","215871"
"dataset:910439166d86593d1a27c52fcb9a21da927be8bae574ca69e93ddfe9e31144f9","dm_otc_n.t02_scr_marg_det","A股融资融券交易明细","PHYSICAL_IDENTITY","是","否","","0","","215886","",""
"dataset:06a13a9ca6daf02800134d29ddcfb5647c2a56249f9c15a810dd8a09e73136e6","dm_otc_n.t02_scr_marg_sum","A股融资融券交易汇总","PHYSICAL_IDENTITY","是","否","","0","","215891","",""
"dataset:2229c98ba4828df12f63332bfda63f1ee97cb87313073cf86d80182b9a01a921","odata_n_fia.y_bd_fi_comm","","PHYSICAL_IDENTITY","否","否","","1","","215962","217719","215962"
"dataset:486d1607908f8b1f0a5581e4442f252dee2bafed76ac009c38ec912487f5c506","odata_n_fia.y_bd_fi_repo","","PHYSICAL_IDENTITY","否","否","","1","","215966","217719","215966"
"dataset:afce692a6b636b32faae72598f3c41753131e78955282c138b749ea3bebcd497","odata_n_fia.y_bd_fi_icv","","PHYSICAL_IDENTITY","否","否","","1","","215971","217719","215971"
"dataset:086750a087e12d32640743b1aaf8867b999d45df90699c94f065dde2b6d568d0","odata_n_fia.y_bd_fi_futures","","PHYSICAL_IDENTITY","否","否","","1","","215973","217719","215973"
"dataset:cbf9b9a8d7355fc4674ba3ac4000190aff5efff333790564e5919e6b39ab1dcb","odata_n_fia.y_bd_fi_index","","PHYSICAL_IDENTITY","否","否","","1","","216040","217719","216040"
"dataset:097260932e2ba6d9c10a424be29dad25a7aa6f300e184aec890deff1cb347803","odata_n_fia.y_bd_fi_cp","","PHYSICAL_IDENTITY","否","否","","1","","216060","217719","216060"
"dataset:99ad962352c4e21d6c0c77e0f02df998e6a20ec81248f6f62d41494eb1444c9f","odata_n_fia.y_bd_fi_otc_swap","","PHYSICAL_IDENTITY","否","否","","1","","216063","217719","216063"
"dataset:41dd88048204535eb4be74f9229c285659e1f51457c57b34c2aa70b3e77dd44d","odata_n_fia.y_bd_fi_amp","","PHYSICAL_IDENTITY","否","否","","1","","216067","217719","216067"
"dataset:ec1d28365d263f32356610526db32bb1be4e3bb6a366f96e0de58846e41d8a98","odata_n_fia.y_bd_fi_option","","PHYSICAL_IDENTITY","否","否","","1","","216070","217719","216070"
"dataset:c19629ee0838d2269682606f9b1aeaa42244dace1cc8179ccad31e9bbf57b8d8","spdata_n.t09_subj_bal_s","科目余额历史","PHYSICAL_IDENTITY","否","否","","1","","216176","221844","216176"
"dataset:f08ed083386518e64630713081761026f74b07bbbd2ce303d41a16605844e30f","spdata_n.t09_valu_h","估值历史","PHYSICAL_IDENTITY","否","否","","1","","216182","221844","216182"
"dataset:a9471f23901c16b73dd5425e6725dbf543994af81c6d93d0b21ecd97504e8236","odata_n_uip.g_bbg_stk_bdvd","","PHYSICAL_IDENTITY","否","否","","1","","216238","217639","216238"
"dataset:d50493bd01ac1bc0a1ed1a9cd83560606e4027227d37479c1809fb928ba9f7a6","dm_otc_n.stk_allot_info_qgj","券管家_股票配股信息","PHYSICAL_IDENTITY","是","否","","0","","216321","216706","216706"
"dataset:5924be713096b8e93f6bbf938418e443bd472ae86d385339ba1217a48341a4a3","dm_otc_n.stk_ex_dr_info_qgj","券管家_股票送股信息","PHYSICAL_IDENTITY","是","否","","0","","216325","216760","216760"
"dataset:5606fd64baf516911e99ec7c57fa7298653c333fc82a9d62d24c711334ad445f","dm_otc_n.t02_co_indt_md_qgj","券管家_申万行业信息","PHYSICAL_IDENTITY","是","否","","0","","216330","216780","216780"
"dataset:36b331c15d83f1a90beb48489e5e590e6363b2a4ecd202348f37a6c8befaa5c5","dm_otc_n.t02_co_equi_qgj","券管家_股本信息","PHYSICAL_IDENTITY","是","否","","0","","216335","216860","216860"
"dataset:de2873359d23f8225b92e3f9576ff579fe3ed71e5004787be9319a72f4dadd81","dm_otc_n.t02_fnd_scal_qgj","券管家_中国共同基金份额","PHYSICAL_IDENTITY","是","否","","0","","216340","216882","216882"
"dataset:3087ac8c8c7f2a3fc47cfd9b30d5c2445f6d468c4b57fcdd1cea18724d5b579e","dm_otc_n.t02_stk_strg_ivst_lend_qgj","券管家_战略配售股份可出借信息","PHYSICAL_IDENTITY","是","否","","0","","216345","216890","216890"
"dataset:19e44ee5027901c8bc511c2cb8b1a2ec39fd42da264c9adcb9795f51baa4a856","dm_otc_n.t02_exch_quot_h_qgj","券管家_股票日行情","PHYSICAL_IDENTITY","是","否","","0","","216347","216907","216907"
"dataset:503445109fe180bd7166a0ecda4454e508a5ab022438384d176c1f44249272c5","dm_otc_n.t02_idx_compnt_wght_qgj","券管家_指数成分股信息","PHYSICAL_IDENTITY","是","否","","0","","216348","216911","216911"
"dataset:8706d4b2fd297689c6200a55b7b3c53bcc283ff9b9b8970dcbd805e55d195600","dm_otc_n.compact_comment_qgj","券管家_公共券池","PHYSICAL_IDENTITY","是","否","","0","","216350","216924","216924"
"dataset:abf37c937901f6fc281b48a33b40b216835a6859939680fcdef208a26129df6a","dm_otc_n.suspicious_seo_qgj","券管家_可疑定增证券信息表","PHYSICAL_IDENTITY","是","否","","0","","216353","216927","216927"
"dataset:ed94b4f53ed138c5ecdf165037b2e555cb649ce9e504734767f9b1a39d081925","dm_otc_n.strg_ivstr_plac_det_qgj","券管家_战略投资者获配明细","PHYSICAL_IDENTITY","是","否","","0","","216356","216932","216932"
"dataset:43429e061ca6ad2f46b7b0297de7b73d6fd4c4097ff6168c6ccd56b8bb821ccd","dm_otc_n.crdtfundaccount_qgj","券管家_资产账号控制表","PHYSICAL_IDENTITY","是","否","","0","","216357","216935","216935"
"dataset:d6fe2437e60740156773019a4d4d91f922f01d6d010980a1ddd742fd76e640c1","dm_otc_n.tyzx_scr_susp_info_qgj","卷管家_A股停复牌信息","PHYSICAL_IDENTITY","是","否","","0","","216364","216939","216939"
"dataset:a00b1452b0c2b92d3db244e2371f9d71d638d97cc6aa10f83fc66bec00bb6a00","dm_otc_n.sell_amt_spec_shts_qgj","券管家_最近一交易日专项融券卖出数量","PHYSICAL_IDENTITY","是","否","","0","","216376","216940","216940"
"dataset:f544cc4df467d1e254fd56755b0064e88069904db6b0addc43631b9220f46b1b","dm_otc_n.u_sysdictionary_qgj","券管家_柜台数据字典","PHYSICAL_IDENTITY","是","否","","0","","216416","216943","216943"
"dataset:d572201e203d78369a237fe280fa39aa952a2b6989ba0f2dabd7b4057f984c72","pdata_nds.t05_exch_scr_entr_stat_evt","场内证券委托状态事件","PHYSICAL_IDENTITY","是","否","","1","","216421;216423;216447","216982",""
"dataset:363f47ca4a34f7d4679701af80b1d7f5b64432d4bcbbac2c26c5a17d9c1b0446","pdata_nds.u_crdtequity","权益信息登记表","PHYSICAL_IDENTITY","是","否","","1","","216425","216490",""
"dataset:f0250b683835b13eba4824c4e8dc9ef3c93bad10498ba8eb65ee85e2632a1057","dm_otc_n.crdtequity_qgj","券管家_权益信息登记表","PHYSICAL_IDENTITY","是","否","","0","","216490","217765","217765"
"dataset:757160ac6dcc68b2cbb972f70d635dbb0a4def7c3dccf75f6f65bbb4c899a21b","pdata_nds.t05_bma_exch_scr_mtch_evt","华锐ATP场内证券成交事件","PHYSICAL_IDENTITY","是","否","","1","","216566","216982",""
"dataset:867d1a75e33e20638588a0e85475c83e329525044a4d22cf79636c09f8fdaa11","pdata_nds.t05_bma_exch_scr_entr_evt","华锐ATP场内证券委托事件","PHYSICAL_IDENTITY","是","否","","1","","216567","216982",""
"dataset:9d3d88afa70c265f31b65858d9c84ac8d150816abecbfd133c2537784b08a797","pdata_hk.t01_pty_user_rela_h","当事人用户关系历史","PHYSICAL_IDENTITY","否","否","","1","","","216569",""
"dataset:ff95c154284ca85bf5053bc5f57a5488009470c997f5fb1a93c8f3cf87178d60","dm_otc_n.mv_khxx_khgx_qgj","券管家_客户信息及客户关系表","PHYSICAL_IDENTITY","是","否","","0","","216569","216964","216964"
"dataset:80301221c6b84d800483dbdf3a01dd6bfe18e06085afb28445e535710b1eb097","odata_n_sip.file_hk_restricted_list","【AI】香港限制名单","PHYSICAL_IDENTITY","否","否","","1","","","216798",""
"dataset:5f76fbe89ba459fe554366fc2bba4ec04ac57f57f612850aef9c657b5b666859","odata_n_sip.file_restricted_list","【AI】限制名单表","PHYSICAL_IDENTITY","否","否","","1","","","216800",""
"dataset:c77543b4f1a0d4b41c63ec239a789ab29d501c4e5d3d3a9f1c222d0b3e9f87cf","dm_fin_n.civ_otc_fin_option_trade_rec","估值系统场外金融期权交易记录表","PHYSICAL_IDENTITY","是","否","","0","","216868","216869","216869"
"dataset:960a1d031eca04fe8102594d2e4c2a248cf82353b408d1e826799d34532dbc3d","odata_n_bma.t_t_rt_crd_contract_specifications","","PHYSICAL_IDENTITY","否","否","","1","","216885","220464","216885"
"dataset:df04ec2c0a2272012d74251bfdfd3ced72331693058c35225980a1d06de32880","odata_n_hts.b_tmr_fzxx","","PHYSICAL_IDENTITY","否","否","","1","","216888","220509","216888"
"dataset:f42ac4ae27fd89ca28be8a279c9a5a76d992d3d9db95e67f5e0630e7b6dbb250","odata_n_hts.c_tmr_fzxx","","PHYSICAL_IDENTITY","否","否","","1","","216889","220512","216889"
"dataset:70f17c8868a06ce1fb0221c34ea568c9ad3d5895e21ec205dc876fb8982eaba3","dm_otc_n.t02_stk_ipo_ofln_det","中国A股网下配售机构获配明细","PHYSICAL_IDENTITY","是","否","","0","","216928","217630",""
"dataset:452f47d496b67ab826560b2e27f21968fa7676cc9138f2101a346fe19f4b8239","odata_n_tit.d_ref_strategy_index","策略指数维护表","PHYSICAL_IDENTITY","否","否","","0","","217186","219012","217186"
"dataset:78f92d290339a9de3494abbe9aacb01c6fea1f11b4a59c78d68af5afa403416c","odata_n_aum.r_trela_hook","","PHYSICAL_IDENTITY","否","否","","1","","217342","221009","217342"
"dataset:fc7f83fcdf9f31a5768d5741186a54ad1bda39280e870bad6b929413a291e69e","pdata_news_n.nds_rpt_forecast_stk","卖方预测数据","PHYSICAL_IDENTITY","是","否","","1","","217510","217721",""
"dataset:a2c6a24b8dc48fd3236da79537f40a11d7fb31528acdd59dd469a8839a0bd024","pdata_news_n.nds_con_forecast_stk","个股一致预期数据","PHYSICAL_IDENTITY","是","否","","1","","217511","217739",""
"dataset:fec8a83868b3c4202b67756dd7d724f5dc98ac212bdac1f5ea840850f29d2203","pdata_news_n.nds_bbg_stk_bdvd","彭博股利预测分红","PHYSICAL_IDENTITY","是","否","","1","","217639","217648",""
"dataset:cb3ba580724d0fff1fa04fd62d63d6fe856049ccfde5502cdc92005811abbb44","dm_otc_n.sum_bbg_stk_bdvd_day","彭博股利预测分红数据","PHYSICAL_IDENTITY","是","否","","0","","217648","218423;228928","218423;228928"
"dataset:1798ee513da58e87526ec0016e70bd9c4f7f5d45336b05ebc03e68d6305e70fa","dm_otc_n.rpt_forecast_stk","卖方预测数据","PHYSICAL_IDENTITY","是","否","","0","","217706;217721","",""
"dataset:4fb0439543efb713426f59d48cc8087207d94ecfc38211c80915ce5d30c52a85","odata_n_fia.y_bd_fi_category","","PHYSICAL_IDENTITY","否","否","","1","","218317","217719","218317"
"dataset:0450b260fad4b05cadfd1f9067d6f85517f91bc3f1f163ee2f52f69ad013b435","odata_n_fia.y_bd_fi_classify_amp","","PHYSICAL_IDENTITY","否","否","","1","","218319","217719","218319"
"dataset:4b1efaa70f829d7822ce2ac3216c320ddfb967fa34e4044b5a5ca20c32c8aa6a","odata_n_fia.y_bd_fi_classify_bond","","PHYSICAL_IDENTITY","否","否","","1","","218321","217719","218321"
"dataset:82273f13b6c873d577c3db73747e3be0fb7a7867a9b7484faeae94ef3e60f506","odata_n_fia.y_bd_fi_classify_bondpfl","","PHYSICAL_IDENTITY","否","否","","1","","218322","217719","218322"
"dataset:98c765b2b002d0137a95bc36c0d76c5f0f06dc5a1b4e02f4acb1360373eed9af","odata_n_fia.y_bd_fi_classify_carbon","","PHYSICAL_IDENTITY","否","否","","1","","218325","217719","218325"
"dataset:6a9180d617e1dc45bab37fa5d8eb1f8beb7302e7d2b9ff0cf58931fa44eaebb6","odata_n_fia.y_bd_fi_classify_commodity","","PHYSICAL_IDENTITY","否","否","","1","","218326","217719","218326"
"dataset:1cd4fc6f5538ba130377ce15ab06171182caa5c4b3ecea6ca835b54f7302f75a","odata_n_fia.y_bd_fi_classify_cp","","PHYSICAL_IDENTITY","否","否","","1","","218328","217719","218328"
"dataset:17a5b98acb6aab026b547971e794ced016bea14e3c0cbb3838405ec016b729c3","odata_n_fia.y_bd_fi_classify_equity","","PHYSICAL_IDENTITY","否","否","","1","","218334","217719","218334"
"dataset:517bb0d320715e5435229ff177ff6e681a9abbd6b5ee114111e3096d4ffb977f","odata_n_fia.y_bd_fi_classify_fund","","PHYSICAL_IDENTITY","否","否","","1","","218336","217719","218336"
"dataset:1b4e446e31349b36c112433d41912c0312ae8c755174636a13ee9af639daa983","odata_n_fia.y_bd_fi_classify_futures","","PHYSICAL_IDENTITY","否","否","","1","","218342","217719","218342"
"dataset:7d4ceb5d479587ca4f955e5f987ea9c44cac10ac17f5e5cfd41ced4c740bcd36","odata_n_fia.y_bd_fi_classify_fwd_bd_s","","PHYSICAL_IDENTITY","否","否","","1","","218345","217719","218345"
"dataset:43f4772244bb0110792ddd5e1dc7712e67a58286ec8f194a272367a9c21f84b9","odata_n_fia.y_bd_fi_classify_icm","","PHYSICAL_IDENTITY","否","否","","1","","218346","217719","218346"
"dataset:93c1e48a62a2fa05a693ab027fbae3f42f1fc6517c4da59ffa90702dfd0862f6","odata_n_fia.y_bd_fi_classify_index","","PHYSICAL_IDENTITY","否","否","","1","","218348","217719","218348"
"dataset:a1773e5a395140982cd78fed06041cc2f9ab2db5fa01c40ff895ce8af9d3a485","odata_n_fia.y_bd_fi_classify_interestrate","","PHYSICAL_IDENTITY","否","否","","1","","218349","217719","218349"
"dataset:fb6208d2f757f4a294461db3061a345b85bca785e455c986ad7c2658a5ef9f23","odata_n_fia.y_bd_fi_classify_ir_swap","","PHYSICAL_IDENTITY","否","否","","1","","218351","217719","218351"
"dataset:e42146957e0a3f4638a362538a07ab428de529d1ae2cb5330f4132d10a1eaf2a","odata_n_fia.y_bd_fi_classify_option","","PHYSICAL_IDENTITY","否","否","","1","","218353","217719","218353"
"dataset:68b334fd88379b9cbdbc635ebd07376e63e4c694eadd500a97c95869a0ac563a","odata_n_fia.y_bd_fi_classify_otc_swap","","PHYSICAL_IDENTITY","否","否","","1","","218356","217719","218356"
"dataset:fb45cc56a29d5359f1df33de0abaff36986c012d7f9320e147bf25f9d35f242a","odata_n_fia.y_bd_fi_classify_repo","","PHYSICAL_IDENTITY","否","否","","1","","218358","217719","218358"
"dataset:6e633b14e379e2f1714cc60fc45a5138e1730a8776543dc4a75b7af2da7264d6","odata_n_fia.y_bd_fi_classify_stock","","PHYSICAL_IDENTITY","否","否","","1","","218361","217719","218361"
"dataset:37eebf777bac4bd5b362f9ecccd238e80db5336930cb30db1e1660f92c2d2549","odata_n_fia.y_bd_fi_classify_va","","PHYSICAL_IDENTITY","否","否","","1","","218363","217719","218363"
"dataset:86656236f1a8996e0ea893bffb0dbbcabda6c127c58a6b8fec5317291a563c81","odata_n_fia.y_bd_fi_inventory","","PHYSICAL_IDENTITY","否","否","","1","","218377","217719","218377"
"dataset:3dcd6fe3ab6d318c1edfeea6606b55761832b2b22864884ceaf2e500c6b94110","odata_n_fia.y_bd_fi_type","","PHYSICAL_IDENTITY","否","否","","1","","218385","217719","218385"
"dataset:59fe83310b8e1ea5ff6172e8279ec23acd22a6f99fc81c5ac2c5580ae5e7c2cf","odata_n_fia.y_bd_fi_ca","","NONE","否","否","","0","","","217719",""
"dataset:d2659dceb377d73d538ca62285e619dad2424ff2aacc55df57173295177df40e","odata_n_fia.y_bd_fi_fwd_bond_s","","PHYSICAL_IDENTITY","否","否","","1","","218375","217719","218375"
"dataset:acb30c3affdcf855f20a7bea2b3cd778ddfb99415b7dcf2d045dc2f9f5e71ac4","odata_n_fia.y_bd_fi_va","","PHYSICAL_IDENTITY","否","否","","1","","218386","217719","218386"
"dataset:4243a8f0d96afc37ecd3472c3ae28f0c4afb3b077f9373edf62aed823c50c0f1","odata_n_fia.y_bd_fi_warrant","","PHYSICAL_IDENTITY","否","否","","1","","218389","217719","218389"
"dataset:e87f4bc33a0d35d9d4326ef6800472bf30cb22859636b92e2878720ac4823c3d","dm_otc_n.con_forecast_stk","个股一致预期数据","PHYSICAL_IDENTITY","是","否","","0","","217739;217752","",""
"dataset:bfed0a003f71603b49d2a9ca8dbf10215e3e81d051c43041ae105025460e6f1a","dm_index_n.temp_client_brk_inc_cust_type","客户类别_创收分类","PHYSICAL_IDENTITY","否","否","","0","","","217770",""
"dataset:7327c572674b82fe65c0a912ad19b6d47f5a10f71f1d92bcf71207d7985dbd5a","odata_n_tit.d_pos_qg_clearing_greeks","自营做市绩效合约Greeks表","PHYSICAL_IDENTITY","否","否","","0","","217836","219014","217836"
"dataset:0499be9aa2692c8b0c90bd45c5894627b81a5820d44f13ab5d1be565052707bf","dm_otc_n.t02_stk_hk_cd_rela","AH股关联证券","PHYSICAL_IDENTITY","是","否","","0","","217914","217949",""
"dataset:89881e23eb2b95ef94b8686daf32c25e4d3d04f8f9861edd3684b06deef5cb9d","dm_otc_n.t02_fnd_divd","基金分红","PHYSICAL_IDENTITY","是","否","","0","","217915","",""
"dataset:b518756d567522232ed08cbc77957e6c9b732d5bfbb6d81d49f32c27478d7b43","dm_otc_n.t02_fnd_shr_split","基金拆分折算记录","PHYSICAL_IDENTITY","是","否","","0","","217916","",""
"dataset:25b118620768edbab0ad3715b4b983be9a5c4ee2fcdae3c646261d9ca22310a3","dm_otc_n.t02_fnd_compnt_info","基金成分信息","PHYSICAL_IDENTITY","是","否","","0","","217917","217960",""
"dataset:abba01c1c8cd1225405de2dc1447fda76e7ea7a692ec74127215b6a551390e8b","dm_otc_n.t02_co_fin_note","公司财务附注","PHYSICAL_IDENTITY","是","否","","0","","217918","217961",""
"dataset:3bb3d99c6babefc4044ea16415b49ed1b7b3b1a2505e1c62babf8b15e22210a4","dm_otc_n.t02_fnd_hk_etf_info","香港ETF基本信息","PHYSICAL_IDENTITY","是","否","","0","","217922","217962",""
"dataset:dcd1f929a15787eaecdc76de68db4d92076304f192975d08da7d2b7f99cf58cf","dm_otc_n.t02_co_indt","公司行业分类","PHYSICAL_IDENTITY","是","否","","0","","217923","217963","217963"
"dataset:d9031b0b48adeacf8cef4bd8064dd14452d9b3270675cef0f4d1d7d12596481a","dm_otc_n.t02_stk_cd_modif_rec","股票代码变更记录","PHYSICAL_IDENTITY","是","否","","0","","217924","217965",""
"dataset:0a81cbb08a14e9824ca314ef89a9ca995eb3d92758696e5238cb44cdff77705b","odata_n_lss.s_t_hedge_contract","对冲账户合约","PHYSICAL_IDENTITY","否","否","","1","","234203","217951","234203"
"dataset:cb90efba9234737ab8598f613a2dc3ff4578b2046e2891d0db7c7724f3cc3e81","odata_n_lss.s_gf_new_confirmation","监管新规-交易确认书数据表","PHYSICAL_IDENTITY","否","否","","1","","234197","217951","234197"
"dataset:c07464d6430216a2439d2a6c7fbbe18f2af4d0da78fb77a318ed23ff0991d631","odata_n_lss.s_t_sett_bk_contract_principal","【AI】结算合约名义本金表","PHYSICAL_IDENTITY","否","否","","1","","234199","217951","234199"
"dataset:4bd8093be1e874eaf346eb59b87bfbc438fca949439f1ebc9f3fec12282b41cc","odata_n_lss.s_v_contract_sort_fee_rpt","【AI】合约分类费用报表","PHYSICAL_IDENTITY","否","否","","1","","234201","217951","234201"
"dataset:4d70a9ee4250d31eeb8a9e1c5d2d1cdb6c4a544a54541cc52e6f2b089d252875","odata_n_lss.s_v_contr_sort_fixed_profit_rpt","","PHYSICAL_IDENTITY","否","否","","1","","234200","217951","234200"
"dataset:f9a4d5bf4ab12401d4242effe40529b3ccaa15b4ae318d5cf3a7bb3ebaaf3cd4","odata_n_lss.s_gf_bk_position","【AI】日终持仓表","PHYSICAL_IDENTITY","否","否","","1","","234198","217951","234198"
"dataset:250a842eb24d4c61bf4bacae138088d12307ccfbe94cb3eb9c2f9a790dc2161e","odata_n_lss.s_gf_bk_new_confirmation","","PHYSICAL_IDENTITY","否","否","","1","","234208","217951","234208"
"dataset:5107bd2d0de33949a75e0297b26c427785d3d6b7e9ab70049e4bd12e119f40d2","odata_n_lss.s_t_sett_confirm_rpt","交易确认书维度报表数据","PHYSICAL_IDENTITY","否","否","","1","","234216","217951","234216"
"dataset:0ec4a4d50de572c1e3df083d1c0099a0c476e0eb66aa2ebd3594b41cfd71cf54","odata_n_lss.s_v_ls_confirm_sort_fee_rpt","【AI】互换费用分类报表","PHYSICAL_IDENTITY","否","否","","1","","234217","217951","234217"
"dataset:442c1897b97fab5af8e30ccb9d30ad273cf76abf0415673908d33860db3a76b6","odata_n_lss.s_t_sett_bk_active_underly","标的表-已终止","PHYSICAL_IDENTITY","否","否","","1","","234204","217951","234204"
"dataset:67e076754f705925de24790d2bd9cc6ad459a758f6c8d0f298d668084863425f","odata_n_lss.s_t_sett_terminate_underly","标的表-已终止","PHYSICAL_IDENTITY","否","否","","1","","234207","217951","234207"
"dataset:5949cefd0911ac5c31131c88bcee6933214d3fc1a399a3eb6f36083ce4e77290","dm_otc_n.report_swap_kingstar","互换盈亏-金仕达","PHYSICAL_IDENTITY","是","否","","0","","217951","221944;245641","221944;245641"
"dataset:b72949fac708a58ca3ba4e02fea672aafb6e81cdbeb280540dfa766627381691","dm_rsk_n.ref_book","账簿信息表","PHYSICAL_IDENTITY","是","否","","0","","217967","",""
"dataset:bc021e903f629f27e8887cdafa9d524a01d449d64184f2616a03bdf28ce0ad50","pdata_news_n.t02_ficc_same_trd_cutp","ficc同一交易对手合并输出表","PHYSICAL_IDENTITY","否","否","","1","","","218016",""
"dataset:5785328a071cd51853335e7f5da5952920b9ed591e1977ac81099620d6a1e660","dm_otc_n.dm_ficc_same_counterparty_output","固收衍生品业务同一客户识别输出","PHYSICAL_IDENTITY","是","否","","0","","218016","218032","218032"
"dataset:c1a368cfe5c937cb3571cb3997267dec274a8aba3779ade17718b59ff185c6d9","pdata_news_n.t02_co_base_info_v2","机构基础信息表v2","PHYSICAL_IDENTITY","是","否","","2","","218318","219732;220860",""
"dataset:18f988d2ea15a441d63908504a9a1555b74cf55fd3ae86a4ef9d7110ae76ea2e","odata_n_smt.s_restricted_secu_bal","","PHYSICAL_IDENTITY","否","否","","1","","218395","221601","218395"
"dataset:6215c30fec7d7df49df7cce02bfa520b4618e2f9e0520b529c0e99e9cb09843b","pdata_n.t98_our_futr_anul_pal_sum","T98_我司期货年度盈亏汇总","PHYSICAL_IDENTITY","是","否","","1","","223010","218458",""
"dataset:49061bc1a8a9b9f31849cc672a3ed111f083a1ad7ad0d142111ba232d196760c","dm_otc_n.report_swap_futures","互换盈亏-期货","PHYSICAL_IDENTITY","是","否","","0","","218458","221950;245647","221950;245647"
"dataset:9352c124b6c97f5888b04e98bb5c822f31a5063df062b0bb02372a33ce19024c","dm_rsk_n.trs_pal_stmt","TRS盈亏报表","PHYSICAL_IDENTITY","是","否","","0","","218601","",""
"dataset:41facbd13d51be813214b6c4705df5c5afd5345aa97bebcb90662bcb35403c00","dm_otc_n.s_restricted_secu_bal","受限股持仓明细表","PHYSICAL_IDENTITY","是","否","","0","","218611","218649","218649"
"dataset:a2bd8a4ae8827c5341c40784b607ec6101d21ef61a49ea21de69a90f344847aa","odata_n_osh.t_oms_trade_report","","PHYSICAL_IDENTITY","否","否","","1","","218625","226111","218625"
"dataset:bfc7f029363d6f574657537a4931885f508d448a794aa0d111e1b40f00203435","dm_otc_n.t05_aml_cust_risk_lvl_reval_evt","反洗钱客户风险等级复评事件","PHYSICAL_IDENTITY","是","否","","0","","218629","218642;218683","218642;218683"
"dataset:26516b6ca655c59fbd2e728f8c6cea97796a8909bc7e3daf41e43cccd3a87fbe","odata_n_tit.d_ref_instrument_pool_whitelist_p","一站通白名单标的池","PHYSICAL_IDENTITY","否","否","","1","","218904","219432;221125","218904"
"dataset:f095d4cc607e3cf6bba115ce4812ce2d1d65cde1c18c7ef9e628957bc5d8f126","dm_rsk_n.v_risk_county_capital_mapping","Titans视图-OTC交易对手资金账户","PHYSICAL_IDENTITY","是","否","","0","","218951","",""
"dataset:3b12521bff2295fa827950b749283650e7664de1611a4021028fb9a8916ae919","odata_n_uip.gd_con_forecast_roll_stk","","PHYSICAL_IDENTITY","否","否","","1","","218958","219020","218958"
"dataset:c6793735a28232f841d861ac46d2e019c863a9995af25f7198a3db077360d0d8","odata_n_uip.gd_rpt_organ_information","","PHYSICAL_IDENTITY","否","否","","1","","218962","219021","218962"
"dataset:0afb40bdacff4951d712c9dd809fd08f249b65e58bce4445f3966489741309d3","odata_n_tit.d_ref_ctpty_account","【AI】交易参数-OTC交易对手账户信息表","PHYSICAL_IDENTITY","否","否","","1","","218974","219099","218974"
"dataset:a5f058971a4d9f90e73e9e5369ed7825b73b1c62635c25b5c16b121938c71582","pdata_news_n.t02_idx_strg_matn_tit","tit策略指数维护信息","PHYSICAL_IDENTITY","是","是（并非已逐分支核验）","docs/00-20260914-图谱认知/01-tit入模/02-TIT入模去向.md;docs/00-20260914-图谱认知/01-tit入模/05-去向与未命中分类.md;docs/00-20260914-图谱认知/01-tit入模/T02-产品标的与市场数据/01-产品基础资料/02.4 策略指数.md;docs/00-20260914-图谱认知/01-tit入模/T02-产品标的与市场数据/his/产品标的与市场数据.md","0","","219012","",""
"dataset:2be3b0b33d1be6684baef97751da2bc835e09875919f7be8a0d52b6abc0797fe","pdata_news_n.t02_opt_ost_qtf_sstv_indx_tit","tit场内期权量化敏感指标","PHYSICAL_IDENTITY","是","是（并非已逐分支核验）","docs/00-20260914-图谱认知/01-tit入模/02-TIT入模去向.md;docs/00-20260914-图谱认知/01-tit入模/05-去向与未命中分类.md;docs/00-20260914-图谱认知/01-tit入模/T02-产品标的与市场数据/02-行情与市场参数/06.3 自营做市敏感度与损益.md;docs/00-20260914-图谱认知/01-tit入模/T02-产品标的与市场数据/his/产品标的与市场数据.md","0","","219014","",""
"dataset:3c29a80392603d97db3b1015d010438fde8fc82a203751ddea61a03d2e3c899b","pdata_news_n.nds_con_forecast_roll_stk","个股一致预期数据表（滚动）","PHYSICAL_IDENTITY","是","否","","1","","219020","219039",""
"dataset:eb322eaa5d73cefc822e30e30aa3a76c9679c0adfe89c4f4fe23052f16cc2db7","pdata_news_n.nds_rpt_organ_information","机构信息表","PHYSICAL_IDENTITY","是","否","","1","","219021","219042",""
"dataset:0de4534605d1883cd8936692af5ff4a095e5eade0240be23dd3600cff2ac8f08","dm_otc_n.con_forecast_roll_stk","个股一致预期数据表（滚动）","PHYSICAL_IDENTITY","是","否","","0","","219039;219079","",""
"dataset:34dbd46f8444193e9335f4888a407459fa81793a75dc0ed39f8bb2d5802cd4d8","dm_otc_n.rpt_organ_information","机构信息表","PHYSICAL_IDENTITY","是","否","","0","","219042;219082","",""
"dataset:b3a94e69050631e33cfe3b90c8f30ae9429ad10db64af4baf2cf4328c79f59e1","dm_hk_n.info_pos_eod_calc_metrics","OTCHK日终持仓-指标计算数据","PHYSICAL_IDENTITY","是","否","","0","","219089;219191","226737","226737"
"dataset:ce15d6efb39844f174010a99a770eb998ab9542b1e2e5f0308bbc66eb9c3d31b","dm_hk_n.info_ref_ctpty_account_day","交易对手账号信息数据","PHYSICAL_IDENTITY","是","否","","0","","219099","219148;226495","219148;226495"
"dataset:08cde108c8f3944ea850dcd2e55815713873f7b241db65d8af3c67b6d034b387","dm_otc_n.trans_share_tit","WDAShare股票基本信息_TIT","PHYSICAL_IDENTITY","是","否","","0","","219287","224458;228891","224458;228891"
"dataset:4beada1c6d9bb03b0d62aaae262013769b70ebff0281e402563d20b12fdd494c","dm_otc_n.trans_index_tit","WD指数基本信息_TIT","PHYSICAL_IDENTITY","是","否","","0","","219330","220059;228535","220059;228535"
"dataset:bb2bbdc3481eb23798c62bacee7d602c2cbda0d7a0ccd06df0c52a4334098b89","pdata_n.t98_otc_deri_fx_expo","每天全量更新，记录场外衍生品业务产生的各类外汇敞口明细。","PHYSICAL_IDENTITY","是","否","","1","","219358","219735",""
"dataset:7f6802bc31fd2ed190c77579e3570031d5d59827dfb2ddf49f31718812462bfd","dm_hk_n.ref_otc_bk_book_mapping_rule","场外衍生品账簿协议映射规则_香港","PHYSICAL_IDENTITY","是","否","","0","","219369","219385;226466","219385;226466"
"dataset:40face1eaeb5f73ef8544f0098519881a97747f964469ce7bdfcb43156060450","dm_otc_n.trans_cfuture_tit","WD期货基本信息_TIT","PHYSICAL_IDENTITY","是","否","","0","","219386","220136;228518","220136;228518"
"dataset:7f1e75fa7dc7e4189a1d88eae2e1f55af107b4205934428ac430ddde78025476","dm_otc_n.trans_cgold_tit","WD黄金期货基本信息_TIT","PHYSICAL_IDENTITY","是","否","","0","","219443","220158;228520","220158;228520"
"dataset:a7db40d27af616ae564e8411f17f100a4a4edd1e46733b03dc1b070468a0fb9a","pdata_news_n.t02_fnd_base_info","基金基础信息表","PHYSICAL_IDENTITY","否","否","","1","","","219460",""
"dataset:32c94226e41b2c567eb83e763cc127d9453423083f6a8368cfbadf6eb606476f","dm_otc_n.trans_fund_tit","WD基金基本信息_TIT","PHYSICAL_IDENTITY","是","否","","0","","219460","220184;228534","220184;228534"
"dataset:f3727268224825e5b4e4536f3f6afabdef8e42bc2fc012d5bea35104fc87cee5","dm_otc_n.trans_sys_calendar_tit","交易日日历_TIT","PHYSICAL_IDENTITY","是","否","","0","","219463","220186;228900","220186;228900"
"dataset:889fed671ebb3e10b64e795fcdd98191965722e6ecb1189dbb686229485f19f7","pdata_nds.w_chinaoptiondescription_h08","中国期权基本资料","PHYSICAL_IDENTITY","是","否","","1","","221122","219492",""
"dataset:0010eaf19ec7287fbed273d882dbb9cc603cc0f6aea9da4ddd3b944dadda418d","dm_otc_n.trans_listed_option_tit","WD场内期权定义表_TIT","PHYSICAL_IDENTITY","是","否","","0","","219492","220192;228549","220192;228549"
"dataset:8df37990d7005395402d871c4c8e8748db4d394718d50a2e82ebb1e82d268e26","dm_otc_n.trans_listed_option_contpros_tit","WD场内期权合约属性表_TIT","PHYSICAL_IDENTITY","是","否","","0","","219518","220222;228551","220222;228551"
"dataset:a2d7c8ad5d3d55518af50e83d4b90fbd6208387538df8b5dae46fc0167c1c78c","dm_otc_n.trans_curve_definition_tit","WD曲线定义表_TIT","PHYSICAL_IDENTITY","是","否","","0","","219534","220259;228521","220259;228521"
"dataset:7ab25ecef12f59e674c93e95166732c6b3357572d5649eeeac9bc9f2ba0f6cff","dm_otc_n.trans_share_hkshare_tit","WD香港股票基本信息_TIT","PHYSICAL_IDENTITY","是","否","","0","","219622","224460;228892","224460;228892"
"dataset:72fe8117f15d4e7bab9d416bd593ef263c83594daa031b64c496c19838554f3b","pdata_news_n.tyzx_scr_base_info","证券基本信息表","PHYSICAL_IDENTITY","否","否","","1","","","219732",""
"dataset:cc657109e72bb48d164ed40a1cbbd99ddf29c931f7ca3e9d866af4d4cad7c8f5","dm_otc_n.trans_share_usshare_tit","WD美国股票基本信息_TIT","PHYSICAL_IDENTITY","是","否","","0","","219732","224470;228893","224470;228893"
"dataset:37c08aa2b70f7389eb2672b807e60690c8885668569fcb71013771896893bb40","dm_rsk_n.fx_enay_pal_expo_stmt","外汇日终盈亏敞口报表","PHYSICAL_IDENTITY","是","否","","0","","219735","",""
"dataset:858551ee8076f8bf366dbdcd8965373bfa5b04ff020272409d85e7979e544c05","dm_otc_n.trans_busi_inform_tit","WD工商登记信息_TIT","PHYSICAL_IDENTITY","是","否","","0","","219736","224486;235627","224486;235627"
"dataset:87b7960d027a5574857eba0ddc874e4ca1c3e4544536046731fd5ca1721dd6f1","dm_otc_n.trans_cfuture_properties_tit","WD期货信息属性表_TIT","PHYSICAL_IDENTITY","是","否","","0","","219865","222570;228519","222570;228519"
"dataset:180edfaca03fa82e4fca08b750027119736e93897cb651faa2ab41e54f250234","odata_n_tit.d_v_otc_plreport","运管视图-期权日报盈亏视图","PHYSICAL_IDENTITY","否","否","","1","","219968","223523","219968"
"dataset:e2099179c37bc50714779a771af85cdd80b8a28e91f8235bca265ad2d833e8e6","odata_n_tit.d_v_otc_position_report_tit","运管视图-持仓报表数据","PHYSICAL_IDENTITY","否","否","","1","","219973","223557","219973"
"dataset:44ff19111d28846c9214deb4faa10cf5fba07cd0b8011a9aed0bb968dc7c4a46","odata_n_tit.d_v_otc_plreport_trs","【AI】TRS盈亏数据视图","PHYSICAL_IDENTITY","否","否","","1","","219975","223564","219975"
"dataset:29136b84ab9c15ee307e67120679d269ed10edd29e1e5c231a1ca0534253dfc2","dm_fin_n.civ_otc_opt_comp_sub_trd_base_info","场外期权合约子交易基本信息","PHYSICAL_IDENTITY","是","否","","0","","220143","",""
"dataset:a1f03dbfddcb33a37d20f93caa314e591ee933d6b44b747cefe9c9f4f11c858e","dm_fin_test.civ_otc_opt_comp_sub_trd_base_info","","NONE","否","否","","0","","","220154",""
"dataset:c8c36bf65387246bbb87d25d984341daa657f74ba9556d89812f9a7f68ff4367","dm_fin_n.civ_otc_opt_comp_info","场外交易-期权交易合同要素表","PHYSICAL_IDENTITY","是","否","","0","","220336","",""
"dataset:2b772291a5b6586a48a0621a02f3c7cac02ceb9ba001819823ffac21123c3140","dm_fin_n.civ_otc_opt_comp_stru_elmn_info","场外期权合约结构要素信息","PHYSICAL_IDENTITY","是","否","","0","","220348","",""
"dataset:649259b8f4eea26a03693ccd5a94f150cc2e8108bf0af23c92e96cf4f6f22843","dm_fin_n.civ_otc_opt_comp_barr_pric_adtnl_info","场外期权合约障碍价格附加信息","PHYSICAL_IDENTITY","是","否","","0","","220372","",""
"dataset:247883596cfb50bc03aa9e188c93d3ccabfd6869866d19dfe933cff092bc512e","dm_hk_n.info_ref_trs","OTC交易-TRS_香港","PHYSICAL_IDENTITY","是","否","","1","","221903","220427",""
"dataset:d7180996fd7d1a36abb991e07ac19e2cefea9c061c1c57d55f46f732b21ced4a","dm_fin_n.civ_otc_opt_comp_barr_line_info","场外期权合约障碍线信息","PHYSICAL_IDENTITY","是","否","","0","","220461","",""
"dataset:cef1eb8d55b10448f3eec829476a15a588eebad98b33ed980277ed0fdfbac4c7","dm_fin_n.civ_otc_opt_comp_coup_rate","场外交易-期权合约结构-票息表","PHYSICAL_IDENTITY","是","否","","0","","220477","",""
"dataset:5f128a07f689253235becb5e3dbbd90b775ffea6f84af445bd06df43a375a177","dm_otc_n.trans_wind_yield_curve_tit","WDFR007曲线信息_TIT","PHYSICAL_IDENTITY","是","否","","0","","220488","228907","228907"
"dataset:7405dac2e0f935908275cd2fe29d7b1de070cb0828eed0339bbc54988e642f4a","pdata_nds.w_asharemarginsubject","中国A股融资融券标的及担保物","PHYSICAL_IDENTITY","是","否","","1","","221120","220548",""
"dataset:f6c1f17072d45d241ee014e1d2971671f62275ef6829a6833bf2e462196974ff","dm_otc_n.trans_instrument_tag_tit","证券标签表_TIT","PHYSICAL_IDENTITY","是","否","","0","","220548","234510;234511","234510;234511"
"dataset:505d0c672d20826cb34764c960ebb7e4358dd15778b325f0baf9a1d5d463b8ee","dm_fin_n.civ_otc_opt_comp_conf_pric","场外交易-RESET价格表","PHYSICAL_IDENTITY","是","否","","0","","220553","",""
"dataset:dd406853eb107f933531359dc506289ab7bbfb00380ebb781cc3fb53d73be85d","dm_fin_n.civ_otc_opt_comp_exer_pric","场外期权合约执行价格","PHYSICAL_IDENTITY","是","否","","0","","220561","",""
"dataset:ed82db899c0900cffb1997985863ca99be0d14b6afbaeb24892de6dae3b2b374","dm_otc_n.trans_related_person_tit","董办关联方_TIT","PHYSICAL_IDENTITY","是","否","","0","","220640","234536;234537","234536;234537"
"dataset:5d14ac28788815f04588a1af8109838dee8a96a0b070557f7d3c0a72ac01ebe4","dm_fin_n.civ_otc_opt_comp_sub_trd_info","场外期权合约子交易信息","PHYSICAL_IDENTITY","是","否","","0","","220685","",""
"dataset:4c1e5c4838c4bd1802af01d9e6a4a52a152d29281d2d4e03b6d5067d0cb67514","dm_fin_n.civ_otc_opt_comp_sub_trd_auto_redp_info","场外期权合约子交易自动赎回信息","PHYSICAL_IDENTITY","是","否","","0","","220723","",""
"dataset:66b8d1c79912ac49b569cb10c54427465e0aad639db59e0e341016c6fee7173f","dm_fin_n.civ_otc_opt_comp_sub_trd_obsv_date_attr_info","场外期权合约子交易观察日属性信息","PHYSICAL_IDENTITY","是","否","","0","","220751","",""
"dataset:9ce4f53b8f252633ceb78cd91365260ddc7e58f5e9d6841b028e79fe40d0d14c","dm_fin_n.civ_otc_opt_comp_sub_trd_barr_line_info","场外期权合约子交易障碍线信息","PHYSICAL_IDENTITY","是","否","","0","","220803","",""
"dataset:7ffe09430f298d79b1af4117e6de9da3a7c75c2372e7dccef29e5d0bf8ffb80e","dm_fin_n.civ_otc_opt_comp_sub_trd_scop_attr_info","场外期权合约子交易区间属性信息","PHYSICAL_IDENTITY","是","否","","0","","220813","",""
"dataset:1c8e381c7709788f6b432c7f9912fa37b5d2c0e7e2e951aeff506a311a608077","dm_otc_n.internal_review_expired_info","内部评级客户失效数据","PHYSICAL_IDENTITY","是","否","","0","","220835","221256","221256"
"dataset:afbd1042882eb71600350c2e6d676015c3436cfc22a618b05269cc0c79a962cf","dm_fin_n.civ_opt_mkt_quot","场外期权行情数据表","PHYSICAL_IDENTITY","是","否","","0","","220853","",""
"dataset:7294998f9f072d3963b06b4fa0e9d954317ab0a2be1002a5661328fca3e94d24","dm_otc_n.trans_related_underlying_ah_tit","董办关联方发行标的（A+H股）","PHYSICAL_IDENTITY","是","否","","0","","220860","224489;228627","224489;228627"
"dataset:5723f123517360ae4bbd7bb1dfa3e02978febae18aafeccbc94a6a30ddcaa17b","odata_n_ois.g_rev_hk_cross_income_reward","交叉收入奖励（香港）","PHYSICAL_IDENTITY","否","否","","1","K099","228351","220979","228351"
"dataset:98f05ec9d9c1dc747a5d78ac2f9998a2bdc7650f44c05bb80b23fdcf095d8fef","odata_n_ois.g_rev_hk_sales_base_coef","销售收入基础系数配置（香港）","PHYSICAL_IDENTITY","否","否","","2","K099","222564","220979;220981","222564"
"dataset:9ff32af23e0013fff110782ff4509aa2c3a8c5341ed6ccea063759b301da1648","odata_n_ois.g_rev_hkcpty_bid_ask_commission_rate","销售收入交易对手佣金费率表（香港）","PHYSICAL_IDENTITY","否","否","","2","K099","225209","220979;220981","225209"
"dataset:b2908830cbf9fd34e43f14321dd744f2c2ce647ac9f763d9a2fca78b69e4799a","odata_n_ois.g_rev_hkcpty_bid_ask_spread_coef","销售收入交易对手价差系数（香港）","PHYSICAL_IDENTITY","否","否","","2","K099","222561","220979;220981","222561"
"dataset:4a3b7d8e6b5f0057b982338dd605c74553c1e6b90c86d587e0db32014f13815b","odata_n_ois.g_rev_hk_capital_cost","销售收入资金成本（香港）","PHYSICAL_IDENTITY","否","否","","1","K099","222565","220979","222565"
"dataset:0ba3bccdb438e92023de99592a0de39a4d8e727f72b200544f4ce679e3315f14","odata_n_tit.d_trd_daily_rebate_interest","预付金返息每日计提明细表","PHYSICAL_IDENTITY","否","否","","1","K099","228349","220979","228349"
"dataset:16aea9526f9ae5ad6a480fda9b4732c183b3e02a4b7b5d282b4fd0000ba618a7","odata_n_ois.g_rev_hk_contract_commission_rate","交叉销售合约编号佣金费率系数正式表","PHYSICAL_IDENTITY","否","否","","3","K099","222562","220979;220981;224028","222562"
"dataset:5c12eab320218b2152ef3c14b4f77ae7c159b138ef54b92f5faa2eed3ac0ec5f","dm_otc_n.otc_hk_sale_daily_rpt","场外衍生品合约香港交叉销售收入日报","PHYSICAL_IDENTITY","是","否","","0","","220979","",""
"dataset:b8f7c1ce0ead105731a2ad3f85872627fb56262f1dbd82b5fdf5922145404446","dm_otc_n.otc_hk_sale_para","场外衍生品合约香港交叉销售收入参数","PHYSICAL_IDENTITY","是","否","","0","","220981","",""
"dataset:f3830e2781005302c35df968e83e0da17474919ca305788f1a8741cb520f7b93","odata_n_tit.d_v_report_product_report","报备-收益凭证报备","PHYSICAL_IDENTITY","否","否","","1","","221005","223239","221005"
"dataset:6fdcd56c70b8daf09b9f898b0c482f7dbbe386440955750f73248b6000dec565","odata_n_uip.gd2_rpt_report_author","","PHYSICAL_IDENTITY","否","否","","1","","221109","221248","221109"
"dataset:83f21d2d83341d34b214c320402344a78d7f35fd6f9faf3db9c143062e560bc2","odata_n_uip.gd2_bas_stk_information","","PHYSICAL_IDENTITY","否","否","","1","","221110","221245","221110"
"dataset:67624aea1e8933428d5460a919b3b20b85fa1470bdba831fe4549515f20bb883","pdata_news_n.t02_tit_wi_undrl_pool_pb","白名单标的池信息批次表","PHYSICAL_IDENTITY","是","是（并非已逐分支核验）","docs/00-20260914-图谱认知/01-tit入模/02-TIT入模去向.md;docs/00-20260914-图谱认知/01-tit入模/05-去向与未命中分类.md;docs/00-20260914-图谱认知/01-tit入模/T02-产品标的与市场数据/01-产品基础资料/05.3 标的池与白名单.md;docs/00-20260914-图谱认知/01-tit入模/T02-产品标的与市场数据/his/产品标的与市场数据.md","0","","221125","",""
"dataset:e74bd49a9e68ced618576f0a2099f5234664fd344cdcb673c023e42343725eaa","dm_otc_n.cm_fund_trackingindex","中国共同基金被动型基金跟踪指数","PHYSICAL_IDENTITY","是","否","","0","","221138","221145","221145"
"dataset:8dd1937ce1912ae838e7ad9b62cc956e813e35f5861c49514747efe98d109bab","odata_n_uip.gd2_con_target_price_stk","","PHYSICAL_IDENTITY","否","否","","1","","221186","223140","221186"
"dataset:50b3c84b50b790e9432288e21cf8f90bb657a59eede24da9445cc082eaba5978","pdata_news_n.nds_bas_stk_information","股票基础信息表","PHYSICAL_IDENTITY","是","否","","1","","221245","221188",""
"dataset:e79dd015884bf37be1ac2c7023c703f6e547f251690fabc84213fa8d4e4d81c2","dm_otc_n.bas_stk_information","股票基础信息表","PHYSICAL_IDENTITY","是","否","","0","","221188;221205","",""
"dataset:85c4f5f384fb67874dbdf617490055ce194e4ecc9fb045ca3f9b5bd83d275a87","pdata_news_n.nds_rpt_report_author","研报与研究员对应表","PHYSICAL_IDENTITY","是","否","","1","","221248","221202",""
"dataset:288d7a7ba3b5ad9f6d1bba353b65d98d1daff224c020d8782bbc8592636a80d4","dm_otc_n.rpt_report_author","研报与研究员对应表","PHYSICAL_IDENTITY","是","否","","0","","221202;221206","",""
"dataset:6d2620cb25d243a254579d99775882774612413d0cd35d0062af510aa8adbcd1","pdata_hk.t03_eqd_hold_adtnl_info","自营EQD持仓附加信息","PHYSICAL_IDENTITY","否","否","","2","","223620;223621","221208;221211","223620;223621"
"dataset:5d3b2cc9c4b0e2162c570f4fa4a1b43d10cfd7a94bfcea4ab65f71cdaea171e6","dm_otc_n.trans_imagine_stock_pos","OTCHK在IMAGINE的股票持仓表","PHYSICAL_IDENTITY","是","否","","0","","221208","221241;229953","221241;229953"
"dataset:c1394d59568b36c43b8d5e3e3b67d067dc9aecc13e8e2b42973d234962fdbf1b","pdata_hk.t99_cd_cvt_map","T99_代码转换对照","PHYSICAL_IDENTITY","否","否","","1","","","221211;223620;223621","223620;223621"
"dataset:6be679cb2b9d469eb02b3434b9904c3b2929b5088e586a6bbf137e5709758645","dm_otc_n.trans_imagine_listed_drv_pos","OTCHK在IMAGINE的场内衍生品（期货和期权）持仓表","PHYSICAL_IDENTITY","是","否","","0","","221211","221243;229951","221243;229951"
"dataset:2faecce277b5bfb446e62f1579ef481ac8c57bcb2a5f70413e256ca44e2765ae","pdata_n.t95_otc_deri_income_vchr_info","T95_场外衍生品收益凭证信息","PHYSICAL_IDENTITY","是","否","","1","K074","223239","221300",""
"dataset:6b0e153e44ef79c3345b4d51954afd5603e8fe057ec46a848474105870b65860","dm_cisp_n.det_idx_use_situ_stati","指数使用情况统计","PHYSICAL_IDENTITY","是","否","","0","","221300","",""
"dataset:e1e8d4c21dd8303c4937146c58fd43c0fd39a33cdf29f4ee0e941f5744970153","pdata_n.t05_sb_hedg_ord_mtch_rep_evt","自营对冲订单成交回报事件","PHYSICAL_IDENTITY","是","否","","1","","226111","221434",""
"dataset:0eb8f951097dc8eb3937975377a4dbb4d30d3cc15c22598beb13abb3523848ab","dm_otc_n.t_report_new","OSH成交回报","PHYSICAL_IDENTITY","是","否","","0","","221434;221448","",""
"dataset:4a8220c235553a8e0a8c1164564300bd6c3ce83b65181ca2902589fce662488d","dm_otc_n.t02_stk_divd_info","股票分红信息","PHYSICAL_IDENTITY","是","否","","0","","221523","221528","221528"
"dataset:ff4f3ec4792af9782d5ca6b133d6f43a0bb7bc534ae8a5c4f10a7abd69817bd1","odata_n_hcr.om_ice_listed_options","","PHYSICAL_IDENTITY","否","否","","1","","221627","221838","221627"
"dataset:fd9b067ef5b054cacaca2b810581296667e7a3bd165abcfa464eedb9077ca2f8","odata_n_hcr.ob_gff_client_report_account_summary","","PHYSICAL_IDENTITY","否","否","","1","","221696","221840","221696"
"dataset:797003482d28cff444f5955a2f3957e94abcf2f1fc9dd80d9188612567683fcb","pdata_nds.ob_gff_client_report_account_summary","广发期货香港结算单每日户口总结","PHYSICAL_IDENTITY","是","否","","1","","221840","221886",""
"dataset:b0d08bc1b5eaff7e32c4b9f3b80d08c5185e512749f37202916bb4d3ce9298aa","dm_otc_n.report_swap_financial","互换盈亏-财务","PHYSICAL_IDENTITY","是","否","","0","","221844","222113;245646","222113;245646"
"dataset:d756131047bbaba34b209eb621eb8d5481345361d2c8f34b8e1d467eef72c6e6","dm_otc_n.trans_gff_hk_report_summary_tit","广发期货香港结算单每日戶口总结","PHYSICAL_IDENTITY","是","否","","0","","221886","221948","221948"
"dataset:1466343687a30086ed9261c114eeb95d80fc28afc8a2b9a0c5c8a436784da3c5","dm_otc_n.t02_stk_base_info_qgj","券管家_股票基本信息","PHYSICAL_IDENTITY","是","否","","0","","221888","221889","221889"
"dataset:dac1fbb5eca495d2c9ed39a85fde39a9712963b0ffc938950a8837152c69692a","dm_hk_n.det_trd_trs_event_struc_info","OTC交易-TRS存续期事件结构化腿明细_香港","PHYSICAL_IDENTITY","是","否","","0","","221899","226742;245596","226742;245596"
"dataset:1112f894fa1b994b5e81da1ce26bfd118c41bdcf0071e322743e50f7c6335248","odata_n_tit.d_v_fin_trs_trade_record_p","【AI】财务视图-互换交易流水","PHYSICAL_IDENTITY","否","否","","1","","222283","225165","222283"
"dataset:19982be7a066dfa51b051e900105672536e0b176a8432f76f73f52a3a97945de","odata_n_tit.d_v_fin_trs_plreport_p","财务视图-TRS盈亏报表","PHYSICAL_IDENTITY","否","否","","1","","222284","225091","222284"
"dataset:bdc3788b3d0d57527fc88fa3165133d9c29436eee76cf950b9cd8d6bb60e58cc","dm_otc_n.trans_ins_wind_cur_tenor_tit","WD利率互换收益率曲线TENOR表_TIT","PHYSICAL_IDENTITY","是","否","","0","","222346","222350;228542","222350;228542"
"dataset:97080740c173094d993600cb324c84fb93d3b747f9cf08720c39cfd54a1c8dc1","pdata_nds.file_hk_gfqqzbzh","qqzbzh估值报告","PHYSICAL_IDENTITY","是","否","","1","","222841","222410",""
"dataset:110c14afcbfb0debdeeea8bdbfc41e1ef05e0d89e4eec98701b066106efd3d63","pdata_nds.file_hk_cytz","cytz估值报告","PHYSICAL_IDENTITY","是","否","","1","","222827","222410",""
"dataset:2bb31d60d88fcf123f3e8787de7a71b32c8933a3d31e74607cc35e758be12506","pdata_nds.file_hk_hhzg","hhzg估值报告","PHYSICAL_IDENTITY","是","否","","1","","222844","222410",""
"dataset:055be80a5f09031f1352a1ac7510e4a734a8f98833426ac14d2715394c7cf9a2","pdata_nds.file_hk_gfgco","gfgco估值报告","PHYSICAL_IDENTITY","是","否","","1","","222839","222410",""
"dataset:c2eb74b1fc64f354e60f088ad175e4b19a5aacb38e9f5096e1f4b067af1dece3","pdata_nds.file_hk_gfzg_ccb_04r","ccb04r估值报告","PHYSICAL_IDENTITY","是","否","","1","","222842","222410",""
"dataset:c2e457d804e3d76150cf0fecc0646fe864179bf6490234b805d6f1aedac8c598","pdata_nds.file_hk_gfzg_ccb_028","ccb028估值报告","PHYSICAL_IDENTITY","是","否","","1","","222843","222410",""
"dataset:9a2eb5f42cc9f1eabe8a377c26be004e4cbf3ca5cefcab07c23ac5fe7924b2a1","dm_otc_n.trans_external_valuereport_tit","香港盈亏报表-外部估值表数据_TIT","PHYSICAL_IDENTITY","是","否","","0","","222410","222418;229008;242961","222418;229008;242961"
"dataset:b8707787d4f773dd72d6aee2bf49128672ee63d80184fece656080468a609e69","spdata_n.t05_sb_strg_opt_mtch_evt","自营策略期权成交事件","PHYSICAL_IDENTITY","否","否","","1","","224327","222417","224327"
"dataset:45da3a9c424f0a7f1039d1c03ad0893b0531b8448e681df860e3235c5937458a","dm_otc_n.trans_qg_historical_exec","TRANS_QG_HISTORICAL_EXEC","PHYSICAL_IDENTITY","是","否","","0","","222417","222464;229989","222464;229989"
"dataset:abf45f8541a5e6ff0d9b4897a5328fd94736b8d5141349d0f7296afc2207687c","odata_n_mzq.file_qg_dtshisrtpricetable","郑商所QG表：DTSHisRTPriceTable","PHYSICAL_IDENTITY","否","否","","1","","","222420",""
"dataset:b1cb61073a60d84d4c7db169f41851dcc80d19e50e0b6fcd09bd41e02e7f3b1e","dm_otc_n.trans_qg_dtshisrtprice","TRANS_QG_DTSHISRTPRICE","PHYSICAL_IDENTITY","是","否","","0","","222420","222465;229954","222465;229954"
"dataset:301cc40952afce51cd94b92cf22f1ac3260f0366f4fa78c90601206a6aec26f9","odata_n_mzq.file_qg_mmuserdatatable","郑商所QG表：MMUserDataTable","PHYSICAL_IDENTITY","否","否","","1","","","222421",""
"dataset:0066a22ac4974ffcdf2aa042807d5a7ab07d16d20de40181beae68efd12af78d","dm_otc_n.trans_qg_mmdata","TRANS_QG_MMDATA","PHYSICAL_IDENTITY","是","否","","0","","222421","222466;229962","222466;229962"
"dataset:780de17cdf15ac2bd293cf8dbab81973beb16d8600257e5aaf9dcd468a39ec62","pdata_news_n.t02_mzq_scr_base_info","证券基本信息(MZQ)","PHYSICAL_IDENTITY","是","否","","1","","226175","222423",""
"dataset:6460ad5f0b088bbce8b83b848993c6c537c049dc183f0136a3693875e86b03b7","dm_otc_n.trans_qg_issuemaster","TRANS_QG_ISSUEMASTER","PHYSICAL_IDENTITY","是","否","","0","","222423","222467;229959","222467;229959"
"dataset:35bd8e4e57c96ee57607ec9ea153cd80b234824f1f02a38f1baa2d521baba725","odata_n_sip.file_hk_cytz","","NONE","否","否","","0","","","222827",""
"dataset:bb4d11590994889f5c296db22b42870149c731e143957a7d1222786923968c82","dm_otc_n.otc_pty_rela","场外衍生品客户对应关系","PHYSICAL_IDENTITY","是","否","","0","","222830","223771","223771"
"dataset:072ec96c47eb276f8d992e1ba3a414c751db5dd43d9a6cbb24ce6f56f5e1672e","odata_n_sip.file_hk_gfgco","","NONE","否","否","","0","","","222839",""
"dataset:db932c242e33c544ae3e45efd07e330ab4aea66412fea945daca52a44edb8dd6","odata_n_sip.file_hk_gfqqzbzh","","NONE","否","否","","0","","","222841",""
"dataset:d5ec23e22d471c4fdd3205f1956bbff68b4a3289d114ec949eeb691f30d56109","odata_n_sip.file_hk_gfzg_ccb_04r","","NONE","否","否","","0","","","222842",""
"dataset:c6025bc8f8d6bd42f75ea7341aee1caff0db3a40d1f041c1c983f29aa42269c1","odata_n_sip.file_hk_gfzg_ccb_028","","NONE","否","否","","0","","","222843",""
"dataset:e9c18d4a08f3597a379a66cd3ad75b49571c7269704181c789ca4c7324b8dcd2","odata_n_sip.file_hk_hhzg","","NONE","否","否","","0","","","222844",""
"dataset:d0d05921cc1188bd8b14c8f9dc58a90bd7636f3339b98d97672e8e70ba96619c","odata_n_uip.gd2_con_forecast_event_stk","","PHYSICAL_IDENTITY","否","否","","1","","222967","223141","222967"
"dataset:9375c1e7019abfd8f2e845fbac05955ba25eb5152fa66068ff2529610e30e5b9","odata_n_uip.gd2_rpt_earnings_adjust","","PHYSICAL_IDENTITY","否","否","","1","","222968","223142","222968"
"dataset:162828071f2d809608bfd27247210b45eb25d7e2cbac9375ed8fef71e036e0d1","odata_n_uip.gd2_con_forecast_citic","","PHYSICAL_IDENTITY","否","否","","1","","222970","223143","222970"
"dataset:cb6ef71c95dd5cd32bc786b756afae51a1820970ef9ebf1d421a4ef9f705b37d","odata_n_uip.gd2_con_forecast_roll_citic","","PHYSICAL_IDENTITY","否","否","","1","","222972","223144","222972"
"dataset:0cc1508e1449e04729183a8dcfb52722a520826ccd10aac578643e8f623a1b39","odata_n_sip.file_future","【AI】基金专户期货估值数据","PHYSICAL_IDENTITY","否","否","","1","","","223010",""
"dataset:2dfb61214db87ad538d569108b84c51f8afa60b189c7c47e1a329b545954dd05","pdata_news_n.nds_con_target_price_stk","个股一致预期目标价表","PHYSICAL_IDENTITY","是","否","","1","","223140","223188",""
"dataset:fd3a7f007ff137ea10fda5f983a331606974d08e3e899e3ddaf949dbdd91ee58","pdata_news_n.nds_con_forecast_event_stk","个股一致预期（预告快报事件）","PHYSICAL_IDENTITY","是","否","","1","","223141","223231",""
"dataset:dd6a86e54cfdcfa7c1553124892bcbccf0296a33c1907efaa54530c96fc1ec23","pdata_news_n.nds_rpt_earnings_adjust","报告盈利预测调整表","PHYSICAL_IDENTITY","是","否","","1","","223142","223258",""
"dataset:4814b3ceaad530edb8d903f00818c2d9c3c57a866f19f47e9b123d8705a8f0f6","pdata_news_n.nds_con_forecast_citic","中信行业一致预期数据表","PHYSICAL_IDENTITY","是","否","","1","","223143","223261",""
"dataset:b38af34f5b481b39e32fdbfb1619a3efc7c7db875fce893663ab80f9071b71bb","pdata_news_n.nds_con_forecast_roll_citic","中信行业一致预期数据表","PHYSICAL_IDENTITY","是","否","","1","","223144","223263",""
"dataset:5560585ce54ae7b6d29221d5711dfc151c0b82cf65371682a58b2b6cf8398402","dm_otc_n.con_target_price_stk","个股一致预期目标价表","PHYSICAL_IDENTITY","是","否","","0","","223188;223296","",""
"dataset:e21726fdff5d4f5c784b465df6b7f06bcb76baad014a49fd4817d7d66f171c7e","dm_otc_n.ta_income_voucher_confirm_sum_otc","TA系统收益凭证产品的确认数据汇总统计","PHYSICAL_IDENTITY","是","否","","0","","223194","224174","224174"
"dataset:4d552d92f363f275ba08a32f5adae034b880d8f41a60cae293ce046c9fa5b92c","dm_otc_n.con_forecast_event_stk","个股一致预期（预告快报事件）","PHYSICAL_IDENTITY","是","否","","0","","223231;223300","",""
"dataset:5a3362b93fec88fc29f14747a6816358ca38783d38e9576d5619412feba86d06","dm_otc_n.rpt_earnings_adjust","报告盈利预测调整表","PHYSICAL_IDENTITY","是","否","","0","","223258;223321","",""
"dataset:f706219cdbbdc3c7da3b082e1aadb61885445f2c1447868b3487c79dc9e2a7a5","dm_otc_n.con_forecast_citic","中信行业一致预期数据表","PHYSICAL_IDENTITY","是","否","","0","","223261;223323","",""
"dataset:6565206d5ae533abd89471c4ab9cf71653c0ef92f4a769985ef29463b3a41eac","dm_otc_n.con_forecast_roll_citic","中信行业一致预期滚动数据表","PHYSICAL_IDENTITY","是","否","","0","","223263;223326","",""
"dataset:ffc3f176cf0e92d231453ae1c9d2446a65851ff38ec1dd4efff8cd8e770a696c","dm_otc_n.otc_pl_mq","运管Titans盈亏报表","PHYSICAL_IDENTITY","是","否","","0","","223523","223583","223583"
"dataset:4aeecd6f49feecfc673565fa33a433d2b96149aee7c9d73c36a2ab26e6568cba","pdata_news_n.t02_ira_ibor_pb","银行间同业拆借利率批次表","PHYSICAL_IDENTITY","是","否","","1","","223531","224018",""
"dataset:4c60146470e7770374647771b5e6a14fdebf44267a6eb83d9d4be3783756e13e","dm_otc_n.otc_bundle_report_mq","运管Titans期权子交易信息","PHYSICAL_IDENTITY","是","否","","0","","223556","223584","223584"
"dataset:148f3a971fd386e4b25ad5828dcde986627c4f384701d0b9075106e33c64357f","dm_otc_n.otc_position_mq","运管Titans持仓报表数据","PHYSICAL_IDENTITY","是","否","","0","","223557","223586","223586"
"dataset:8c9b2947526724477db5b17bee7d38eb23c625fee648d8fd95fec0081ff5a0f1","dm_hk_n.info_bk_department_properties_day","账簿管理的部门配置数据","PHYSICAL_IDENTITY","是","否","","0","","223558","223562;226465","223562;226465"
"dataset:164b43654360f56c474a973012e2ca88328d43dc963f208e461554df0daf703a","dm_otc_n.otc_pl_trs_mq","运管Titans互换日报盈亏视图","PHYSICAL_IDENTITY","是","否","","0","","223564","223588","223588"
"dataset:fac713f314a040081a203aa45201c7e8c321f07e9e2d02c40ef05df7dc928ed3","odata_n_lss.s_v_confirmation_overview","","PHYSICAL_IDENTITY","否","否","","1","","223608","223867","223608"
"dataset:3bfed8cf22e9ae5a52b124fa157b710420ddab34ac48d92a95ad3072c9d6c123","odata_n_lss.m_t_cmp_agent_stat","报盘费用统计表","PHYSICAL_IDENTITY","否","否","","1","","237290","223867","237290"
"dataset:55940a1fabd683e1e4f5fd5b7b3d1f503e88996d02eee06d16d764e4e7a5a589","odata_n_ois.g_client_revenue_coefficient","客户创收系数配置表","PHYSICAL_IDENTITY","否","否","","2","","225210","223867;230202","225210"
"dataset:a0173c8ca95fc1c61aa07f5a93869cdae3601b5ae432cfbca4541a6c1f6b94e6","dm_otc_n.otc_rev_daily_rpt","场外衍生品合约创收日报","PHYSICAL_IDENTITY","是","否","","9","","223867;230202","225332;227697;227701;227869;227888;228008;228241;229121;231146;232556;234355","225332;227888"
"dataset:d6688e1ea4fb088756dac97f1377a35f4c4cb0acd99357f31ab3996a0c900fde","odata_n_tit.d_otchk_hedge_pnl_report","香港盈亏报表-盈亏明细表","PHYSICAL_IDENTITY","否","否","","1","","223903","224061","223903"
"dataset:cb9ea792696cd670d0161a82cfe6bb99119ec727903e1b0f898fdf1cbba55342","dm_otc_n.trans_wind_yield_curve_h12_tit","WDFR007曲线信息_H12_TIT","PHYSICAL_IDENTITY","是","否","","0","","224018","231129;231132","231129;231132"
"dataset:dd12ccde0aa0b1e0e4055ac7a607f9730184ceab8cfe1e3a06410b09322d63f1","dm_hk_n.otchk_hedge_pnl_report","otchk_hedge_pnl_report","PHYSICAL_IDENTITY","是","否","","0","","224061","224151;226430","224151;226430"
"dataset:fa8abf96138f3f5e9a4929c2fcab19fffd9134fe44e7321426a0a32a5b64ad2c","odata_n_tit.d_ref_instrument_bbg_code","证券-BBG代码映射表","PHYSICAL_IDENTITY","否","否","","1","","224661","224738","224661"
"dataset:90cbd4e0cd18f90588493d30e20bba4a75ee7eb15ccc5270bb81a1701d106919","dm_hk_n.d_ref_instrument_bbg_code","d_ref_instrument_bbg_code","PHYSICAL_IDENTITY","是","否","","0","","224738","224802;226177","224802;226177"
"dataset:e02599fd94ddfb505bb71bc69e6d386f1a96963fa1ee71850df58e1045ec260b","odata_n_qca.f_view_act_pe_xm","VIEW","PHYSICAL_IDENTITY","否","否","","1","","","224769",""
"dataset:20cdf4cfc95c0ef2e4ae5bbc0eae616c94855df8fe99e4f1fbd5b5705f3c3f58","dm_hk_n.d_v_fin_trs_plreport_p","香港EQD估值","PHYSICAL_IDENTITY","是","否","","0","","225091","225291","225291"
"dataset:4a9881acede52f3c930c3f41b5840e5ce7612737c5492b4d51da7e62eb6c9aba","dm_hk_n.d_v_fin_trs_trade_record_p","财务交易流水表","PHYSICAL_IDENTITY","是","否","","0","","225165","225279","225279"
"dataset:6b371111e8cbe2a33bdd018c5ac143144acac8d41c7f46c336c5508a50d5d5b3","odata_n_uip.w_asharetradingsuspension_p","中国A股停复牌信息","PHYSICAL_IDENTITY","否","否","","1","","225509","226025","225509"
"dataset:f23bc0ad3ec9b6e2897dde31218a2b0107195410319af26bdfc2d99b80287f83","odata_n_hcr.ob_gff_client_report_excel_ori_account_summary","","PHYSICAL_IDENTITY","否","否","","1","","225533","226170","225533"
"dataset:73c380efbdfba1d6a4b60c4226448bef927155f4d35ba7a6e4b0f5c94b659836","dm_index_n.kpi2026_ret_cust_prd_detl","2026KPI考核保有明细","PHYSICAL_IDENTITY","否","否","","1","","","225770",""
"dataset:38133243ec98955d0fb1f5a9dce1b267a88d73d5ece7ac12b72cbb22b0687a32","dm_index_n.kpi2026_ret_dept_buyia_pub_s","2026开门红计入买方公募部分上限与折算比例","PHYSICAL_IDENTITY","否","否","","1","","","225770",""
"dataset:0b1e46bc40177b89dd339a136448d40afda8e8fbe47b1160fcfbcc3b895b9ba9","spdata_n.t01_pty","当事人","PHYSICAL_IDENTITY","否","否","","1","","","225926;229384","225926"
"dataset:6a1cc84d8bdc70ef683d0d76999b5215e73ede805a0d93acac46116eff76ec2a","pdata_news_n.t02_scr_susp_info_pb","停复牌信息(批次表)","PHYSICAL_IDENTITY","是","否","","1","","226025","226163",""
"dataset:d913704e6482a06f3b79254015eef853e661e7808fbf4c507e4cfdb315a3efc8","dm_fin_n.civ_fin_prcg_vol_curv_surf","估值系统定价环境波动率曲面选择","PHYSICAL_IDENTITY","是","否","","0","","226067","",""
"dataset:a3d59a675e5418af4ec69c8677ed86cf0105505342db26275a419047048cabc2","dm_fin_n.civ_fin_vol_curv_surf","估值系统波动率曲面定义表","PHYSICAL_IDENTITY","是","否","","0","","226123","",""
"dataset:3813d6588447267c3d1b23b329a99537e14a0027ef85cf5f987370eb0e39f0ce","dm_fin_n.civ_fin_vola_instc","估值系统波动率实例表","PHYSICAL_IDENTITY","是","否","","0","","226134","",""
"dataset:55c87367498f43e7c30d3a056bfebcffe86b195f205f0a79d61b5dc422caaea8","dm_otc_n.trans_ashare_suspension","停复牌信息表","PHYSICAL_IDENTITY","是","否","","0","","226163","226214;235085","226214;235085"
"dataset:ad8f8c385b8a54ab3f7d238892543376def69a5398d299810e6ac0f7f27aafd9","pdata_nds.ob_gff_client_report_excel_ori_account_summary","香港期货结算单账户汇总信息","PHYSICAL_IDENTITY","是","否","","1","","226170","226232",""
"dataset:7a2ba9fc19b09015e3e024cfb845d995b35a26019ecf8b7f9bbf5b5b0e07064f","odata_n_mzq.file_qg_issuemastertable","郑商所QG表：IssueMasterTable","PHYSICAL_IDENTITY","否","否","","1","","","226175",""
"dataset:b6b17d8df0379e8b47d1721a7eb58215e4bd632b602ac475f85388174b74f0dc","dm_otc_n.trans_gff_hk_financial_summary_tit","香港期货结算单账户汇总信息_TIT","PHYSICAL_IDENTITY","是","否","","0","","226232","226257;234648","226257;234648"
"dataset:155afbfc3829807ec905efb012ebd2ddf5e722d44c3dc19ef8522bf5512b65bf","dm_index_n.grp_tag_news_secu_prd_ast_clas","组合标签_产品资产分类","PHYSICAL_IDENTITY","否","否","","2","K100","","226278;234860",""
"dataset:fc30c3ed3578ed9a504bff5d82143ac6b5a910e9d4bf2e5ccfe88d7631b01ffa","dm_index_n.buyr_investment_adviser_sale_rela_mon","买方投顾产品户顶层-投顾A岗关系表","PHYSICAL_IDENTITY","否","否","","2","K100","","226278;234860",""
"dataset:d808430753d3982ff20cb188b28c854d73facc1eacce6f3bcbeb0963843847b5","dm_index_n.cust_prd_ret_info_pntra_slice_tag","全产品保有-替换FOF底层保有-标签拓展","PHYSICAL_IDENTITY","否","否","","2","K100","","226278;234860",""
"dataset:45635cb16c697e46609cc2782041305b3ebf12e083b46821d5c83bb2384ec5f9","pdata_n.t03_fap_firm_comb_hold_info","基金投顾实盘组合持仓信息","PHYSICAL_IDENTITY","否","否","","2","K100","","226278;234860",""
"dataset:fc41a3595b32b3124fcec5810020fcfc8b91e005d436132040b528294a7ccda0","dm_index_n.aum_wqj_prd_calc_as_grp_day","AUM微骐骥以组合核算资产数据表","PHYSICAL_IDENTITY","否","否","","2","K100","","226278;234860",""
"dataset:4d1ed36c03116b0019d447314bebcf5b09ba3901a14e0a98e5e6e2890ffad6ad","dm_index_n.index_grp3_tnramt_cros_bordchremstrd_tdy","客户*产品*员工_保有金额_跨境理财南向通_当日_无备注信息","PHYSICAL_IDENTITY","否","否","","2","K100","","226278;234860",""
"dataset:66ab1239f62091d31cdfc32b480ef587f587e8f174fe8564cf0232cf4a6e23fe","dm_index_n.ty_cust_mid","同业配置表比例重构表","PHYSICAL_IDENTITY","否","否","","2","K100","","226278;234860",""
"dataset:5f0474514d5a56f0badd4a15e929a4419cf1c78081be7f990e0f5c7693e2a764","dm_fin_n.civ_fin_prcg_env_curv","估值系统定价环境配置表","PHYSICAL_IDENTITY","是","否","","0","","226709","",""
"dataset:1c36bfa36761a84671d40df03a303eb794ec8229bd618ac93b2211fed0be5bc7","odata_n_tit.m_ref_restricted_stock_daily","","PHYSICAL_IDENTITY","否","否","","0","","226825","228593","226825"
"dataset:1499e8fbffd689bb90a3baeec873291f9a3d108fdece6ebbef9621ba83dcbb64","odata_n_uip.w_asharetradingsuspensionderived_p","A股停复牌信息表衍生数据","PHYSICAL_IDENTITY","否","否","","1","","227339","227816","227339"
"dataset:4e893c1f47d08a742623bde63786b4ea05ff701c9ea1f16831dc9db9b814a60f","dm_otc_n.bi_otc_amount_change","OTC规模变动表","PHYSICAL_IDENTITY","是","否","","0","","227697","230265","230265"
"dataset:cfdbf092c011b8bfbf90692f08a92fa2e96ee761e171a26d6791caf0f5d4a59a","dm_otc_n.bi_otc_year_revenue","OTC年度创收表","PHYSICAL_IDENTITY","是","否","","0","","227701","230264","230264"
"dataset:1bfc9a6b3926319fc49fcf40672a229899f35a9b0c76c22ca3795699820bffb9","pdata_news_n.t02_scr_susp_info_ext_pb","停复牌信息拓展表(批次表)","PHYSICAL_IDENTITY","是","否","","1","","227816","227795",""
"dataset:659c4406a2121007a4331a5ae43d9ecd4c40bb96c083f6076e9d47f9a5318cc1","dm_otc_n.trans_ashare_susp_derived","A股停复牌数据","PHYSICAL_IDENTITY","是","否","","0","","227795","227833","227833"
"dataset:ce67f1b1207953d86a81c2f69ae32adbbcec001780436c184810d035dac72c58","dm_otc_n.bi_otc_hold_pnl","OTC持仓盈亏表","PHYSICAL_IDENTITY","是","否","","0","","227869","230263","230263"
"dataset:d192f4f0348ba3c57023e780a247ddb466ecc48278f17b861917f13a6faf2d4a","dm_otc_n.bi_otc_busi_stat","OTC业务统计表","PHYSICAL_IDENTITY","是","否","","0","","228008","230262","230262"
"dataset:cfd666627b8230e75c7d87d4c26afb2497bb5a634961c61f53aa8b0d3aa0d56e","odata_n_uip.q_dy1d_exposure_cne6_zx20","","PHYSICAL_IDENTITY","否","否","","1","","228065","228222","228065"
"dataset:e30fd3f90fd41544f4404dbff6d8fcd8c35c158c7095352ffc19794325b53190","odata_n_uip.q_dy1d_specific_ret_cne6_zx20","","PHYSICAL_IDENTITY","否","否","","1","","228075","228223","228075"
"dataset:e469b78952e19821839bb00d64fb923762c40a1729b669e59ad885a087a8f708","dm_hk_n.info_ref_fx_forward_structure","外汇远期参考维度表","PHYSICAL_IDENTITY","是","否","","0","","228089","228126;229076","228126;229076"
"dataset:86dc06bb9bfa19b1db70b1cec349e9b3beb64ba84988268c83a4819e4810cec7","dm_hk_n.info_ref_fx_forward","外汇远期基础表","PHYSICAL_IDENTITY","是","否","","0","","228094","228127;229075","228127;229075"
"dataset:b5392265af7abaec61dbd8eaa98fc200453e7c4eeb49c46ab95195d4faeaf0e9","pdata_news_n.nds_dy1d_factor_ret_cne6_zx20","因子收益率表(day类型)","PHYSICAL_IDENTITY","是","否","","1","","228221","228274",""
"dataset:566cf0cd2279496089ba841d82aaae89a7ff3c03ff20882b8b43d2d47a81825f","pdata_news_n.nds_dy1d_exposure_cne6_zx20","因子暴露表(day类型)","PHYSICAL_IDENTITY","是","否","","1","","228222","228276",""
"dataset:9ec87712613ec0fc074a9225807445a1329aee4ffaa2109f5c7a8ec8a6db1a4b","pdata_news_n.nds_dy1d_specific_ret_cne6_zx20","特质收益率表(day类型)","PHYSICAL_IDENTITY","是","否","","1","","228223","228278",""
"dataset:55d5943b5a1c4005d41c1a0e114ec9e60511547b38a4b014317c61f188dc244d","dm_otc_n.bi_otc_swap_trd_stat","OTC互换交易统计表","PHYSICAL_IDENTITY","是","否","","0","","228241","230261","230261"
"dataset:5b13105f74b93555cc8adf1b8d3579d6c36ec37e0656bdb1fa17ed5778dc91cc","dm_otc_n.dy1d_factor_ret_cne6_zx20","因子收益率表(day类型)","PHYSICAL_IDENTITY","是","否","","0","","228274;228340","",""
"dataset:2fbe6fe6ba41e6f9f084a4adf09f8e408e2f5096d5b5e46383ff5c4440fb1859","dm_otc_n.dy1d_exposure_cne6_zx20","因子暴露表(day类型)","PHYSICAL_IDENTITY","是","否","","0","","228276;228355","",""
"dataset:169cd1bad8477c71a5e4393e1852ab5d07ab281463b81f11136f017635affe00","dm_otc_n.dy1d_specific_ret_cne6_zx20","特质收益率表(day类型)","PHYSICAL_IDENTITY","是","否","","0","","228278;228357","",""
"dataset:ad5a4e08f9227408cc0b24d1a7394ebe77925f1b5a5aea49e8cef51e24435347","dm_hk_n.info_ref_option_attribute","证券 - 期权其他属性","PHYSICAL_IDENTITY","是","否","","0","","228414","228806;229051","228806;229051"
"dataset:af9f9250d547546a6f9e9053e2a112c5359d321265e50178d1dd159ef8463abf","dm_hk_n.info_ref_option_autocall","证券 - 期权 - 自动赎回期权属性","PHYSICAL_IDENTITY","是","否","","0","","228443","228808;229052","228808;229052"
"dataset:cd9dd5bf77fff928d608a65ae832f598b4ce741485d5ddce5c123d1020177bbd","dm_hk_n.info_ref_option_autocall_cp","AUTOCALL 息票障碍信息","PHYSICAL_IDENTITY","是","否","","0","","228462","228809;229053","228809;229053"
"dataset:6f4268553cc5a33c612b586804ab98a3273db686771777a9feda047de948fc25","dm_hk_n.info_ref_option_autocall_ki","AUTOCALL 风险障碍信息","PHYSICAL_IDENTITY","是","否","","0","","228609","228812;229054","228812;229054"
"dataset:4c81a1d1c245ac6f8c1e4f4feb3c607da3c94f99c2bf8d686c488fe4ef79a5d7","dm_hk_n.info_ref_option_autocall_ko","AUTOCALL 赎回障碍信息","PHYSICAL_IDENTITY","是","否","","0","","228634","228814;229055","228814;229055"
"dataset:3fe16d196f4905aac50f8ffea7d6fcda17ea1e77e58ace2a13ad2dcf03b8687b","dm_hk_n.info_ref_option_barrier_line","子交易障碍线信息","PHYSICAL_IDENTITY","是","否","","0","","228641","228817;229056","228817;229056"
"dataset:858f44d0465aaadeff603546fcaa5cf18a650565a33aadcb81e2d9c27d1a311a","dm_hk_n.info_ref_option_dailyrangeaccrual","证券 - 期权 - 区间累积权属性","PHYSICAL_IDENTITY","是","否","","0","","228643","228830;229084","228830;229084"
"dataset:772cb67e556a5f69ce33cffe9301afb261c5effbdbd9408c41f51a61db284118","dm_hk_n.info_ref_option_dra_obs","DRA 观察日信息","PHYSICAL_IDENTITY","是","否","","0","","228647","228831;229088","228831;229088"
"dataset:da3cc4324cbe17745cf2f4170cf69022972536cef4342f365ff648eed84fcf41","dm_hk_n.info_ref_option_general_info","证券 - 期权合约通用信息","PHYSICAL_IDENTITY","是","否","","0","","228650","228833;229066","228833;229066"
"dataset:fd13cf1dde973b0eb7d971e60313453fe56f9eec2d9a9f86fd7a4c8baf7d0bfc","dm_hk_n.info_ref_option_lizard_obs_date","Lizard 观察日信息","PHYSICAL_IDENTITY","是","否","","0","","228652","228834;229089","228834;229089"
"dataset:ede764ea1160fdedc9e2a8fe5cf854fa0fd4ca0f8dfbb6ca68f21b45b9afab92","odata_n_tit.r_ref_option_barrieroption","","PHYSICAL_IDENTITY","否","否","","1","","228715","228821","228715"
"dataset:ca232a8a12c8dd11e773559a76f91e28c947df65aadd526e8215e18b6ed8d82e","odata_n_tit.r_ref_option_cumulator","","PHYSICAL_IDENTITY","否","否","","1","","228718","228823","228718"
"dataset:5cd1185bca9d145815841defef47f99f32cee0a5a05e90d219dc28abdfe21750","odata_n_tit.r_ref_option_digitaloption","","PHYSICAL_IDENTITY","否","否","","1","","228719","228825","228719"
"dataset:55d7f7a4d2b95b109b55ea9daa9c1ced13fd7f8a7c3aed4307e206e1d51fd50b","odata_n_tit.r_ref_option_history_info","","PHYSICAL_IDENTITY","否","否","","1","","228720","228826","228720"
"dataset:a0649fe22b8fd67a40ea00fe5e74ead45b08455616b115ac10de59483b0969e1","odata_n_tit.r_ref_option_quote_reset_rate","","PHYSICAL_IDENTITY","否","否","","1","","228723","228828","228723"
"dataset:808ecdf92be0b88edf601315eb2569cfcabe78815cda02014896c6dfe9fe8183","dm_fin_n.civ_stk_rstk_disc_info","估值系统限售股折价信息表","PHYSICAL_IDENTITY","是","否","","0","","228801","",""
"dataset:0fedc5f826ce70e69910a050a37a2bc37d5b87725ecc261da4bd591501f38434","odata_n_alm.g_hk_liquidity_term_gap_mild_limit_result","","PHYSICAL_IDENTITY","否","否","","1","","228813","228970","228813"
"dataset:9c135c47c78adfdcbcbcf3fed87d7ff6371ef91f1bce6014f057792567ab9025","dm_hk_n.info_ref_option_barrieroption","证券 - 期权 - 障碍期权属性","PHYSICAL_IDENTITY","是","否","","0","","228821","228840;229060","228840;229060"
"dataset:949ed68442443475f0d12f0363d6a6e92fc334cf7449b4249e98404442333bee","dm_hk_n.info_ref_option_cumulator","Accumulator 子交易","PHYSICAL_IDENTITY","是","否","","0","","228823","228843;229061","228843;229061"
"dataset:1d9ca1c02c7c0f83319e24044d18526d547c2af3900ed4a2ef23b36e26f07402","dm_hk_n.info_ref_option_digitaloption","证券 - 期权 - 二值期权属性","PHYSICAL_IDENTITY","是","否","","0","","228825","228844;229065","228844;229065"
"dataset:9d84e04de2f024cf5b5ab94de5bcbe9df876d164e1a328135e9e2b6e9a078bcf","dm_hk_n.info_ref_option_history_info","场外期权子交易历史变动信息","PHYSICAL_IDENTITY","是","否","","0","","228826","228846;229071","228846;229071"
"dataset:6ad6d55ecae8658318009e0398732a7a320f4c5370875b25bc129b12be040ee5","dm_hk_n.info_ref_option_quote_reset_rate","期权 RESET 调整比例","PHYSICAL_IDENTITY","是","否","","0","","228828","228855;229073","228855;229073"
"dataset:b3cc4ce6e321af6afb4b7f98614506ce652d7a585b7131bdaf4af2cd20fdb58d","odata_n_ois.g_same_manager_input","","PHYSICAL_IDENTITY","否","否","","1","","228936","229000","228936"
"dataset:84cfe09cf170accac98b9aeed80c7b0d1d9207cefca9c1f98ccc8e0ef5aabe22","pdata_nds.t02_co_imp_info","同一主体输入信息","PHYSICAL_IDENTITY","是","否","","5","K101","229000","229009;229012;229013;229014;229021",""
"dataset:3b526c764aa332a33b981d87e9357b77f8eeeabf796d8e54ad6e12b21fac9ed3","dm_otc_n.rela_qxb_equity_otc_entp_ctrlr","公司股东关系_公司股东信息","PHYSICAL_IDENTITY","是","否","","2","","229009","229015;229021",""
"dataset:0275cc8afd552e35e8d6ef6e2cf56bc8c4abe9df56e18529a14567af205804ff","pdata_news_n.t02_qxb_equity_person_holding_otc_mid","自然人控股关系表","PHYSICAL_IDENTITY","否","否","","3","K101","","229012;229013;229015",""
"dataset:f3a520101207c933c38c6936c34b273ffdb49a2c564ab867338c2fc6f93161e0","dm_otc_n.rela_qxb_equity_otc_oper_ctrl","法人控股关系_法人子公司信息","PHYSICAL_IDENTITY","是","否","","1","","229012","229021",""
"dataset:2f1c2cb0d6e10bace6aa6988fd11e5842657bea005024d8b6ff129b21f12df63","dm_otc_n.rela_qxb_equity_otc_person_ctrl","自然人控股关系_自然人子公司信息","PHYSICAL_IDENTITY","是","否","","1","","229013","229021",""
"dataset:ffbcba921b1c4111bcb6807bb002828f3dc5e5e39762399c27fbe3f8e8aecc6d","dm_otc_n.rela_qxb_equity_otc_entp_ctrl","公司控股关系_公司子公司信息","PHYSICAL_IDENTITY","是","否","","1","","229014","229021",""
"dataset:4ceefad8af15cb134a066fe6eed69a3b87edd5a30aba7500ada848cab81af519","pdata_news_n.t02_qxb_equity_ue_holding_otc_mid","UE控股关系表","PHYSICAL_IDENTITY","否","否","","1","","","229015",""
"dataset:7a662cd27c58855a5de0e06a91999722e40fe5bd429d32dee74d19d3ccccb81c","pdata_news_n.t02_qxb_eid_pid_relation_temp","","PHYSICAL_IDENTITY","否","否","","0","","","229015",""
"dataset:25c80cbbef8a0ea3f2f989162909a602ea3cd45ca771a8055bf9c45082b90319","dm_otc_n.rela_qxb_equity_otc_entp_ctrlr_ctrl","公司股东子公司关系_公司股东子公司信息","PHYSICAL_IDENTITY","是","否","","1","","229015","229021",""
"dataset:90c9ab4f14ed9fa666e7dbd0410d6ec6a9aaf0c4d916176d5c9f2bffd04684fc","dm_otc_n.rela_otc_same_trd_mng","OTC同一管理人合并输出信息","PHYSICAL_IDENTITY","是","否","","0","","229021","229035","229035"
"dataset:1436b767e835ec23e977c2e8cbaf687dc66658995ae98ced41f089c9559e9dc8","pdata_n.t03_otc_deri_comp_comb_marg_call_info","场外衍生品合约组合追保信息","PHYSICAL_IDENTITY","是","是（并非已逐分支核验）","docs/00-20260914-图谱认知/01-tit入模/02-TIT入模去向.md;docs/00-20260914-图谱认知/01-tit入模/05-去向与未命中分类.md","2","","232684","229121;231146",""
"dataset:943ac66518b052ae8c3b3b40316d0d1a5b824cfae6219e8d099a010859b22b34","dm_otc_n.bi_otc_cust_tag","OTC客户标签表","PHYSICAL_IDENTITY","是","否","","1","","231146","229121;231217","231217"
"dataset:fa79c4a304e00b437b7166a2bbdca854e820a4b1074f3182b72a656320d7d5f0","pdata_n.t01_pty_lmt_h","当事人额度历史","PHYSICAL_IDENTITY","是","是（并非已逐分支核验）","docs/00-20260914-图谱认知/01-tit入模/02-TIT入模去向.md;docs/00-20260914-图谱认知/01-tit入模/05-去向与未命中分类.md;docs/00-20260914-图谱认知/01-tit入模/T01-主体与交易对手/04 额度.md;docs/00-20260914-图谱认知/01-tit入模/T01-主体与交易对手/当事人与交易对手.md","1","","229973","229121",""
"dataset:57b20500d45166f2eebdb0574c183bc9372106f8e16f709d3c7b1158b8031677","dm_otc_n.bi_otc_cust_index","OTC客户指标表","PHYSICAL_IDENTITY","是","否","","0","","229121","230266","230266"
"dataset:0fc34c320a8a7f896bb3e03115f91527aecba5c4788466877582669b7f0b6690","dm_otc_n.trans_xir_oversea_bond_eval_tit","海外行情信息表_TIT","PHYSICAL_IDENTITY","是","否","","0","","229358","229366","229366"
"dataset:ce7b07ff7c9324fb65b579d204d2d634ab459e27bb94a5dd62f0611a998d3606","spdata_n.t01_pty_rat","当事人评级(历史)","PHYSICAL_IDENTITY","否","否","","1","","","229384",""
"dataset:8b40e03c4a51cab7005c56a3cb7402f703b69e8e1bf1442cc3a1e225212e9781","query_temp.cust_acct_rsklv_cd_lxy","","PHYSICAL_IDENTITY","否","否","","1","","","229384;230127","230127"
"dataset:24c6e10507cf2e8015369395705856c7a3530d2847eed993082237746e214f73","dm_index_n.wide_cm_cust_lst","老鼠仓风险客户清单","PHYSICAL_IDENTITY","是","否","","0","","229384","229443;229655;230127","229443;229655;230127"
"dataset:a606a8fbe8fe5e903f15a74455cd689d00b0f05dc506fc6868515cff43828a6d","odata_n_tit.email_finbd_airbagx_liquidation_detail","FINBD年初到本季度末发生清算的已终止气囊X合约清算明细表","PHYSICAL_IDENTITY","否","否","","1","","","229582",""
"dataset:0cbbe181ee982cadbade0a02e6eacb09496334b67406d50b2ac61a1213b58f40","pdata_n.t98_otc_deri_arbg_opt_comp_sett_det","T98_场外衍生品安全气囊期权合约结算明细","PHYSICAL_IDENTITY","是","否","","1","","229582","229822",""
"dataset:0b5cb27ee05bf3659e4dc212d421ba21316c262f9054603b71e788add12ddd02","odata_n_tit.g_margin_call_setting","","PHYSICAL_IDENTITY","否","否","","0","","229725","232684","229725"
"dataset:344cbfca4b0665885f7e1e180638d07e7aa132f8d5e33d87241a2240080fcee2","odata_n_tit.d_trd_otc_contr_props_p","交易-场外合约结构-其他属性表","PHYSICAL_IDENTITY","否","否","","1","","229771;229775","245013","229771;229775"
"dataset:c79c7e83e7bc2d6ed7003df4a340954af8d80206cbfc5cd7b25d26db42a9d872","dm_fin_n.civ_otc_deri_arbg_opt_comp_sett_det","估值系统场外衍生品安全气囊期权合约结算明细","PHYSICAL_IDENTITY","是","否","","0","","229822","229971","229971"
"dataset:bda29e3cb21b05129d001f4d6cc12e42f560829e5b29396ec21c95727114e012","odata_n_tit.d_trd_rebate_interest_param","计提返息参数","PHYSICAL_IDENTITY","否","否","","1","","229886","230182","229886"
"dataset:0f63e610a3ec7ac06d0a893a488cebb276b48ac135f0fa81a44db43a5fab0db1","odata_n_ois.o_otc_derivative_counterparty_p","衍生品交易对手维护表","PHYSICAL_IDENTITY","否","否","","1","","229935","232169","229935"
"dataset:215f4cd47db8b88a2f3be58e6e9c36496c02c998bbb4516f1c851ce55c31cda9","odata_n_ois.g_counterparty_mailbox_info_p","客户邮箱","PHYSICAL_IDENTITY","否","否","","1","","229940","232169","229940"
"dataset:89070b908a89dd4164bb26639fe7efbc699dbf80b818f654b6ad8518fda9ab05","dm_index_n.index_grp1_qtravg_apdstdast_examcoefcovtpst_mth","员工_季日均标准资产_考核系数折算后&剔除骐骥聚盈_当月&季度初8号固化上季度数据","PHYSICAL_IDENTITY","是","否","","1","","230016","236123",""
"dataset:d2eef64542174b02fe107b07305260a58ab7ddcad5132e1fba70c3dab8b9be8b","dm_hk_n.info_trd_rebate_interest_param","计提返息参数","PHYSICAL_IDENTITY","是","否","","0","","230182","230213;230340","230213;230340"
"dataset:b6b18bfc55748adf1a5626c39bf6d837c825343713d2094868b73cd7e2ddd13d","dm_otc_n.trans_dividend_info_bbg_tit","彭博公司行为表_TIT","PHYSICAL_IDENTITY","是","否","","0","","230357","230438","230438"
"dataset:1b40306b68273730dbd5af096081d5f1ba416e1d1838f402bd7aa9224e427318","dm_otc_n.trans_dividend_info_bbg_h1730_tit","彭博公司行为表H1730_TIT","PHYSICAL_IDENTITY","是","否","","0","","230360","230443","230443"
"dataset:da22c9c9e7be245b9dfc9abe90076d3fa68ca0052abc7936044a48c2a90da066","dm_otc_n.trans_external_pos_tit","外部持仓表O32持仓及衡泰持仓_TIT","PHYSICAL_IDENTITY","是","否","","0","","230365","230452","230452"
"dataset:198005618a2d79fb054d75910c6e5b0a518b62d022dac1984ea37d845305c3bc","dm_otc_n.trans_rpt_mapping_h22_tit","监管报送回写表H22_TIT","PHYSICAL_IDENTITY","是","否","","0","","230373","230472","230472"
"dataset:82582c6794df97b300f4477c3deb25733bbab3246835bf72ed1f1e7400ea2665","dm_otc_n.trans_rpt_mapping_h8_tit","监管报送回写表_H8_TIT","PHYSICAL_IDENTITY","是","否","","0","","230390","230485","230485"
"dataset:f472b90ea6dbfb9831759c8421e61abad7753b7da6324f34251942b0263a23f2","pdata_n.t05_view_shence_log_titans","没有相关数据","PHYSICAL_IDENTITY","否","否","","1","","","230402",""
"dataset:62513f3207f7c596a95af616fbe355a306c5ce408518ec19a69ee526a37d7f39","dm_otc_n.trans_sc_audit_log_tit","用户留痕日志表_TIT","PHYSICAL_IDENTITY","是","否","","0","","230402","",""
"dataset:8635d0fcd722e543519977b6f532853c4e6c285a39d8659328e361185509b695","dm_otc_n.trans_t02_fxr_incon_tit","来自大数据资讯模型的沪港通汇率和深港通汇率_TIT","PHYSICAL_IDENTITY","是","否","","0","","230410","230568","230568"
"dataset:ea362a29932c73bc40d0f43719885f6e97896d6a21edb96ef6bc686a2a60452b","dm_otc_n.trans_t02_scr_st_info_tit","标的ST公告信息_TIT","PHYSICAL_IDENTITY","是","否","","0","","230420","230589","230589"
"dataset:6d75daf4b1b7b142bdd8908e1ad48f1fc9ca1f07d5ac3039f319620de3113875","dm_otc_n.trans_xir_calendar_tit","衡泰日历表_TIT","PHYSICAL_IDENTITY","是","否","","0","","230437","230602","230602"
"dataset:1422a099e15ecc859c22a67f574cc2179834f7080441bf45368240b8787a5a1d","dm_otc_n.trans_xir_future_h0850_tit","期货合约定义h0850_TIT","PHYSICAL_IDENTITY","是","否","","0","","230720","230728","230728"
"dataset:d5328eb168a57aeff1261eae2c0be38149d7ed68481cf0afbf159f3232a72e88","dm_otc_n.trans_xir_future_deliverbonds_h0850_tit","期货可交割债券_TIT","PHYSICAL_IDENTITY","是","否","","0","","230735","230748","230748"
"dataset:20d3ad84e43ae8ea0249cee007447fd62a458b41dd347e9f0ef9a48f11ada3cb","dm_otc_n.trans_xir_tbsi_bond_eval_h0850_tit","债券估值h0850_TIT","PHYSICAL_IDENTITY","是","否","","0","","230766","230773","230773"
"dataset:95ffe5141285ef128e55290908ee0bfdaf9e2a658f5bbd62e0e65fcd0a69b725","dm_otc_n.trans_xir_tcb_bond_eval_h1930_tit","场外_中债估值数据H1930_TIT","PHYSICAL_IDENTITY","是","否","","0","","230777","230811","230811"
"dataset:8c0ac60ad424326d99884fcb4b4473ce498e9cb8d43f8eba1ecbb8477e87660d","dm_otc_n.trans_xir_tcb_bond_eval_h02_tit","场外_中债估值数据H02_TIT","PHYSICAL_IDENTITY","是","否","","0","","230792","230815","230815"
"dataset:9fa5f366537cc5e0f5ff7be2d92d6831e980b684fccdb4b3ff93ba51fae932e1","dm_otc_n.trans_arc_monitor_pool_tit","ARC重点监控标的池_TIT","PHYSICAL_IDENTITY","是","否","","0","","230823","230830","230830"
"dataset:4557b17e6ca4f26a55e28a644d8b5b82d0d2864a4417531f18ef3908c231c462","dm_otc_n.trans_xquant_ncd_info_tit","利率债同业存单基础明细T0_TIT","PHYSICAL_IDENTITY","是","否","","0","","230852","230898","230898"
"dataset:44f1e6516fb220805927b3eace5fa6c144dbccf9a2fdfdaa719a2976011f70ab","dm_otc_n.trans_wind_yield_curve_xir_tit","曲线信息_XIR来源_TIT","PHYSICAL_IDENTITY","是","否","","0","","231140","231145","231145"
"dataset:8f49976e5a0691c476e76bb46f4a6e33a77f74a1550cf42763bc61315ef67f5f","dm_index_n.index_grp2_busiprocnpssati_refr_tdy","员工*客户_业务办理NPS满意度_推荐人_当日","PHYSICAL_IDENTITY","否","否","","1","","","231751",""
"dataset:14a78d9864b1bc35d89891f75faee301e22b6dedcc58d8f1f7742ce36f26e6fa","dm_otc_n.trans_listed_option_h12_tit","期权基本资料H12_TIT","PHYSICAL_IDENTITY","是","否","","0","","231762","231827","231827"
"dataset:0bc1903e77361bcf32fe30f898a316da887baea21e94716333635fd87089f738","dm_index_n.index_grp1_prdcd_prdname_mval_ostscr_otcscr_hld_posmvaltop1_tdy","客户_产品代码&产品名称&市值_场内证券&场外证券&持仓市值TOP1_当日","PHYSICAL_IDENTITY","是","否","","0","","231934","232164","232164"
"dataset:e53bf2b19b22d78a6b5c4f39d44483514aab5c084260460e9930a99076617850","dm_index_n.index_grp1_bal_marg_yearapd","客户_余额_融资融券_当年日均","PHYSICAL_IDENTITY","是","否","","0","","232003","232164","232164"
"dataset:826e9eeb77ee25fb431cae74249a04836f40873b85cd49529f0cf43c69e20200","dm_otc_n.val_report_email","运管估值报告收件信息","PHYSICAL_IDENTITY","是","否","","0","","232169;232708","",""
"dataset:00aeb6bda7f61a76f3913ec80c616be34708af30e51f42f86375eeb1dc538fca","dm_otc_n.trans_ashare_balance_sheet","中国A股资产负债表","PHYSICAL_IDENTITY","是","否","","0","","232196;232887","",""
"dataset:569d5ce9f7c992971ab14331e798d82755789e3a0f73156f1607f36b227bbeb0","dm_otc_n.trans_ashare_goodwill","中国A股财务附注商誉","PHYSICAL_IDENTITY","是","否","","0","","232213","232896","232896"
"dataset:77e91dbc3ee8e678267e0f152cab7dd75e78d6c6ca1289b3a26006912f92bd38","dm_otc_n.trans_ashare_illegality","中国A股违规事件","PHYSICAL_IDENTITY","是","否","","0","","232220","232898","232898"
"dataset:349a3053563b9be9ef58400e69486e349137ef8f8476e6d1b9a54d68a9a40478","dm_otc_n.trans_ashare_inside_holder","中国A股前十大股东","PHYSICAL_IDENTITY","是","否","","0","","232275","232442;232906","232442;232906"
"dataset:0c6c4bc0673f9c552868a4bea5be3c66a0e126b2f49d803d4d461f8900e1462d","dm_otc_n.trans_ashare_place_details","中国A股网下配售机构获配明细","PHYSICAL_IDENTITY","是","否","","0","","232288","232907","232907"
"dataset:a048887bd101fb59e021929f3b87a7d87625c8c3bc7020d814203f7a8621469d","dm_otc_n.trans_ashare_pledge_prop","中国A股股票质押比例","PHYSICAL_IDENTITY","是","否","","0","","232292","232444;232908","232444;232908"
"dataset:96b592bd2719a46d123a4e5fde439c659ae4651958aac9fa1280f6541d6005dd","dm_otc_n.trans_ashare_trad_suspen","中国A股停复牌信息","PHYSICAL_IDENTITY","是","否","","0","","232358","232447;232899","232447;232899"
"dataset:ef7a9d503e2279848291e69344a3b6a10c6aa73644485da37fa19e1161757260","odata_n_uip.w_ashareyield_p","中国A股日收益率","PHYSICAL_IDENTITY","否","否","","1","","232709","232524","232709"
"dataset:96ac47feba30e4b62f3f0f14822f60ef914f2119c460909419c507214af08fe7","dm_otc_n.trans_ashare_yield","中国A股日收益率","PHYSICAL_IDENTITY","是","否","","0","","232524","232557;232900","232557;232900"
"dataset:647d89ddaffa8c0ef1ef440bb7a88dcb3d8e0feae816b48c306c8bb0d27fa0cb","odata_n_uip.w_hkshareyield_p","","PHYSICAL_IDENTITY","否","否","","1","","232714","232529","232714"
"dataset:ed49ab702da113babd175be57526d99a0610dba298333c08200e8a5d215a0872","dm_otc_n.trans_hkshare_yield","港股日收益率","PHYSICAL_IDENTITY","是","否","","0","","232529","232558;232903","232558;232903"
"dataset:dde60ff710821e5f80d0d27f30cf565a155aec947189da9022c946bee7338848","dm_otc_n.trans_share_seo","A股增发表","PHYSICAL_IDENTITY","是","否","","0","","232538","232904","232904"
"dataset:2f124474d8bfa1904ffa83c58b28647e4cfee3d212a9b96383f64a5a3d622c0b","dm_otc_n.mkt_ashare_block_trade","A股大宗交易","PHYSICAL_IDENTITY","是","否","","0","","232542","",""
"dataset:5654afd2dd744e32507adcaec41d4307453b60aae9030a3b89dbcf81d7b42a92","dm_otc_n.mkt_ashare_plan_trade","A股股东减持计划","PHYSICAL_IDENTITY","是","否","","0","","232546","",""
"dataset:b64a1ea22a649ebed98fa5c008c5b4dd6e01aee8536fb8f4239a0e1fa8878337","dm_otc_n.mkt_ashare_sus_derived","A股停复牌衍生数据","PHYSICAL_IDENTITY","是","否","","0","","232553","232563","232563"
"dataset:e895527716e7747f05c5dffc3af8e10141cbf08d5b2b71d9279c96fff7755395","dm_otc_n.bi_otc_cross_sale","OTC部门交叉销售表","PHYSICAL_IDENTITY","是","否","","0","","232556","232592","232592"
"dataset:c9827c5dc608f250f1db0d4e8350f13077006071111166deb47bed1487ecc4ac","dm_index_n.wt_cust_aum_aumnav_linear_score","客户AUM净值线性赋分明细","PHYSICAL_IDENTITY","是","否","","1","","232650","234147",""
"dataset:b6b392bb53b2d5f768813ecdbdf5755ac4c9c00a665e843e5aa6a98c1bdfa38c","dm_index_n.wt_cust_aum_aumnetast_muyield_fullcali_linear_score","客户AUM净资产亩产线性赋分明细","PHYSICAL_IDENTITY","是","否","","1","","232651","234147",""
"dataset:416f62b54752e0f86aa3e3a50db97d3fc969c5d130dee2ccf5670d4c9ef27bac","dm_index_n.wt_cust_aum_stdast_muyield_fullcali_linear_score","客客户AUM标准资产亩产线性赋分明细","PHYSICAL_IDENTITY","是","否","","1","","232652","234147",""
"dataset:d1fead493a63f7a80a949cdf7d96e0c3a5df34bae6ead8f6ed9a78d64a64eddc","dm_index_n.wt_cust_aum_propincrsrate_fullcali_rate_linear_score","客户AUM全口径创收司占比增长率线性赋分明细","PHYSICAL_IDENTITY","是","否","","1","","232653","234147",""
"dataset:a4375893f7f4d62162ac33c196e77a6bb6a2f280db2ab72849a350898e0a6e19","dm_index_n.wt_cust_aum_income_fullcali_adv_linear_score","客户AUM全口径创收线性赋分明细","PHYSICAL_IDENTITY","是","否","","1","","232655","234147",""
"dataset:68363fbe1543c14d97bddc204184f39a9f5895debde60694e9cdb17abefe65cb","odata_n_xir.t_ttrd_acct_swap_asset_npv","【AI】收益互换估值落地","PHYSICAL_IDENTITY","否","否","","1","","232658","242988","232658"
"dataset:bf7a2f076a0e8925b499c0a9f8d229107fb395f83ae7a23f2ead9c1e43116132","dm_index_n.wt_cust_aum_std_asset_divi_prop_incr_val_linear_score","客户AUM标准资产司占比增长值线性赋分明细","PHYSICAL_IDENTITY","是","否","","1","","232675","234147",""
"dataset:6006e0fae7dc084e48241092a836a185e7e6ab1299657354108ae065a31bf0d0","dm_index_n.wt_cust_aum_std_asset_incr_rate_linear_score","客户AUM标准资产司占比增长率线性赋分明细","PHYSICAL_IDENTITY","是","否","","1","","232676","234147",""
"dataset:33ba3b591031588eb581dc738f83cce4a15426407c557601617d27a0f4266507","dm_index_n.wt_cust_aum_std_asset_incr_val_adv_linear_score","客户AUM标准资产增长值线性赋分明细","PHYSICAL_IDENTITY","是","否","","1","","232677","234147",""
"dataset:f6e36a638fe776f4ed7af3b4fc3973d741e89ab80064501824eaad797a65e75f","odata_n_uip.w_businessinformation","","PHYSICAL_IDENTITY","否","否","","1","","232707","232710","232707"
"dataset:2f2bb43f79fdab2b91f19a532fab9a97947eac421c73333d47e1e51f5c643a01","dm_otc_n.trans_business_information","工商登记信息","PHYSICAL_IDENTITY","是","否","","0","","232710","232909","232909"
"dataset:4c73ed0c9c7a47d85c5a07e9acfca896a88f89d3915a04a341cc10f0367f3982","dm_index_n.index_grp2_lsttime_addfrd_ew_endtdy","员工*客户_末次添加好友时间_企业微信_截至当日","PHYSICAL_IDENTITY","否","否","","1","","","232820",""
"dataset:647c0b815e4b51c5b88d3f708d639044dbbe6c3ae760e215639d58869cae8d62","dm_index_n.grp_tag_client_cust_opt_not_open_flag_mth","组合标签_未开通期权客户标志_当月","PHYSICAL_IDENTITY","否","否","","1","","","232820",""
"dataset:ee893ae365c49395a38d239695f12b88dd81d0d34c363343b117ae13deb3b2d0","dm_index_n.grp_tag_client_cust_margin_not_open_flag_mth","组合标签_未开通两融客户标志_当月","PHYSICAL_IDENTITY","否","否","","1","","","232820",""
"dataset:d60d313500cda19379223567559111f3ade16b8d30042884bb96f2734f1568d0","dm_index_n.wt_cust_aum_wxent_penetration_score","客户AUM企微渗透赋分明细","PHYSICAL_IDENTITY","是","否","","1","","232820","234147",""
"dataset:d43dbf9f08186b803f11daa4d49f86a98072ad8a8634a31f7696e410575f5539","odata_n_tit.d_trd_fast_trs_event_p","极速互换存续期事件表","PHYSICAL_IDENTITY","否","否","","1","","233001","245056","233001"
"dataset:069b5b739dc8d88d83971feb739d563c7bdfd5eeb8cde5d69f3f217f6fc3a730","dm_otc_n.trans_ashare_director","中国A股公司董事成员","PHYSICAL_IDENTITY","是","否","","0","","233371","233814","233814"
"dataset:1b2fc117257946952da97b74b9456fed144c2cf8bbdfa733c66ae45f75d5911d","dm_otc_n.trans_ashare_holder","中国A股股东持股比例","PHYSICAL_IDENTITY","是","否","","0","","233372","233816","233816"
"dataset:da7c5f721a9a4c1540fb29e832881024190404d04c0ffe56288a6135e7b653e4","dm_otc_n.trans_ashare_supervisor","中国A股公司监事成员","PHYSICAL_IDENTITY","是","否","","0","","233377","233825","233825"
"dataset:9d5af5bf49e07cb8ef8c1660d5bee407bbe3c5cd7efe176ecc43247f1071fd53","dm_otc_n.trans_3th_eod_prices","ETL第三方指数日终行情","PHYSICAL_IDENTITY","是","否","","0","","233381","233831","233831"
"dataset:f8188fa5076449ddc56287bfc23dbd94883183170faf45adfa6c756451762c66","dm_otc_n.trans_ah_equity","AH股关联证券 (沪深港关联)","PHYSICAL_IDENTITY","是","否","","0","","233383","233834","233834"
"dataset:e6a9354dcb249b9cc018b2142929d361ea54ab5cfc4c64c63101c2c13eb8153c","dm_otc_n.trans_ashares_industries_code","中国A股行业代码 (标的行业同步)","PHYSICAL_IDENTITY","是","否","","0","","233387","233836","233836"
"dataset:50ad0223c7532df42dc176847bd526ea3db5ae48549e4f5ace2690f12de8cdcb","dm_otc_n.trans_ashare_ind_class_citics","中国A股中信行业分类","PHYSICAL_IDENTITY","是","否","","0","","233390","233838","233838"
"dataset:c6052027385e49bf27ad925b142d9bffbd68b8ec88533b18c2c4e21f09b59af3","dm_otc_n.trans_ashare_ipo","中国A股首次公开发行数据 (IPO)","PHYSICAL_IDENTITY","是","否","","0","","233392","233841","233841"
"dataset:01424185e753851cc80ea441b399ec5785988fac5b2e062741da4fba587e11b2","dm_otc_n.trans_ashare_right_issue","中国A股配股数据","PHYSICAL_IDENTITY","是","否","","0","","233395","233849","233849"
"dataset:e7a12757c7a59cc2732d9aab407b88dbe4560a9049c5980fc674f5de1f9f3a82","dm_otc_n.trans_cbond_description","中国债券基本资料","PHYSICAL_IDENTITY","是","否","","0","","233399","233851","233851"
"dataset:a14aec2209f24192c6dcb6009a808157ce51196dfd45395cd073734f8a48c004","dm_otc_n.trans_cbond_industry","中国债券Wind分类板块","PHYSICAL_IDENTITY","是","否","","0","","233401","233853","233853"
"dataset:2913bd68a702ddea4d6cdd197ed39d660ec8dbc7060c086075fd013ac95adf6f","dm_otc_n.trans_ccbond_amount","中国债券Wind分类板块 (金额/规模相关)","PHYSICAL_IDENTITY","是","否","","0","","233406","233859","233859"
"dataset:7b13d4722f769dd023303e4458670172c494f9f18fe3f40f0ab87db3fc8ddb2b","pdata_news_n.t02_co_indt_for_xir","公司行业分类-xir专用","PHYSICAL_IDENTITY","是","否","","1","","238658","233535",""
"dataset:ffb13f5be74ebd498b8dd3fbffbd26d73ecab8128dcbcbaac3905493725395cc","dm_otc_n.trans_ashares_ind_class","中国A股标的行业申万","PHYSICAL_IDENTITY","是","否","","0","","233535","233828","233828"
"dataset:62b3bc142c3a1748cdcff1ad4160583a5be7b230bc2d6095a5114f5e4928529b","dm_otc_n.trans_ashare_administration","中国A股公司高管成员","PHYSICAL_IDENTITY","是","否","","0","","233538","233812","233812"
"dataset:220130fa5fc1ccf2e55bd7fd9c7c2ab4c97b22a3a29119afe1643dd19b9536f2","dm_hk_n.ref_basket_constituent","篮子成分表","PHYSICAL_IDENTITY","是","否","","0","","233694","233780;233793","233780;233793"
"dataset:66e0ae2c9ec1fb3891eb941ca51c87baa8d1aee1c8c3698efb679e81d4a1919d","dm_index_n.wt_cust_aum_std_asset_divi_prop_incr_rate_linear_score","客户AUM标准资产司占比增长率线性赋分明细","PHYSICAL_IDENTITY","是","否","","1","","234130","234147",""
"dataset:82a2b819464199c51057d9b5712c756490d862c7c0502fc42c24c7fdbe6f417c","dm_hk_n.pos_fast_trs_leg_his_pos","场外互换合约持仓信息-北上极速","PHYSICAL_IDENTITY","是","否","","0","","234182","234185;234543","234185;234543"
"dataset:2af06ac3bf714bb93aa7ffcdf61df99d79b11ec48665b608f7d9cf2b9455a3b5","odata_n_rsk.d_base_bi_otc_counterparty","股衍交易对手指标","PHYSICAL_IDENTITY","否","否","","1","","234282","234576;238486","234282;238486"
"dataset:046ff43b6a1bdca547263fb351fc719b03d4b758db7e3cc14650f3ffc65d7117","dm_otc_n.bi_otc_underlying_analysis","OTC持仓分析","PHYSICAL_IDENTITY","是","否","","0","","234355","234407","234407"
"dataset:b9bd8cf3870234612ec43eea23b77fe59a0b856b8fef0d57d0e95150821648c4","odata_n_xir.t_ttrd_otc_instrument_eval","【AI】金融工具估值表","PHYSICAL_IDENTITY","否","否","","1","","","234384",""
"dataset:a2c9f59a5a2aabac67f0da59f3e27b84a35ca5ccabfad48bf634c9c8074fe0bd","dm_otc_n.trans_xir_instrument_eval_jwai","XIR金融工具估值表_境外债","PHYSICAL_IDENTITY","是","否","","0","","234384","234387;234642","234387;234642"
"dataset:6e789a5ccfc9b4fb1c1fb165c49098035cd1c43968b7965dba6263ae0d713300","dm_otc_n.bi_otc_cust_risk_stress","OTC风险压测","PHYSICAL_IDENTITY","是","否","","0","","234576","234678","234678"
"dataset:f3cb1b05b171aad506581db73152b7fd192cc8dea3fb0e221d48103e2569ed3d","dm_otc_n.otc_opt_knock_evt","期权合约敲入敲出事件","PHYSICAL_IDENTITY","是","否","","0","","234584","235645","235645"
"dataset:d2e3c9349be30a0872f230a209c25c8507fca17661e644c195a9489025524291","dm_otc_n.otc_itc_cust_mapping","场内外客户对应表","PHYSICAL_IDENTITY","是","否","","0","","234676","235337","235337"
"dataset:2d551fecce36ad7e867a710d2d3137d477dc70fac700530cdfa6fd5185b68d5d","pdata_news_n.t02_co_aff_otc_ctrlr_mid","上市公司实控人","PHYSICAL_IDENTITY","否","否","","1","","","234956",""
"dataset:c216f5df873ed60b648201f43637e7ba373fecfacc283b1d08760568ab4b7848","dm_otc_n.trans_co_ctrlr","上市公司实控人","PHYSICAL_IDENTITY","是","否","","0","","234956","234961","234961"
"dataset:74fa365dd7a97d7d80cfb923a100e4e9857e243ef25816691294544528234387","pdata_news_n.t02_co_aff_otc_ctrlr_ctrl_mid","上市公司实控人控制的其他公司","PHYSICAL_IDENTITY","否","否","","1","","","234965",""
"dataset:6bb39b531d9a3b0dc3deab9292abb3ad846cdddaa7edccf744d05eec981e4f7c","dm_otc_n.trans_co_ctrlr_ctrl","实控人控制的其他公司","PHYSICAL_IDENTITY","是","否","","0","","234965","234984","234984"
"dataset:28442bfe267caa613ff746ace9b65913f438bd6a6334f1b0d8300d19d99758fe","pdata_news_n.t02_co_aff_otc_ctrlr_djg_mid","上市公司实控人的董监高","PHYSICAL_IDENTITY","否","否","","1","","","234970",""
"dataset:13898506728abbee46ccc4f2fa503335c1bc164c6a9ea5ea18c487405c479079","dm_otc_n.trans_co_ctrlr_djg","上市公司实控人的董监高","PHYSICAL_IDENTITY","是","否","","0","","234970","234986","234986"
"dataset:f63ab1f4b83b87c8420582a5b2aac47306e23d7f176afaf5d004b8fb04865833","pdata_news_n.t02_co_aff_otc_dir_mkthold_mid","上市公司直接股东","PHYSICAL_IDENTITY","否","否","","1","","","234974",""
"dataset:c9bbd4b96adb0ce55f0070a49251f54fb45c9e45238cc2944ced4bdb9826c546","dm_otc_n.trans_co_dir_mkthold","上市公司直接股东","PHYSICAL_IDENTITY","是","否","","0","","234974","234988","234988"
"dataset:68c00c15eaf250b9cd42c35cfece3ce4ab4f2ebb291eebc138c6efe075503965","pdata_news_n.t02_co_aff_otc_djg_mid","上市公司董监高","PHYSICAL_IDENTITY","否","否","","1","","","234975",""
"dataset:14829f2e252b1a18f7b8a6bd73671ff5be9476457b8a0008e8597616617ace92","dm_otc_n.trans_co_djg","上市公司董监高","PHYSICAL_IDENTITY","是","否","","0","","234975","234989","234989"
"dataset:2e1b27e0fa1edac849fef47e331327f6a6b2811aa3590652275b4776ada9fc49","pdata_news_n.t02_co_aff_otc_undir_mkthold_mid","上市公司间接股东","PHYSICAL_IDENTITY","否","否","","1","","","234983",""
"dataset:16cc70a20037a6cc450a9d746b58aa92c377059b18b65e49491db41476a4fc82","dm_otc_n.trans_co_undir_mkthold","上市公司间接股东","PHYSICAL_IDENTITY","是","否","","0","","234983","234990","234990"
"dataset:dcec9efd2e52dd1fa03923c7f7d1a7aa7004e45a0de641f0e2aa44d7566714ce","dm_otc_n.trans_chinamutualfundtrackingindex","中国共同基金被动型基金跟踪指数","PHYSICAL_IDENTITY","是","否","","0","","235008","235127","235127"
"dataset:aefed9dfb6ee9c98319a5e7bdf83b83ca5826286592e9bae217e512bee3e73bd","dm_otc_n.trans_hketf_description","港股ETF定义","PHYSICAL_IDENTITY","是","否","","0","","235035","235128","235128"
"dataset:b01c20f4835d96822879960dc52b2b550bb57bdd27e4c1bd05bee761d55ac637","dm_otc_n.trans_share_changecode","股票代码变更表","PHYSICAL_IDENTITY","是","否","","0","","235079","235081","235081"
"dataset:2570e45a19a2fb2e09a05336ddd5f8fe4339939ab7b1b94112f3d06d986a7eeb","dm_index_n.index_grp1_netintrincome_sefibusi_permthupdpmthandmthdata_tdy","客户&营业部_净利息收入_证金业务&每月更新上月及当月数据_当日","PHYSICAL_IDENTITY","否","否","","1","","","235224",""
"dataset:0a8ab159b208832ffedc2a682e5a0077a3f796d1f4dba43456e9d652488b520b","dm_index_n.index_grp1_margbal_margdevrela_yearapd","员工_融资融券余额_两融开发关系_当年日均","PHYSICAL_IDENTITY","否","否","","2","","","235230;235234",""
"dataset:8e0ce95af64b2fd5c8f5117203362a9e99754972de63ee6fdad5bf99123b4e03","dm_otc_n.trans_cbond_amount","中国债券份额变动","PHYSICAL_IDENTITY","是","否","","0","","235297","235587","235587"
"dataset:6502232e43156bfc17d3d81e029a55d37d968af12983e48844ae6668cb2b78b5","pdata_news_n.t02_co_aff_otc_ap_ctrl_mid","上市公司关联人在外实际控制其他公司","PHYSICAL_IDENTITY","否","否","","1","","","235317",""
"dataset:cce9389b29335143eea1b9273f8d3271f8f61105bcbd626914e78d04437368ac","dm_otc_n.trans_co_ap_ctrl","上市公司关联人在外实际控制其他公司","PHYSICAL_IDENTITY","是","否","","0","","235317","235591","235591"
"dataset:b7d11ca8e704f08d7104ed7726cb4134eaaf27e09e587730754225023d52a7ec","pdata_news_n.t02_co_aff_otc_ap_djg_mid","上市公司管理自然人在外担任董监高","PHYSICAL_IDENTITY","否","否","","1","","","235324",""
"dataset:099fcda4180122cdba0d8ac7c8b360e4cc8be25d11caef4a8dce4f0840947926","dm_otc_n.trans_co_ap_djg","上市公司关联自然人在外担任董监高","PHYSICAL_IDENTITY","是","否","","0","","235324","235589","235589"
"dataset:62dd227c4f61418ffd275e4579b337dfc7d23122c2dd773a4d51679eab23540a","dm_otc_n.trans_marg_other_risk","证金其他风险信息","PHYSICAL_IDENTITY","是","否","","0","","235333","235336","235336"
"dataset:5ce05e232315e98072c738505631634a77d27816a5c291021a45f8c91e47ba54","dm_otc_n.trans_ccbond_valuation","中国可转债衍生指标","PHYSICAL_IDENTITY","是","否","","0","","235385","235578","235578"
"dataset:cae85451b02ffe0757dff0d7a7b5912d4dcd15494d7809224f7f5c397692b387","dm_otc_n.trans_china_mutual_fund_share","中国共同基金份额同步表","PHYSICAL_IDENTITY","是","否","","0","","235392","235625","235625"
"dataset:38539a1aafd15ae914dbea41cf3d9c8f710987bc9a2e5eacf5016ac7d0888ccc","dm_otc_n.trans_cmfconseption","中国共同基金WIND概念分类","PHYSICAL_IDENTITY","是","否","","0","","235409","235413","235413"
"dataset:e1ef5000cfafe831d77da47760cd5e9330bdfcff1aee03bfbd7339579e06c57e","dm_otc_n.trans_coption_descrichange","中国期权月合约属性变动表","PHYSICAL_IDENTITY","是","否","","0","","235436","235440","235440"
"dataset:53c9ec8d09d817df0adc018834a65229929ae61d5f668730998086a5407c48c9","dm_otc_n.trans_cbond_eod_prices","可转债日终行情","PHYSICAL_IDENTITY","是","否","","0","","235483","235541","235541"
"dataset:79b5b8b13e6d863c0991fec582d2777ff4492b9bc5f22a13cb6978f533cf68ab","dm_otc_n.trans_cbond_rating","可转债信用评级","PHYSICAL_IDENTITY","是","否","","0","","235489","235524","235524"
"dataset:d7c602a4d9f44cf94ed6cc3d9c2965674c6f4030aaea652f098a47e1ea0b2f55","dm_index_n.index_grp2_cust_emp_std_ast_aum_bgng_mth_all","客户*员工_标准资产_资产包关系&期初_当月_零售和机构柜台","PHYSICAL_IDENTITY","是","否","","0","","235871","236184","236184"
"dataset:9646e43a589733638af153129e1b2c3293f5531a11df9a286c01915684f811cd","dm_index_n.index_grp2_cust_emp_std_ast_aum_end_mth_all","客户*员工_标准资产_资产包关系&期末_当月_零售和机构柜台","PHYSICAL_IDENTITY","是","否","","0","","235878","236184","236184"
"dataset:1c5eb9c375d38cd911e4647b7a2cf52869cc7a1f3f477095d583d01af4fb02ee","dm_otc_n.trans_ashare_strange_t_hw","重点监控股票名单（合规手工处理版）","PHYSICAL_IDENTITY","是","否","","0","","235945","235975","235975"
"dataset:dd0dc2d5f1e7b970a39e0915cb31ab7e2dabe12211777a2a775c8ffe9ce35b5e","dm_otc_n.trans_asx_nzse_share","境外交易所ASX和NZSE股票定义","PHYSICAL_IDENTITY","是","否","","0","","236085","236191","236191"
"dataset:891728ae647bb603d3a2285fc5a079160190744db5152e3e90b34b807e7513ba","dm_otc_n.trans_bbg_stk_mkt_quot","彭博美股日终行情","PHYSICAL_IDENTITY","是","否","","0","","236089;236092;236095;236097","236186;236188;236189;236190","236186;236188;236189;236190"
"dataset:b3ee978e21fd47aae72bbd1755b516566d08aa7e85765f1a5aa3052572cbef44","dm_index_n.index_grp1_qtravg_apdstdastincrsrate_examcoefcovtpst_mth","员工_季日均标准资产增长率_考核系数折算后&剔除骐骥聚盈_当月&季度初8号固化上季度数据","PHYSICAL_IDENTITY","是","否","","0","","236123","",""
"dataset:8429d1883c8068c39ddffafafe3701f8b94f94d46aa90dbba357487c4a1eaf5a","dm_index_n.index_grp1_adminestptsqualrate_iaseqprsnexam_mth_ricc","员工_管理评价积分达标率_投顾序列人员考核_当月_零售和机构柜台","PHYSICAL_IDENTITY","是","否","","0","","236275","",""
"dataset:ed5723700c3e5b6ae8d53e19b40779c2ade9107e6b166235dd5d1bb7b6c91c6c","dm_hk_n.info_prd_notes","票据基础信息","PHYSICAL_IDENTITY","是","否","","0","","236429","236470;236475","236470;236475"
"dataset:71f0efc856a5cf8cd2508640440fe3182ab4017632d320bbc0883265d13f81b6","dm_hk_n.prd_notes_trade_record","票据交易流水","PHYSICAL_IDENTITY","是","否","","0","","236438","236469;236476","236469;236476"
"dataset:953c23006a7e7d1cbb1acf69a456efa22fb507f16f1c7d273a55304c69c835b2","odata_n_tit.d_ref_instrument_bbg_code_p","证券-BBG代码映射表","PHYSICAL_IDENTITY","否","否","","1","","237057","237535","237057"
"dataset:d23e0d6b9d6c165c9f7cf13fd33d403fe45d46aea1b3bc8ab126543a6a1a6a5e","odata_n_tit.d_ref_instrument_code_p","【AI】证券-证券编码","PHYSICAL_IDENTITY","否","否","","1","","237061;244061","237523","237061;244061"
"dataset:7335710c51b0af9e5ac63bdede174aaceaeba5975b5edb702a8d16b0f432c892","odata_n_tit.d_trd_trs_event_p","交易-TRS存续期事件表","PHYSICAL_IDENTITY","否","否","","1","","237075","237594","237075"
"dataset:f9b7932eeb9e2898ae1321db750020cf6fb1fec53251f0f4a66e2248f7d3a23b","dm_rsk_n.marg_brch_cust_situ_mon","融资融券营业部客户情况-月度","PHYSICAL_IDENTITY","是","否","","0","","237113","",""
"dataset:90575938cabd5edddbadb50e1e91b246423f1b8c42fe7a7c54d32185a9027f9b","dm_hk_n.d_ref_instrument_p","证券-证券基本信息","PHYSICAL_IDENTITY","是","否","","0","","237188","237275","237275"
"dataset:9dfe06d4eb10cc8be565fbe664aff137b9ff0e0d0e7e4492e2321bdd9d7feff7","odata_n_rcc.u_etfcomponent_p","【AI】ETF成分股信息表","PHYSICAL_IDENTITY","否","否","","2","","237285;239801","237971;239995","237285;239801"
"dataset:388a6289b13c7f1954e3926a049bcc85558fc8df7d47797a4e0e42285ebb5364","dm_otc_n.trans_stkcode","证券代码基础信息表","PHYSICAL_IDENTITY","是","否","","0","","237371;239852","237800;238374;239855;239857;239860;239869","237800;238374;239855;239857;239860;239869"
"dataset:750aca29569cd2992c7f098dacc7064a0cca2f81acbb01464bdc2c0876de73f2","dm_index_n.wide_idx_optional_index_score","客户AUM标准资产增长值线性赋分明细","PHYSICAL_IDENTITY","是","否","","9","K003","237421","237459;237468;237474;237478;237480;237481;237483;237485;237486",""
"dataset:196a9435df10a0dbd9201813a37a4ec9f2a79a1721957270cf74a222580774bb","dm_index_n.wide_idx_cust_aum_tot_score_7006","客户AUM评价方案总分表","PHYSICAL_IDENTITY","是","否","","0","","237459","",""
"dataset:76790c96db32608b45436c234fda15ac8e172cb3409e3a66aef078a5fdd5fa37","dm_index_n.wide_idx_cust_aum_tot_score_7007","客户AUM评价方案总分表","PHYSICAL_IDENTITY","是","否","","0","","237468","",""
"dataset:673ae9631ecc3f7038610b71e11b49f7d64d66577fa9df53bd77365cf8133c7b","dm_index_n.wide_idx_cust_aum_tot_score_7010","客户AUM评价方案总分表","PHYSICAL_IDENTITY","是","否","","0","","237470","",""
"dataset:58b09b121006f86a7cd3e9f636ece8526c7a3408c97788ec7d8263d6e8f8eb6f","dm_index_n.wide_idx_cust_aum_tot_score_7005","客户AUM评价方案总分表","PHYSICAL_IDENTITY","是","否","","0","","237471","",""
"dataset:ec7f722d61b4028185bb048d228483efcf8fea8233ca62682aa83dab21aef321","dm_index_n.wide_idx_cust_aum_tot_score_7023","客户AUM评价方案总分表","PHYSICAL_IDENTITY","是","否","","0","","237474","",""
"dataset:7785dbf3390f8870faabd07b01f4d7d0ce87dfcd19364271319ec3e77cf64102","dm_index_n.wide_idx_cust_aum_tot_score_7029","客户AUM评价方案总分表","PHYSICAL_IDENTITY","是","否","","0","","237478","",""
"dataset:3563399f14c87122d7c9caa47c3603d25be2eb7b41d4b4cdd4362f4131aecade","dm_index_n.wide_idx_cust_aum_tot_score_7013","客户AUM评价方案总分表","PHYSICAL_IDENTITY","是","否","","0","","237480","",""
"dataset:e637f9a61d11f6ac7ca9bb2946d6e83249e425ced145979b30f7c207697e273f","dm_index_n.wide_idx_cust_aum_tot_score_315","客户AUM评价方案总分表","PHYSICAL_IDENTITY","是","否","","0","","237481","",""
"dataset:cb41d6dcb016c465c0e8d291997e49501fa0c25de272a93216d774bbf1b5fca5","dm_index_n.wide_idx_cust_aum_tot_score_7025","客户AUM评价方案总分表","PHYSICAL_IDENTITY","是","否","","0","","237483","",""
"dataset:57acd522257c39169bc429feb392419143a64337ed0e1a48718e826df3cc834e","dm_index_n.wide_idx_cust_aum_tot_score_7014","客户AUM评价方案总分表","PHYSICAL_IDENTITY","是","否","","0","","237485","",""
"dataset:52080529bac1181ed88453d1e28f68909325c7c1ce60817f9826f1b15037ff46","dm_index_n.wide_idx_cust_aum_tot_score_7020","客户AUM评价方案总分表","PHYSICAL_IDENTITY","是","否","","0","","237486","",""
"dataset:60bdda58eadb665a5be6f2cb9a0b2355bf58a35745e9896092515defb7bdb686","dm_index_n.wide_idx_taum_cust_eval_qtr_fol","季度关注客户名单","PHYSICAL_IDENTITY","是","否","","0","","237505","237806;237807","237806;237807"
"dataset:5b59c2c2fcd62dd491f7b7d77d227dd27db8b93c8172a4d410078e35cc00d2c7","dm_hk_n.ref_instrument_code_new","证券-证券编码","PHYSICAL_IDENTITY","是","否","","0","","237523","237556","237556"
"dataset:2a772c5ba1fde8f6b26e953980add1c95a62e563421deb26290955687fa3a961","dm_hk_n.ref_instrument_bbg_code","证券-BBG代码映射表","PHYSICAL_IDENTITY","是","否","","0","","237535","237581","237581"
"dataset:af9fa6d04529201913d159967d78c38b8d78554a0aca392c472d9b5867722ebf","dm_hk_n.ref_trs_new","场外交易-TRS","PHYSICAL_IDENTITY","是","否","","0","","237580","237564;237780","237564;237780"
"dataset:3ee01971d0298c6e3dc735d726a69d6a569265371a01eb093cecd5b2e6566714","dm_hk_n.trd_otc_trade_info","交易-OTC—交易表(父类)","PHYSICAL_IDENTITY","是","否","","8","","245498","237580;237582;237592;237594;237607;237617;237630;237762;245043;245064","237582;237762"
"dataset:a61e30606ca4c91a9df9a39de17e40406edef86a354879d46bb219c290f7c67c","dm_index_n.grp_tag_otc_deri_contr_cros_contr_type","组合标签_场外衍生品交叉合约类型","PHYSICAL_IDENTITY","是","否","","0","","241773","237586;243229","237586;243229"
"dataset:7a1e6a8c7128141557fb2f0e425085ee2ce25192513fc174bb305389d64e2b16","dm_hk_n.ref_trs_leg_new","场外交易-TRS-leg基本信息","PHYSICAL_IDENTITY","是","否","","0","","237592","237593;237753","237593;237753"
"dataset:40db0f43f43512e9086284ccce2ff2541866a9956363fdebf1e083741b0857f6","dm_hk_n.trd_trs_event_new","交易-TRS存续期事件表","PHYSICAL_IDENTITY","是","否","","0","","237594","237596;237752","237596;237752"
"dataset:7fbdc00b2d229aaa9540a327946d1ce22e90248810dc0a4c9089cade9e7849e8","dm_hk_n.trd_transfer_new","交易-收付款记录表","PHYSICAL_IDENTITY","是","否","","0","","237599","237600;237751","237600;237751"
"dataset:93bb259039257acbd77c85075df98f6fae6af0625ff864de28b6bb1f551bee70","dm_hk_n.pos_trs_leg_current_pos_new","持仓-TRS浮动及结构化腿虚拟当前持仓","PHYSICAL_IDENTITY","是","否","","0","","237607","237609;237750","237609;237750"
"dataset:12340e455e05d583778bb9339115ebc0403b7f77b5eb9b5e43c7c0f067d9d248","dm_hk_n.pos_position_daily_new","持仓-账户每日持仓数据表","PHYSICAL_IDENTITY","是","否","","0","","237617","237626;237748","237626;237748"
"dataset:cf90ed3487b3cfcb39e2ad9e442d9706aac4f7f6d6011087bf64d856c828d978","dm_hk_n.pos_trs_leg_his_pos_new","持仓-TRS浮动及结构化腿历史持仓","PHYSICAL_IDENTITY","是","否","","0","","237630","237634","237634"
"dataset:6482971060ddf8474d842a35061caad6620bb52f7cc5ce70b466e837037ae093","dm_hk_n.pos_trs_leg_valuation_new","持仓-账户TRS LEG每日估值","PHYSICAL_IDENTITY","是","否","","0","","237639","237645;237743","237645;237743"
"dataset:b794b20e3cbb307b81ace12f6578a88c737433fa557d0223422891232c298f8a","dm_otc_n.trans_etfcode","ETF基本信息表","PHYSICAL_IDENTITY","是","否","","0","","237781;239937","237796;238372;240002;240006;240007;240008","237796;238372;240002;240006;240007;240008"
"dataset:3a8c61f4c9364f3bf7decfebe253de6dc244cff0c25b483b14fab0e6462fc7b5","dm_otc_n.cfg_ecif_code_string","ECIF代码字典同步表","PHYSICAL_IDENTITY","是","否","","0","","237927","237933","237933"
"dataset:ffcb5825f57e3cca25c02210cdbd997d1a31b6a5682ecfbecd6705fa707c5c65","dm_otc_n.trans_etfcomponent","ETF成份股明细表","PHYSICAL_IDENTITY","是","否","","0","","237971;239995","237990;238377;240036;240037;240041;240043","237990;238377;240036;240037;240041;240043"
"dataset:99682b98ae09e45e4dbdddc6636323fc106103b6a411a81f18c66edefcbdb445","odata_n_tit.m_ref_cbond_rate_p","","PHYSICAL_IDENTITY","否","否","","0","","238421","239826","238421"
"dataset:131497bf5bc05b60b7afc32346d7909674f1a407cca221b022cd73c8f015d7e5","spdata_n.t98_otc_equi_deri_trd_cutp_risk_indx","T98_场外股权衍生品交易对手风险指标","PHYSICAL_IDENTITY","否","否","","1","","238486","239136","238486"
"dataset:4c5dc2d54d546807d1ca2d579d4f9d1b6029497a978cf61a89e4d209be324e1d","dm_otc_n.md_stock_daily_market","标的日度市场数据","PHYSICAL_IDENTITY","是","否","","0","","238523;238824","",""
"dataset:6a16f3d6b66ebde31083e8d0cc4d02ed2b44d6c3b96679b4df4ec4967536545f","odata_n_sip.file_sse_weightnextday_bond","【AI】上交所债券次日权重数据","PHYSICAL_IDENTITY","否","否","","1","","","238546",""
"dataset:0d7023d5d151d75ad2bf6caf26e419457cc3130161a5c293b97e23de9bdadee4","dm_otc_n.sse_weightnextday_bond","可转债指数次日权重","PHYSICAL_IDENTITY","是","否","","0","","238546","239193;239194","239193;239194"
"dataset:14e226216b27c53f10c11dcb9491aa1f981f74264ce39e35c918126a10cdc79a","odata_n_tit.d_prd_valuation","产品估值表","PHYSICAL_IDENTITY","否","否","","1","","238847","239014","238847"
"dataset:6c9b9b23a13e3dcdfa17f69c5956189ececcd7747f788af2fcee58787fff322d","dm_hk_n.prd_valuation","产品估值表","PHYSICAL_IDENTITY","是","否","","0","","239014","239018","239018"
"dataset:a0886b16fdb8f4af4f3d6505e572a1906e2804ce2fd732e0c5235c8d73d19b0c","dm_otc_n.wt_base_bi_otc_counterparty","风控交易对手压力测试表","PHYSICAL_IDENTITY","是","否","","0","","239136","239303","239303"
"dataset:27c0f03998042b9bef735fc24bca2388b820787ba1b32e00478707c92ed2f494","pdata_n.t98_seat_mth_sett_sum","T98_席位按月结算汇总","PHYSICAL_IDENTITY","否","否","","1","","","239434",""
"dataset:edfe1f7f17f52d54c1731d4d03754daecc58c4ab1f53445fd5142b0b78ea8780","pdata_n.t99_seat_use_info","席位使用信息","PHYSICAL_IDENTITY","否","否","","1","","","239434",""
"dataset:158fb5ea1273b3b881d9457f3c509ab0a9982a5c9e1481cf10eaaf404e4f0661","pdata_news_n.t02_ira_indx_info_pb","利率指标信息批次","PHYSICAL_IDENTITY","是","是（并非已逐分支核验）","docs/00-20260914-图谱认知/01-tit入模/02-TIT入模去向.md;docs/00-20260914-图谱认知/01-tit入模/05-去向与未命中分类.md;docs/00-20260914-图谱认知/01-tit入模/T02-产品标的与市场数据/02-行情与市场参数/02 汇率与利率.md;docs/00-20260914-图谱认知/01-tit入模/T02-产品标的与市场数据/02-行情与市场参数/02.2 利率报价.md;docs/00-20260914-图谱认知/01-tit入模/T02-产品标的与市场数据/his/产品标的与市场数据.md","0","","239826","",""
"dataset:2dbc0c721516ac7272cc041af167348f5c7d2d809a51f281af63195a7269d610","odata_n_tit.d_ref_implied_metrics","IMPLIED METRICS表","PHYSICAL_IDENTITY","否","否","","0","","240000","240855","240000"
"dataset:f751149f290df1290d71c8118434d1f847290cc23295e2783f5170767eeff9da","dm_index_n.grp_tag_indv_cust_old_notpi_cust","组合标签_70周岁以上（含）非专业投资者客户","PHYSICAL_IDENTITY","是","否","","0","","240212","",""
"dataset:d3b39987c5884e221d7266634d9cbca18f7d177bd3c1971c789630a32ec05dca","odata_n_uip.ca_dmsk_is_etimpl","询价转让实施表","PHYSICAL_IDENTITY","否","否","","1","","240356","241147","240356"
"dataset:f905cabb54f335cf85530abae189d4c27a65f274989b7845e4e1e1d896944d54","pdata_news_n.t02_tit_impl_vola_srfc_indx_info","隐含波动率曲面指标信息tit","PHYSICAL_IDENTITY","是","是（并非已逐分支核验）","docs/00-20260914-图谱认知/01-tit入模/02-TIT入模去向.md;docs/00-20260914-图谱认知/01-tit入模/05-去向与未命中分类.md;docs/00-20260914-图谱认知/01-tit入模/T02-产品标的与市场数据/02-行情与市场参数/06.4 隐含参数.md;docs/00-20260914-图谱认知/01-tit入模/T02-产品标的与市场数据/his/产品标的与市场数据.md","0","","240855","",""
"dataset:1cb6cfa34980aff6dd15c736d89c683139d644999edd1482786742db3f558707","odata_n_tit.d_v_report_equity_inv_a2004","A2004 跨境自营权益投资业务视图","PHYSICAL_IDENTITY","否","否","","1","","241089","242878","241089"
"dataset:22c87a9ed94b6fac42cc17f5676e671e3b0f109685bb950d34b6c6d8368f9e28","dm_otc_n.dmsk_is_etimpl","询价转让实施表","PHYSICAL_IDENTITY","是","否","","0","","241147;241417","",""
"dataset:b6734c37dc72c90912a661a514a24d615b33f6cd3569c5cccd755bd6da624376","dm_hk_n.info_trd_fee","OTCHK-交易-费用定义","PHYSICAL_IDENTITY","是","否","","0","","242611","242633;242634","242633;242634"
"dataset:7d1349fa85acc7267ffc5d783ee8080d0d9d7828786198ec613417e4ff9abea7","pdata_n.t95_cbo_sb_equi_ivst_busi_det","自营权益投资业务明细,属自营交易","PHYSICAL_IDENTITY","是","否","","0","","242878","",""
"dataset:2cdb29786bf556d2d822aff76c70ec3ba85df40a895de07d6267d248498ed5e8","dm_hk_n.ref_corporate_action_info","参考信息表","PHYSICAL_IDENTITY","是","否","","0","","242926","242955;242957","242955;242957"
"dataset:f74ed5ff044a3310e6c8fa5672ebadff3dc24348928567da613a681422576098","dm_otc_n.swap_nafmii_position_margin_tit","收益互换NAFMII协议持仓与保证金明细表","PHYSICAL_IDENTITY","是","否","","0","","242931","243602;243605","243602;243605"
"dataset:80d8955affb564b241c8287af17944ce8aa4b3c9d861a9f47eacd244b9e92aa4","dm_otc_n.swap_nafmii_valuation_tit","收益互换NAFMII协议合约估值表","PHYSICAL_IDENTITY","是","否","","0","","242988","243606;243607","243606;243607"
"dataset:15d60a0cdb497a93f2e0c973f649a30e400c0dc6895149b47d7f9df553c039d1","odata_n_tit.o_liq_clearing_trans","","PHYSICAL_IDENTITY","否","否","","1","","","243021",""
"dataset:d6cf01dfa8db2d2e43ffdf28d8c8f21a2ddec4ad4b76da4fd67f2090ea15be27","dm_hk_n.liq_clearing_trans","场内清算标准流水表","PHYSICAL_IDENTITY","是","否","","0","","243021","243023;243024","243023;243024"
"dataset:a050e870a257fb484349c0964da85fdd849a015c354c391017947cef5c4e2952","odata_n_ecr.s_cx_custody_trust_comp_mapp_log","","PHYSICAL_IDENTITY","否","否","","1","","243173","243236","243173"
"dataset:5d02da56b296bf8174565b7586413e4bcaf63dd9100f1169ddd75c5f47bca5cc","odata_n_tit.d_margin_account_p","保证金-交易对手保证金账户","PHYSICAL_IDENTITY","否","否","","5","","243267","243831;244011;244100;244109;244135","243267"
"dataset:0718fcbd6b4c7a38ac9b328e1b9257d0d21f0d296151fc83a57c5c0ec1d07a39","odata_n_tit.d_margin_account_ledger_p","","PHYSICAL_IDENTITY","否","否","","1","","243275","244011","243275"
"dataset:acaa5f851c447e45b453f5c1cf8f3213b09452b428a657a9efdddf535e839406","odata_n_tit.d_margin_acct_bundle_mapping_p","MARGIN_ACCT_BUNDLE_MAPPING","PHYSICAL_IDENTITY","否","否","","1","","243289","244100","243289"
"dataset:57b3d4cb9d51dd927138114ec7519d141d2fa4c73dc7ad799040e2b326f887b2","odata_n_tit.d_margin_bundle_contract_mapping_p","","PHYSICAL_IDENTITY","否","否","","1","","243295","244169","243295"
"dataset:3e48f77309117e05b2b89df12a36d854b596a62184b8967fe7f936558d855561","dm_index_n.index_grp1_otcdericontr_accumyield_tdy","场外衍生品合约_累计收益_当日","PHYSICAL_IDENTITY","是","否","","0","","243357","",""
"dataset:bbf4ee129669fb6ccc21367185e57baac167db0d2a6041101a30e85a132ef2ed","dm_index_n.grp_tag_otc_deri_contr_rev_contr_scop","组合标签_场外衍生品创收合约范围","PHYSICAL_IDENTITY","是","否","","0","","243650","",""
"dataset:e1a04d9a76837531c8d5c62e051274071c37d7751ad70f56ec2cfbe0276d057d","dm_index_n.co_emp_seqab_projset","机构考核值序列值(A1\A2\A3\B2\B3\B7)","PHYSICAL_IDENTITY","是","否","","0","","243781;243790","244873","244873"
"dataset:345d074f97658da0da4022b7e219e74a2cb2645cf0e09c441718d03851d750d2","dm_hk_n.d_pos_eod_calc_metrics_p","日终持仓-指标计算结果表","PHYSICAL_IDENTITY","是","否","","0","","243793","244366","244366"
"dataset:5945f0aa04ca21838f6c9e142e18729209f0fff8cfdde94c1df1fdb93c1e564f","dm_hk_n.info_ref_instrument","证券-证券基本信息","PHYSICAL_IDENTITY","是","否","","0","","243805","243841;243843","243841;243843"
"dataset:9c2e6b171bb0f32ceb7bf41b5993dff40e1085e1f3078eda345dce7ef7171f65","dm_hk_n.info_trd_otc_contr_report","交易-合约报备信息","PHYSICAL_IDENTITY","是","否","","0","","243807","243844;243845","243844;243845"
"dataset:e94c198f9388f2c30c7ada4bb5ccfcff831abf85547523f6022458f69ac7a5a9","dm_hk_n.d_margin_account_p","【AI】保证金-交易对手保证金账户","PHYSICAL_IDENTITY","是","否","","0","","243831","243833;244373","243833;244373"
"dataset:944d19aa19430bc2ba4890ee1eb5715874378581eb1fb18da960904bcf8ce40b","dm_hk_n.d_margin_account_ledger_p","保证金账户流水表","PHYSICAL_IDENTITY","是","否","","0","","244011","244016;244386","244016;244386"
"dataset:b305d126e273846e8b39996eda6271984b85785c5b13124faf748e81a266bc37","odata_n_tit.d_trd_option_deal_settlement_p","","PHYSICAL_IDENTITY","否","否","","2","","244029;244906","244811;245312","244029;244906"
"dataset:4ee3fda2c7c3e4c857e9983534447d886559ca4e6b36638573c22e5077c83485","odata_n_tit.d_bk_book_mapping_p","","PHYSICAL_IDENTITY","否","否","","2","","244030;245482","244970;245498","244030;245482"
"dataset:41d5d888ce8588fd30618ecf4c1882bc5b000e5dec700a971ece11717cfcb0b8","odata_n_tit.d_bk_book_mapping_rule_p","","PHYSICAL_IDENTITY","否","否","","2","","244031;245480","244970;245498","244031;245480"
"dataset:9f91def58279fe1b4b3a872165f5ee3b3e6f2f9646174dce78e4cbfa30946a91","odata_n_tit.d_v_greeks_pricing_rm_p","","PHYSICAL_IDENTITY","否","否","","0","","244037","245011","244037"
"dataset:646ecbd1cc535697cd63b543d6ff3cd3c4960de23935d4b06e13f4c8525ffc34","odata_n_tit.d_ref_option_deal_pr_p","","PHYSICAL_IDENTITY","否","否","","1","","244068;244894","245885","244068;244894"
"dataset:43830ee6e12f19c46a76d292e083bf3816a40d1e6a000aee4a77b70d05fd88b8","odata_n_tit.d_v_risk_option_part_metric_p","","PHYSICAL_IDENTITY","否","否","","0","","244069","244515","244069"
"dataset:252d57580fd04de153ef941ea41f3c78312d6f9d3d055cc645326594f06591c4","odata_n_tit.d_v_risk_option_cross_metric_p","","PHYSICAL_IDENTITY","否","否","","0","","244070","244510","244070"
"dataset:2b33abd45a26fd9a9967661b1a1985fca6610bfbd78706318153b8feb2716dd6","dm_hk_n.d_margin_acct_bundle_mapping_p","OTCHK组合编号和保证金映射表","PHYSICAL_IDENTITY","是","否","","0","","244100","244102;244388","244102;244388"
"dataset:f21f46e9eff0fdd5190d79bf5dfe30aadbcefffd86f3e482a21d0b4b9c1898a7","dm_hk_n.d_margin_acct_current_balance_p","OTCHK保证金账户当前余额表","PHYSICAL_IDENTITY","是","否","","0","","244109","244112;244390","244112;244390"
"dataset:317483bb467dda14621359abe5aaf15bb2159febc7f553ffaa2564e015e0beeb","odata_n_uip.q_mkt_idxd_csi","","PHYSICAL_IDENTITY","否","否","","1","","244118","244283","244118"
"dataset:2a6c74163a22019669a22baf43db5298e99b90892b466888bb40b2f039116867","dm_hk_n.d_margin_acct_daily_balance_p","titans保证金账户每日余额_当日","PHYSICAL_IDENTITY","是","否","","0","","244135","244138;244394","244138;244394"
"dataset:526a5947dcefaac6b2088ac6b44cf877e2aa2add2fbdee386c8328b355aff60b","odata_n_tit.t_ref_qfii_product_info","","PHYSICAL_IDENTITY","否","否","","0","","244143","246200","244143"
"dataset:f067ee61825500e1cbc2ecbefa3a55f0fec8617a68ae9ecdc56b3ef8effe6144","dm_index_n.index_grp2_cust_emp_incm_allcali_aum_mth_all","客户*员工_创收_全口径&AUM资产包关系_当月&每日更新过去3个月数据_零售和机构柜台","PHYSICAL_IDENTITY","否","否","","1","","","244156",""
"dataset:5ccafae9278e6b25a12943550d77c4217f6dd4093581fcaad5980d884ea11885","dm_index_n.index_grp1_income_fullcali_astpkgrela_orgbusicust_mth_ricc","员工_创收_全口径&资产包关系&机构业务客户_月度_零售和机构柜台","PHYSICAL_IDENTITY","是","否","","0","","244156","244873","244873"
"dataset:9704dcd3948cc8b02a47dc1203f93cc20b0f37a300a259afeb9dc8fb79412fc0","dm_hk_n.margin_bundle_contract_mapping_d","OTCHK组合和合约映射关系表","PHYSICAL_IDENTITY","是","否","","0","","244169","244171;244172","244171;244172"
"dataset:8ecdb25da883fe1c3fde640613a7856dbb8bf80ea4a0dea0484330c60b9916d5","dm_hk_n.margin_bundle_contract_mapping_info","OTCHK组合和合约映射关系表","PHYSICAL_IDENTITY","是","否","","0","","244203","244205;244207","244205;244207"
"dataset:34135b2b27c693247367bcf17e7645466c6f49121ed0a41fe4612bef6621f2c7","odata_n_tit.d_ref_fx_forward_p","","PHYSICAL_IDENTITY","否","否","","2","","244231;244905","245339;245918","244231;244905"
"dataset:a12f6633db997a68e4833ae96ee8210905da012799be33532140c3ac5f6d534b","odata_n_tit.d_v_risk_plreport_contract_pb","","PHYSICAL_IDENTITY","否","否","","1","","244357","244380","244357"
"dataset:f2f6b5d5af24a8b15f14c54a3b04d7e05010d7fdc15ac8328d6fa0a5ded65d7a","dm_otc_n.trans_cbindex_eod_prices","中债指数日终行情","PHYSICAL_IDENTITY","是","否","","0","","244379;246527","244771;246580","244771;246580"
"dataset:416489dad1ff184c9c59b0ee05cf45423b3adcb3f5784053fb9c9da1134dd528","dm_otc_n.hms_company_action_sync_etf","场外对冲公司行为同步（ETF份额折算）表","PHYSICAL_IDENTITY","是","否","","0","","244614","244616","244616"
"dataset:e99ab150c7d7020d46492f48bc324cbeea00b314692299ee388aabf1063dd142","dm_rsk_n.d_trd_option_deal_settlement","场外期权交易结算表","PHYSICAL_IDENTITY","是","否","","0","","244811;244919","",""
"dataset:32b0209d0e3b60e19c90382cace2dbd8b54ed921f263dfc10fc229e1055df70d","dm_hk_n.info_ref_book","账簿信息表","PHYSICAL_IDENTITY","是","否","","0","","244854","244858;244864","244858;244864"
"dataset:2fe46104c4c512cf296e8621d4b86006431e00c556de715df07595614f405900","odata_n_tit.d_ref_op_deal_autocall_kidate_p","","PHYSICAL_IDENTITY","否","否","","1","","244870","245661","244870"
"dataset:f5861c139779ea901e7c6e7a4c74b7dbe592fa8caf5747d57aab5e8198f2a5d6","odata_n_tit.d_pos_bucket_vega_metrics_p","","PHYSICAL_IDENTITY","否","否","","1","","244879","245094","244879"
"dataset:8c0f7cf2af8d72d55fea9181f29a7c69c7ee3a6ce20467e976a6a3917b5920ae","odata_n_tit.d_bk_department_properties_p","","PHYSICAL_IDENTITY","否","否","","1","","244881","245029","244881"
"dataset:b14ccdfce96458e3ae65bc0542265757dad26c6d8e62aee05f1bfa13f6b0bf9e","odata_n_tit.d_ref_op_deal_autocall_kodate_p","","PHYSICAL_IDENTITY","否","否","","1","","244887","245676","244887"
"dataset:49a2b4904a929cd2b4b82d317c380b9cc5cc7f00fb4276f57626b4313d334b92","odata_n_tit.f_ref_op_deal_lizard_obsdate_p","","PHYSICAL_IDENTITY","否","否","","1","","244889","245817","244889"
"dataset:82e6eeb4a240fe4882057751269ec0ebd434b48a733a0ef15c12d0f198d8cc1a","odata_n_tit.d_ref_option_deal_cr_p","","PHYSICAL_IDENTITY","否","否","","1","","244892","245845","244892"
"dataset:9481ce671a1f8152aa13135bbe01a27fd93a4e36b634c49e397a112a012f5d9b","odata_n_tit.d_ref_fx_forward_structure_p","","PHYSICAL_IDENTITY","否","否","","2","","244903","245384;245918","244903"
"dataset:47d888f1b15ff03acab012d010a3021f1d463596c30575b660a8c9941f806caf","odata_n_tit.d_trd_fee_p","","PHYSICAL_IDENTITY","否","否","","1","","244909","245219","244909"
"dataset:d99c5f60d6f5ecff04de6c20eff07fa065a1d1fbf49d947355959ad552f40f65","dm_hk_n.ref_option_deal_structure_info","场外交易-期权交易结构表","PHYSICAL_IDENTITY","是","否","","0","","244966","244968;244969","244968;244969"
"dataset:763e9c95b9b0f5465a0f60be844b520bef14ca788452a5eef7e420a8a35be41d","dm_hk_n.ref_otc_option_deal_info","场外交易-期权交易合同要素表","PHYSICAL_IDENTITY","是","否","","0","","244982","244995;245001","244995;245001"
"dataset:7bf7fbf24db538d3e2acfae8b6d4ca06aea9e80f7f089ccbf991a04ca2e4d94c","pdata_news_n.t02_opt_greek_val_det_h","子交易希腊值明细","PHYSICAL_IDENTITY","是","是（并非已逐分支核验）","docs/00-20260914-图谱认知/01-tit入模/02-TIT入模去向.md;docs/00-20260914-图谱认知/01-tit入模/04-图谱覆盖与待补证据.md;docs/00-20260914-图谱认知/01-tit入模/05-去向与未命中分类.md;docs/00-20260914-图谱认知/01-tit入模/T02-产品标的与市场数据/02-行情与市场参数/06.1 期权定价与Greeks.md;docs/00-20260914-图谱认知/01-tit入模/T02-产品标的与市场数据/his/产品标的与市场数据.md","0","","245011","",""
"dataset:36275d88270a2322aef5af90b911635a05aaf6137716df8e566a171cc11d3930","dm_hk_n.info_trd_otc_contr_props_day","交易-场外合约结构-其他属性表","PHYSICAL_IDENTITY","是","否","","0","","245013","245023;245024","245023;245024"
"dataset:6e8fcc6f24a462cd1c5ce770b8eb19e00c7fd3eb051fde88c305433dc2f43e7e","dm_hk_n.trd_otc_contr_report_info","交易-合约报备信息","PHYSICAL_IDENTITY","是","否","","0","","245027","245038;245041","245038;245041"
"dataset:6d100ed3b22877165900499725f2e18b99ea30d7742a879e84d909ee7ad7bd8a","dm_hk_n.d_bk_department_properties_p","账簿管理-部门配置表","PHYSICAL_IDENTITY","是","否","","0","","245029","245042","245042"
"dataset:95ed35cae78383de27b2e7d56efc013644b97ebde09d8e57b9acfb509fad3ecd","dm_hk_n.info_ref_fast_trs","极速互换合约要素表","PHYSICAL_IDENTITY","是","否","","0","","245043","245045;245046","245045;245046"
"dataset:38c671bebdbaa13a745a8f2b64bd00838d6585a06db71e2ffc8798d75465177f","dm_hk_n.info_trd_fast_trs_event","极速互换存续期事件表","PHYSICAL_IDENTITY","是","否","","0","","245056","245058;245059","245058;245059"
"dataset:f5222424831d733930943d69cd04064c3b01456d647ef6a291a81575f894bb64","dm_hk_n.info_ref_fast_trs_leg","极速互换腿表","PHYSICAL_IDENTITY","是","否","","0","","245064","245069;245071","245069;245071"
"dataset:579598475ec062aa5419487452aaac0fd1d0c60dd7b177e51184d486e87e7c43","dm_hk_n.d_pos_bucket_vega_metrics_p","OTCHK期权合约维度日终bucket定价指标表","PHYSICAL_IDENTITY","是","否","","0","","245094","245208;245209","245208;245209"
"dataset:ff395e35ad9c047fde5cb27a1285f65696f788844c86ae4b4dd09f3b1fa7b05e","dm_hk_n.trd_fee_info_d","OTCHK-交易-费用定义","PHYSICAL_IDENTITY","是","否","","0","","245219","245223;245224","245223;245224"
"dataset:487366aad0d18d88c17c6f3ff89391055be0a14a54fe6a48afd88a81d4c49c33","dm_hk_n.d_pos_fast_trs_leg_his_pos_p","快速互换合约腿历史持仓信息","PHYSICAL_IDENTITY","是","否","","0","","245232","245236;245237","245236;245237"
"dataset:6af0acc904997fb2723feb7a181d75bcf03cd00230cc817d48533b49ad5d214a","odata_n_tit.f_trd_fee_payment_schedule_p","","PHYSICAL_IDENTITY","否","否","","1","","245323","245255","245323"
"dataset:76404793ee2a07c3c0841c1f8bc0a209b359908242a705f52ab2cffc9e550197","dm_hk_n.trd_fee_payment_schedule_info","交易费用支付计划表","PHYSICAL_IDENTITY","是","否","","0","","245255","245262","245262"
"dataset:7580c8977bf7c01b79abcee7a4cf5c20007dd2b4b1229755d1e9019218e3241f","odata_n_tit.r_ref_option_barrieroption_p","","PHYSICAL_IDENTITY","否","否","","1","","245290","245679","245290"
"dataset:9a9292aa56ffc328175dcc3f990f89b9f13513f1a18d63d85ecec8278cbfb00e","odata_n_tit.r_ref_option_cumulator_p","","PHYSICAL_IDENTITY","否","否","","1","","245292","245683","245292"
"dataset:347ad4ad59c79720e29db6eca37208661375b752873bdf58066f1d6495fb26bd","odata_n_tit.r_ref_option_digitaloption_p","","PHYSICAL_IDENTITY","否","否","","1","","245294","245688","245294"
"dataset:16cb4ce8858d945cf2ad6f917c17cea176f46a2b805dd0405d6ca4cc4027f0ca","dm_hk_n.d_pos_fast_trs_leg_valuation_p","急速互换腿估值表","PHYSICAL_IDENTITY","是","否","","0","","245295","245310;245318","245310;245318"
"dataset:45021487dab13a33062f6fd0f70d725ecb30a529b3f474554f7b49c2b57c902a","odata_n_tit.r_ref_option_vanillaoption_p","","PHYSICAL_IDENTITY","否","否","","1","","245297","245702","245297"
"dataset:f3392e3250253b445d7dc56b54beda98a0656c38647f7a5c87a37c917586cca3","odata_n_tit.d_ref_sbl_p","SBL合约要素表||REF_SBL","PHYSICAL_IDENTITY","否","否","","1","","245300","245763","245300"
"dataset:1263e1cf934913493e15a0069a82ac10e7aa7df60e12bcc7558edbc5cd922dcd","dm_hk_n.trd_option_deal_settlement_d","交易-期权交易结算表","PHYSICAL_IDENTITY","是","否","","0","","245312","245315;245319","245315;245319"
"dataset:5d894838681e94363e6d71b1741076e4c4423e863262e3634d1cc0fd497c2e80","odata_n_tit.b_trd_deal_p","","PHYSICAL_IDENTITY","否","否","","1","","245314","245941","245314"
"dataset:1e0d0b66f4603b9be4175668065db11202ff734382b8e80c6439ceaae71dae56","dm_hk_n.ref_fx_forward","外汇远期-合约要素","PHYSICAL_IDENTITY","是","否","","0","","245339","245380;245382","245380;245382"
"dataset:8c21163200d58070419b3c386657f6410dad3d27d90dd5bca73e2a5f69e97a30","dm_hk_n.d_ref_counter_party_p","交易参数-交易对手","PHYSICAL_IDENTITY","是","否","","0","","245381","245521;245524","245521;245524"
"dataset:c7cf98d9a48437a047911f6c5417760ae615f69a4036a803d1b6d5e95bfab73b","dm_hk_n.ref_fx_forward_structure","外汇远期-结构要素表","PHYSICAL_IDENTITY","是","否","","0","","245384","245399;245462","245399;245462"
"dataset:191c230c674b6cd082bee2284a6efc455294a995d277c043fe95498c3250bddf","dm_hk_n.ref_option_deal_strike_hk_p","场外交易期权合约结构票息表_香港","PHYSICAL_IDENTITY","是","否","","0","","245412","245435;245442","245435;245442"
"dataset:f73d21d0eb9639a0f4d351e6cfe38f1a44d34acef653b11ef2e55e6bcbc918de","odata_n_uip.q_mkt_idxd_csi_p","","PHYSICAL_IDENTITY","否","否","","1","","245443","246168","245443"
"dataset:7fdf99f2e3656cfd044d870000de2e8cfa30230f7f36eddb404c592bb350ca4f","dm_otc_n.eod_contract_ins_daily_info","日终合约挂钩标的市场数据","PHYSICAL_IDENTITY","是","否","","0","","245506;245662","245687;245725","245687;245725"
"dataset:d60c231c2149dc308debf281f2e30b92515cab823567e7d086a56fda1319c75a","odata_n_tit.o_liq_clearing_trans_p","","PHYSICAL_IDENTITY","否","否","","1","","","245529",""
"dataset:10d23893b915349ac41e48c46cac75fa30d71f23647c8c2d93f7d2380938f920","dm_hk_n.liq_clearing_transaction","场内清算标准流水表","PHYSICAL_IDENTITY","是","否","","0","","245529","245598;245599","245598;245599"
"dataset:b73fe513a53c2ea9628df461e5539165fc9c503b57b85c7d56e79167fc0e3e46","dm_hk_n.d_ref_future_properties_p","证券-期货信息表","PHYSICAL_IDENTITY","是","否","","0","","245573","245576","245576"
"dataset:aee41e4d61ac5f6f51d62eff187c5b2140cc79b9d7d7fef3105422fc137b7fe0","dm_hk_n.ref_option_autocall_cp","AUTOCALL息票障碍信息表","PHYSICAL_IDENTITY","是","否","","0","","245627","245632;245633","245632;245633"
"dataset:b2861080b1ca437f80472a3ae578a5abd6da3b91a67dc78581c88a64f3250c53","dm_hk_n.ref_option_autocall_ki","AUTOCALL风险障碍信息表","PHYSICAL_IDENTITY","是","否","","0","","245643","245644;245649","245644;245649"
"dataset:345cf6833315bb7e1f04fb1b995556c181762215466e3b3d202045e11bbf2835","dm_hk_n.d_ref_op_deal_autocall_kidate_p","场外交易-期权敲出观察日及票息信息","PHYSICAL_IDENTITY","是","否","","0","","245661","245664;245666","245664;245666"
"dataset:8a523ff98d1d4abd443921b37423164b4ab1325f3e747a6f9b291347d1c1e1ae","dm_hk_n.ref_option_autocall_ko","AUTOCALL赎回障碍信息表","PHYSICAL_IDENTITY","是","否","","0","","245672","245673;245675","245673;245675"
"dataset:21b312e9648b8f31c9ff20d0200f8eb4d9be7e593a16338663329824efc84d53","dm_hk_n.d_ref_op_deal_autocall_kodate_p","场外交易-期权敲出观察日及票息信息","PHYSICAL_IDENTITY","是","否","","0","","245676","245938;245939","245938;245939"
"dataset:88a74c5db904617c0b8796413d62cdee3a272f7b8697f3cd9d58357cd499e1f5","dm_hk_n.ref_option_barrieroption","证券-期权-障碍期权属性表","PHYSICAL_IDENTITY","是","否","","0","","245679","245680;245681","245680;245681"
"dataset:886a404ab19e2ca8ced0f182fb7763bd7b7c93b84f2ea66f2b9670dfd7bf5fcd","dm_hk_n.ref_option_cumulator","Accumulator子交易表","PHYSICAL_IDENTITY","是","否","","0","","245683","245684;245686","245684;245686"
"dataset:90865e3c92ec25c413d63049a65971980903faf934a0adc3959b2152019ab8be","dm_hk_n.ref_option_digitaloption","证券-期权-二值期权属性","PHYSICAL_IDENTITY","是","否","","0","","245688","245689;245691","245689;245691"
"dataset:a9000528d9c470c92d2693c1916c48f9d8dfeaa71317a24abc08135947de74c8","dm_hk_n.ref_option_lizard_obs_date","LIZARD观察日信息表","PHYSICAL_IDENTITY","是","否","","0","","245693","245694;245695","245694;245695"
"dataset:67deb4ad41ff210dd276478be4a640c09d4446c9e2e3d1966cca1d3be8796029","dm_hk_n.ref_option_vanillaoption","证券-期权-香草期权属性","PHYSICAL_IDENTITY","是","否","","0","","245702","245761;245770","245761;245770"
"dataset:0247063851f1efcb42d1c9784ef03616091ce5496391243dfab066a3436f394d","dm_hk_n.info_ref_sbl","SBL合约要素表||REF_SBL","PHYSICAL_IDENTITY","是","否","","0","","245763","245767;245768","245767;245768"
"dataset:c55d99ffe91b339462580d12c8703a919dc97f6dd2e8e89aaed7d7724e9c4f5d","dm_hk_n.f_ref_op_deal_lizard_obsdate_p","蜥蜴式期权观察日期表","PHYSICAL_IDENTITY","是","否","","0","","245817","245821;245822","245821;245822"
"dataset:87e30719162e58263beb9857c8e1416a52b2c0022cfbd5721ea80f3191a81505","dm_hk_n.d_ref_option_deal_barrier_p","场外交易-期权合约结构-障碍价格","PHYSICAL_IDENTITY","是","否","","0","","245828","245832;245837","245832;245837"
"dataset:90018b81e4c7334d9ec9b206175ac1c24068e1f0c0a092e536afca18eab7ea34","dm_hk_n.d_ref_option_deal_cr_p","场外交易-期权合约结构-票息表","PHYSICAL_IDENTITY","是","否","","0","","245845","245847;245848","245847;245848"
"dataset:0dabc1022774edc6edbc8604e9d301c8631ec2e44f10f5e310b2dd601420979d","dm_hk_n.ref_ins_option_info_d","证券-期权合约信息表","PHYSICAL_IDENTITY","是","否","","0","","245883","245906;245909","245906;245909"
"dataset:5a593b8171a07d835f552a7564f5c16df1c9bbdfbeb5c4491232fd10446e7e49","dm_hk_n.d_ref_option_deal_pr_p","场外交易-期权合约结构-参与率表","PHYSICAL_IDENTITY","是","否","","0","","245885","245886;245890","245886;245890"
"dataset:985789a86625c5f2efd61dc2da4297b45f5c9899b64b1c1305c59e2a774ef449","dm_hk_n.d_otchk_fx_forward_comp_info_p","OTCHK外汇远期合约信息","PHYSICAL_IDENTITY","是","否","","0","","245918","246163;246164","246163;246164"
"dataset:cd3da96979284b3738857ff7656aa337ae4e66851573d6cf7a1279ae06eb0352","dm_hk_n.info_trd_deal","OTCHK交易-场内交易成交表","PHYSICAL_IDENTITY","是","否","","0","","245941","245945;245946","245945;245946"
"dataset:1a409218f0edbeb8f8553e4caaba412de46bbecd9baf80e303fc129af9b1b947","dm_hk_n.info_ref_otc_contr_margin_param","合约-静态履约保证金参数","PHYSICAL_IDENTITY","是","否","","0","","246160","246161;246162","246161;246162"
"dataset:19bd2badb8c38e50777048402d813dced0380d17f3be92f12aa91945b7254932","pdata_news_n.t02_idx_mkt_quot_s_pb","指数日行情(批次表)","PHYSICAL_IDENTITY","是","否","","1","","246168","246527",""
"dataset:c741a80d827f65f9bfb70df0a5fe7ef48059f05be94e27f9308eed6ff5f36db5","odata_n_tit.d_v_type11_collateral","","PHYSICAL_IDENTITY","否","否","","1","","246426","246372","246426"
"dataset:ee4865a8fa87b8e9f69152b75f56e515c9bc30f508efb1fc4effb0e00a4effdc","dm_hk_n.v_type11_collateral","盯市变动保证金","PHYSICAL_IDENTITY","是","否","","0","","246372","246376","246376"
"dataset:cb8cdd1e95b66653dbaa46dd6129b8f2672de2d34e79acd0c813aece2191784c","dm_otc_n.erp_daily_fx_rate","汇率折算信息erp","PHYSICAL_IDENTITY","是","否","","0","","246593","246599;246603","246599;246603"
"dataset:4b04e4036a4580d61f560e00b8607bda3743a315f63570ce4fb713c9450c11b8","dm_hk_n.v_type11_collateral_d","盯市变动保证金","PHYSICAL_IDENTITY","是","否","","0","","246623","246620","246620"
"dataset:8f2ea2b420c6cf9f0756b6a28513a144cfa6a1af88ce10d59b862aca12712185","odata_n_tit.d_v_type11_collateral_p","","PHYSICAL_IDENTITY","否","否","","1","","246657","246623","246657"
"dataset:4545fb6930f49fe87300b98ff2441f9cc85cf7b70be82cea6c24b0a030d28f1a","odata_n_tit.m_ref_float_rate_formula","","PHYSICAL_IDENTITY","否","否","","1","","246628","246776","246628"
"dataset:08e58ccba8c640368b0374715f472808517cd19032a3a092cb14fe0a13ce5624","odata_n_tit.m_ref_float_rate_formula_prop","","PHYSICAL_IDENTITY","否","否","","1","","246630","246769","246630"
"dataset:1cf41382d2396d6d7b971ac0978e081633eb1b4afee168fa26a19f3756fe4bd0","dm_hk_n.ref_float_rate_formula_prop","利率公式配置详情表","PHYSICAL_IDENTITY","是","否","","0","","246769","246774;246775","246774;246775"
"dataset:b76d279bc9cbf90ef6f3ac645a0f9c0af9c20c5f3d3d17dd7f99964abece72fd","dm_hk_n.ref_float_rate_formula","利率公式详情表","PHYSICAL_IDENTITY","是","否","","0","","246776","246780;246783","246780;246783"
