"左任务","右任务","加权相似度","共同输入物理身份","共同输入表"
"37438","66147","1.000000","dataset:dbdcdd68a5e4d632f77d494331fcd3f5eabd2f9b6cb5d1b086c36afe3389150b;dataset:239a9b9edba7f63f77863d2822c27172249fd49cfeec086ceb1dd7395387b59c;dataset:aafa6e82b3afe24cf86169f572c672438bf29da2549459b5ee3523a419cee497;dataset:b1fca94aab4a5e5c489c9d1c06c3324a93677e7a3355aed315971b3f50233f55","pdata_n.t01_pty_addr_info;pdata_n.t01_pty_inr_org_rela_h;pdata_n.t01_pty_stat_h;pdata_n.t01_pty_ecif_map"
"66148","68873","0.621396","dataset:dbdcdd68a5e4d632f77d494331fcd3f5eabd2f9b6cb5d1b086c36afe3389150b;dataset:239a9b9edba7f63f77863d2822c27172249fd49cfeec086ceb1dd7395387b59c;dataset:aafa6e82b3afe24cf86169f572c672438bf29da2549459b5ee3523a419cee497;dataset:aa6bc0cb785d74be087d7df8cb9d8238813db7c423d3d52eea7cb7c4a6dcde4d;dataset:a4cbd877b665fa3ac405982ddebaea8a21289cea3e34071887cb51f67e613554;dataset:91cd687d70418b090085f6fff179773c42f46f16ce9a7eabb9a13b1cb8713e9b;dataset:4c726630c4e2d4f06d31074d02ddcb414a59dbe516a678546f58c8dd8d467401","pdata_n.t01_pty_addr_info;pdata_n.t01_pty_inr_org_rela_h;pdata_n.t01_pty_stat_h;pdata_n.t01_corp_cust;pdata_n.t01_corp_reg_info;pdata_n.t03_ast_acct;pdata_n.t03_scr_acct"
"68275","68873","0.646105","dataset:dbdcdd68a5e4d632f77d494331fcd3f5eabd2f9b6cb5d1b086c36afe3389150b;dataset:239a9b9edba7f63f77863d2822c27172249fd49cfeec086ceb1dd7395387b59c;dataset:aafa6e82b3afe24cf86169f572c672438bf29da2549459b5ee3523a419cee497;dataset:91cd687d70418b090085f6fff179773c42f46f16ce9a7eabb9a13b1cb8713e9b;dataset:4c726630c4e2d4f06d31074d02ddcb414a59dbe516a678546f58c8dd8d467401;dataset:4da742aac0278c286953bb8f8031d4a910518ba38a636991b0d9f91b89917b20;dataset:3bf85551621bf99db1137b80218a46d2a331bba310593c5cb7c9d0ffe876b833","pdata_n.t01_pty_addr_info;pdata_n.t01_pty_inr_org_rela_h;pdata_n.t01_pty_stat_h;pdata_n.t03_ast_acct;pdata_n.t03_scr_acct;pdata_n.t05_acct_chg_evt;pdata_n.t01_pty_emp_rela"
"59441","66203","0.644585","dataset:f2cf60a789866f583c38e6a13a2e44669a340a62ae2025eafcab9eb9e4869dc5;dataset:d6fd30fb48ffee224e4808497748ee45e36c673e6293af1e0cd34deca9c93946;dataset:c1e715904740ef6d2e4b3e8c90cf1a845b68d0844fb3a8a1ed7c62e232c2c47c;dataset:4e81eb16f0888753234c62425515101bc811514090064de88388a290e62e081c","odata_n_rcc.h_his_assurecode;odata_n_uip.w_tb_object_1090;odata_n_rcc.u_stkcode;odata_n_uip.w_tb_object_1120"
"59457","66185","0.721057","dataset:25c11c92a0e780728f014bc25df2949b9fd8e041c0cb1f8ae8fd3248b04b4317;dataset:98323631b89bf3793afd49b56661a6b4eb1ab2f3064977e842c3141a9ae605c9","odata_n_icc.h_his_price;odata_n_icc.h_his_optprice"
"73031","73034","1.000000","dataset:f41a09dfc419c33b848033a50eaa263d3e2bd10d2fc632bc669620484fbee9a2;dataset:2ae56f7acac054a386a803d126462d42b755417f8ff7e15bc339095b83340dac;dataset:ffae0c8b94bcfecebb6a375f9fcc50f5edc0706472bba5e3dbc8978df0742198;dataset:22d550cb45abd344b4a3739a7a35cf6011b33b10df54c219209a58b9cc86f99f;dataset:c4887568feaa0ad9c44f1b550683516a8d47c06095f619b2951137481d21fefd","odata_n_ioa.i_gf_department;odata_n_ioa.i_gf_user_del;odata_n_ioa.i_gf_user;odata_n_ioa.i_gf_role_user;odata_n_ioa.i_gf_role"
"61497","61546","1.000000","dataset:eafa58d3a685e8b428cf9dc34fb7da5d92f51b586b50b2790b70b4fee35fdefb;dataset:6235c04014ca24ee658a6b5e3cf71a79b4a11c8894780d85c905a2c3396b38fc","odata_n_pas.j_hssemp_employee_basedoc_ver;pdata_n.t04_emp_frnt"
"61497","132906","0.617945","dataset:eafa58d3a685e8b428cf9dc34fb7da5d92f51b586b50b2790b70b4fee35fdefb;dataset:6235c04014ca24ee658a6b5e3cf71a79b4a11c8894780d85c905a2c3396b38fc","odata_n_pas.j_hssemp_employee_basedoc_ver;pdata_n.t04_emp_frnt"
"61497","153221","1.000000","dataset:eafa58d3a685e8b428cf9dc34fb7da5d92f51b586b50b2790b70b4fee35fdefb;dataset:6235c04014ca24ee658a6b5e3cf71a79b4a11c8894780d85c905a2c3396b38fc","odata_n_pas.j_hssemp_employee_basedoc_ver;pdata_n.t04_emp_frnt"
"61497","153222","0.617945","dataset:eafa58d3a685e8b428cf9dc34fb7da5d92f51b586b50b2790b70b4fee35fdefb;dataset:6235c04014ca24ee658a6b5e3cf71a79b4a11c8894780d85c905a2c3396b38fc","odata_n_pas.j_hssemp_employee_basedoc_ver;pdata_n.t04_emp_frnt"
"61524","61629","0.579269","dataset:eafa58d3a685e8b428cf9dc34fb7da5d92f51b586b50b2790b70b4fee35fdefb;dataset:6235c04014ca24ee658a6b5e3cf71a79b4a11c8894780d85c905a2c3396b38fc;dataset:bd08e56b40d4078926545fa32c45ffbc203e18f957c9d9bb0564e2af3e343475;dataset:89dc9a9c1f4a0159fde3bf76fa94b0b13d762d7444a3440824358077f0bbb926;dataset:ac92afa3a3b909dec729ea7c8058d0891c7c5779162a0e5374ea84d1445d9260;dataset:ecbe9e83b04b6847a48bcaad8458abab89bbb8a7384fb1f39fc72864f207cefb;dataset:e1dafc76f9e26b9688cc8edda802df7f93a561c67d28154d661d4bd0a879a0f4","odata_n_pas.j_hssemp_employee_basedoc_ver;pdata_n.t04_emp_frnt;odata_n_pas.j_hssemp_employee_post;odata_n_pas.j_hssemp_employee_post_ver;odata_n_pas.j_hssbsi_defdoc_detail;odata_n_pas.j_hssemp_employee_post_status;odata_n_pas.j_hssemp_employee_basedoc"
"61524","61645","0.583941","dataset:eafa58d3a685e8b428cf9dc34fb7da5d92f51b586b50b2790b70b4fee35fdefb;dataset:6235c04014ca24ee658a6b5e3cf71a79b4a11c8894780d85c905a2c3396b38fc;dataset:bd08e56b40d4078926545fa32c45ffbc203e18f957c9d9bb0564e2af3e343475;dataset:89dc9a9c1f4a0159fde3bf76fa94b0b13d762d7444a3440824358077f0bbb926;dataset:ac92afa3a3b909dec729ea7c8058d0891c7c5779162a0e5374ea84d1445d9260;dataset:ecbe9e83b04b6847a48bcaad8458abab89bbb8a7384fb1f39fc72864f207cefb;dataset:d2c8428e2d346a2570eb33e8ffc2e204eb7038ad178dfab44ef673a6fdd3f64c;dataset:f1d8d9e34c86d604e5a176b300b3ee6613446ec65ddfddf60f0a0d128ee0d25a;dataset:efa2154cd5ce12a878dc38fd0b6afadd1c9f265354d6cd0d18e1b11c09013b2a;dataset:8c0592a1b30a84b640548bd540d7b2691afbfc09b00c527169e793be68bd875f;dataset:e1dafc76f9e26b9688cc8edda802df7f93a561c67d28154d661d4bd0a879a0f4","odata_n_pas.j_hssemp_employee_basedoc_ver;pdata_n.t04_emp_frnt;odata_n_pas.j_hssemp_employee_post;odata_n_pas.j_hssemp_employee_post_ver;odata_n_pas.j_hssbsi_defdoc_detail;odata_n_pas.j_hssemp_employee_post_status;odata_n_pas.j_hssorg_post;odata_n_pas.j_hssorg_post_ver;odata_n_pas.j_hssorg_org;odata_n_pas.j_hssorg_org_ver;odata_n_pas.j_hssemp_employee_basedoc"
"61546","132906","0.617945","dataset:eafa58d3a685e8b428cf9dc34fb7da5d92f51b586b50b2790b70b4fee35fdefb;dataset:6235c04014ca24ee658a6b5e3cf71a79b4a11c8894780d85c905a2c3396b38fc","odata_n_pas.j_hssemp_employee_basedoc_ver;pdata_n.t04_emp_frnt"
"61546","153221","1.000000","dataset:eafa58d3a685e8b428cf9dc34fb7da5d92f51b586b50b2790b70b4fee35fdefb;dataset:6235c04014ca24ee658a6b5e3cf71a79b4a11c8894780d85c905a2c3396b38fc","odata_n_pas.j_hssemp_employee_basedoc_ver;pdata_n.t04_emp_frnt"
"61546","153222","0.617945","dataset:eafa58d3a685e8b428cf9dc34fb7da5d92f51b586b50b2790b70b4fee35fdefb;dataset:6235c04014ca24ee658a6b5e3cf71a79b4a11c8894780d85c905a2c3396b38fc","odata_n_pas.j_hssemp_employee_basedoc_ver;pdata_n.t04_emp_frnt"
"132906","153221","0.617945","dataset:eafa58d3a685e8b428cf9dc34fb7da5d92f51b586b50b2790b70b4fee35fdefb;dataset:6235c04014ca24ee658a6b5e3cf71a79b4a11c8894780d85c905a2c3396b38fc","odata_n_pas.j_hssemp_employee_basedoc_ver;pdata_n.t04_emp_frnt"
"132906","153222","1.000000","dataset:eafa58d3a685e8b428cf9dc34fb7da5d92f51b586b50b2790b70b4fee35fdefb;dataset:6235c04014ca24ee658a6b5e3cf71a79b4a11c8894780d85c905a2c3396b38fc;dataset:e1dafc76f9e26b9688cc8edda802df7f93a561c67d28154d661d4bd0a879a0f4","odata_n_pas.j_hssemp_employee_basedoc_ver;pdata_n.t04_emp_frnt;odata_n_pas.j_hssemp_employee_basedoc"
"153221","153222","0.617945","dataset:eafa58d3a685e8b428cf9dc34fb7da5d92f51b586b50b2790b70b4fee35fdefb;dataset:6235c04014ca24ee658a6b5e3cf71a79b4a11c8894780d85c905a2c3396b38fc","odata_n_pas.j_hssemp_employee_basedoc_ver;pdata_n.t04_emp_frnt"
"61521","153220","0.552269","dataset:6235c04014ca24ee658a6b5e3cf71a79b4a11c8894780d85c905a2c3396b38fc;dataset:bd08e56b40d4078926545fa32c45ffbc203e18f957c9d9bb0564e2af3e343475;dataset:89dc9a9c1f4a0159fde3bf76fa94b0b13d762d7444a3440824358077f0bbb926;dataset:ac92afa3a3b909dec729ea7c8058d0891c7c5779162a0e5374ea84d1445d9260;dataset:ecbe9e83b04b6847a48bcaad8458abab89bbb8a7384fb1f39fc72864f207cefb","pdata_n.t04_emp_frnt;odata_n_pas.j_hssemp_employee_post;odata_n_pas.j_hssemp_employee_post_ver;odata_n_pas.j_hssbsi_defdoc_detail;odata_n_pas.j_hssemp_employee_post_status"
"61524","61540","0.569977","dataset:6235c04014ca24ee658a6b5e3cf71a79b4a11c8894780d85c905a2c3396b38fc;dataset:bd08e56b40d4078926545fa32c45ffbc203e18f957c9d9bb0564e2af3e343475;dataset:89dc9a9c1f4a0159fde3bf76fa94b0b13d762d7444a3440824358077f0bbb926;dataset:ac92afa3a3b909dec729ea7c8058d0891c7c5779162a0e5374ea84d1445d9260;dataset:ecbe9e83b04b6847a48bcaad8458abab89bbb8a7384fb1f39fc72864f207cefb;dataset:efa2154cd5ce12a878dc38fd0b6afadd1c9f265354d6cd0d18e1b11c09013b2a;dataset:8c0592a1b30a84b640548bd540d7b2691afbfc09b00c527169e793be68bd875f","pdata_n.t04_emp_frnt;odata_n_pas.j_hssemp_employee_post;odata_n_pas.j_hssemp_employee_post_ver;odata_n_pas.j_hssbsi_defdoc_detail;odata_n_pas.j_hssemp_employee_post_status;odata_n_pas.j_hssorg_org;odata_n_pas.j_hssorg_org_ver"
"61540","61629","0.552877","dataset:6235c04014ca24ee658a6b5e3cf71a79b4a11c8894780d85c905a2c3396b38fc;dataset:bd08e56b40d4078926545fa32c45ffbc203e18f957c9d9bb0564e2af3e343475;dataset:89dc9a9c1f4a0159fde3bf76fa94b0b13d762d7444a3440824358077f0bbb926;dataset:ac92afa3a3b909dec729ea7c8058d0891c7c5779162a0e5374ea84d1445d9260;dataset:ecbe9e83b04b6847a48bcaad8458abab89bbb8a7384fb1f39fc72864f207cefb","pdata_n.t04_emp_frnt;odata_n_pas.j_hssemp_employee_post;odata_n_pas.j_hssemp_employee_post_ver;odata_n_pas.j_hssbsi_defdoc_detail;odata_n_pas.j_hssemp_employee_post_status"
"61540","153220","0.717873","dataset:6235c04014ca24ee658a6b5e3cf71a79b4a11c8894780d85c905a2c3396b38fc;dataset:bd08e56b40d4078926545fa32c45ffbc203e18f957c9d9bb0564e2af3e343475;dataset:89dc9a9c1f4a0159fde3bf76fa94b0b13d762d7444a3440824358077f0bbb926;dataset:ac92afa3a3b909dec729ea7c8058d0891c7c5779162a0e5374ea84d1445d9260;dataset:ecbe9e83b04b6847a48bcaad8458abab89bbb8a7384fb1f39fc72864f207cefb","pdata_n.t04_emp_frnt;odata_n_pas.j_hssemp_employee_post;odata_n_pas.j_hssemp_employee_post_ver;odata_n_pas.j_hssbsi_defdoc_detail;odata_n_pas.j_hssemp_employee_post_status"
"61629","153220","0.706357","dataset:6235c04014ca24ee658a6b5e3cf71a79b4a11c8894780d85c905a2c3396b38fc;dataset:bd08e56b40d4078926545fa32c45ffbc203e18f957c9d9bb0564e2af3e343475;dataset:89dc9a9c1f4a0159fde3bf76fa94b0b13d762d7444a3440824358077f0bbb926;dataset:ac92afa3a3b909dec729ea7c8058d0891c7c5779162a0e5374ea84d1445d9260;dataset:ecbe9e83b04b6847a48bcaad8458abab89bbb8a7384fb1f39fc72864f207cefb","pdata_n.t04_emp_frnt;odata_n_pas.j_hssemp_employee_post;odata_n_pas.j_hssemp_employee_post_ver;odata_n_pas.j_hssbsi_defdoc_detail;odata_n_pas.j_hssemp_employee_post_status"
"153220","208648","0.584286","dataset:6235c04014ca24ee658a6b5e3cf71a79b4a11c8894780d85c905a2c3396b38fc;dataset:bd08e56b40d4078926545fa32c45ffbc203e18f957c9d9bb0564e2af3e343475;dataset:89dc9a9c1f4a0159fde3bf76fa94b0b13d762d7444a3440824358077f0bbb926","pdata_n.t04_emp_frnt;odata_n_pas.j_hssemp_employee_post;odata_n_pas.j_hssemp_employee_post_ver"
"127023","145723","1.000000","dataset:efa2154cd5ce12a878dc38fd0b6afadd1c9f265354d6cd0d18e1b11c09013b2a;dataset:8c0592a1b30a84b640548bd540d7b2691afbfc09b00c527169e793be68bd875f","odata_n_pas.j_hssorg_org;odata_n_pas.j_hssorg_org_ver"
"127023","148415","1.000000","dataset:efa2154cd5ce12a878dc38fd0b6afadd1c9f265354d6cd0d18e1b11c09013b2a;dataset:8c0592a1b30a84b640548bd540d7b2691afbfc09b00c527169e793be68bd875f","odata_n_pas.j_hssorg_org;odata_n_pas.j_hssorg_org_ver"
"145723","148415","1.000000","dataset:efa2154cd5ce12a878dc38fd0b6afadd1c9f265354d6cd0d18e1b11c09013b2a;dataset:8c0592a1b30a84b640548bd540d7b2691afbfc09b00c527169e793be68bd875f","odata_n_pas.j_hssorg_org;odata_n_pas.j_hssorg_org_ver"
"62895","62922","1.000000","dataset:181d4160bb17d13474862bf00a561ac5e01ec04e96b8b0da732e1a7b84791a13;dataset:7e9c74bf5ae1a2c3f93b7b2a9f5d1e5d4e2b4daf7fce8454e9374a9cf3fdbf6c;dataset:59f410e5aae36a1c373134b335045473e30a51f347fe1926710a22e0d8462045","odata_n_aum.c_tapp_channeltype_special;odata_n_aum.c_tapp_channeltype_discount;odata_n_aum.r_tapp_channeltype"
"62895","62923","1.000000","dataset:181d4160bb17d13474862bf00a561ac5e01ec04e96b8b0da732e1a7b84791a13;dataset:7e9c74bf5ae1a2c3f93b7b2a9f5d1e5d4e2b4daf7fce8454e9374a9cf3fdbf6c;dataset:59f410e5aae36a1c373134b335045473e30a51f347fe1926710a22e0d8462045","odata_n_aum.c_tapp_channeltype_special;odata_n_aum.c_tapp_channeltype_discount;odata_n_aum.r_tapp_channeltype"
"62922","62923","1.000000","dataset:181d4160bb17d13474862bf00a561ac5e01ec04e96b8b0da732e1a7b84791a13;dataset:7e9c74bf5ae1a2c3f93b7b2a9f5d1e5d4e2b4daf7fce8454e9374a9cf3fdbf6c;dataset:59f410e5aae36a1c373134b335045473e30a51f347fe1926710a22e0d8462045","odata_n_aum.c_tapp_channeltype_special;odata_n_aum.c_tapp_channeltype_discount;odata_n_aum.r_tapp_channeltype"
"62891","62908","1.000000","dataset:63624a79ab989410def21da7a2daf183e800751a3abee45f3c9241e59ddac2e5;dataset:a3a83bbea3f4e35c2fbaaa28f45037c3c0e99b0ba9f40cc9949d90f4f8ee26ea;dataset:7e9c74bf5ae1a2c3f93b7b2a9f5d1e5d4e2b4daf7fce8454e9374a9cf3fdbf6c;dataset:61e1bc06bf5807da2a106ab13fb8d8f7679de1477b5b81557aec32f5d535643f;dataset:26214d2e6eb87fe8dfb9615c76f91b94cb107d11dd84c551794f85b8baa2c766","odata_n_oao.c_channeltype;odata_n_gks.upload_boss_channel;odata_n_aum.c_tapp_channeltype_discount;odata_n_osc.c_t_b_brokerchannel;odata_n_oao.c_prioritychanneltype"
"86841","220650","0.602679","dataset:175638359c6f948bb59f1f58d76f3b9749bc4615ecde009470e4bdddb4ba4ab8;dataset:02ef8ebfbf962731bc12993db944c0560fe18f2e430b5ba70b4a01386cd528f0;dataset:17ec8795e0c6aa06925f2b9ab97070d99a933058b4dae96cd2a9a2dbfcece0d6;dataset:c1f1ed0f3134ebea57061b01d2239d718710066082e618841c46eae3f32e9675;dataset:1d376c55916bd9a48001c370a364448fb612e1f6131da6bbee64a16f492d97ca;dataset:f311723fba434ccf0daf31011307604a7a5fa76a26af8d53aae3c90a8d4c47ce;dataset:3bd892ec369505b9aeb5b5e2451de8c6560ac36a8ed2420836c242ad60d5f181;dataset:812ff791de8e25c60edd05b68affb2944728c43eac62de3809c2b042e51813e8;dataset:b576c9ed367126e3d519493bcf2891cb0533a7c98a657e996c3849041c2bfe1e;dataset:5eb7c572b506bf4dc9b91517cb40c64f0a5905bd991456252f9c4ce622467574;dataset:d447eec4d7b09da0d1148dc1abc768193e951a77731a7de1164d3e41c6f5588f;dataset:9459f2cfb354cccb664ba509af6167f50a5c2c469e6b226acdd5aa0ba65ce336","odata_n_ois.o_otc_derivative_counterparty;odata_n_tit.d_ref_future_properties;odata_n_tit.d_ref_instrument;odata_n_ois.g_hk_counterparty;odata_n_tit.d_margin_plan;odata_n_tit.d_ref_otc_contr_margin_param;odata_n_tit.d_ref_book;odata_n_tit.d_ref_ctpty_mapping;odata_n_tit.d_trd_otc_contr_props;odata_n_tit.d_trd_bundle_info;odata_n_tit.d_trd_otc_trade;odata_n_tit.d_trd_otc_contr_report"
"63217","63413","1.000000","dataset:1acee60d87b7859169e1120ab49d26bfc8fd34f39cdd2649af096dadaf8e839d;dataset:18cfa37d136d5ef0881ba83490a11d53dcac458f16d3ee8a08520844cbe7b351;dataset:f093573265f9157cded6b63450407fd3f39a7abeb05fc28582029de1dd9556a5","odata_n_ecr.s_v_crm_account_info;odata_n_ecr.s_v_crm_acc_addr;odata_n_ecr.s_v_crm_acc_credentials"
"63217","63667","0.590226","dataset:1acee60d87b7859169e1120ab49d26bfc8fd34f39cdd2649af096dadaf8e839d;dataset:18cfa37d136d5ef0881ba83490a11d53dcac458f16d3ee8a08520844cbe7b351","odata_n_ecr.s_v_crm_account_info;odata_n_ecr.s_v_crm_acc_addr"
"63413","63667","0.590226","dataset:1acee60d87b7859169e1120ab49d26bfc8fd34f39cdd2649af096dadaf8e839d;dataset:18cfa37d136d5ef0881ba83490a11d53dcac458f16d3ee8a08520844cbe7b351","odata_n_ecr.s_v_crm_account_info;odata_n_ecr.s_v_crm_acc_addr"
"63187","67899","1.000000","dataset:33f5986f973b5bdcbd316310867fee84e9acb40757f546df3831e5969f722b97;dataset:ad64c3508dffeecb5dcdc1d8a8b5816e423c365608d092eef7745e84c078a82d","odata_ecif.ecif_e_t00_cust_acct_ref_s;odata_ecif.ecif_e_t01_cust_base_info_s"
"63212","63385","0.550823","dataset:23971273c9efa81359c29c22e467ad722013c2e8a9618242de6b9f7299e04515;dataset:6a21b5024b08c642c9f5f5e9b64ab9b7b7e87501d04c8d0f158f78e75f8461cd","odata_n_ta5.d_ta_tcustomerinfo;odata_n_ta5.d_ta_taccoinfo"
"63212","63605","0.710362","dataset:23971273c9efa81359c29c22e467ad722013c2e8a9618242de6b9f7299e04515;dataset:6a21b5024b08c642c9f5f5e9b64ab9b7b7e87501d04c8d0f158f78e75f8461cd","odata_n_ta5.d_ta_tcustomerinfo;odata_n_ta5.d_ta_taccoinfo"
"63212","63753","1.000000","dataset:23971273c9efa81359c29c22e467ad722013c2e8a9618242de6b9f7299e04515;dataset:6a21b5024b08c642c9f5f5e9b64ab9b7b7e87501d04c8d0f158f78e75f8461cd","odata_n_ta5.d_ta_tcustomerinfo;odata_n_ta5.d_ta_taccoinfo"
"63385","63753","0.550823","dataset:23971273c9efa81359c29c22e467ad722013c2e8a9618242de6b9f7299e04515;dataset:6a21b5024b08c642c9f5f5e9b64ab9b7b7e87501d04c8d0f158f78e75f8461cd","odata_n_ta5.d_ta_tcustomerinfo;odata_n_ta5.d_ta_taccoinfo"
"63605","63753","0.710362","dataset:23971273c9efa81359c29c22e467ad722013c2e8a9618242de6b9f7299e04515;dataset:6a21b5024b08c642c9f5f5e9b64ab9b7b7e87501d04c8d0f158f78e75f8461cd","odata_n_ta5.d_ta_tcustomerinfo;odata_n_ta5.d_ta_taccoinfo"
"63238","63611","1.000000","dataset:ccaaf92e6faf8f6e82209720115a095833858410e7d11371f96cc4a2bffa0188;dataset:e1eaae56e560b2ba53a81136aca353135888bafd0a81ada1e5b12fe47333545f","odata_n_rcc.a_client;odata_n_rcc.a_clientinfo"
"63238","63671","1.000000","dataset:ccaaf92e6faf8f6e82209720115a095833858410e7d11371f96cc4a2bffa0188;dataset:e1eaae56e560b2ba53a81136aca353135888bafd0a81ada1e5b12fe47333545f","odata_n_rcc.a_client;odata_n_rcc.a_clientinfo"
"63611","63671","1.000000","dataset:ccaaf92e6faf8f6e82209720115a095833858410e7d11371f96cc4a2bffa0188;dataset:e1eaae56e560b2ba53a81136aca353135888bafd0a81ada1e5b12fe47333545f","odata_n_rcc.a_client;odata_n_rcc.a_clientinfo"
"185234","211619","1.000000","dataset:f9ac02bef325e879ffefb66eaf19ba8cf72f081ebd6896834b7abde2cf028a1d;dataset:f92608c1cde34bca7fdbb72c0b3c7336229965b220aa3d1a4e247539b2b92b79","pdata_news_n.t02_pub_cst_info;pdata_n.t98_otc_swap_comp_leg_valu_info"
"149053","149054","0.708458","dataset:716d3568cd093feec6fa8adce1b69c9625239d07958c94d9d9ae10e1e826cf5d;dataset:bbb7a4d4171e4a0fcbbbd5b332adaf6d2bf81a98eea572781976a99c551334df;dataset:9005f66da3a3b019e023cf016ea929dfdf8f784438b1a6f74712c0463b9612cd;dataset:d1b2a8226617870031d1200e6162c69b080f909d1ef11b0d50342b0b6f1e018d;dataset:a267bb2011c7c9e94035aa011a3d27908c282562f224b34100f527708a1e9297;dataset:ebfd0f52b4c68bf9628b81ae0cc30dbf6ef97ed9ed4adf909ae4d4118be2dc2f","pdata_n.t04_inr_org_stati_info_h;pdata_n.t04_user_emp_rela_h;pdata_nds.s_cx_custody_rel;pdata_n.t03_prd_cstd_unit_adtnl_info;pdata_n.t98_inr_org_map;pdata_n.t04_inr_org_div_rati_h"
"121433","121434","1.000000","dataset:f3220d17adb7ad0f6af98219cb6f23d95aef21d31d05d485365086740340522b;dataset:cdd59ea20ef99ec2b0c507340f107e0a07599c00dcae70f99a6aa8f48f1bd060;dataset:1eb078209882d4c6cecd53149e0255aef243537046a46994c8fcd7de9fb096db;dataset:834a9e32672fb1e78d2e82db7447b346e6230659dfe8bd1c86f1389615bba3c9;dataset:cfe99d7da53562643da77e9c81c75b1ec08391320e602edb9c3cc38358017f21","pdata_n.t04_oas_inr_org;pdata_n.t05_bpm_proc_instc_info;pdata_nds.deriv_client_admit_flow_brk;pdata_nds.bpm_flow_result;pdata_nds.bpm_oa1100_comment"
"63419","63755","1.000000","dataset:4ab28164b19de42eb0020ed23a07cb9c65259b2c494684c379b7d03207c7078c;dataset:64aeaaefbc94f1948552b6eddc1210c2f1a0124b935ffb15c48b5f127c2948e0","odata_n_xpb.t_company_company;odata_n_xpb.p_company_company"
"64184","65803","1.000000","dataset:b875cf18c550d352003b6c6e77fa849d70fc65767c48ea11a5106401daaecc93;dataset:17979fac4391c6e65c1f26bb94bcedc68e35796f11d090b5c2de95b27f923318","odata_n_icc.r_refcashcompact;odata_n_icc.h_his_refcashcompact"
"64189","65538","1.000000","dataset:f7fff48310b14c92243c9fc94dd6289d7140f8e14619050bd25f56a47dc2cd18;dataset:a05e4e6d32bd15f75b75df57638a0747d6698312e6002269833609173ea00578","odata_n_rcc.r_refcashcompact;odata_n_rcc.h_his_refcashcompact"
"66411","66412","1.000000","dataset:4f843543ab4d974a9389e323a1b1810adc16fd65383a1ad851d27841802cb8da;dataset:d08f85661862d7d7876abde7806af27d155bbdbf2d9135bf128ac0c0ce67c577;dataset:191733b644683debcaf5f64ccbae0898efb6bcb765372b79ce26ceea1def9c56","pdata_news_n.t02_scr_type;dm_index_n.hold_def_hot;dm_index_n.hold_tag_relation_pre"
"66411","66413","0.703099","dataset:4f843543ab4d974a9389e323a1b1810adc16fd65383a1ad851d27841802cb8da;dataset:d08f85661862d7d7876abde7806af27d155bbdbf2d9135bf128ac0c0ce67c577;dataset:191733b644683debcaf5f64ccbae0898efb6bcb765372b79ce26ceea1def9c56","pdata_news_n.t02_scr_type;dm_index_n.hold_def_hot;dm_index_n.hold_tag_relation_pre"
"66411","66415","1.000000","dataset:4f843543ab4d974a9389e323a1b1810adc16fd65383a1ad851d27841802cb8da;dataset:d08f85661862d7d7876abde7806af27d155bbdbf2d9135bf128ac0c0ce67c577;dataset:191733b644683debcaf5f64ccbae0898efb6bcb765372b79ce26ceea1def9c56","pdata_news_n.t02_scr_type;dm_index_n.hold_def_hot;dm_index_n.hold_tag_relation_pre"
"66411","66416","1.000000","dataset:4f843543ab4d974a9389e323a1b1810adc16fd65383a1ad851d27841802cb8da;dataset:d08f85661862d7d7876abde7806af27d155bbdbf2d9135bf128ac0c0ce67c577;dataset:191733b644683debcaf5f64ccbae0898efb6bcb765372b79ce26ceea1def9c56","pdata_news_n.t02_scr_type;dm_index_n.hold_def_hot;dm_index_n.hold_tag_relation_pre"
"66411","66686","1.000000","dataset:4f843543ab4d974a9389e323a1b1810adc16fd65383a1ad851d27841802cb8da;dataset:d08f85661862d7d7876abde7806af27d155bbdbf2d9135bf128ac0c0ce67c577;dataset:191733b644683debcaf5f64ccbae0898efb6bcb765372b79ce26ceea1def9c56","pdata_news_n.t02_scr_type;dm_index_n.hold_def_hot;dm_index_n.hold_tag_relation_pre"
"66412","66413","0.703099","dataset:4f843543ab4d974a9389e323a1b1810adc16fd65383a1ad851d27841802cb8da;dataset:d08f85661862d7d7876abde7806af27d155bbdbf2d9135bf128ac0c0ce67c577;dataset:191733b644683debcaf5f64ccbae0898efb6bcb765372b79ce26ceea1def9c56","pdata_news_n.t02_scr_type;dm_index_n.hold_def_hot;dm_index_n.hold_tag_relation_pre"
"66412","66415","1.000000","dataset:4f843543ab4d974a9389e323a1b1810adc16fd65383a1ad851d27841802cb8da;dataset:d08f85661862d7d7876abde7806af27d155bbdbf2d9135bf128ac0c0ce67c577;dataset:191733b644683debcaf5f64ccbae0898efb6bcb765372b79ce26ceea1def9c56","pdata_news_n.t02_scr_type;dm_index_n.hold_def_hot;dm_index_n.hold_tag_relation_pre"
"66412","66416","1.000000","dataset:4f843543ab4d974a9389e323a1b1810adc16fd65383a1ad851d27841802cb8da;dataset:d08f85661862d7d7876abde7806af27d155bbdbf2d9135bf128ac0c0ce67c577;dataset:191733b644683debcaf5f64ccbae0898efb6bcb765372b79ce26ceea1def9c56","pdata_news_n.t02_scr_type;dm_index_n.hold_def_hot;dm_index_n.hold_tag_relation_pre"
"66412","66686","1.000000","dataset:4f843543ab4d974a9389e323a1b1810adc16fd65383a1ad851d27841802cb8da;dataset:d08f85661862d7d7876abde7806af27d155bbdbf2d9135bf128ac0c0ce67c577;dataset:191733b644683debcaf5f64ccbae0898efb6bcb765372b79ce26ceea1def9c56","pdata_news_n.t02_scr_type;dm_index_n.hold_def_hot;dm_index_n.hold_tag_relation_pre"
"66413","66415","0.703099","dataset:4f843543ab4d974a9389e323a1b1810adc16fd65383a1ad851d27841802cb8da;dataset:d08f85661862d7d7876abde7806af27d155bbdbf2d9135bf128ac0c0ce67c577;dataset:191733b644683debcaf5f64ccbae0898efb6bcb765372b79ce26ceea1def9c56","pdata_news_n.t02_scr_type;dm_index_n.hold_def_hot;dm_index_n.hold_tag_relation_pre"
"66413","66416","0.703099","dataset:4f843543ab4d974a9389e323a1b1810adc16fd65383a1ad851d27841802cb8da;dataset:d08f85661862d7d7876abde7806af27d155bbdbf2d9135bf128ac0c0ce67c577;dataset:191733b644683debcaf5f64ccbae0898efb6bcb765372b79ce26ceea1def9c56","pdata_news_n.t02_scr_type;dm_index_n.hold_def_hot;dm_index_n.hold_tag_relation_pre"
"66413","66686","0.703099","dataset:4f843543ab4d974a9389e323a1b1810adc16fd65383a1ad851d27841802cb8da;dataset:d08f85661862d7d7876abde7806af27d155bbdbf2d9135bf128ac0c0ce67c577;dataset:191733b644683debcaf5f64ccbae0898efb6bcb765372b79ce26ceea1def9c56","pdata_news_n.t02_scr_type;dm_index_n.hold_def_hot;dm_index_n.hold_tag_relation_pre"
"66415","66416","1.000000","dataset:4f843543ab4d974a9389e323a1b1810adc16fd65383a1ad851d27841802cb8da;dataset:d08f85661862d7d7876abde7806af27d155bbdbf2d9135bf128ac0c0ce67c577;dataset:191733b644683debcaf5f64ccbae0898efb6bcb765372b79ce26ceea1def9c56","pdata_news_n.t02_scr_type;dm_index_n.hold_def_hot;dm_index_n.hold_tag_relation_pre"
"66415","66686","1.000000","dataset:4f843543ab4d974a9389e323a1b1810adc16fd65383a1ad851d27841802cb8da;dataset:d08f85661862d7d7876abde7806af27d155bbdbf2d9135bf128ac0c0ce67c577;dataset:191733b644683debcaf5f64ccbae0898efb6bcb765372b79ce26ceea1def9c56","pdata_news_n.t02_scr_type;dm_index_n.hold_def_hot;dm_index_n.hold_tag_relation_pre"
"66416","66686","1.000000","dataset:4f843543ab4d974a9389e323a1b1810adc16fd65383a1ad851d27841802cb8da;dataset:d08f85661862d7d7876abde7806af27d155bbdbf2d9135bf128ac0c0ce67c577;dataset:191733b644683debcaf5f64ccbae0898efb6bcb765372b79ce26ceea1def9c56","pdata_news_n.t02_scr_type;dm_index_n.hold_def_hot;dm_index_n.hold_tag_relation_pre"
"100054","115939","1.000000","dataset:4f843543ab4d974a9389e323a1b1810adc16fd65383a1ad851d27841802cb8da;dataset:1d47dbf22ef9288e7701f319185fb97c801092725701c2aacfa9ecb3ad2fb84d","pdata_news_n.t02_scr_type;pdata_n.t98_cust_prd_ret_info"
"201318","201483","0.682747","dataset:aa6bc0cb785d74be087d7df8cb9d8238813db7c423d3d52eea7cb7c4a6dcde4d;dataset:dfbcba19f89e005e097e3b6df15998b0a6d1b13a3e172e3199f9e1fc4346c90b","pdata_n.t01_corp_cust;dm_index_n.grp_tag_otc_deri_contr_type_rpt_contr_type"
"201318","203879","1.000000","dataset:aa6bc0cb785d74be087d7df8cb9d8238813db7c423d3d52eea7cb7c4a6dcde4d;dataset:37a5d673846c0cb127f7fed7c44232647c94522662d3d2554e9c4492b1c4d66f;dataset:dfbcba19f89e005e097e3b6df15998b0a6d1b13a3e172e3199f9e1fc4346c90b","pdata_n.t01_corp_cust;pdata_n.t98_otc_deri_comp_sale_adtnl_det;dm_index_n.grp_tag_otc_deri_contr_type_rpt_contr_type"
"201483","203879","0.682747","dataset:aa6bc0cb785d74be087d7df8cb9d8238813db7c423d3d52eea7cb7c4a6dcde4d;dataset:dfbcba19f89e005e097e3b6df15998b0a6d1b13a3e172e3199f9e1fc4346c90b","pdata_n.t01_corp_cust;dm_index_n.grp_tag_otc_deri_contr_type_rpt_contr_type"
"66551","66616","1.000000","dataset:91cd687d70418b090085f6fff179773c42f46f16ce9a7eabb9a13b1cb8713e9b;dataset:d08f85661862d7d7876abde7806af27d155bbdbf2d9135bf128ac0c0ce67c577;dataset:a8a72cdbb4692d19e1824c6ae0c632709baec26fbef81f39a4d468678f6732d3","pdata_n.t03_ast_acct;dm_index_n.hold_def_hot;dm_index_n.real_account_info"
"66551","163725","1.000000","dataset:91cd687d70418b090085f6fff179773c42f46f16ce9a7eabb9a13b1cb8713e9b;dataset:d08f85661862d7d7876abde7806af27d155bbdbf2d9135bf128ac0c0ce67c577;dataset:a8a72cdbb4692d19e1824c6ae0c632709baec26fbef81f39a4d468678f6732d3","pdata_n.t03_ast_acct;dm_index_n.hold_def_hot;dm_index_n.real_account_info"
"66616","163725","1.000000","dataset:91cd687d70418b090085f6fff179773c42f46f16ce9a7eabb9a13b1cb8713e9b;dataset:d08f85661862d7d7876abde7806af27d155bbdbf2d9135bf128ac0c0ce67c577;dataset:a8a72cdbb4692d19e1824c6ae0c632709baec26fbef81f39a4d468678f6732d3","pdata_n.t03_ast_acct;dm_index_n.hold_def_hot;dm_index_n.real_account_info"
"68061","68094","0.678884","dataset:4c726630c4e2d4f06d31074d02ddcb414a59dbe516a678546f58c8dd8d467401;dataset:4da742aac0278c286953bb8f8031d4a910518ba38a636991b0d9f91b89917b20","pdata_n.t03_scr_acct;pdata_n.t05_acct_chg_evt"
"68061","68196","0.563188","dataset:4c726630c4e2d4f06d31074d02ddcb414a59dbe516a678546f58c8dd8d467401;dataset:4da742aac0278c286953bb8f8031d4a910518ba38a636991b0d9f91b89917b20","pdata_n.t03_scr_acct;pdata_n.t05_acct_chg_evt"
"136285","136377","1.000000","dataset:0ac67b63719f6ea3f351ad800a8d293556cfd87b40a5f7c1df7ed5ca37ef7656;dataset:a403a7971cb683ec97fd9c52dec6cceef1c1b85e97e4a7f40406d5d72758bcc7","pdata_news_n.t02_exch_quot_h;pdata_n.t03_srp_comp_info"
"109513","123668","0.659054","dataset:17d719fe55b2f3715f779e4ee9abae6512d3afed242337e8de4fdb8f4c907e19;dataset:a67be974b8f8454ddbd420cfb9e49b0d02dce524ce5407c589187c268dd5a432;dataset:39c0e70b0ddcd865723236545c40524e930b9c32c3967211005b1689f2ab1968","pdata_n.t05_exch_scr_deli_evt;pdata_news_n.t02_otc_fin_info;pdata_n.t99_rcc_busi_flag_ref"
"66411","66670","0.636963","dataset:d08f85661862d7d7876abde7806af27d155bbdbf2d9135bf128ac0c0ce67c577;dataset:191733b644683debcaf5f64ccbae0898efb6bcb765372b79ce26ceea1def9c56","dm_index_n.hold_def_hot;dm_index_n.hold_tag_relation_pre"
"66411","91298","0.636963","dataset:d08f85661862d7d7876abde7806af27d155bbdbf2d9135bf128ac0c0ce67c577;dataset:191733b644683debcaf5f64ccbae0898efb6bcb765372b79ce26ceea1def9c56","dm_index_n.hold_def_hot;dm_index_n.hold_tag_relation_pre"
"66411","91304","0.636963","dataset:d08f85661862d7d7876abde7806af27d155bbdbf2d9135bf128ac0c0ce67c577;dataset:191733b644683debcaf5f64ccbae0898efb6bcb765372b79ce26ceea1def9c56","dm_index_n.hold_def_hot;dm_index_n.hold_tag_relation_pre"
"66412","66670","0.636963","dataset:d08f85661862d7d7876abde7806af27d155bbdbf2d9135bf128ac0c0ce67c577;dataset:191733b644683debcaf5f64ccbae0898efb6bcb765372b79ce26ceea1def9c56","dm_index_n.hold_def_hot;dm_index_n.hold_tag_relation_pre"
"66412","91298","0.636963","dataset:d08f85661862d7d7876abde7806af27d155bbdbf2d9135bf128ac0c0ce67c577;dataset:191733b644683debcaf5f64ccbae0898efb6bcb765372b79ce26ceea1def9c56","dm_index_n.hold_def_hot;dm_index_n.hold_tag_relation_pre"
"66412","91304","0.636963","dataset:d08f85661862d7d7876abde7806af27d155bbdbf2d9135bf128ac0c0ce67c577;dataset:191733b644683debcaf5f64ccbae0898efb6bcb765372b79ce26ceea1def9c56","dm_index_n.hold_def_hot;dm_index_n.hold_tag_relation_pre"
"66413","66419","0.744749","dataset:d08f85661862d7d7876abde7806af27d155bbdbf2d9135bf128ac0c0ce67c577;dataset:191733b644683debcaf5f64ccbae0898efb6bcb765372b79ce26ceea1def9c56;dataset:a8c2cd175d491f4f3d947c64b2c36fc49709979671135ffd28de226f61166750","dm_index_n.hold_def_hot;dm_index_n.hold_tag_relation_pre;pdata_news_n.t02_marg_base_info"
"66413","66471","0.744749","dataset:d08f85661862d7d7876abde7806af27d155bbdbf2d9135bf128ac0c0ce67c577;dataset:191733b644683debcaf5f64ccbae0898efb6bcb765372b79ce26ceea1def9c56;dataset:a8c2cd175d491f4f3d947c64b2c36fc49709979671135ffd28de226f61166750","dm_index_n.hold_def_hot;dm_index_n.hold_tag_relation_pre;pdata_news_n.t02_marg_base_info"
"66415","66670","0.636963","dataset:d08f85661862d7d7876abde7806af27d155bbdbf2d9135bf128ac0c0ce67c577;dataset:191733b644683debcaf5f64ccbae0898efb6bcb765372b79ce26ceea1def9c56","dm_index_n.hold_def_hot;dm_index_n.hold_tag_relation_pre"
"66415","91298","0.636963","dataset:d08f85661862d7d7876abde7806af27d155bbdbf2d9135bf128ac0c0ce67c577;dataset:191733b644683debcaf5f64ccbae0898efb6bcb765372b79ce26ceea1def9c56","dm_index_n.hold_def_hot;dm_index_n.hold_tag_relation_pre"
"66415","91304","0.636963","dataset:d08f85661862d7d7876abde7806af27d155bbdbf2d9135bf128ac0c0ce67c577;dataset:191733b644683debcaf5f64ccbae0898efb6bcb765372b79ce26ceea1def9c56","dm_index_n.hold_def_hot;dm_index_n.hold_tag_relation_pre"
"66416","66670","0.636963","dataset:d08f85661862d7d7876abde7806af27d155bbdbf2d9135bf128ac0c0ce67c577;dataset:191733b644683debcaf5f64ccbae0898efb6bcb765372b79ce26ceea1def9c56","dm_index_n.hold_def_hot;dm_index_n.hold_tag_relation_pre"
"66416","91298","0.636963","dataset:d08f85661862d7d7876abde7806af27d155bbdbf2d9135bf128ac0c0ce67c577;dataset:191733b644683debcaf5f64ccbae0898efb6bcb765372b79ce26ceea1def9c56","dm_index_n.hold_def_hot;dm_index_n.hold_tag_relation_pre"
"66416","91304","0.636963","dataset:d08f85661862d7d7876abde7806af27d155bbdbf2d9135bf128ac0c0ce67c577;dataset:191733b644683debcaf5f64ccbae0898efb6bcb765372b79ce26ceea1def9c56","dm_index_n.hold_def_hot;dm_index_n.hold_tag_relation_pre"
"66417","66418","1.000000","dataset:d08f85661862d7d7876abde7806af27d155bbdbf2d9135bf128ac0c0ce67c577;dataset:191733b644683debcaf5f64ccbae0898efb6bcb765372b79ce26ceea1def9c56;dataset:1dd20252e0b04aa6367e89d208f77f9407f9d58ba52621ce0dff97246d8ce60f","dm_index_n.hold_def_hot;dm_index_n.hold_tag_relation_pre;pdata_news_n.t02_opt_contr_info"
"66419","66471","1.000000","dataset:d08f85661862d7d7876abde7806af27d155bbdbf2d9135bf128ac0c0ce67c577;dataset:191733b644683debcaf5f64ccbae0898efb6bcb765372b79ce26ceea1def9c56;dataset:a8c2cd175d491f4f3d947c64b2c36fc49709979671135ffd28de226f61166750","dm_index_n.hold_def_hot;dm_index_n.hold_tag_relation_pre;pdata_news_n.t02_marg_base_info"
"66419","66670","0.601341","dataset:d08f85661862d7d7876abde7806af27d155bbdbf2d9135bf128ac0c0ce67c577;dataset:191733b644683debcaf5f64ccbae0898efb6bcb765372b79ce26ceea1def9c56","dm_index_n.hold_def_hot;dm_index_n.hold_tag_relation_pre"
"66419","91298","0.601341","dataset:d08f85661862d7d7876abde7806af27d155bbdbf2d9135bf128ac0c0ce67c577;dataset:191733b644683debcaf5f64ccbae0898efb6bcb765372b79ce26ceea1def9c56","dm_index_n.hold_def_hot;dm_index_n.hold_tag_relation_pre"
"66419","91304","0.601341","dataset:d08f85661862d7d7876abde7806af27d155bbdbf2d9135bf128ac0c0ce67c577;dataset:191733b644683debcaf5f64ccbae0898efb6bcb765372b79ce26ceea1def9c56","dm_index_n.hold_def_hot;dm_index_n.hold_tag_relation_pre"
"66419","95146","0.695948","dataset:d08f85661862d7d7876abde7806af27d155bbdbf2d9135bf128ac0c0ce67c577;dataset:a8c2cd175d491f4f3d947c64b2c36fc49709979671135ffd28de226f61166750","dm_index_n.hold_def_hot;pdata_news_n.t02_marg_base_info"
"66471","66670","0.601341","dataset:d08f85661862d7d7876abde7806af27d155bbdbf2d9135bf128ac0c0ce67c577;dataset:191733b644683debcaf5f64ccbae0898efb6bcb765372b79ce26ceea1def9c56","dm_index_n.hold_def_hot;dm_index_n.hold_tag_relation_pre"
"66471","91298","0.601341","dataset:d08f85661862d7d7876abde7806af27d155bbdbf2d9135bf128ac0c0ce67c577;dataset:191733b644683debcaf5f64ccbae0898efb6bcb765372b79ce26ceea1def9c56","dm_index_n.hold_def_hot;dm_index_n.hold_tag_relation_pre"
"66471","91304","0.601341","dataset:d08f85661862d7d7876abde7806af27d155bbdbf2d9135bf128ac0c0ce67c577;dataset:191733b644683debcaf5f64ccbae0898efb6bcb765372b79ce26ceea1def9c56","dm_index_n.hold_def_hot;dm_index_n.hold_tag_relation_pre"
"66471","95146","0.695948","dataset:d08f85661862d7d7876abde7806af27d155bbdbf2d9135bf128ac0c0ce67c577;dataset:a8c2cd175d491f4f3d947c64b2c36fc49709979671135ffd28de226f61166750","dm_index_n.hold_def_hot;pdata_news_n.t02_marg_base_info"
"66551","66676","0.628014","dataset:d08f85661862d7d7876abde7806af27d155bbdbf2d9135bf128ac0c0ce67c577;dataset:a8a72cdbb4692d19e1824c6ae0c632709baec26fbef81f39a4d468678f6732d3","dm_index_n.hold_def_hot;dm_index_n.real_account_info"
"66551","83444","0.628014","dataset:d08f85661862d7d7876abde7806af27d155bbdbf2d9135bf128ac0c0ce67c577;dataset:a8a72cdbb4692d19e1824c6ae0c632709baec26fbef81f39a4d468678f6732d3","dm_index_n.hold_def_hot;dm_index_n.real_account_info"
"66616","66676","0.628014","dataset:d08f85661862d7d7876abde7806af27d155bbdbf2d9135bf128ac0c0ce67c577;dataset:a8a72cdbb4692d19e1824c6ae0c632709baec26fbef81f39a4d468678f6732d3","dm_index_n.hold_def_hot;dm_index_n.real_account_info"
"66616","83444","0.628014","dataset:d08f85661862d7d7876abde7806af27d155bbdbf2d9135bf128ac0c0ce67c577;dataset:a8a72cdbb4692d19e1824c6ae0c632709baec26fbef81f39a4d468678f6732d3","dm_index_n.hold_def_hot;dm_index_n.real_account_info"
"66670","66686","0.636963","dataset:d08f85661862d7d7876abde7806af27d155bbdbf2d9135bf128ac0c0ce67c577;dataset:191733b644683debcaf5f64ccbae0898efb6bcb765372b79ce26ceea1def9c56","dm_index_n.hold_def_hot;dm_index_n.hold_tag_relation_pre"
"66670","91298","1.000000","dataset:d08f85661862d7d7876abde7806af27d155bbdbf2d9135bf128ac0c0ce67c577;dataset:191733b644683debcaf5f64ccbae0898efb6bcb765372b79ce26ceea1def9c56","dm_index_n.hold_def_hot;dm_index_n.hold_tag_relation_pre"
"66670","91304","1.000000","dataset:d08f85661862d7d7876abde7806af27d155bbdbf2d9135bf128ac0c0ce67c577;dataset:191733b644683debcaf5f64ccbae0898efb6bcb765372b79ce26ceea1def9c56","dm_index_n.hold_def_hot;dm_index_n.hold_tag_relation_pre"
"66676","83444","1.000000","dataset:d08f85661862d7d7876abde7806af27d155bbdbf2d9135bf128ac0c0ce67c577;dataset:a8a72cdbb4692d19e1824c6ae0c632709baec26fbef81f39a4d468678f6732d3","dm_index_n.hold_def_hot;dm_index_n.real_account_info"
"66676","163725","0.628014","dataset:d08f85661862d7d7876abde7806af27d155bbdbf2d9135bf128ac0c0ce67c577;dataset:a8a72cdbb4692d19e1824c6ae0c632709baec26fbef81f39a4d468678f6732d3","dm_index_n.hold_def_hot;dm_index_n.real_account_info"
"66686","91298","0.636963","dataset:d08f85661862d7d7876abde7806af27d155bbdbf2d9135bf128ac0c0ce67c577;dataset:191733b644683debcaf5f64ccbae0898efb6bcb765372b79ce26ceea1def9c56","dm_index_n.hold_def_hot;dm_index_n.hold_tag_relation_pre"
"66686","91304","0.636963","dataset:d08f85661862d7d7876abde7806af27d155bbdbf2d9135bf128ac0c0ce67c577;dataset:191733b644683debcaf5f64ccbae0898efb6bcb765372b79ce26ceea1def9c56","dm_index_n.hold_def_hot;dm_index_n.hold_tag_relation_pre"
"83444","163725","0.628014","dataset:d08f85661862d7d7876abde7806af27d155bbdbf2d9135bf128ac0c0ce67c577;dataset:a8a72cdbb4692d19e1824c6ae0c632709baec26fbef81f39a4d468678f6732d3","dm_index_n.hold_def_hot;dm_index_n.real_account_info"
"91298","91304","1.000000","dataset:d08f85661862d7d7876abde7806af27d155bbdbf2d9135bf128ac0c0ce67c577;dataset:191733b644683debcaf5f64ccbae0898efb6bcb765372b79ce26ceea1def9c56","dm_index_n.hold_def_hot;dm_index_n.hold_tag_relation_pre"
"203699","203702","1.000000","dataset:a8c2cd175d491f4f3d947c64b2c36fc49709979671135ffd28de226f61166750;dataset:3e79f9dff39c7bf4cd8692f0ad2881e939e23aac6ac5dff2f6c23e9d47de9a82","pdata_news_n.t02_marg_base_info;pdata_n.t05_marg_comp_evt"
"203699","203704","1.000000","dataset:a8c2cd175d491f4f3d947c64b2c36fc49709979671135ffd28de226f61166750;dataset:3e79f9dff39c7bf4cd8692f0ad2881e939e23aac6ac5dff2f6c23e9d47de9a82","pdata_news_n.t02_marg_base_info;pdata_n.t05_marg_comp_evt"
"203699","203709","1.000000","dataset:a8c2cd175d491f4f3d947c64b2c36fc49709979671135ffd28de226f61166750;dataset:3e79f9dff39c7bf4cd8692f0ad2881e939e23aac6ac5dff2f6c23e9d47de9a82","pdata_news_n.t02_marg_base_info;pdata_n.t05_marg_comp_evt"
"203702","203704","1.000000","dataset:a8c2cd175d491f4f3d947c64b2c36fc49709979671135ffd28de226f61166750;dataset:3e79f9dff39c7bf4cd8692f0ad2881e939e23aac6ac5dff2f6c23e9d47de9a82","pdata_news_n.t02_marg_base_info;pdata_n.t05_marg_comp_evt"
"203702","203709","1.000000","dataset:a8c2cd175d491f4f3d947c64b2c36fc49709979671135ffd28de226f61166750;dataset:3e79f9dff39c7bf4cd8692f0ad2881e939e23aac6ac5dff2f6c23e9d47de9a82","pdata_news_n.t02_marg_base_info;pdata_n.t05_marg_comp_evt"
"203704","203709","1.000000","dataset:a8c2cd175d491f4f3d947c64b2c36fc49709979671135ffd28de226f61166750;dataset:3e79f9dff39c7bf4cd8692f0ad2881e939e23aac6ac5dff2f6c23e9d47de9a82","pdata_news_n.t02_marg_base_info;pdata_n.t05_marg_comp_evt"
"66541","107360","1.000000","dataset:42779470775ef8db8fe643c6b9c8f61e3f906ff7b0c2af73a27c429cd9616cc7;dataset:0a77fe229475727a06b3c70d5d2fe5c775fbbbaf3f174bf25128b7c063848384;dataset:3866abe66514cfb5e49712744a3e851b734238d96bbb33ae732b97c677ee1bd7","dm_index_n.hold_tag_relation;dm_index_n.grp_hold_relation;dm_index_n.hold_index"
"66541","166106","1.000000","dataset:42779470775ef8db8fe643c6b9c8f61e3f906ff7b0c2af73a27c429cd9616cc7;dataset:0a77fe229475727a06b3c70d5d2fe5c775fbbbaf3f174bf25128b7c063848384;dataset:3866abe66514cfb5e49712744a3e851b734238d96bbb33ae732b97c677ee1bd7","dm_index_n.hold_tag_relation;dm_index_n.grp_hold_relation;dm_index_n.hold_index"
"66541","166108","1.000000","dataset:42779470775ef8db8fe643c6b9c8f61e3f906ff7b0c2af73a27c429cd9616cc7;dataset:0a77fe229475727a06b3c70d5d2fe5c775fbbbaf3f174bf25128b7c063848384;dataset:3866abe66514cfb5e49712744a3e851b734238d96bbb33ae732b97c677ee1bd7","dm_index_n.hold_tag_relation;dm_index_n.grp_hold_relation;dm_index_n.hold_index"
"107360","166106","1.000000","dataset:42779470775ef8db8fe643c6b9c8f61e3f906ff7b0c2af73a27c429cd9616cc7;dataset:0a77fe229475727a06b3c70d5d2fe5c775fbbbaf3f174bf25128b7c063848384;dataset:3866abe66514cfb5e49712744a3e851b734238d96bbb33ae732b97c677ee1bd7","dm_index_n.hold_tag_relation;dm_index_n.grp_hold_relation;dm_index_n.hold_index"
"107360","166108","1.000000","dataset:42779470775ef8db8fe643c6b9c8f61e3f906ff7b0c2af73a27c429cd9616cc7;dataset:0a77fe229475727a06b3c70d5d2fe5c775fbbbaf3f174bf25128b7c063848384;dataset:3866abe66514cfb5e49712744a3e851b734238d96bbb33ae732b97c677ee1bd7","dm_index_n.hold_tag_relation;dm_index_n.grp_hold_relation;dm_index_n.hold_index"
"166106","166108","1.000000","dataset:42779470775ef8db8fe643c6b9c8f61e3f906ff7b0c2af73a27c429cd9616cc7;dataset:0a77fe229475727a06b3c70d5d2fe5c775fbbbaf3f174bf25128b7c063848384;dataset:3866abe66514cfb5e49712744a3e851b734238d96bbb33ae732b97c677ee1bd7","dm_index_n.hold_tag_relation;dm_index_n.grp_hold_relation;dm_index_n.hold_index"
"150221","164123","1.000000","dataset:a8a72cdbb4692d19e1824c6ae0c632709baec26fbef81f39a4d468678f6732d3;dataset:8ad73f74a033c26b0991f94f7dac064cc3137aa0b74aea94b04ad9219f923c1f;dataset:bb21f92858c03e21124d52840b292d9f6bfad52f0a6237aa168cf93328a59c05","dm_index_n.real_account_info;dm_index_n.hold_def_daily_dict_stock;pdata_pcav_n.mid_sta_acs_single_stock_daily_profit"
"150221","167963","1.000000","dataset:a8a72cdbb4692d19e1824c6ae0c632709baec26fbef81f39a4d468678f6732d3;dataset:8ad73f74a033c26b0991f94f7dac064cc3137aa0b74aea94b04ad9219f923c1f;dataset:bb21f92858c03e21124d52840b292d9f6bfad52f0a6237aa168cf93328a59c05","dm_index_n.real_account_info;dm_index_n.hold_def_daily_dict_stock;pdata_pcav_n.mid_sta_acs_single_stock_daily_profit"
"150221","184842","1.000000","dataset:a8a72cdbb4692d19e1824c6ae0c632709baec26fbef81f39a4d468678f6732d3;dataset:8ad73f74a033c26b0991f94f7dac064cc3137aa0b74aea94b04ad9219f923c1f;dataset:bb21f92858c03e21124d52840b292d9f6bfad52f0a6237aa168cf93328a59c05","dm_index_n.real_account_info;dm_index_n.hold_def_daily_dict_stock;pdata_pcav_n.mid_sta_acs_single_stock_daily_profit"
"152924","164647","1.000000","dataset:a8a72cdbb4692d19e1824c6ae0c632709baec26fbef81f39a4d468678f6732d3;dataset:70cd17abe71392cfab3dd511495f0ee702d109d2cf5c2f724b4f2b8b9037a13c;dataset:aaa9c3b92fa74e856d5aa3f6e89c1433eb576fff89cdbb2058ec87c7a5668197;dataset:262c44b6c28fd95242b3b5ea9217c97a201f427f0abb658f2b314975446d21b1","dm_index_n.real_account_info;pdata_n.t03_otc_chrem_acct;pdata_pcav_n.mid_sta_acs_single_fund_daily_profit;dm_index_n.hold_def_daily_dict_secum"
"152924","168844","1.000000","dataset:a8a72cdbb4692d19e1824c6ae0c632709baec26fbef81f39a4d468678f6732d3;dataset:70cd17abe71392cfab3dd511495f0ee702d109d2cf5c2f724b4f2b8b9037a13c;dataset:aaa9c3b92fa74e856d5aa3f6e89c1433eb576fff89cdbb2058ec87c7a5668197;dataset:262c44b6c28fd95242b3b5ea9217c97a201f427f0abb658f2b314975446d21b1","dm_index_n.real_account_info;pdata_n.t03_otc_chrem_acct;pdata_pcav_n.mid_sta_acs_single_fund_daily_profit;dm_index_n.hold_def_daily_dict_secum"
"164123","167963","1.000000","dataset:a8a72cdbb4692d19e1824c6ae0c632709baec26fbef81f39a4d468678f6732d3;dataset:8ad73f74a033c26b0991f94f7dac064cc3137aa0b74aea94b04ad9219f923c1f;dataset:bb21f92858c03e21124d52840b292d9f6bfad52f0a6237aa168cf93328a59c05","dm_index_n.real_account_info;dm_index_n.hold_def_daily_dict_stock;pdata_pcav_n.mid_sta_acs_single_stock_daily_profit"
"164123","184842","1.000000","dataset:a8a72cdbb4692d19e1824c6ae0c632709baec26fbef81f39a4d468678f6732d3;dataset:8ad73f74a033c26b0991f94f7dac064cc3137aa0b74aea94b04ad9219f923c1f;dataset:bb21f92858c03e21124d52840b292d9f6bfad52f0a6237aa168cf93328a59c05","dm_index_n.real_account_info;dm_index_n.hold_def_daily_dict_stock;pdata_pcav_n.mid_sta_acs_single_stock_daily_profit"
"164647","168844","1.000000","dataset:a8a72cdbb4692d19e1824c6ae0c632709baec26fbef81f39a4d468678f6732d3;dataset:70cd17abe71392cfab3dd511495f0ee702d109d2cf5c2f724b4f2b8b9037a13c;dataset:aaa9c3b92fa74e856d5aa3f6e89c1433eb576fff89cdbb2058ec87c7a5668197;dataset:262c44b6c28fd95242b3b5ea9217c97a201f427f0abb658f2b314975446d21b1","dm_index_n.real_account_info;pdata_n.t03_otc_chrem_acct;pdata_pcav_n.mid_sta_acs_single_fund_daily_profit;dm_index_n.hold_def_daily_dict_secum"
"167963","184842","1.000000","dataset:a8a72cdbb4692d19e1824c6ae0c632709baec26fbef81f39a4d468678f6732d3;dataset:8ad73f74a033c26b0991f94f7dac064cc3137aa0b74aea94b04ad9219f923c1f;dataset:bb21f92858c03e21124d52840b292d9f6bfad52f0a6237aa168cf93328a59c05","dm_index_n.real_account_info;dm_index_n.hold_def_daily_dict_stock;pdata_pcav_n.mid_sta_acs_single_stock_daily_profit"
"87202","87209","1.000000","dataset:8a949cfb1e61ccc870e85a5307b68d222a86fc12406f8e17833e0da715a6552a;dataset:332b26d5cfdb60c17697e5ab725b19c414136de02e400c36c2efc2174a2ee38e","pdata_n.t08_gks_chan_info;pdata_n.t98_gks_ord_base_info"
"87202","87210","1.000000","dataset:8a949cfb1e61ccc870e85a5307b68d222a86fc12406f8e17833e0da715a6552a;dataset:332b26d5cfdb60c17697e5ab725b19c414136de02e400c36c2efc2174a2ee38e","pdata_n.t08_gks_chan_info;pdata_n.t98_gks_ord_base_info"
"87202","87211","1.000000","dataset:8a949cfb1e61ccc870e85a5307b68d222a86fc12406f8e17833e0da715a6552a;dataset:332b26d5cfdb60c17697e5ab725b19c414136de02e400c36c2efc2174a2ee38e","pdata_n.t08_gks_chan_info;pdata_n.t98_gks_ord_base_info"
"87202","89449","1.000000","dataset:8a949cfb1e61ccc870e85a5307b68d222a86fc12406f8e17833e0da715a6552a;dataset:332b26d5cfdb60c17697e5ab725b19c414136de02e400c36c2efc2174a2ee38e","pdata_n.t08_gks_chan_info;pdata_n.t98_gks_ord_base_info"
"87202","89450","1.000000","dataset:8a949cfb1e61ccc870e85a5307b68d222a86fc12406f8e17833e0da715a6552a;dataset:332b26d5cfdb60c17697e5ab725b19c414136de02e400c36c2efc2174a2ee38e","pdata_n.t08_gks_chan_info;pdata_n.t98_gks_ord_base_info"
"87209","87210","1.000000","dataset:8a949cfb1e61ccc870e85a5307b68d222a86fc12406f8e17833e0da715a6552a;dataset:332b26d5cfdb60c17697e5ab725b19c414136de02e400c36c2efc2174a2ee38e","pdata_n.t08_gks_chan_info;pdata_n.t98_gks_ord_base_info"
"87209","87211","1.000000","dataset:8a949cfb1e61ccc870e85a5307b68d222a86fc12406f8e17833e0da715a6552a;dataset:332b26d5cfdb60c17697e5ab725b19c414136de02e400c36c2efc2174a2ee38e","pdata_n.t08_gks_chan_info;pdata_n.t98_gks_ord_base_info"
"87209","89449","1.000000","dataset:8a949cfb1e61ccc870e85a5307b68d222a86fc12406f8e17833e0da715a6552a;dataset:332b26d5cfdb60c17697e5ab725b19c414136de02e400c36c2efc2174a2ee38e","pdata_n.t08_gks_chan_info;pdata_n.t98_gks_ord_base_info"
"87209","89450","1.000000","dataset:8a949cfb1e61ccc870e85a5307b68d222a86fc12406f8e17833e0da715a6552a;dataset:332b26d5cfdb60c17697e5ab725b19c414136de02e400c36c2efc2174a2ee38e","pdata_n.t08_gks_chan_info;pdata_n.t98_gks_ord_base_info"
"87210","87211","1.000000","dataset:8a949cfb1e61ccc870e85a5307b68d222a86fc12406f8e17833e0da715a6552a;dataset:332b26d5cfdb60c17697e5ab725b19c414136de02e400c36c2efc2174a2ee38e","pdata_n.t08_gks_chan_info;pdata_n.t98_gks_ord_base_info"
"87210","89449","1.000000","dataset:8a949cfb1e61ccc870e85a5307b68d222a86fc12406f8e17833e0da715a6552a;dataset:332b26d5cfdb60c17697e5ab725b19c414136de02e400c36c2efc2174a2ee38e","pdata_n.t08_gks_chan_info;pdata_n.t98_gks_ord_base_info"
"87210","89450","1.000000","dataset:8a949cfb1e61ccc870e85a5307b68d222a86fc12406f8e17833e0da715a6552a;dataset:332b26d5cfdb60c17697e5ab725b19c414136de02e400c36c2efc2174a2ee38e","pdata_n.t08_gks_chan_info;pdata_n.t98_gks_ord_base_info"
"87211","89449","1.000000","dataset:8a949cfb1e61ccc870e85a5307b68d222a86fc12406f8e17833e0da715a6552a;dataset:332b26d5cfdb60c17697e5ab725b19c414136de02e400c36c2efc2174a2ee38e","pdata_n.t08_gks_chan_info;pdata_n.t98_gks_ord_base_info"
"87211","89450","1.000000","dataset:8a949cfb1e61ccc870e85a5307b68d222a86fc12406f8e17833e0da715a6552a;dataset:332b26d5cfdb60c17697e5ab725b19c414136de02e400c36c2efc2174a2ee38e","pdata_n.t08_gks_chan_info;pdata_n.t98_gks_ord_base_info"
"89449","89450","1.000000","dataset:8a949cfb1e61ccc870e85a5307b68d222a86fc12406f8e17833e0da715a6552a;dataset:332b26d5cfdb60c17697e5ab725b19c414136de02e400c36c2efc2174a2ee38e","pdata_n.t08_gks_chan_info;pdata_n.t98_gks_ord_base_info"
"102071","102072","1.000000","dataset:9f3f4fd6e547fc8ed1f2cd09d694bc3e517ea9ab56e4f91a18590e9eb9b0526a;dataset:8e9d9f147a9c4a40c545ed291e719ef049204487e072917a8f35c611834d43da","pdata_n.t01_pty_prd_info;pdata_n.t99_brok_ib_pvt_plac_ref"
"69312","163993","1.000000","dataset:2622c63cce6608ffc29b3b539a07be57a59ad64fadd0ba719801242b110375c2;dataset:7a4fcc9aa45d90660eb10a6171dc3f3e5bb6efa2e953ac63621f84ef9918aff4","odata_n_uip.w_ashareanncolumn;odata_n_uip.w_ashareanninf"
"219287","219736","1.000000","dataset:9ce39fb0742629e2f4658e8c4c5c25318a01a30636cd45a150489e8297eaadfd;dataset:638ae4f95d3d68e18114824fcd55db95954632b29d19f41c3b80cd6486604227","pdata_news_n.t02_co_base_info;pdata_news_n.t02_stk_base_info"
"229012","229013","0.612480","dataset:9ce39fb0742629e2f4658e8c4c5c25318a01a30636cd45a150489e8297eaadfd;dataset:84cfe09cf170accac98b9aeed80c7b0d1d9207cefca9c1f98ccc8e0ef5aabe22;dataset:0275cc8afd552e35e8d6ef6e2cf56bc8c4abe9df56e18529a14567af205804ff","pdata_news_n.t02_co_base_info;pdata_nds.t02_co_imp_info;pdata_news_n.t02_qxb_equity_person_holding_otc_mid"
"69417","163994","1.000000","dataset:8f75f372e54cf01182a64d0b9c3fd8a2e063b18f16e289f81ac497dcb11cf18d;dataset:59d8af0d143fc1d8ab1a4622ef5414668e1a1615b2c97cd1c7d7992668f7856a","odata_n_uip.w_bondanncolumn;odata_n_uip.w_bondanninf"
"69692","69825","0.924453","dataset:cccd61526052be6493abdbfb51c8440318089d3ce7f903f3a5fff415b642a719;dataset:c6adfc037672b252eb57d449915feb0ed297a128dcdc159bd5ca40a8f53beb97;dataset:01a2191daffd1f2a9b958d66912d2e09df7e3ce92da1f408a9ed8c410d6c3b40;dataset:074a1f26f17f3d9d784b6df49e6ff971a66274d343194c782f07b007e3f08293;dataset:34b01ff7b9568e6b7d3d4a8915d061f2ef3995d9d50934489d7866f60f7736fe;dataset:b29b41be68836ce8b03bb66b54675f737d8e57c296709f9f23c206a127c4a54a","odata_n_uip.w_asharedividend;odata_n_uip.w_ashareeodprices;odata_n_uip.w_asharecapitalization;odata_n_uip.w_asharerightissue;odata_n_uip.w_ashareexrightdividendrecord;odata_n_uip.q_equ_allot"
"70348","137531","1.000000","dataset:cccd61526052be6493abdbfb51c8440318089d3ce7f903f3a5fff415b642a719;dataset:0ead0d6c5e0d7e3af96cb3b5a39e7b8c18153f953150508275024ad00e42be85;dataset:4eb54d63804e39f3306b5d7563bf89bc4e8cd0cd72fac2f5d8a8c5c482a3593b;dataset:5ae96fd7287eaf40a136537ca165dabb3a42807bbfb0279d97ff54b974a1a87f","odata_n_uip.w_asharedividend;odata_n_uip.w_neeqsdividend;odata_n_uip.w_cpsdividend;odata_n_uip.w_bsharedividend"
"148419","149048","0.779217","dataset:6c7bd6a6488ef126e1462384c4b12aab7641487b13cc9e8b8ae639cfb8d93ca9;dataset:6ebabb447f462a09ed915b5632b2638807e7870ada3725edaa3f3361364cff0e;dataset:4280d72e07c99ae4c550cfbadb35ca4d517067ef846c227029bf01bb4f6c3ad1;dataset:5a79e540abc4242bc33c04d42c9fc93ee555bfa6cba9977a4f8f5907f877deeb","pdata_news_n.t02_scr_trd_cal;pdata_nds.om_flip_new_orgid;dm_index_n.index_grp3_compscal_otcderi_cs_yearapd;dm_index_n.index_grp3_org_emp_cstdprd_avgast_aum_year"
"148419","161054","0.598746","dataset:6c7bd6a6488ef126e1462384c4b12aab7641487b13cc9e8b8ae639cfb8d93ca9;dataset:6ebabb447f462a09ed915b5632b2638807e7870ada3725edaa3f3361364cff0e;dataset:4280d72e07c99ae4c550cfbadb35ca4d517067ef846c227029bf01bb4f6c3ad1;dataset:5a79e540abc4242bc33c04d42c9fc93ee555bfa6cba9977a4f8f5907f877deeb","pdata_news_n.t02_scr_trd_cal;pdata_nds.om_flip_new_orgid;dm_index_n.index_grp3_compscal_otcderi_cs_yearapd;dm_index_n.index_grp3_org_emp_cstdprd_avgast_aum_year"
"148419","161152","0.577227","dataset:6c7bd6a6488ef126e1462384c4b12aab7641487b13cc9e8b8ae639cfb8d93ca9;dataset:6ebabb447f462a09ed915b5632b2638807e7870ada3725edaa3f3361364cff0e;dataset:4280d72e07c99ae4c550cfbadb35ca4d517067ef846c227029bf01bb4f6c3ad1;dataset:5a79e540abc4242bc33c04d42c9fc93ee555bfa6cba9977a4f8f5907f877deeb","pdata_news_n.t02_scr_trd_cal;pdata_nds.om_flip_new_orgid;dm_index_n.index_grp3_compscal_otcderi_cs_yearapd;dm_index_n.index_grp3_org_emp_cstdprd_avgast_aum_year"
"149048","149236","0.571225","dataset:6c7bd6a6488ef126e1462384c4b12aab7641487b13cc9e8b8ae639cfb8d93ca9;dataset:4280d72e07c99ae4c550cfbadb35ca4d517067ef846c227029bf01bb4f6c3ad1;dataset:5a79e540abc4242bc33c04d42c9fc93ee555bfa6cba9977a4f8f5907f877deeb","pdata_news_n.t02_scr_trd_cal;dm_index_n.index_grp3_compscal_otcderi_cs_yearapd;dm_index_n.index_grp3_org_emp_cstdprd_avgast_aum_year"
"149048","161054","0.721075","dataset:6c7bd6a6488ef126e1462384c4b12aab7641487b13cc9e8b8ae639cfb8d93ca9;dataset:6ebabb447f462a09ed915b5632b2638807e7870ada3725edaa3f3361364cff0e;dataset:4280d72e07c99ae4c550cfbadb35ca4d517067ef846c227029bf01bb4f6c3ad1;dataset:5a79e540abc4242bc33c04d42c9fc93ee555bfa6cba9977a4f8f5907f877deeb","pdata_news_n.t02_scr_trd_cal;pdata_nds.om_flip_new_orgid;dm_index_n.index_grp3_compscal_otcderi_cs_yearapd;dm_index_n.index_grp3_org_emp_cstdprd_avgast_aum_year"
"149048","161152","0.690092","dataset:6c7bd6a6488ef126e1462384c4b12aab7641487b13cc9e8b8ae639cfb8d93ca9;dataset:6ebabb447f462a09ed915b5632b2638807e7870ada3725edaa3f3361364cff0e;dataset:4280d72e07c99ae4c550cfbadb35ca4d517067ef846c227029bf01bb4f6c3ad1;dataset:5a79e540abc4242bc33c04d42c9fc93ee555bfa6cba9977a4f8f5907f877deeb","pdata_news_n.t02_scr_trd_cal;pdata_nds.om_flip_new_orgid;dm_index_n.index_grp3_compscal_otcderi_cs_yearapd;dm_index_n.index_grp3_org_emp_cstdprd_avgast_aum_year"
"202295","208182","0.591787","dataset:6c7bd6a6488ef126e1462384c4b12aab7641487b13cc9e8b8ae639cfb8d93ca9;dataset:36083dc993d803183e5c26c7ae71c9248bf84470a4a5e86b0000602d64a4cebb","pdata_news_n.t02_scr_trd_cal;dm_index_n.index_grp1_ast"
"69829","69852","0.941243","dataset:8891e030e33722d5174a991925cd857fc0d38f76cc377bb1fa0edb4706ce09ac;dataset:c10a64e532b70f7dbc4c94219645aa6c830045598090c9142e609f7fbe17ac1e;dataset:84abc7ceb788a8d116faea7387529d4e65166b8b2b1deb391a43d3da65af5007;dataset:36f54d9bb2acc3f3a1c3752fb108947e17f2547d4b6d6f8fd46e23dfeab391e5;dataset:ffefdc54fab6e27f664778a863c5d79f1c8a61bf33cab5302c1ca867e7dc6811;dataset:292210859116d8941275b1f6b32cea67742b9afb232ae031fafbb3555a2aa106;dataset:bde881b7c5278996a95de42f5b2ebae37fe26426c226e1bd63ed4d407342dab7;dataset:cb9803529f387b633c177461ebc1e38580926b463a87b6cd06bcd1e1e27777ce;dataset:9c97849d79c66f7940057106b27fdb8d01bb6d7e9500dcc15a228ea724237f1d;dataset:bdbc301ed6d3243e4b55290b02b80d19fa79d8cde38a75021130a5e016126a0b;dataset:8cad414446fb2179bda23df7e36aa918bbe43c242a76a552ac9d3c35fcd6a6b3;dataset:99d7ef8af8dafd2b1c37038d2da7476b04db5124d757f16dfb5c432833c5ed3d;dataset:34000fe88523b84ea768ff0035fb59efe12723aa25bf3e564d083ce631a26e80;dataset:0dde7bebaaf0795a4b05516b17d11bc310e90115bf5e09e102e6ab60bec19be5;dataset:913953e29dfa97858827ff1cdee59306827ef030c140cf6808ccfec4c96880d7;dataset:3d5b2f054dc4513e8f3b362b776312e9746da8333353138ab21c1faa4286c2f9;dataset:8860136ef92ed359fcb5749f1c27e0daec0ecb090473249df713d48121c29051","odata_n_cap.a_biz_pro_pe_info;odata_n_cap.p_biz_pro_prd_service_info;odata_n_cap.a_biz_pro_tenant;odata_n_cap.p_biz_pro_trusteebank;odata_n_cap.s_biz_pro_prd_base_info;odata_n_cap.p_biz_pro_investment_arrangement;odata_n_cap.p_biz_pro_revenue_distribution;odata_n_cap.p_biz_pro_redemption_info;odata_n_cap.p_biz_pro_remunerate_performance;odata_n_cap.a_biz_pro_sync_account_info;odata_n_cap.p_biz_pro_transfer_service_info;odata_n_cap.a_biz_pro_closed_period_info;odata_n_cap.p_biz_pro_principal_info;odata_n_cap.p_biz_pro_to_days_info;odata_n_cap.p_biz_pro_grade_info;odata_n_cap.p_biz_pro_lock_in_period_info;odata_n_cap.p_biz_pro_fund_raising"
"168293","211730","1.000000","dataset:17ec8795e0c6aa06925f2b9ab97070d99a933058b4dae96cd2a9a2dbfcece0d6;dataset:aa94723fcb757f0d98188daf545dbdac49e731bf1b2bfa8bf25a3180bd39dcdb;dataset:7bbb8eb86a2480bd28bcd2ae3f44cc7616fc772665e90c361ebd6a677bf3b956","odata_n_tit.d_ref_instrument;odata_n_tit.d_pos_eod_calc_metrics;odata_n_tit.d_pos_bucket_vega_metrics"
"110827","110828","1.000000","dataset:cf5dcc9bb3733cd04fffcd16bf854cd3dff4b11c9749c17a1688e2c1b56d9b3f;dataset:d447eec4d7b09da0d1148dc1abc768193e951a77731a7de1164d3e41c6f5588f;dataset:d7ce6b9721cb0180804d667e1683cc191c30ec5c1a7411408304f8afd5558631;dataset:471e4f79b3fc6d5ba0ccc17ac890b59cb6ae63d4267068944d4d6dae637149ba","odata_n_tit.d_ref_otc_option_deal;odata_n_tit.d_trd_otc_trade;odata_n_tit.d_pricing_bucket_metric;odata_n_tit.d_ref_ins_option_info"
"110827","160494","1.000000","dataset:cf5dcc9bb3733cd04fffcd16bf854cd3dff4b11c9749c17a1688e2c1b56d9b3f;dataset:d447eec4d7b09da0d1148dc1abc768193e951a77731a7de1164d3e41c6f5588f;dataset:d7ce6b9721cb0180804d667e1683cc191c30ec5c1a7411408304f8afd5558631;dataset:471e4f79b3fc6d5ba0ccc17ac890b59cb6ae63d4267068944d4d6dae637149ba","odata_n_tit.d_ref_otc_option_deal;odata_n_tit.d_trd_otc_trade;odata_n_tit.d_pricing_bucket_metric;odata_n_tit.d_ref_ins_option_info"
"110828","160494","1.000000","dataset:cf5dcc9bb3733cd04fffcd16bf854cd3dff4b11c9749c17a1688e2c1b56d9b3f;dataset:d447eec4d7b09da0d1148dc1abc768193e951a77731a7de1164d3e41c6f5588f;dataset:d7ce6b9721cb0180804d667e1683cc191c30ec5c1a7411408304f8afd5558631;dataset:471e4f79b3fc6d5ba0ccc17ac890b59cb6ae63d4267068944d4d6dae637149ba","odata_n_tit.d_ref_otc_option_deal;odata_n_tit.d_trd_otc_trade;odata_n_tit.d_pricing_bucket_metric;odata_n_tit.d_ref_ins_option_info"
"133052","246739","1.000000","dataset:cf5dcc9bb3733cd04fffcd16bf854cd3dff4b11c9749c17a1688e2c1b56d9b3f;dataset:128b4323c3bdd43a207f140d975b8a52d13545002d34491b07a02b8a74b31269;dataset:d447eec4d7b09da0d1148dc1abc768193e951a77731a7de1164d3e41c6f5588f;dataset:f74394f308e963480370ec72aa0eaad2cc37b9624ff84ef68bfb4d44eefa2cd8;dataset:30d60110bafbd5a2f14a3dc530ea14c1bbd1311a69582b99a5c4363a97004864","odata_n_tit.d_ref_otc_option_deal;odata_n_tit.d_ref_trs;odata_n_tit.d_trd_otc_trade;odata_n_tit.d_ks_trade_comfirm_info;odata_n_ois.o_contract_spread_rate"
"107281","107481","1.000000","dataset:7f5cc0a8be047758b450eb44f1adbe4f40ef8af1bc3ec664a7c1355c18e7bbba;dataset:daba3cae756aae4b8f1899b4c0185aae39ec695ae6253bcb3683e32ce2e61646;dataset:57cd9b056a261ac561244ab08a21225bc3d2ef4ce0590d3179e82dcf95d21a0e","odata_n_tit.d_ref_option_deal_structure;pdata_n.t98_otc_deri_book_info;odata_n_tit.d_trd_cumulator_schedule_daily"
"106210","107641","1.000000","dataset:128b4323c3bdd43a207f140d975b8a52d13545002d34491b07a02b8a74b31269;dataset:ccaa2f038fa61f01565db58a2caa9a8eafc61c5f987af84c060a9b4b5e87dc5e","odata_n_tit.d_ref_trs;odata_n_tit.d_pos_trs_leg_valuation"
"183098","211644","1.000000","dataset:d447eec4d7b09da0d1148dc1abc768193e951a77731a7de1164d3e41c6f5588f;dataset:4c40c316442c4834f1ff96f690e0ccb50b2e01e3ef931ebcbb90f7562708d367;dataset:3a846b629b5d7b06bea0b551ee53eee65453779067cc71472d6bb9cce3f806bd","odata_n_tit.d_trd_otc_trade;odata_n_tit.d_ref_fast_trs;odata_n_tit.d_pos_fast_trs_leg_valuation"
"125666","167822","0.641862","dataset:a7734790704b775abd55d50f4eb9c2ebe7ba20cfc24ee149a848e180b49fab2a;dataset:3775b1ffc1ffdbaedf344b833f7f162cea1317a69622695e994907d5e523b24a","dm_index_n.index_grp1_net_ast;dm_index_n.index_grp_cust_oact_date"
"87097","87130","1.000000","dataset:332b26d5cfdb60c17697e5ab725b19c414136de02e400c36c2efc2174a2ee38e;dataset:20ee397727031bc14e4434f0d57ec943a3d11f4389ac2ad158451d8a8dbcdcd7","pdata_n.t98_gks_ord_base_info;pdata_n.t05_gks_tel_revst_evt"
"87097","87141","1.000000","dataset:332b26d5cfdb60c17697e5ab725b19c414136de02e400c36c2efc2174a2ee38e;dataset:20ee397727031bc14e4434f0d57ec943a3d11f4389ac2ad158451d8a8dbcdcd7","pdata_n.t98_gks_ord_base_info;pdata_n.t05_gks_tel_revst_evt"
"87097","89236","1.000000","dataset:332b26d5cfdb60c17697e5ab725b19c414136de02e400c36c2efc2174a2ee38e;dataset:20ee397727031bc14e4434f0d57ec943a3d11f4389ac2ad158451d8a8dbcdcd7","pdata_n.t98_gks_ord_base_info;pdata_n.t05_gks_tel_revst_evt"
"87130","87141","1.000000","dataset:332b26d5cfdb60c17697e5ab725b19c414136de02e400c36c2efc2174a2ee38e;dataset:20ee397727031bc14e4434f0d57ec943a3d11f4389ac2ad158451d8a8dbcdcd7","pdata_n.t98_gks_ord_base_info;pdata_n.t05_gks_tel_revst_evt"
"87130","89236","1.000000","dataset:332b26d5cfdb60c17697e5ab725b19c414136de02e400c36c2efc2174a2ee38e;dataset:20ee397727031bc14e4434f0d57ec943a3d11f4389ac2ad158451d8a8dbcdcd7","pdata_n.t98_gks_ord_base_info;pdata_n.t05_gks_tel_revst_evt"
"87141","89236","1.000000","dataset:332b26d5cfdb60c17697e5ab725b19c414136de02e400c36c2efc2174a2ee38e;dataset:20ee397727031bc14e4434f0d57ec943a3d11f4389ac2ad158451d8a8dbcdcd7","pdata_n.t98_gks_ord_base_info;pdata_n.t05_gks_tel_revst_evt"
"87175","87348","0.830726","dataset:332b26d5cfdb60c17697e5ab725b19c414136de02e400c36c2efc2174a2ee38e;dataset:3fa84cd8b57401d2f1f4ac6179ed617dfbedbd9b8290d6115b1e645470e61147;dataset:b5089d9774ba9c11d37ab478a5bef4565497b889e936433fe8187424c16840e5","pdata_n.t98_gks_ord_base_info;pdata_n.t98_crm_oact_pty_id_mobile_map_info;pdata_n.t98_crm_cust_chan_info"
"173057","174370","1.000000","dataset:70c0159250d5cdd722433c4aa9beca1e4bbd639fdad7ccf159f174f4e14ed90d;dataset:36083dc993d803183e5c26c7ae71c9248bf84470a4a5e86b0000602d64a4cebb;dataset:bfe61f71331c7fe17bbac1d3f9257711d39afae9d75f0f2bf7c4f9223cea0d1b;dataset:6fe25163880c746448571f127e3e774ec3d12233239487215a34281dfd0dbdfa;dataset:4204a97fbd10931b1d547286ddeaa3972adcd1d850b67d191ec99e5e185cdc2f","pdata_n.t98_cust_brok_mng_rela_info;dm_index_n.index_grp1_ast;pdata_n.t98_cust_corp_cust_base_info;pdata_n.t98_cust_indv_cust_base_info;dm_index_n.grp_tag_client_whth_valid_flag"
"173057","174537","0.572973","dataset:70c0159250d5cdd722433c4aa9beca1e4bbd639fdad7ccf159f174f4e14ed90d;dataset:bfe61f71331c7fe17bbac1d3f9257711d39afae9d75f0f2bf7c4f9223cea0d1b;dataset:6fe25163880c746448571f127e3e774ec3d12233239487215a34281dfd0dbdfa;dataset:4204a97fbd10931b1d547286ddeaa3972adcd1d850b67d191ec99e5e185cdc2f","pdata_n.t98_cust_brok_mng_rela_info;pdata_n.t98_cust_corp_cust_base_info;pdata_n.t98_cust_indv_cust_base_info;dm_index_n.grp_tag_client_whth_valid_flag"
"173057","174933","0.613214","dataset:70c0159250d5cdd722433c4aa9beca1e4bbd639fdad7ccf159f174f4e14ed90d;dataset:bfe61f71331c7fe17bbac1d3f9257711d39afae9d75f0f2bf7c4f9223cea0d1b;dataset:6fe25163880c746448571f127e3e774ec3d12233239487215a34281dfd0dbdfa;dataset:4204a97fbd10931b1d547286ddeaa3972adcd1d850b67d191ec99e5e185cdc2f","pdata_n.t98_cust_brok_mng_rela_info;pdata_n.t98_cust_corp_cust_base_info;pdata_n.t98_cust_indv_cust_base_info;dm_index_n.grp_tag_client_whth_valid_flag"
"174370","174537","0.572973","dataset:70c0159250d5cdd722433c4aa9beca1e4bbd639fdad7ccf159f174f4e14ed90d;dataset:bfe61f71331c7fe17bbac1d3f9257711d39afae9d75f0f2bf7c4f9223cea0d1b;dataset:6fe25163880c746448571f127e3e774ec3d12233239487215a34281dfd0dbdfa;dataset:4204a97fbd10931b1d547286ddeaa3972adcd1d850b67d191ec99e5e185cdc2f","pdata_n.t98_cust_brok_mng_rela_info;pdata_n.t98_cust_corp_cust_base_info;pdata_n.t98_cust_indv_cust_base_info;dm_index_n.grp_tag_client_whth_valid_flag"
"174370","174933","0.613214","dataset:70c0159250d5cdd722433c4aa9beca1e4bbd639fdad7ccf159f174f4e14ed90d;dataset:bfe61f71331c7fe17bbac1d3f9257711d39afae9d75f0f2bf7c4f9223cea0d1b;dataset:6fe25163880c746448571f127e3e774ec3d12233239487215a34281dfd0dbdfa;dataset:4204a97fbd10931b1d547286ddeaa3972adcd1d850b67d191ec99e5e185cdc2f","pdata_n.t98_cust_brok_mng_rela_info;pdata_n.t98_cust_corp_cust_base_info;pdata_n.t98_cust_indv_cust_base_info;dm_index_n.grp_tag_client_whth_valid_flag"
"174918","174933","0.722560","dataset:70c0159250d5cdd722433c4aa9beca1e4bbd639fdad7ccf159f174f4e14ed90d;dataset:bfe61f71331c7fe17bbac1d3f9257711d39afae9d75f0f2bf7c4f9223cea0d1b;dataset:6fe25163880c746448571f127e3e774ec3d12233239487215a34281dfd0dbdfa;dataset:4204a97fbd10931b1d547286ddeaa3972adcd1d850b67d191ec99e5e185cdc2f;dataset:2ee6b30f0dc356c3f68d29090aa485f0e1746b456426f342a0296dc8d61bf0c3","pdata_n.t98_cust_brok_mng_rela_info;pdata_n.t98_cust_corp_cust_base_info;pdata_n.t98_cust_indv_cust_base_info;dm_index_n.grp_tag_client_whth_valid_flag;dm_index_n.index_grp1_yield_fullacct_year_retandorgcntr"
"149249","149270","0.737908","dataset:1d47dbf22ef9288e7701f319185fb97c801092725701c2aacfa9ecb3ad2fb84d;dataset:aa5540faf887495a4279fe60e4d7166d1473a0b8451ae441aee46744690ea26c","pdata_n.t98_cust_prd_ret_info;dm_index_n.prdcust_mng_prd_ext_rela"
"92112","92113","0.645902","dataset:f42ed0603207a95ed4d03e2c7a3b09dea725bb6d9b8acdb22ff3f30b02f2db0d;dataset:a3443edd872d3766f59537d99768202ef411de08b64a5a2a4745c9e0212ce28a;dataset:c73efaa637e56b8167adf1443bcb4045563a24e306b7b99586e6dee6cdaa19a4","pdata_n.t05_exch_scr_entr_evt;pdata_n.t05_exch_cmphs_busi_entr_evt;pdata_n.t05_otc_chrem_entr_evt"
"149916","149929","1.000000","dataset:f42ed0603207a95ed4d03e2c7a3b09dea725bb6d9b8acdb22ff3f30b02f2db0d;dataset:c4bd8f937a1b6b1b8aa5a87a483662518693e34ca26695c4f2d3d52c3ef0b044","pdata_n.t05_exch_scr_entr_evt;pdata_n.t99_src_sys_feat_code_info"
"92220","146553","1.000000","dataset:0821f1e8240cecaeb79839a355ae82a755555f70e2240b25ca44f444a8ed2279;dataset:dac0b8b324e5806fa69a64dc309db3775775501c38a22bfaffc16fbb2634464e","pdata_n.t01_refin_pty_dev_rela_adtnl;pdata_n.t98_crm_avg_lend_scal_info"
"93338","147921","1.000000","dataset:37a5d673846c0cb127f7fed7c44232647c94522662d3d2554e9c4492b1c4d66f;dataset:e305ba49f95bb496054a40c861934469db1d1ba96d36b45a53c258a6324bade1","pdata_n.t98_otc_deri_comp_sale_adtnl_det;pdata_n.t98_otc_comp_mng_rela_info"
"93338","148124","1.000000","dataset:37a5d673846c0cb127f7fed7c44232647c94522662d3d2554e9c4492b1c4d66f;dataset:e305ba49f95bb496054a40c861934469db1d1ba96d36b45a53c258a6324bade1","pdata_n.t98_otc_deri_comp_sale_adtnl_det;pdata_n.t98_otc_comp_mng_rela_info"
"93338","159763","1.000000","dataset:37a5d673846c0cb127f7fed7c44232647c94522662d3d2554e9c4492b1c4d66f;dataset:e305ba49f95bb496054a40c861934469db1d1ba96d36b45a53c258a6324bade1","pdata_n.t98_otc_deri_comp_sale_adtnl_det;pdata_n.t98_otc_comp_mng_rela_info"
"93338","159768","1.000000","dataset:37a5d673846c0cb127f7fed7c44232647c94522662d3d2554e9c4492b1c4d66f;dataset:e305ba49f95bb496054a40c861934469db1d1ba96d36b45a53c258a6324bade1","pdata_n.t98_otc_deri_comp_sale_adtnl_det;pdata_n.t98_otc_comp_mng_rela_info"
"93338","206208","0.620701","dataset:37a5d673846c0cb127f7fed7c44232647c94522662d3d2554e9c4492b1c4d66f;dataset:e305ba49f95bb496054a40c861934469db1d1ba96d36b45a53c258a6324bade1","pdata_n.t98_otc_deri_comp_sale_adtnl_det;pdata_n.t98_otc_comp_mng_rela_info"
"93338","224351","1.000000","dataset:37a5d673846c0cb127f7fed7c44232647c94522662d3d2554e9c4492b1c4d66f;dataset:e305ba49f95bb496054a40c861934469db1d1ba96d36b45a53c258a6324bade1","pdata_n.t98_otc_deri_comp_sale_adtnl_det;pdata_n.t98_otc_comp_mng_rela_info"
"113993","114013","1.000000","dataset:37a5d673846c0cb127f7fed7c44232647c94522662d3d2554e9c4492b1c4d66f;dataset:e305ba49f95bb496054a40c861934469db1d1ba96d36b45a53c258a6324bade1;dataset:37b0a88fa15c613f09d314b81ae9bbe03d83ce31c5c6d9fca378e07e2a66a5a9;dataset:2157572b1ff76d76fe1c6c396eeb25ea0edb08da325e70c3f6c891fac1056bf0;dataset:18456ad69394c0853d5d7ce0ba02521b90f98c3ef88a917b56c8e276b40bf947;dataset:e5292cf4c3d5d35ff5a02346ffe42f3e35387161c6acdad7aa25ede5dd0de3e1","pdata_n.t98_otc_deri_comp_sale_adtnl_det;pdata_n.t98_otc_comp_mng_rela_info;pdata_n.t99_otc_deri_inr_base_ref;pdata_n.t99_deri_comp_base_coef_ref;pdata_n.t99_otc_deri_inr_base_mapping;pdata_n.t99_deri_comp_sprd_coef_ref"
"147921","148124","1.000000","dataset:37a5d673846c0cb127f7fed7c44232647c94522662d3d2554e9c4492b1c4d66f;dataset:e305ba49f95bb496054a40c861934469db1d1ba96d36b45a53c258a6324bade1","pdata_n.t98_otc_deri_comp_sale_adtnl_det;pdata_n.t98_otc_comp_mng_rela_info"
"147921","159763","1.000000","dataset:37a5d673846c0cb127f7fed7c44232647c94522662d3d2554e9c4492b1c4d66f;dataset:e305ba49f95bb496054a40c861934469db1d1ba96d36b45a53c258a6324bade1","pdata_n.t98_otc_deri_comp_sale_adtnl_det;pdata_n.t98_otc_comp_mng_rela_info"
"147921","159768","1.000000","dataset:37a5d673846c0cb127f7fed7c44232647c94522662d3d2554e9c4492b1c4d66f;dataset:e305ba49f95bb496054a40c861934469db1d1ba96d36b45a53c258a6324bade1","pdata_n.t98_otc_deri_comp_sale_adtnl_det;pdata_n.t98_otc_comp_mng_rela_info"
"147921","206208","0.620701","dataset:37a5d673846c0cb127f7fed7c44232647c94522662d3d2554e9c4492b1c4d66f;dataset:e305ba49f95bb496054a40c861934469db1d1ba96d36b45a53c258a6324bade1","pdata_n.t98_otc_deri_comp_sale_adtnl_det;pdata_n.t98_otc_comp_mng_rela_info"
"147921","224351","1.000000","dataset:37a5d673846c0cb127f7fed7c44232647c94522662d3d2554e9c4492b1c4d66f;dataset:e305ba49f95bb496054a40c861934469db1d1ba96d36b45a53c258a6324bade1","pdata_n.t98_otc_deri_comp_sale_adtnl_det;pdata_n.t98_otc_comp_mng_rela_info"
"148124","159763","1.000000","dataset:37a5d673846c0cb127f7fed7c44232647c94522662d3d2554e9c4492b1c4d66f;dataset:e305ba49f95bb496054a40c861934469db1d1ba96d36b45a53c258a6324bade1","pdata_n.t98_otc_deri_comp_sale_adtnl_det;pdata_n.t98_otc_comp_mng_rela_info"
"148124","159768","1.000000","dataset:37a5d673846c0cb127f7fed7c44232647c94522662d3d2554e9c4492b1c4d66f;dataset:e305ba49f95bb496054a40c861934469db1d1ba96d36b45a53c258a6324bade1","pdata_n.t98_otc_deri_comp_sale_adtnl_det;pdata_n.t98_otc_comp_mng_rela_info"
"148124","206208","0.620701","dataset:37a5d673846c0cb127f7fed7c44232647c94522662d3d2554e9c4492b1c4d66f;dataset:e305ba49f95bb496054a40c861934469db1d1ba96d36b45a53c258a6324bade1","pdata_n.t98_otc_deri_comp_sale_adtnl_det;pdata_n.t98_otc_comp_mng_rela_info"
"148124","224351","1.000000","dataset:37a5d673846c0cb127f7fed7c44232647c94522662d3d2554e9c4492b1c4d66f;dataset:e305ba49f95bb496054a40c861934469db1d1ba96d36b45a53c258a6324bade1","pdata_n.t98_otc_deri_comp_sale_adtnl_det;pdata_n.t98_otc_comp_mng_rela_info"
"159763","159768","1.000000","dataset:37a5d673846c0cb127f7fed7c44232647c94522662d3d2554e9c4492b1c4d66f;dataset:e305ba49f95bb496054a40c861934469db1d1ba96d36b45a53c258a6324bade1","pdata_n.t98_otc_deri_comp_sale_adtnl_det;pdata_n.t98_otc_comp_mng_rela_info"
"159763","206208","0.620701","dataset:37a5d673846c0cb127f7fed7c44232647c94522662d3d2554e9c4492b1c4d66f;dataset:e305ba49f95bb496054a40c861934469db1d1ba96d36b45a53c258a6324bade1","pdata_n.t98_otc_deri_comp_sale_adtnl_det;pdata_n.t98_otc_comp_mng_rela_info"
"159763","224351","1.000000","dataset:37a5d673846c0cb127f7fed7c44232647c94522662d3d2554e9c4492b1c4d66f;dataset:e305ba49f95bb496054a40c861934469db1d1ba96d36b45a53c258a6324bade1","pdata_n.t98_otc_deri_comp_sale_adtnl_det;pdata_n.t98_otc_comp_mng_rela_info"
"159768","206208","0.620701","dataset:37a5d673846c0cb127f7fed7c44232647c94522662d3d2554e9c4492b1c4d66f;dataset:e305ba49f95bb496054a40c861934469db1d1ba96d36b45a53c258a6324bade1","pdata_n.t98_otc_deri_comp_sale_adtnl_det;pdata_n.t98_otc_comp_mng_rela_info"
"159768","224351","1.000000","dataset:37a5d673846c0cb127f7fed7c44232647c94522662d3d2554e9c4492b1c4d66f;dataset:e305ba49f95bb496054a40c861934469db1d1ba96d36b45a53c258a6324bade1","pdata_n.t98_otc_deri_comp_sale_adtnl_det;pdata_n.t98_otc_comp_mng_rela_info"
"206208","224351","0.620701","dataset:37a5d673846c0cb127f7fed7c44232647c94522662d3d2554e9c4492b1c4d66f;dataset:e305ba49f95bb496054a40c861934469db1d1ba96d36b45a53c258a6324bade1","pdata_n.t98_otc_deri_comp_sale_adtnl_det;pdata_n.t98_otc_comp_mng_rela_info"
"118141","118143","0.614989","dataset:e305ba49f95bb496054a40c861934469db1d1ba96d36b45a53c258a6324bade1;dataset:2157572b1ff76d76fe1c6c396eeb25ea0edb08da325e70c3f6c891fac1056bf0;dataset:e5292cf4c3d5d35ff5a02346ffe42f3e35387161c6acdad7aa25ede5dd0de3e1;dataset:5ff7183315a00614472462f2fce281dc0454210970d00d60b0e0ec5821b90054;dataset:99fd94dea7f1f99fdf01a4b43d53baa501c66940a972d8bb2f81ed7b407552db","pdata_n.t98_otc_comp_mng_rela_info;pdata_n.t99_deri_comp_base_coef_ref;pdata_n.t99_deri_comp_sprd_coef_ref;pdata_n.t99_deri_comp_type_base_coef_ref;pdata_n.t99_deri_cutp_comp_type_sprd_coef_ref"
"220979","220981","0.569766","dataset:e305ba49f95bb496054a40c861934469db1d1ba96d36b45a53c258a6324bade1;dataset:2157572b1ff76d76fe1c6c396eeb25ea0edb08da325e70c3f6c891fac1056bf0;dataset:e5292cf4c3d5d35ff5a02346ffe42f3e35387161c6acdad7aa25ede5dd0de3e1;dataset:98f05ec9d9c1dc747a5d78ac2f9998a2bdc7650f44c05bb80b23fdcf095d8fef;dataset:9ff32af23e0013fff110782ff4509aa2c3a8c5341ed6ccea063759b301da1648;dataset:b2908830cbf9fd34e43f14321dd744f2c2ce647ac9f763d9a2fca78b69e4799a;dataset:16aea9526f9ae5ad6a480fda9b4732c183b3e02a4b7b5d282b4fd0000ba618a7","pdata_n.t98_otc_comp_mng_rela_info;pdata_n.t99_deri_comp_base_coef_ref;pdata_n.t99_deri_comp_sprd_coef_ref;odata_n_ois.g_rev_hk_sales_base_coef;odata_n_ois.g_rev_hkcpty_bid_ask_commission_rate;odata_n_ois.g_rev_hkcpty_bid_ask_spread_coef;odata_n_ois.g_rev_hk_contract_commission_rate"
"94167","190690","1.000000","dataset:4b346d7da6374292cf7fd0b25e975d31468b18676cbbd3b6d7cb8d6b43576eff;dataset:290e12afe3552db4d763c8f4eb9c27af7eb4b1621160eff6bb490d416aaca7e3","pdata_news_n.t02_fct_comp_prd_info;odata_n_fct.a_v_t_futinstrument"
"96834","101039","1.000000","dataset:0ec04df1da37247e0ef22ea07cf4c114079e296aa7e5424dbbca7b6b263a522a;dataset:6883dcda2dc547e262a474e7f3bf503c07ec6a3ac60cab6899b78d0e19124c68","dm_index_n.index_grp_opt_open_date_by_cert_no;dm_index_n.index_grp_opt_actv_date_by_cert_no"
"202688","202693","0.593476","dataset:7d144bf4a952532d9403ab4a1ebf6f779df062db631502267794f3df534df971;dataset:03b566cf2ab3ac288cfb575483c4152ac409ace352c22726b86185a5893070e6","pdata_n.t98_cust_cred_mng_info;dm_index_n.grp_tag_client_is_mts_qual_pcus"
"202688","202694","1.000000","dataset:7d144bf4a952532d9403ab4a1ebf6f779df062db631502267794f3df534df971;dataset:03b566cf2ab3ac288cfb575483c4152ac409ace352c22726b86185a5893070e6","pdata_n.t98_cust_cred_mng_info;dm_index_n.grp_tag_client_is_mts_qual_pcus"
"202693","202694","0.593476","dataset:7d144bf4a952532d9403ab4a1ebf6f779df062db631502267794f3df534df971;dataset:03b566cf2ab3ac288cfb575483c4152ac409ace352c22726b86185a5893070e6","pdata_n.t98_cust_cred_mng_info;dm_index_n.grp_tag_client_is_mts_qual_pcus"
"202689","202691","0.608287","dataset:8da96323d6e689ad796b667dc34e651cd7515003b67c6fdd4669ecddb5bc5d1d;dataset:832bc3a5362f4d392bec8ffba1a291463a9b65d211fdb1aa9d6a762bdda2e010","dm_index_n.index_grp_apd_net_asset;dm_index_n.index_grp1_mval_stk_new_fullmkt_tdy"
"202689","202692","1.000000","dataset:8da96323d6e689ad796b667dc34e651cd7515003b67c6fdd4669ecddb5bc5d1d;dataset:832bc3a5362f4d392bec8ffba1a291463a9b65d211fdb1aa9d6a762bdda2e010","dm_index_n.index_grp_apd_net_asset;dm_index_n.index_grp1_mval_stk_new_fullmkt_tdy"
"202691","202692","0.608287","dataset:8da96323d6e689ad796b667dc34e651cd7515003b67c6fdd4669ecddb5bc5d1d;dataset:832bc3a5362f4d392bec8ffba1a291463a9b65d211fdb1aa9d6a762bdda2e010","dm_index_n.index_grp_apd_net_asset;dm_index_n.index_grp1_mval_stk_new_fullmkt_tdy"
"123571","221300","0.577410","dataset:c28f37d6630b87e9a1b1a3f35b8399dd0caebfa0d4bae6299118d5e95566205c;dataset:a67be974b8f8454ddbd420cfb9e49b0d02dce524ce5407c589187c268dd5a432;dataset:f49176b230f1f5468631d152b694cf6148ddf3c808df256b1c1f0563506b600e","pdata_news_n.t02_fin_float_income_vchr_info;pdata_news_n.t02_otc_fin_info;pdata_news_n.t02_bnd_income_vchr_ois"
"138194","173559","1.000000","dataset:daba3cae756aae4b8f1899b4c0185aae39ec695ae6253bcb3683e32ce2e61646;dataset:84d08bf9c2e0d75e0d368ac269dcfae65d312dda1da23d70ca2f4b6de078e164;dataset:8bfedab27396b1ef2107fed850807e8ed54089c754022acbff7bfb955880ded2","pdata_n.t98_otc_deri_book_info;pdata_n.t98_otc_book_hold_sum;pdata_n.t98_sb_otc_swap_comp_info"
"138194","176330","0.715802","dataset:daba3cae756aae4b8f1899b4c0185aae39ec695ae6253bcb3683e32ce2e61646;dataset:84d08bf9c2e0d75e0d368ac269dcfae65d312dda1da23d70ca2f4b6de078e164;dataset:8bfedab27396b1ef2107fed850807e8ed54089c754022acbff7bfb955880ded2","pdata_n.t98_otc_deri_book_info;pdata_n.t98_otc_book_hold_sum;pdata_n.t98_sb_otc_swap_comp_info"
"138194","176930","1.000000","dataset:daba3cae756aae4b8f1899b4c0185aae39ec695ae6253bcb3683e32ce2e61646;dataset:84d08bf9c2e0d75e0d368ac269dcfae65d312dda1da23d70ca2f4b6de078e164;dataset:8bfedab27396b1ef2107fed850807e8ed54089c754022acbff7bfb955880ded2","pdata_n.t98_otc_deri_book_info;pdata_n.t98_otc_book_hold_sum;pdata_n.t98_sb_otc_swap_comp_info"
"138194","176941","1.000000","dataset:daba3cae756aae4b8f1899b4c0185aae39ec695ae6253bcb3683e32ce2e61646;dataset:84d08bf9c2e0d75e0d368ac269dcfae65d312dda1da23d70ca2f4b6de078e164;dataset:8bfedab27396b1ef2107fed850807e8ed54089c754022acbff7bfb955880ded2","pdata_n.t98_otc_deri_book_info;pdata_n.t98_otc_book_hold_sum;pdata_n.t98_sb_otc_swap_comp_info"
"138194","218601","0.715802","dataset:daba3cae756aae4b8f1899b4c0185aae39ec695ae6253bcb3683e32ce2e61646;dataset:84d08bf9c2e0d75e0d368ac269dcfae65d312dda1da23d70ca2f4b6de078e164;dataset:8bfedab27396b1ef2107fed850807e8ed54089c754022acbff7bfb955880ded2","pdata_n.t98_otc_deri_book_info;pdata_n.t98_otc_book_hold_sum;pdata_n.t98_sb_otc_swap_comp_info"
"173559","176330","0.715802","dataset:daba3cae756aae4b8f1899b4c0185aae39ec695ae6253bcb3683e32ce2e61646;dataset:84d08bf9c2e0d75e0d368ac269dcfae65d312dda1da23d70ca2f4b6de078e164;dataset:8bfedab27396b1ef2107fed850807e8ed54089c754022acbff7bfb955880ded2","pdata_n.t98_otc_deri_book_info;pdata_n.t98_otc_book_hold_sum;pdata_n.t98_sb_otc_swap_comp_info"
"173559","176930","1.000000","dataset:daba3cae756aae4b8f1899b4c0185aae39ec695ae6253bcb3683e32ce2e61646;dataset:84d08bf9c2e0d75e0d368ac269dcfae65d312dda1da23d70ca2f4b6de078e164;dataset:8bfedab27396b1ef2107fed850807e8ed54089c754022acbff7bfb955880ded2","pdata_n.t98_otc_deri_book_info;pdata_n.t98_otc_book_hold_sum;pdata_n.t98_sb_otc_swap_comp_info"
"173559","176941","1.000000","dataset:daba3cae756aae4b8f1899b4c0185aae39ec695ae6253bcb3683e32ce2e61646;dataset:84d08bf9c2e0d75e0d368ac269dcfae65d312dda1da23d70ca2f4b6de078e164;dataset:8bfedab27396b1ef2107fed850807e8ed54089c754022acbff7bfb955880ded2","pdata_n.t98_otc_deri_book_info;pdata_n.t98_otc_book_hold_sum;pdata_n.t98_sb_otc_swap_comp_info"
"173559","218601","0.715802","dataset:daba3cae756aae4b8f1899b4c0185aae39ec695ae6253bcb3683e32ce2e61646;dataset:84d08bf9c2e0d75e0d368ac269dcfae65d312dda1da23d70ca2f4b6de078e164;dataset:8bfedab27396b1ef2107fed850807e8ed54089c754022acbff7bfb955880ded2","pdata_n.t98_otc_deri_book_info;pdata_n.t98_otc_book_hold_sum;pdata_n.t98_sb_otc_swap_comp_info"
"176330","176930","0.715802","dataset:daba3cae756aae4b8f1899b4c0185aae39ec695ae6253bcb3683e32ce2e61646;dataset:84d08bf9c2e0d75e0d368ac269dcfae65d312dda1da23d70ca2f4b6de078e164;dataset:8bfedab27396b1ef2107fed850807e8ed54089c754022acbff7bfb955880ded2","pdata_n.t98_otc_deri_book_info;pdata_n.t98_otc_book_hold_sum;pdata_n.t98_sb_otc_swap_comp_info"
"176330","176941","0.715802","dataset:daba3cae756aae4b8f1899b4c0185aae39ec695ae6253bcb3683e32ce2e61646;dataset:84d08bf9c2e0d75e0d368ac269dcfae65d312dda1da23d70ca2f4b6de078e164;dataset:8bfedab27396b1ef2107fed850807e8ed54089c754022acbff7bfb955880ded2","pdata_n.t98_otc_deri_book_info;pdata_n.t98_otc_book_hold_sum;pdata_n.t98_sb_otc_swap_comp_info"
"176330","218601","1.000000","dataset:daba3cae756aae4b8f1899b4c0185aae39ec695ae6253bcb3683e32ce2e61646;dataset:f92608c1cde34bca7fdbb72c0b3c7336229965b220aa3d1a4e247539b2b92b79;dataset:84d08bf9c2e0d75e0d368ac269dcfae65d312dda1da23d70ca2f4b6de078e164;dataset:8bfedab27396b1ef2107fed850807e8ed54089c754022acbff7bfb955880ded2","pdata_n.t98_otc_deri_book_info;pdata_n.t98_otc_swap_comp_leg_valu_info;pdata_n.t98_otc_book_hold_sum;pdata_n.t98_sb_otc_swap_comp_info"
"176930","176941","1.000000","dataset:daba3cae756aae4b8f1899b4c0185aae39ec695ae6253bcb3683e32ce2e61646;dataset:84d08bf9c2e0d75e0d368ac269dcfae65d312dda1da23d70ca2f4b6de078e164;dataset:8bfedab27396b1ef2107fed850807e8ed54089c754022acbff7bfb955880ded2","pdata_n.t98_otc_deri_book_info;pdata_n.t98_otc_book_hold_sum;pdata_n.t98_sb_otc_swap_comp_info"
"176930","218601","0.715802","dataset:daba3cae756aae4b8f1899b4c0185aae39ec695ae6253bcb3683e32ce2e61646;dataset:84d08bf9c2e0d75e0d368ac269dcfae65d312dda1da23d70ca2f4b6de078e164;dataset:8bfedab27396b1ef2107fed850807e8ed54089c754022acbff7bfb955880ded2","pdata_n.t98_otc_deri_book_info;pdata_n.t98_otc_book_hold_sum;pdata_n.t98_sb_otc_swap_comp_info"
"176941","218601","0.715802","dataset:daba3cae756aae4b8f1899b4c0185aae39ec695ae6253bcb3683e32ce2e61646;dataset:84d08bf9c2e0d75e0d368ac269dcfae65d312dda1da23d70ca2f4b6de078e164;dataset:8bfedab27396b1ef2107fed850807e8ed54089c754022acbff7bfb955880ded2","pdata_n.t98_otc_deri_book_info;pdata_n.t98_otc_book_hold_sum;pdata_n.t98_sb_otc_swap_comp_info"
"169145","176360","1.000000","dataset:84d08bf9c2e0d75e0d368ac269dcfae65d312dda1da23d70ca2f4b6de078e164;dataset:6bb80efc251b793f1930bb95ca4ce558523fe785986ae2f0d13e547b0935a9a0","pdata_n.t98_otc_book_hold_sum;pdata_n.t98_sb_otc_opt_comp_info"
"202397","202400","0.743625","dataset:84a35a1b28b98b8055f2f277dd3ee093a9767abd0446bb7fb91dff84b7a07ca0;dataset:b5b19b9e4ddd9fb9c33d52558b2ee541df0a8344506a4b0b70aac625a9777d29","pdata_news_n.t02_prd_fin_info;pdata_n.t03_prd_ord_info"
"202397","202401","0.600960","dataset:84a35a1b28b98b8055f2f277dd3ee093a9767abd0446bb7fb91dff84b7a07ca0;dataset:b5b19b9e4ddd9fb9c33d52558b2ee541df0a8344506a4b0b70aac625a9777d29","pdata_news_n.t02_prd_fin_info;pdata_n.t03_prd_ord_info"
"202540","202541","0.707605","dataset:84a35a1b28b98b8055f2f277dd3ee093a9767abd0446bb7fb91dff84b7a07ca0;dataset:34e026c01e9bdf761490878f1d4f69cfeaae5bc3af8de770bf8bc9bfeed5df01;dataset:61b91f192facd4505e29b688fda7b01fe3000bc324225827cdff5890811bff24","pdata_news_n.t02_prd_fin_info;pdata_news_n.t02_prd_fin_info_ext;dm_index_n.index_grp2_firtnrdate_finprd"
"202540","202550","1.000000","dataset:84a35a1b28b98b8055f2f277dd3ee093a9767abd0446bb7fb91dff84b7a07ca0;dataset:34e026c01e9bdf761490878f1d4f69cfeaae5bc3af8de770bf8bc9bfeed5df01;dataset:61b91f192facd4505e29b688fda7b01fe3000bc324225827cdff5890811bff24","pdata_news_n.t02_prd_fin_info;pdata_news_n.t02_prd_fin_info_ext;dm_index_n.index_grp2_firtnrdate_finprd"
"202541","202550","0.707605","dataset:84a35a1b28b98b8055f2f277dd3ee093a9767abd0446bb7fb91dff84b7a07ca0;dataset:34e026c01e9bdf761490878f1d4f69cfeaae5bc3af8de770bf8bc9bfeed5df01;dataset:61b91f192facd4505e29b688fda7b01fe3000bc324225827cdff5890811bff24","pdata_news_n.t02_prd_fin_info;pdata_news_n.t02_prd_fin_info_ext;dm_index_n.index_grp2_firtnrdate_finprd"
"112835","135973","0.771064","dataset:9a531205f1edd57d7950757844f3b72c1c7a18e173295ff82efa02a7da505e16;dataset:7e48175ff7a30538701782bba49e7c9ff1bea543ce695209b9875d80450dd35f;dataset:914dd3a3755510b17eedf7ac06c0ad5652566fe10906904269336f68dce696f8;dataset:74f3b52cd9ee27c899b0f81a525e53dc29121538dfa4fd3b9df30534e10f8ac7","pdata_n.t98_cust_elig_info;dm_index_n.grp_tag_client_open_stib;dm_index_n.index_grp1_incl_non_trd_nts_last_20d_avg_asset;dm_index_n.index_grp_custset_first_csdc_trd_date"
"203306","203311","1.000000","dataset:ac80bdd6e07e477c93a8df146a5a30e2969a335ba2c9e038eae0800caac7dbc8;dataset:dfbcba19f89e005e097e3b6df15998b0a6d1b13a3e172e3199f9e1fc4346c90b","pdata_n.t98_otc_deri_undrl_income_rwd_sum;dm_index_n.grp_tag_otc_deri_contr_type_rpt_contr_type"
"159497","159506","1.000000","dataset:30a45da7fcbdb2d48cab3d0633a118bfbd9a81fe395bc3f35c8f3298e9b3e185;dataset:ed73155a54f70968d28d0804f05815372a9c4f92261f543595954ad6d85bd339;dataset:91c044b29496ac4f3ab6eb1b7b99ea86c254465756f239210bed6263195016ce;dataset:c1ede125763fd62d9cc7d2651fdabe63efb2142c7ff2ac96282912ec816a7ea3;dataset:7cf316082e22f46465f66eff57e6ac8c4e6a743c8d291269becf964eaf810b1f;dataset:a0d258caf8bb496450f5b4a3eb77c4168ed3a3aa57804ddc161d8310a5e7d523;dataset:824561731968c71976e1e6b3542e83847685bad4aa4d8e806ecc0826a5262fa8;dataset:8db1d5394f237f478b59ade235c71dbe60c92a42430bade7d573fb2e9f0c0abc;dataset:cd0f3df26e620959ecc601cf13887354a5bef136403c6edbb08aaf928ea37d97;dataset:48cf200482cbbce15351f667e210e46c6915b786d8cdce9fb21084159de06618;dataset:568acaa46277d981c1ef7345e752c0d77fd9cc40d0fe4ab74fd1c017418869e3;dataset:b5df6cf01672a1da0294c4e808744f745328afaf4ac02e147e0c18b17aa646af;dataset:10f28afe91fce800bc28bd1284fb5a6e56872561417659fe34d295d9208633a6","pdata_n.t99_trd_cal_ref;pdata_nds.pos_position_daily;pdata_nds.pos_trs_leg_his_pos;pdata_nds.ref_book;pdata_nds.ref_counterparty;pdata_nds.pos_trs_leg_valuation;pdata_nds.bundle_margin_daily_result;pdata_nds.pos_trs_underlying_valuation;pdata_nds.ref_trs_leg;pdata_nds.trd_otc_trade;pdata_nds.trd_otc_contr_report;pdata_nds.ref_trs;pdata_nds.trd_transfer"
"159497","160791","1.000000","dataset:30a45da7fcbdb2d48cab3d0633a118bfbd9a81fe395bc3f35c8f3298e9b3e185;dataset:ed73155a54f70968d28d0804f05815372a9c4f92261f543595954ad6d85bd339;dataset:91c044b29496ac4f3ab6eb1b7b99ea86c254465756f239210bed6263195016ce;dataset:c1ede125763fd62d9cc7d2651fdabe63efb2142c7ff2ac96282912ec816a7ea3;dataset:7cf316082e22f46465f66eff57e6ac8c4e6a743c8d291269becf964eaf810b1f;dataset:a0d258caf8bb496450f5b4a3eb77c4168ed3a3aa57804ddc161d8310a5e7d523;dataset:824561731968c71976e1e6b3542e83847685bad4aa4d8e806ecc0826a5262fa8;dataset:8db1d5394f237f478b59ade235c71dbe60c92a42430bade7d573fb2e9f0c0abc;dataset:cd0f3df26e620959ecc601cf13887354a5bef136403c6edbb08aaf928ea37d97;dataset:48cf200482cbbce15351f667e210e46c6915b786d8cdce9fb21084159de06618;dataset:568acaa46277d981c1ef7345e752c0d77fd9cc40d0fe4ab74fd1c017418869e3;dataset:b5df6cf01672a1da0294c4e808744f745328afaf4ac02e147e0c18b17aa646af;dataset:10f28afe91fce800bc28bd1284fb5a6e56872561417659fe34d295d9208633a6","pdata_n.t99_trd_cal_ref;pdata_nds.pos_position_daily;pdata_nds.pos_trs_leg_his_pos;pdata_nds.ref_book;pdata_nds.ref_counterparty;pdata_nds.pos_trs_leg_valuation;pdata_nds.bundle_margin_daily_result;pdata_nds.pos_trs_underlying_valuation;pdata_nds.ref_trs_leg;pdata_nds.trd_otc_trade;pdata_nds.trd_otc_contr_report;pdata_nds.ref_trs;pdata_nds.trd_transfer"
"159497","160794","1.000000","dataset:30a45da7fcbdb2d48cab3d0633a118bfbd9a81fe395bc3f35c8f3298e9b3e185;dataset:ed73155a54f70968d28d0804f05815372a9c4f92261f543595954ad6d85bd339;dataset:91c044b29496ac4f3ab6eb1b7b99ea86c254465756f239210bed6263195016ce;dataset:c1ede125763fd62d9cc7d2651fdabe63efb2142c7ff2ac96282912ec816a7ea3;dataset:7cf316082e22f46465f66eff57e6ac8c4e6a743c8d291269becf964eaf810b1f;dataset:a0d258caf8bb496450f5b4a3eb77c4168ed3a3aa57804ddc161d8310a5e7d523;dataset:824561731968c71976e1e6b3542e83847685bad4aa4d8e806ecc0826a5262fa8;dataset:8db1d5394f237f478b59ade235c71dbe60c92a42430bade7d573fb2e9f0c0abc;dataset:cd0f3df26e620959ecc601cf13887354a5bef136403c6edbb08aaf928ea37d97;dataset:48cf200482cbbce15351f667e210e46c6915b786d8cdce9fb21084159de06618;dataset:568acaa46277d981c1ef7345e752c0d77fd9cc40d0fe4ab74fd1c017418869e3;dataset:b5df6cf01672a1da0294c4e808744f745328afaf4ac02e147e0c18b17aa646af;dataset:10f28afe91fce800bc28bd1284fb5a6e56872561417659fe34d295d9208633a6","pdata_n.t99_trd_cal_ref;pdata_nds.pos_position_daily;pdata_nds.pos_trs_leg_his_pos;pdata_nds.ref_book;pdata_nds.ref_counterparty;pdata_nds.pos_trs_leg_valuation;pdata_nds.bundle_margin_daily_result;pdata_nds.pos_trs_underlying_valuation;pdata_nds.ref_trs_leg;pdata_nds.trd_otc_trade;pdata_nds.trd_otc_contr_report;pdata_nds.ref_trs;pdata_nds.trd_transfer"
"159506","160791","1.000000","dataset:30a45da7fcbdb2d48cab3d0633a118bfbd9a81fe395bc3f35c8f3298e9b3e185;dataset:ed73155a54f70968d28d0804f05815372a9c4f92261f543595954ad6d85bd339;dataset:91c044b29496ac4f3ab6eb1b7b99ea86c254465756f239210bed6263195016ce;dataset:c1ede125763fd62d9cc7d2651fdabe63efb2142c7ff2ac96282912ec816a7ea3;dataset:7cf316082e22f46465f66eff57e6ac8c4e6a743c8d291269becf964eaf810b1f;dataset:a0d258caf8bb496450f5b4a3eb77c4168ed3a3aa57804ddc161d8310a5e7d523;dataset:824561731968c71976e1e6b3542e83847685bad4aa4d8e806ecc0826a5262fa8;dataset:8db1d5394f237f478b59ade235c71dbe60c92a42430bade7d573fb2e9f0c0abc;dataset:cd0f3df26e620959ecc601cf13887354a5bef136403c6edbb08aaf928ea37d97;dataset:48cf200482cbbce15351f667e210e46c6915b786d8cdce9fb21084159de06618;dataset:568acaa46277d981c1ef7345e752c0d77fd9cc40d0fe4ab74fd1c017418869e3;dataset:b5df6cf01672a1da0294c4e808744f745328afaf4ac02e147e0c18b17aa646af;dataset:10f28afe91fce800bc28bd1284fb5a6e56872561417659fe34d295d9208633a6","pdata_n.t99_trd_cal_ref;pdata_nds.pos_position_daily;pdata_nds.pos_trs_leg_his_pos;pdata_nds.ref_book;pdata_nds.ref_counterparty;pdata_nds.pos_trs_leg_valuation;pdata_nds.bundle_margin_daily_result;pdata_nds.pos_trs_underlying_valuation;pdata_nds.ref_trs_leg;pdata_nds.trd_otc_trade;pdata_nds.trd_otc_contr_report;pdata_nds.ref_trs;pdata_nds.trd_transfer"
"159506","160794","1.000000","dataset:30a45da7fcbdb2d48cab3d0633a118bfbd9a81fe395bc3f35c8f3298e9b3e185;dataset:ed73155a54f70968d28d0804f05815372a9c4f92261f543595954ad6d85bd339;dataset:91c044b29496ac4f3ab6eb1b7b99ea86c254465756f239210bed6263195016ce;dataset:c1ede125763fd62d9cc7d2651fdabe63efb2142c7ff2ac96282912ec816a7ea3;dataset:7cf316082e22f46465f66eff57e6ac8c4e6a743c8d291269becf964eaf810b1f;dataset:a0d258caf8bb496450f5b4a3eb77c4168ed3a3aa57804ddc161d8310a5e7d523;dataset:824561731968c71976e1e6b3542e83847685bad4aa4d8e806ecc0826a5262fa8;dataset:8db1d5394f237f478b59ade235c71dbe60c92a42430bade7d573fb2e9f0c0abc;dataset:cd0f3df26e620959ecc601cf13887354a5bef136403c6edbb08aaf928ea37d97;dataset:48cf200482cbbce15351f667e210e46c6915b786d8cdce9fb21084159de06618;dataset:568acaa46277d981c1ef7345e752c0d77fd9cc40d0fe4ab74fd1c017418869e3;dataset:b5df6cf01672a1da0294c4e808744f745328afaf4ac02e147e0c18b17aa646af;dataset:10f28afe91fce800bc28bd1284fb5a6e56872561417659fe34d295d9208633a6","pdata_n.t99_trd_cal_ref;pdata_nds.pos_position_daily;pdata_nds.pos_trs_leg_his_pos;pdata_nds.ref_book;pdata_nds.ref_counterparty;pdata_nds.pos_trs_leg_valuation;pdata_nds.bundle_margin_daily_result;pdata_nds.pos_trs_underlying_valuation;pdata_nds.ref_trs_leg;pdata_nds.trd_otc_trade;pdata_nds.trd_otc_contr_report;pdata_nds.ref_trs;pdata_nds.trd_transfer"
"160791","160794","1.000000","dataset:30a45da7fcbdb2d48cab3d0633a118bfbd9a81fe395bc3f35c8f3298e9b3e185;dataset:ed73155a54f70968d28d0804f05815372a9c4f92261f543595954ad6d85bd339;dataset:91c044b29496ac4f3ab6eb1b7b99ea86c254465756f239210bed6263195016ce;dataset:c1ede125763fd62d9cc7d2651fdabe63efb2142c7ff2ac96282912ec816a7ea3;dataset:7cf316082e22f46465f66eff57e6ac8c4e6a743c8d291269becf964eaf810b1f;dataset:a0d258caf8bb496450f5b4a3eb77c4168ed3a3aa57804ddc161d8310a5e7d523;dataset:824561731968c71976e1e6b3542e83847685bad4aa4d8e806ecc0826a5262fa8;dataset:8db1d5394f237f478b59ade235c71dbe60c92a42430bade7d573fb2e9f0c0abc;dataset:cd0f3df26e620959ecc601cf13887354a5bef136403c6edbb08aaf928ea37d97;dataset:48cf200482cbbce15351f667e210e46c6915b786d8cdce9fb21084159de06618;dataset:568acaa46277d981c1ef7345e752c0d77fd9cc40d0fe4ab74fd1c017418869e3;dataset:b5df6cf01672a1da0294c4e808744f745328afaf4ac02e147e0c18b17aa646af;dataset:10f28afe91fce800bc28bd1284fb5a6e56872561417659fe34d295d9208633a6","pdata_n.t99_trd_cal_ref;pdata_nds.pos_position_daily;pdata_nds.pos_trs_leg_his_pos;pdata_nds.ref_book;pdata_nds.ref_counterparty;pdata_nds.pos_trs_leg_valuation;pdata_nds.bundle_margin_daily_result;pdata_nds.pos_trs_underlying_valuation;pdata_nds.ref_trs_leg;pdata_nds.trd_otc_trade;pdata_nds.trd_otc_contr_report;pdata_nds.ref_trs;pdata_nds.trd_transfer"
"178749","178766","1.000000","dataset:30a45da7fcbdb2d48cab3d0633a118bfbd9a81fe395bc3f35c8f3298e9b3e185;dataset:ebe7b81d4e802129ab4551ebaf68dbb9f4e25312ec8e62d418dc5b3f63dcf3be;dataset:4c9d4e981622156e2b51ff90e133962989ffedad3e1c21e11cacd426efb97c74;dataset:65a7e70914ebca5c44103b4cac0edc510ce5860b53e1ce13865fb217aed9c729","pdata_n.t99_trd_cal_ref;pdata_news_n.t02_fin_fctr_def;pdata_news_n.t02_fin_fctr_data;pdata_news_n.t02_fin_fctr_term_stru_def"
"178749","183769","1.000000","dataset:30a45da7fcbdb2d48cab3d0633a118bfbd9a81fe395bc3f35c8f3298e9b3e185;dataset:ebe7b81d4e802129ab4551ebaf68dbb9f4e25312ec8e62d418dc5b3f63dcf3be;dataset:4c9d4e981622156e2b51ff90e133962989ffedad3e1c21e11cacd426efb97c74;dataset:65a7e70914ebca5c44103b4cac0edc510ce5860b53e1ce13865fb217aed9c729","pdata_n.t99_trd_cal_ref;pdata_news_n.t02_fin_fctr_def;pdata_news_n.t02_fin_fctr_data;pdata_news_n.t02_fin_fctr_term_stru_def"
"178749","183777","1.000000","dataset:30a45da7fcbdb2d48cab3d0633a118bfbd9a81fe395bc3f35c8f3298e9b3e185;dataset:ebe7b81d4e802129ab4551ebaf68dbb9f4e25312ec8e62d418dc5b3f63dcf3be;dataset:4c9d4e981622156e2b51ff90e133962989ffedad3e1c21e11cacd426efb97c74;dataset:65a7e70914ebca5c44103b4cac0edc510ce5860b53e1ce13865fb217aed9c729","pdata_n.t99_trd_cal_ref;pdata_news_n.t02_fin_fctr_def;pdata_news_n.t02_fin_fctr_data;pdata_news_n.t02_fin_fctr_term_stru_def"
"178749","183817","1.000000","dataset:30a45da7fcbdb2d48cab3d0633a118bfbd9a81fe395bc3f35c8f3298e9b3e185;dataset:ebe7b81d4e802129ab4551ebaf68dbb9f4e25312ec8e62d418dc5b3f63dcf3be;dataset:4c9d4e981622156e2b51ff90e133962989ffedad3e1c21e11cacd426efb97c74;dataset:65a7e70914ebca5c44103b4cac0edc510ce5860b53e1ce13865fb217aed9c729","pdata_n.t99_trd_cal_ref;pdata_news_n.t02_fin_fctr_def;pdata_news_n.t02_fin_fctr_data;pdata_news_n.t02_fin_fctr_term_stru_def"
"178749","183820","1.000000","dataset:30a45da7fcbdb2d48cab3d0633a118bfbd9a81fe395bc3f35c8f3298e9b3e185;dataset:ebe7b81d4e802129ab4551ebaf68dbb9f4e25312ec8e62d418dc5b3f63dcf3be;dataset:4c9d4e981622156e2b51ff90e133962989ffedad3e1c21e11cacd426efb97c74;dataset:65a7e70914ebca5c44103b4cac0edc510ce5860b53e1ce13865fb217aed9c729","pdata_n.t99_trd_cal_ref;pdata_news_n.t02_fin_fctr_def;pdata_news_n.t02_fin_fctr_data;pdata_news_n.t02_fin_fctr_term_stru_def"
"178766","183769","1.000000","dataset:30a45da7fcbdb2d48cab3d0633a118bfbd9a81fe395bc3f35c8f3298e9b3e185;dataset:ebe7b81d4e802129ab4551ebaf68dbb9f4e25312ec8e62d418dc5b3f63dcf3be;dataset:4c9d4e981622156e2b51ff90e133962989ffedad3e1c21e11cacd426efb97c74;dataset:65a7e70914ebca5c44103b4cac0edc510ce5860b53e1ce13865fb217aed9c729","pdata_n.t99_trd_cal_ref;pdata_news_n.t02_fin_fctr_def;pdata_news_n.t02_fin_fctr_data;pdata_news_n.t02_fin_fctr_term_stru_def"
"178766","183777","1.000000","dataset:30a45da7fcbdb2d48cab3d0633a118bfbd9a81fe395bc3f35c8f3298e9b3e185;dataset:ebe7b81d4e802129ab4551ebaf68dbb9f4e25312ec8e62d418dc5b3f63dcf3be;dataset:4c9d4e981622156e2b51ff90e133962989ffedad3e1c21e11cacd426efb97c74;dataset:65a7e70914ebca5c44103b4cac0edc510ce5860b53e1ce13865fb217aed9c729","pdata_n.t99_trd_cal_ref;pdata_news_n.t02_fin_fctr_def;pdata_news_n.t02_fin_fctr_data;pdata_news_n.t02_fin_fctr_term_stru_def"
"178766","183817","1.000000","dataset:30a45da7fcbdb2d48cab3d0633a118bfbd9a81fe395bc3f35c8f3298e9b3e185;dataset:ebe7b81d4e802129ab4551ebaf68dbb9f4e25312ec8e62d418dc5b3f63dcf3be;dataset:4c9d4e981622156e2b51ff90e133962989ffedad3e1c21e11cacd426efb97c74;dataset:65a7e70914ebca5c44103b4cac0edc510ce5860b53e1ce13865fb217aed9c729","pdata_n.t99_trd_cal_ref;pdata_news_n.t02_fin_fctr_def;pdata_news_n.t02_fin_fctr_data;pdata_news_n.t02_fin_fctr_term_stru_def"
"178766","183820","1.000000","dataset:30a45da7fcbdb2d48cab3d0633a118bfbd9a81fe395bc3f35c8f3298e9b3e185;dataset:ebe7b81d4e802129ab4551ebaf68dbb9f4e25312ec8e62d418dc5b3f63dcf3be;dataset:4c9d4e981622156e2b51ff90e133962989ffedad3e1c21e11cacd426efb97c74;dataset:65a7e70914ebca5c44103b4cac0edc510ce5860b53e1ce13865fb217aed9c729","pdata_n.t99_trd_cal_ref;pdata_news_n.t02_fin_fctr_def;pdata_news_n.t02_fin_fctr_data;pdata_news_n.t02_fin_fctr_term_stru_def"
"180145","180208","1.000000","dataset:30a45da7fcbdb2d48cab3d0633a118bfbd9a81fe395bc3f35c8f3298e9b3e185;dataset:ebe7b81d4e802129ab4551ebaf68dbb9f4e25312ec8e62d418dc5b3f63dcf3be;dataset:a9eb44f253da2b9b30fc1bee91a788c53e5e54cab3d98c599cfffc8ee0353905;dataset:12f5bc91fa303d3a61ea2be807603ab5892884c5c0fa245f6c8010baeb8d05ea","pdata_n.t99_trd_cal_ref;pdata_news_n.t02_fin_fctr_def;pdata_news_n.t02_fin_fxr_fctr_def;pdata_news_n.t02_fin_impl_yield_undrl_def"
"180145","185564","1.000000","dataset:30a45da7fcbdb2d48cab3d0633a118bfbd9a81fe395bc3f35c8f3298e9b3e185;dataset:ebe7b81d4e802129ab4551ebaf68dbb9f4e25312ec8e62d418dc5b3f63dcf3be;dataset:a9eb44f253da2b9b30fc1bee91a788c53e5e54cab3d98c599cfffc8ee0353905;dataset:12f5bc91fa303d3a61ea2be807603ab5892884c5c0fa245f6c8010baeb8d05ea","pdata_n.t99_trd_cal_ref;pdata_news_n.t02_fin_fctr_def;pdata_news_n.t02_fin_fxr_fctr_def;pdata_news_n.t02_fin_impl_yield_undrl_def"
"180145","185587","1.000000","dataset:30a45da7fcbdb2d48cab3d0633a118bfbd9a81fe395bc3f35c8f3298e9b3e185;dataset:ebe7b81d4e802129ab4551ebaf68dbb9f4e25312ec8e62d418dc5b3f63dcf3be;dataset:a9eb44f253da2b9b30fc1bee91a788c53e5e54cab3d98c599cfffc8ee0353905;dataset:12f5bc91fa303d3a61ea2be807603ab5892884c5c0fa245f6c8010baeb8d05ea","pdata_n.t99_trd_cal_ref;pdata_news_n.t02_fin_fctr_def;pdata_news_n.t02_fin_fxr_fctr_def;pdata_news_n.t02_fin_impl_yield_undrl_def"
"180145","185661","1.000000","dataset:30a45da7fcbdb2d48cab3d0633a118bfbd9a81fe395bc3f35c8f3298e9b3e185;dataset:ebe7b81d4e802129ab4551ebaf68dbb9f4e25312ec8e62d418dc5b3f63dcf3be;dataset:a9eb44f253da2b9b30fc1bee91a788c53e5e54cab3d98c599cfffc8ee0353905;dataset:12f5bc91fa303d3a61ea2be807603ab5892884c5c0fa245f6c8010baeb8d05ea","pdata_n.t99_trd_cal_ref;pdata_news_n.t02_fin_fctr_def;pdata_news_n.t02_fin_fxr_fctr_def;pdata_news_n.t02_fin_impl_yield_undrl_def"
"180145","185665","1.000000","dataset:30a45da7fcbdb2d48cab3d0633a118bfbd9a81fe395bc3f35c8f3298e9b3e185;dataset:ebe7b81d4e802129ab4551ebaf68dbb9f4e25312ec8e62d418dc5b3f63dcf3be;dataset:a9eb44f253da2b9b30fc1bee91a788c53e5e54cab3d98c599cfffc8ee0353905;dataset:12f5bc91fa303d3a61ea2be807603ab5892884c5c0fa245f6c8010baeb8d05ea","pdata_n.t99_trd_cal_ref;pdata_news_n.t02_fin_fctr_def;pdata_news_n.t02_fin_fxr_fctr_def;pdata_news_n.t02_fin_impl_yield_undrl_def"
"180208","185564","1.000000","dataset:30a45da7fcbdb2d48cab3d0633a118bfbd9a81fe395bc3f35c8f3298e9b3e185;dataset:ebe7b81d4e802129ab4551ebaf68dbb9f4e25312ec8e62d418dc5b3f63dcf3be;dataset:a9eb44f253da2b9b30fc1bee91a788c53e5e54cab3d98c599cfffc8ee0353905;dataset:12f5bc91fa303d3a61ea2be807603ab5892884c5c0fa245f6c8010baeb8d05ea","pdata_n.t99_trd_cal_ref;pdata_news_n.t02_fin_fctr_def;pdata_news_n.t02_fin_fxr_fctr_def;pdata_news_n.t02_fin_impl_yield_undrl_def"
"180208","185587","1.000000","dataset:30a45da7fcbdb2d48cab3d0633a118bfbd9a81fe395bc3f35c8f3298e9b3e185;dataset:ebe7b81d4e802129ab4551ebaf68dbb9f4e25312ec8e62d418dc5b3f63dcf3be;dataset:a9eb44f253da2b9b30fc1bee91a788c53e5e54cab3d98c599cfffc8ee0353905;dataset:12f5bc91fa303d3a61ea2be807603ab5892884c5c0fa245f6c8010baeb8d05ea","pdata_n.t99_trd_cal_ref;pdata_news_n.t02_fin_fctr_def;pdata_news_n.t02_fin_fxr_fctr_def;pdata_news_n.t02_fin_impl_yield_undrl_def"
"180208","185661","1.000000","dataset:30a45da7fcbdb2d48cab3d0633a118bfbd9a81fe395bc3f35c8f3298e9b3e185;dataset:ebe7b81d4e802129ab4551ebaf68dbb9f4e25312ec8e62d418dc5b3f63dcf3be;dataset:a9eb44f253da2b9b30fc1bee91a788c53e5e54cab3d98c599cfffc8ee0353905;dataset:12f5bc91fa303d3a61ea2be807603ab5892884c5c0fa245f6c8010baeb8d05ea","pdata_n.t99_trd_cal_ref;pdata_news_n.t02_fin_fctr_def;pdata_news_n.t02_fin_fxr_fctr_def;pdata_news_n.t02_fin_impl_yield_undrl_def"
"180208","185665","1.000000","dataset:30a45da7fcbdb2d48cab3d0633a118bfbd9a81fe395bc3f35c8f3298e9b3e185;dataset:ebe7b81d4e802129ab4551ebaf68dbb9f4e25312ec8e62d418dc5b3f63dcf3be;dataset:a9eb44f253da2b9b30fc1bee91a788c53e5e54cab3d98c599cfffc8ee0353905;dataset:12f5bc91fa303d3a61ea2be807603ab5892884c5c0fa245f6c8010baeb8d05ea","pdata_n.t99_trd_cal_ref;pdata_news_n.t02_fin_fctr_def;pdata_news_n.t02_fin_fxr_fctr_def;pdata_news_n.t02_fin_impl_yield_undrl_def"
"183769","183777","1.000000","dataset:30a45da7fcbdb2d48cab3d0633a118bfbd9a81fe395bc3f35c8f3298e9b3e185;dataset:ebe7b81d4e802129ab4551ebaf68dbb9f4e25312ec8e62d418dc5b3f63dcf3be;dataset:4c9d4e981622156e2b51ff90e133962989ffedad3e1c21e11cacd426efb97c74;dataset:65a7e70914ebca5c44103b4cac0edc510ce5860b53e1ce13865fb217aed9c729","pdata_n.t99_trd_cal_ref;pdata_news_n.t02_fin_fctr_def;pdata_news_n.t02_fin_fctr_data;pdata_news_n.t02_fin_fctr_term_stru_def"
"183769","183817","1.000000","dataset:30a45da7fcbdb2d48cab3d0633a118bfbd9a81fe395bc3f35c8f3298e9b3e185;dataset:ebe7b81d4e802129ab4551ebaf68dbb9f4e25312ec8e62d418dc5b3f63dcf3be;dataset:4c9d4e981622156e2b51ff90e133962989ffedad3e1c21e11cacd426efb97c74;dataset:65a7e70914ebca5c44103b4cac0edc510ce5860b53e1ce13865fb217aed9c729","pdata_n.t99_trd_cal_ref;pdata_news_n.t02_fin_fctr_def;pdata_news_n.t02_fin_fctr_data;pdata_news_n.t02_fin_fctr_term_stru_def"
"183769","183820","1.000000","dataset:30a45da7fcbdb2d48cab3d0633a118bfbd9a81fe395bc3f35c8f3298e9b3e185;dataset:ebe7b81d4e802129ab4551ebaf68dbb9f4e25312ec8e62d418dc5b3f63dcf3be;dataset:4c9d4e981622156e2b51ff90e133962989ffedad3e1c21e11cacd426efb97c74;dataset:65a7e70914ebca5c44103b4cac0edc510ce5860b53e1ce13865fb217aed9c729","pdata_n.t99_trd_cal_ref;pdata_news_n.t02_fin_fctr_def;pdata_news_n.t02_fin_fctr_data;pdata_news_n.t02_fin_fctr_term_stru_def"
"183777","183817","1.000000","dataset:30a45da7fcbdb2d48cab3d0633a118bfbd9a81fe395bc3f35c8f3298e9b3e185;dataset:ebe7b81d4e802129ab4551ebaf68dbb9f4e25312ec8e62d418dc5b3f63dcf3be;dataset:4c9d4e981622156e2b51ff90e133962989ffedad3e1c21e11cacd426efb97c74;dataset:65a7e70914ebca5c44103b4cac0edc510ce5860b53e1ce13865fb217aed9c729","pdata_n.t99_trd_cal_ref;pdata_news_n.t02_fin_fctr_def;pdata_news_n.t02_fin_fctr_data;pdata_news_n.t02_fin_fctr_term_stru_def"
"183777","183820","1.000000","dataset:30a45da7fcbdb2d48cab3d0633a118bfbd9a81fe395bc3f35c8f3298e9b3e185;dataset:ebe7b81d4e802129ab4551ebaf68dbb9f4e25312ec8e62d418dc5b3f63dcf3be;dataset:4c9d4e981622156e2b51ff90e133962989ffedad3e1c21e11cacd426efb97c74;dataset:65a7e70914ebca5c44103b4cac0edc510ce5860b53e1ce13865fb217aed9c729","pdata_n.t99_trd_cal_ref;pdata_news_n.t02_fin_fctr_def;pdata_news_n.t02_fin_fctr_data;pdata_news_n.t02_fin_fctr_term_stru_def"
"183817","183820","1.000000","dataset:30a45da7fcbdb2d48cab3d0633a118bfbd9a81fe395bc3f35c8f3298e9b3e185;dataset:ebe7b81d4e802129ab4551ebaf68dbb9f4e25312ec8e62d418dc5b3f63dcf3be;dataset:4c9d4e981622156e2b51ff90e133962989ffedad3e1c21e11cacd426efb97c74;dataset:65a7e70914ebca5c44103b4cac0edc510ce5860b53e1ce13865fb217aed9c729","pdata_n.t99_trd_cal_ref;pdata_news_n.t02_fin_fctr_def;pdata_news_n.t02_fin_fctr_data;pdata_news_n.t02_fin_fctr_term_stru_def"
"185564","185587","1.000000","dataset:30a45da7fcbdb2d48cab3d0633a118bfbd9a81fe395bc3f35c8f3298e9b3e185;dataset:ebe7b81d4e802129ab4551ebaf68dbb9f4e25312ec8e62d418dc5b3f63dcf3be;dataset:a9eb44f253da2b9b30fc1bee91a788c53e5e54cab3d98c599cfffc8ee0353905;dataset:12f5bc91fa303d3a61ea2be807603ab5892884c5c0fa245f6c8010baeb8d05ea","pdata_n.t99_trd_cal_ref;pdata_news_n.t02_fin_fctr_def;pdata_news_n.t02_fin_fxr_fctr_def;pdata_news_n.t02_fin_impl_yield_undrl_def"
"185564","185661","1.000000","dataset:30a45da7fcbdb2d48cab3d0633a118bfbd9a81fe395bc3f35c8f3298e9b3e185;dataset:ebe7b81d4e802129ab4551ebaf68dbb9f4e25312ec8e62d418dc5b3f63dcf3be;dataset:a9eb44f253da2b9b30fc1bee91a788c53e5e54cab3d98c599cfffc8ee0353905;dataset:12f5bc91fa303d3a61ea2be807603ab5892884c5c0fa245f6c8010baeb8d05ea","pdata_n.t99_trd_cal_ref;pdata_news_n.t02_fin_fctr_def;pdata_news_n.t02_fin_fxr_fctr_def;pdata_news_n.t02_fin_impl_yield_undrl_def"
"185564","185665","1.000000","dataset:30a45da7fcbdb2d48cab3d0633a118bfbd9a81fe395bc3f35c8f3298e9b3e185;dataset:ebe7b81d4e802129ab4551ebaf68dbb9f4e25312ec8e62d418dc5b3f63dcf3be;dataset:a9eb44f253da2b9b30fc1bee91a788c53e5e54cab3d98c599cfffc8ee0353905;dataset:12f5bc91fa303d3a61ea2be807603ab5892884c5c0fa245f6c8010baeb8d05ea","pdata_n.t99_trd_cal_ref;pdata_news_n.t02_fin_fctr_def;pdata_news_n.t02_fin_fxr_fctr_def;pdata_news_n.t02_fin_impl_yield_undrl_def"
"185587","185661","1.000000","dataset:30a45da7fcbdb2d48cab3d0633a118bfbd9a81fe395bc3f35c8f3298e9b3e185;dataset:ebe7b81d4e802129ab4551ebaf68dbb9f4e25312ec8e62d418dc5b3f63dcf3be;dataset:a9eb44f253da2b9b30fc1bee91a788c53e5e54cab3d98c599cfffc8ee0353905;dataset:12f5bc91fa303d3a61ea2be807603ab5892884c5c0fa245f6c8010baeb8d05ea","pdata_n.t99_trd_cal_ref;pdata_news_n.t02_fin_fctr_def;pdata_news_n.t02_fin_fxr_fctr_def;pdata_news_n.t02_fin_impl_yield_undrl_def"
"185587","185665","1.000000","dataset:30a45da7fcbdb2d48cab3d0633a118bfbd9a81fe395bc3f35c8f3298e9b3e185;dataset:ebe7b81d4e802129ab4551ebaf68dbb9f4e25312ec8e62d418dc5b3f63dcf3be;dataset:a9eb44f253da2b9b30fc1bee91a788c53e5e54cab3d98c599cfffc8ee0353905;dataset:12f5bc91fa303d3a61ea2be807603ab5892884c5c0fa245f6c8010baeb8d05ea","pdata_n.t99_trd_cal_ref;pdata_news_n.t02_fin_fctr_def;pdata_news_n.t02_fin_fxr_fctr_def;pdata_news_n.t02_fin_impl_yield_undrl_def"
"185661","185665","1.000000","dataset:30a45da7fcbdb2d48cab3d0633a118bfbd9a81fe395bc3f35c8f3298e9b3e185;dataset:ebe7b81d4e802129ab4551ebaf68dbb9f4e25312ec8e62d418dc5b3f63dcf3be;dataset:a9eb44f253da2b9b30fc1bee91a788c53e5e54cab3d98c599cfffc8ee0353905;dataset:12f5bc91fa303d3a61ea2be807603ab5892884c5c0fa245f6c8010baeb8d05ea","pdata_n.t99_trd_cal_ref;pdata_news_n.t02_fin_fctr_def;pdata_news_n.t02_fin_fxr_fctr_def;pdata_news_n.t02_fin_impl_yield_undrl_def"
"188419","188429","1.000000","dataset:30a45da7fcbdb2d48cab3d0633a118bfbd9a81fe395bc3f35c8f3298e9b3e185;dataset:ed73155a54f70968d28d0804f05815372a9c4f92261f543595954ad6d85bd339;dataset:c1ede125763fd62d9cc7d2651fdabe63efb2142c7ff2ac96282912ec816a7ea3;dataset:7cf316082e22f46465f66eff57e6ac8c4e6a743c8d291269becf964eaf810b1f;dataset:824561731968c71976e1e6b3542e83847685bad4aa4d8e806ecc0826a5262fa8;dataset:48cf200482cbbce15351f667e210e46c6915b786d8cdce9fb21084159de06618;dataset:568acaa46277d981c1ef7345e752c0d77fd9cc40d0fe4ab74fd1c017418869e3;dataset:10f28afe91fce800bc28bd1284fb5a6e56872561417659fe34d295d9208633a6;dataset:1e6cf23776c4618e714807ff55f3786392d8d905c4d1bd5838d81471640fdcaf;dataset:e540bdd02612b37dc6b05f07dabd442fd9356770d8ab467a4c1b4efb68de742d;dataset:4a3be1ba0a0f23f4ed401dec48bd2eb2a4583cf398c911f45e27eed1f60bbaef;dataset:726b4be35719ce0de22dde75c4b5a2c4c6b34cfe2309ef6c4d53fc2d03be6701","pdata_n.t99_trd_cal_ref;pdata_nds.pos_position_daily;pdata_nds.ref_book;pdata_nds.ref_counterparty;pdata_nds.bundle_margin_daily_result;pdata_nds.trd_otc_trade;pdata_nds.trd_otc_contr_report;pdata_nds.trd_transfer;pdata_nds.ref_fast_trs;pdata_nds.ref_fast_trs_leg;pdata_nds.pos_fast_trs_leg_valuation;pdata_nds.pos_fast_trs_leg_his_pos"
"154591","243650","1.000000","dataset:8bfedab27396b1ef2107fed850807e8ed54089c754022acbff7bfb955880ded2;dataset:6bb80efc251b793f1930bb95ca4ce558523fe785986ae2f0d13e547b0935a9a0","pdata_n.t98_sb_otc_swap_comp_info;pdata_n.t98_sb_otc_opt_comp_info"
"171347","171364","1.000000","dataset:8bfedab27396b1ef2107fed850807e8ed54089c754022acbff7bfb955880ded2;dataset:dfbcba19f89e005e097e3b6df15998b0a6d1b13a3e172e3199f9e1fc4346c90b","pdata_n.t98_sb_otc_swap_comp_info;dm_index_n.grp_tag_otc_deri_contr_type_rpt_contr_type"
"171347","171370","0.678603","dataset:8bfedab27396b1ef2107fed850807e8ed54089c754022acbff7bfb955880ded2;dataset:dfbcba19f89e005e097e3b6df15998b0a6d1b13a3e172e3199f9e1fc4346c90b","pdata_n.t98_sb_otc_swap_comp_info;dm_index_n.grp_tag_otc_deri_contr_type_rpt_contr_type"
"171364","171370","0.678603","dataset:8bfedab27396b1ef2107fed850807e8ed54089c754022acbff7bfb955880ded2;dataset:dfbcba19f89e005e097e3b6df15998b0a6d1b13a3e172e3199f9e1fc4346c90b","pdata_n.t98_sb_otc_swap_comp_info;dm_index_n.grp_tag_otc_deri_contr_type_rpt_contr_type"
"134191","148697","0.728405","dataset:e0980cc7b6b32d4c193e92a90f1e04256666059f55885b62dbbe365cef87d5ad;dataset:ed73155a54f70968d28d0804f05815372a9c4f92261f543595954ad6d85bd339","pdata_nds.pos_eod_calc_metrics;pdata_nds.pos_position_daily"
"134191","165949","0.728405","dataset:e0980cc7b6b32d4c193e92a90f1e04256666059f55885b62dbbe365cef87d5ad;dataset:ed73155a54f70968d28d0804f05815372a9c4f92261f543595954ad6d85bd339","pdata_nds.pos_eod_calc_metrics;pdata_nds.pos_position_daily"
"148697","165949","1.000000","dataset:e0980cc7b6b32d4c193e92a90f1e04256666059f55885b62dbbe365cef87d5ad;dataset:ed73155a54f70968d28d0804f05815372a9c4f92261f543595954ad6d85bd339;dataset:c1ede125763fd62d9cc7d2651fdabe63efb2142c7ff2ac96282912ec816a7ea3","pdata_nds.pos_eod_calc_metrics;pdata_nds.pos_position_daily;pdata_nds.ref_book"
"159489","159495","1.000000","dataset:ed73155a54f70968d28d0804f05815372a9c4f92261f543595954ad6d85bd339;dataset:91c044b29496ac4f3ab6eb1b7b99ea86c254465756f239210bed6263195016ce;dataset:c1ede125763fd62d9cc7d2651fdabe63efb2142c7ff2ac96282912ec816a7ea3;dataset:7cf316082e22f46465f66eff57e6ac8c4e6a743c8d291269becf964eaf810b1f;dataset:a0d258caf8bb496450f5b4a3eb77c4168ed3a3aa57804ddc161d8310a5e7d523;dataset:824561731968c71976e1e6b3542e83847685bad4aa4d8e806ecc0826a5262fa8;dataset:8db1d5394f237f478b59ade235c71dbe60c92a42430bade7d573fb2e9f0c0abc;dataset:cd0f3df26e620959ecc601cf13887354a5bef136403c6edbb08aaf928ea37d97;dataset:48cf200482cbbce15351f667e210e46c6915b786d8cdce9fb21084159de06618;dataset:568acaa46277d981c1ef7345e752c0d77fd9cc40d0fe4ab74fd1c017418869e3;dataset:b5df6cf01672a1da0294c4e808744f745328afaf4ac02e147e0c18b17aa646af;dataset:10f28afe91fce800bc28bd1284fb5a6e56872561417659fe34d295d9208633a6","pdata_nds.pos_position_daily;pdata_nds.pos_trs_leg_his_pos;pdata_nds.ref_book;pdata_nds.ref_counterparty;pdata_nds.pos_trs_leg_valuation;pdata_nds.bundle_margin_daily_result;pdata_nds.pos_trs_underlying_valuation;pdata_nds.ref_trs_leg;pdata_nds.trd_otc_trade;pdata_nds.trd_otc_contr_report;pdata_nds.ref_trs;pdata_nds.trd_transfer"
"159489","159497","0.938158","dataset:ed73155a54f70968d28d0804f05815372a9c4f92261f543595954ad6d85bd339;dataset:91c044b29496ac4f3ab6eb1b7b99ea86c254465756f239210bed6263195016ce;dataset:c1ede125763fd62d9cc7d2651fdabe63efb2142c7ff2ac96282912ec816a7ea3;dataset:7cf316082e22f46465f66eff57e6ac8c4e6a743c8d291269becf964eaf810b1f;dataset:a0d258caf8bb496450f5b4a3eb77c4168ed3a3aa57804ddc161d8310a5e7d523;dataset:824561731968c71976e1e6b3542e83847685bad4aa4d8e806ecc0826a5262fa8;dataset:8db1d5394f237f478b59ade235c71dbe60c92a42430bade7d573fb2e9f0c0abc;dataset:cd0f3df26e620959ecc601cf13887354a5bef136403c6edbb08aaf928ea37d97;dataset:48cf200482cbbce15351f667e210e46c6915b786d8cdce9fb21084159de06618;dataset:568acaa46277d981c1ef7345e752c0d77fd9cc40d0fe4ab74fd1c017418869e3;dataset:b5df6cf01672a1da0294c4e808744f745328afaf4ac02e147e0c18b17aa646af;dataset:10f28afe91fce800bc28bd1284fb5a6e56872561417659fe34d295d9208633a6","pdata_nds.pos_position_daily;pdata_nds.pos_trs_leg_his_pos;pdata_nds.ref_book;pdata_nds.ref_counterparty;pdata_nds.pos_trs_leg_valuation;pdata_nds.bundle_margin_daily_result;pdata_nds.pos_trs_underlying_valuation;pdata_nds.ref_trs_leg;pdata_nds.trd_otc_trade;pdata_nds.trd_otc_contr_report;pdata_nds.ref_trs;pdata_nds.trd_transfer"
"159489","159506","0.938158","dataset:ed73155a54f70968d28d0804f05815372a9c4f92261f543595954ad6d85bd339;dataset:91c044b29496ac4f3ab6eb1b7b99ea86c254465756f239210bed6263195016ce;dataset:c1ede125763fd62d9cc7d2651fdabe63efb2142c7ff2ac96282912ec816a7ea3;dataset:7cf316082e22f46465f66eff57e6ac8c4e6a743c8d291269becf964eaf810b1f;dataset:a0d258caf8bb496450f5b4a3eb77c4168ed3a3aa57804ddc161d8310a5e7d523;dataset:824561731968c71976e1e6b3542e83847685bad4aa4d8e806ecc0826a5262fa8;dataset:8db1d5394f237f478b59ade235c71dbe60c92a42430bade7d573fb2e9f0c0abc;dataset:cd0f3df26e620959ecc601cf13887354a5bef136403c6edbb08aaf928ea37d97;dataset:48cf200482cbbce15351f667e210e46c6915b786d8cdce9fb21084159de06618;dataset:568acaa46277d981c1ef7345e752c0d77fd9cc40d0fe4ab74fd1c017418869e3;dataset:b5df6cf01672a1da0294c4e808744f745328afaf4ac02e147e0c18b17aa646af;dataset:10f28afe91fce800bc28bd1284fb5a6e56872561417659fe34d295d9208633a6","pdata_nds.pos_position_daily;pdata_nds.pos_trs_leg_his_pos;pdata_nds.ref_book;pdata_nds.ref_counterparty;pdata_nds.pos_trs_leg_valuation;pdata_nds.bundle_margin_daily_result;pdata_nds.pos_trs_underlying_valuation;pdata_nds.ref_trs_leg;pdata_nds.trd_otc_trade;pdata_nds.trd_otc_contr_report;pdata_nds.ref_trs;pdata_nds.trd_transfer"
"159489","160791","0.938158","dataset:ed73155a54f70968d28d0804f05815372a9c4f92261f543595954ad6d85bd339;dataset:91c044b29496ac4f3ab6eb1b7b99ea86c254465756f239210bed6263195016ce;dataset:c1ede125763fd62d9cc7d2651fdabe63efb2142c7ff2ac96282912ec816a7ea3;dataset:7cf316082e22f46465f66eff57e6ac8c4e6a743c8d291269becf964eaf810b1f;dataset:a0d258caf8bb496450f5b4a3eb77c4168ed3a3aa57804ddc161d8310a5e7d523;dataset:824561731968c71976e1e6b3542e83847685bad4aa4d8e806ecc0826a5262fa8;dataset:8db1d5394f237f478b59ade235c71dbe60c92a42430bade7d573fb2e9f0c0abc;dataset:cd0f3df26e620959ecc601cf13887354a5bef136403c6edbb08aaf928ea37d97;dataset:48cf200482cbbce15351f667e210e46c6915b786d8cdce9fb21084159de06618;dataset:568acaa46277d981c1ef7345e752c0d77fd9cc40d0fe4ab74fd1c017418869e3;dataset:b5df6cf01672a1da0294c4e808744f745328afaf4ac02e147e0c18b17aa646af;dataset:10f28afe91fce800bc28bd1284fb5a6e56872561417659fe34d295d9208633a6","pdata_nds.pos_position_daily;pdata_nds.pos_trs_leg_his_pos;pdata_nds.ref_book;pdata_nds.ref_counterparty;pdata_nds.pos_trs_leg_valuation;pdata_nds.bundle_margin_daily_result;pdata_nds.pos_trs_underlying_valuation;pdata_nds.ref_trs_leg;pdata_nds.trd_otc_trade;pdata_nds.trd_otc_contr_report;pdata_nds.ref_trs;pdata_nds.trd_transfer"
"159489","160792","1.000000","dataset:ed73155a54f70968d28d0804f05815372a9c4f92261f543595954ad6d85bd339;dataset:91c044b29496ac4f3ab6eb1b7b99ea86c254465756f239210bed6263195016ce;dataset:c1ede125763fd62d9cc7d2651fdabe63efb2142c7ff2ac96282912ec816a7ea3;dataset:7cf316082e22f46465f66eff57e6ac8c4e6a743c8d291269becf964eaf810b1f;dataset:a0d258caf8bb496450f5b4a3eb77c4168ed3a3aa57804ddc161d8310a5e7d523;dataset:824561731968c71976e1e6b3542e83847685bad4aa4d8e806ecc0826a5262fa8;dataset:8db1d5394f237f478b59ade235c71dbe60c92a42430bade7d573fb2e9f0c0abc;dataset:cd0f3df26e620959ecc601cf13887354a5bef136403c6edbb08aaf928ea37d97;dataset:48cf200482cbbce15351f667e210e46c6915b786d8cdce9fb21084159de06618;dataset:568acaa46277d981c1ef7345e752c0d77fd9cc40d0fe4ab74fd1c017418869e3;dataset:b5df6cf01672a1da0294c4e808744f745328afaf4ac02e147e0c18b17aa646af;dataset:10f28afe91fce800bc28bd1284fb5a6e56872561417659fe34d295d9208633a6","pdata_nds.pos_position_daily;pdata_nds.pos_trs_leg_his_pos;pdata_nds.ref_book;pdata_nds.ref_counterparty;pdata_nds.pos_trs_leg_valuation;pdata_nds.bundle_margin_daily_result;pdata_nds.pos_trs_underlying_valuation;pdata_nds.ref_trs_leg;pdata_nds.trd_otc_trade;pdata_nds.trd_otc_contr_report;pdata_nds.ref_trs;pdata_nds.trd_transfer"
"159489","160794","0.938158","dataset:ed73155a54f70968d28d0804f05815372a9c4f92261f543595954ad6d85bd339;dataset:91c044b29496ac4f3ab6eb1b7b99ea86c254465756f239210bed6263195016ce;dataset:c1ede125763fd62d9cc7d2651fdabe63efb2142c7ff2ac96282912ec816a7ea3;dataset:7cf316082e22f46465f66eff57e6ac8c4e6a743c8d291269becf964eaf810b1f;dataset:a0d258caf8bb496450f5b4a3eb77c4168ed3a3aa57804ddc161d8310a5e7d523;dataset:824561731968c71976e1e6b3542e83847685bad4aa4d8e806ecc0826a5262fa8;dataset:8db1d5394f237f478b59ade235c71dbe60c92a42430bade7d573fb2e9f0c0abc;dataset:cd0f3df26e620959ecc601cf13887354a5bef136403c6edbb08aaf928ea37d97;dataset:48cf200482cbbce15351f667e210e46c6915b786d8cdce9fb21084159de06618;dataset:568acaa46277d981c1ef7345e752c0d77fd9cc40d0fe4ab74fd1c017418869e3;dataset:b5df6cf01672a1da0294c4e808744f745328afaf4ac02e147e0c18b17aa646af;dataset:10f28afe91fce800bc28bd1284fb5a6e56872561417659fe34d295d9208633a6","pdata_nds.pos_position_daily;pdata_nds.pos_trs_leg_his_pos;pdata_nds.ref_book;pdata_nds.ref_counterparty;pdata_nds.pos_trs_leg_valuation;pdata_nds.bundle_margin_daily_result;pdata_nds.pos_trs_underlying_valuation;pdata_nds.ref_trs_leg;pdata_nds.trd_otc_trade;pdata_nds.trd_otc_contr_report;pdata_nds.ref_trs;pdata_nds.trd_transfer"
"159489","160795","1.000000","dataset:ed73155a54f70968d28d0804f05815372a9c4f92261f543595954ad6d85bd339;dataset:91c044b29496ac4f3ab6eb1b7b99ea86c254465756f239210bed6263195016ce;dataset:c1ede125763fd62d9cc7d2651fdabe63efb2142c7ff2ac96282912ec816a7ea3;dataset:7cf316082e22f46465f66eff57e6ac8c4e6a743c8d291269becf964eaf810b1f;dataset:a0d258caf8bb496450f5b4a3eb77c4168ed3a3aa57804ddc161d8310a5e7d523;dataset:824561731968c71976e1e6b3542e83847685bad4aa4d8e806ecc0826a5262fa8;dataset:8db1d5394f237f478b59ade235c71dbe60c92a42430bade7d573fb2e9f0c0abc;dataset:cd0f3df26e620959ecc601cf13887354a5bef136403c6edbb08aaf928ea37d97;dataset:48cf200482cbbce15351f667e210e46c6915b786d8cdce9fb21084159de06618;dataset:568acaa46277d981c1ef7345e752c0d77fd9cc40d0fe4ab74fd1c017418869e3;dataset:b5df6cf01672a1da0294c4e808744f745328afaf4ac02e147e0c18b17aa646af;dataset:10f28afe91fce800bc28bd1284fb5a6e56872561417659fe34d295d9208633a6","pdata_nds.pos_position_daily;pdata_nds.pos_trs_leg_his_pos;pdata_nds.ref_book;pdata_nds.ref_counterparty;pdata_nds.pos_trs_leg_valuation;pdata_nds.bundle_margin_daily_result;pdata_nds.pos_trs_underlying_valuation;pdata_nds.ref_trs_leg;pdata_nds.trd_otc_trade;pdata_nds.trd_otc_contr_report;pdata_nds.ref_trs;pdata_nds.trd_transfer"
"159495","159497","0.938158","dataset:ed73155a54f70968d28d0804f05815372a9c4f92261f543595954ad6d85bd339;dataset:91c044b29496ac4f3ab6eb1b7b99ea86c254465756f239210bed6263195016ce;dataset:c1ede125763fd62d9cc7d2651fdabe63efb2142c7ff2ac96282912ec816a7ea3;dataset:7cf316082e22f46465f66eff57e6ac8c4e6a743c8d291269becf964eaf810b1f;dataset:a0d258caf8bb496450f5b4a3eb77c4168ed3a3aa57804ddc161d8310a5e7d523;dataset:824561731968c71976e1e6b3542e83847685bad4aa4d8e806ecc0826a5262fa8;dataset:8db1d5394f237f478b59ade235c71dbe60c92a42430bade7d573fb2e9f0c0abc;dataset:cd0f3df26e620959ecc601cf13887354a5bef136403c6edbb08aaf928ea37d97;dataset:48cf200482cbbce15351f667e210e46c6915b786d8cdce9fb21084159de06618;dataset:568acaa46277d981c1ef7345e752c0d77fd9cc40d0fe4ab74fd1c017418869e3;dataset:b5df6cf01672a1da0294c4e808744f745328afaf4ac02e147e0c18b17aa646af;dataset:10f28afe91fce800bc28bd1284fb5a6e56872561417659fe34d295d9208633a6","pdata_nds.pos_position_daily;pdata_nds.pos_trs_leg_his_pos;pdata_nds.ref_book;pdata_nds.ref_counterparty;pdata_nds.pos_trs_leg_valuation;pdata_nds.bundle_margin_daily_result;pdata_nds.pos_trs_underlying_valuation;pdata_nds.ref_trs_leg;pdata_nds.trd_otc_trade;pdata_nds.trd_otc_contr_report;pdata_nds.ref_trs;pdata_nds.trd_transfer"
"159495","159506","0.938158","dataset:ed73155a54f70968d28d0804f05815372a9c4f92261f543595954ad6d85bd339;dataset:91c044b29496ac4f3ab6eb1b7b99ea86c254465756f239210bed6263195016ce;dataset:c1ede125763fd62d9cc7d2651fdabe63efb2142c7ff2ac96282912ec816a7ea3;dataset:7cf316082e22f46465f66eff57e6ac8c4e6a743c8d291269becf964eaf810b1f;dataset:a0d258caf8bb496450f5b4a3eb77c4168ed3a3aa57804ddc161d8310a5e7d523;dataset:824561731968c71976e1e6b3542e83847685bad4aa4d8e806ecc0826a5262fa8;dataset:8db1d5394f237f478b59ade235c71dbe60c92a42430bade7d573fb2e9f0c0abc;dataset:cd0f3df26e620959ecc601cf13887354a5bef136403c6edbb08aaf928ea37d97;dataset:48cf200482cbbce15351f667e210e46c6915b786d8cdce9fb21084159de06618;dataset:568acaa46277d981c1ef7345e752c0d77fd9cc40d0fe4ab74fd1c017418869e3;dataset:b5df6cf01672a1da0294c4e808744f745328afaf4ac02e147e0c18b17aa646af;dataset:10f28afe91fce800bc28bd1284fb5a6e56872561417659fe34d295d9208633a6","pdata_nds.pos_position_daily;pdata_nds.pos_trs_leg_his_pos;pdata_nds.ref_book;pdata_nds.ref_counterparty;pdata_nds.pos_trs_leg_valuation;pdata_nds.bundle_margin_daily_result;pdata_nds.pos_trs_underlying_valuation;pdata_nds.ref_trs_leg;pdata_nds.trd_otc_trade;pdata_nds.trd_otc_contr_report;pdata_nds.ref_trs;pdata_nds.trd_transfer"
"159495","160791","0.938158","dataset:ed73155a54f70968d28d0804f05815372a9c4f92261f543595954ad6d85bd339;dataset:91c044b29496ac4f3ab6eb1b7b99ea86c254465756f239210bed6263195016ce;dataset:c1ede125763fd62d9cc7d2651fdabe63efb2142c7ff2ac96282912ec816a7ea3;dataset:7cf316082e22f46465f66eff57e6ac8c4e6a743c8d291269becf964eaf810b1f;dataset:a0d258caf8bb496450f5b4a3eb77c4168ed3a3aa57804ddc161d8310a5e7d523;dataset:824561731968c71976e1e6b3542e83847685bad4aa4d8e806ecc0826a5262fa8;dataset:8db1d5394f237f478b59ade235c71dbe60c92a42430bade7d573fb2e9f0c0abc;dataset:cd0f3df26e620959ecc601cf13887354a5bef136403c6edbb08aaf928ea37d97;dataset:48cf200482cbbce15351f667e210e46c6915b786d8cdce9fb21084159de06618;dataset:568acaa46277d981c1ef7345e752c0d77fd9cc40d0fe4ab74fd1c017418869e3;dataset:b5df6cf01672a1da0294c4e808744f745328afaf4ac02e147e0c18b17aa646af;dataset:10f28afe91fce800bc28bd1284fb5a6e56872561417659fe34d295d9208633a6","pdata_nds.pos_position_daily;pdata_nds.pos_trs_leg_his_pos;pdata_nds.ref_book;pdata_nds.ref_counterparty;pdata_nds.pos_trs_leg_valuation;pdata_nds.bundle_margin_daily_result;pdata_nds.pos_trs_underlying_valuation;pdata_nds.ref_trs_leg;pdata_nds.trd_otc_trade;pdata_nds.trd_otc_contr_report;pdata_nds.ref_trs;pdata_nds.trd_transfer"
"159495","160792","1.000000","dataset:ed73155a54f70968d28d0804f05815372a9c4f92261f543595954ad6d85bd339;dataset:91c044b29496ac4f3ab6eb1b7b99ea86c254465756f239210bed6263195016ce;dataset:c1ede125763fd62d9cc7d2651fdabe63efb2142c7ff2ac96282912ec816a7ea3;dataset:7cf316082e22f46465f66eff57e6ac8c4e6a743c8d291269becf964eaf810b1f;dataset:a0d258caf8bb496450f5b4a3eb77c4168ed3a3aa57804ddc161d8310a5e7d523;dataset:824561731968c71976e1e6b3542e83847685bad4aa4d8e806ecc0826a5262fa8;dataset:8db1d5394f237f478b59ade235c71dbe60c92a42430bade7d573fb2e9f0c0abc;dataset:cd0f3df26e620959ecc601cf13887354a5bef136403c6edbb08aaf928ea37d97;dataset:48cf200482cbbce15351f667e210e46c6915b786d8cdce9fb21084159de06618;dataset:568acaa46277d981c1ef7345e752c0d77fd9cc40d0fe4ab74fd1c017418869e3;dataset:b5df6cf01672a1da0294c4e808744f745328afaf4ac02e147e0c18b17aa646af;dataset:10f28afe91fce800bc28bd1284fb5a6e56872561417659fe34d295d9208633a6","pdata_nds.pos_position_daily;pdata_nds.pos_trs_leg_his_pos;pdata_nds.ref_book;pdata_nds.ref_counterparty;pdata_nds.pos_trs_leg_valuation;pdata_nds.bundle_margin_daily_result;pdata_nds.pos_trs_underlying_valuation;pdata_nds.ref_trs_leg;pdata_nds.trd_otc_trade;pdata_nds.trd_otc_contr_report;pdata_nds.ref_trs;pdata_nds.trd_transfer"
"159495","160794","0.938158","dataset:ed73155a54f70968d28d0804f05815372a9c4f92261f543595954ad6d85bd339;dataset:91c044b29496ac4f3ab6eb1b7b99ea86c254465756f239210bed6263195016ce;dataset:c1ede125763fd62d9cc7d2651fdabe63efb2142c7ff2ac96282912ec816a7ea3;dataset:7cf316082e22f46465f66eff57e6ac8c4e6a743c8d291269becf964eaf810b1f;dataset:a0d258caf8bb496450f5b4a3eb77c4168ed3a3aa57804ddc161d8310a5e7d523;dataset:824561731968c71976e1e6b3542e83847685bad4aa4d8e806ecc0826a5262fa8;dataset:8db1d5394f237f478b59ade235c71dbe60c92a42430bade7d573fb2e9f0c0abc;dataset:cd0f3df26e620959ecc601cf13887354a5bef136403c6edbb08aaf928ea37d97;dataset:48cf200482cbbce15351f667e210e46c6915b786d8cdce9fb21084159de06618;dataset:568acaa46277d981c1ef7345e752c0d77fd9cc40d0fe4ab74fd1c017418869e3;dataset:b5df6cf01672a1da0294c4e808744f745328afaf4ac02e147e0c18b17aa646af;dataset:10f28afe91fce800bc28bd1284fb5a6e56872561417659fe34d295d9208633a6","pdata_nds.pos_position_daily;pdata_nds.pos_trs_leg_his_pos;pdata_nds.ref_book;pdata_nds.ref_counterparty;pdata_nds.pos_trs_leg_valuation;pdata_nds.bundle_margin_daily_result;pdata_nds.pos_trs_underlying_valuation;pdata_nds.ref_trs_leg;pdata_nds.trd_otc_trade;pdata_nds.trd_otc_contr_report;pdata_nds.ref_trs;pdata_nds.trd_transfer"
"159495","160795","1.000000","dataset:ed73155a54f70968d28d0804f05815372a9c4f92261f543595954ad6d85bd339;dataset:91c044b29496ac4f3ab6eb1b7b99ea86c254465756f239210bed6263195016ce;dataset:c1ede125763fd62d9cc7d2651fdabe63efb2142c7ff2ac96282912ec816a7ea3;dataset:7cf316082e22f46465f66eff57e6ac8c4e6a743c8d291269becf964eaf810b1f;dataset:a0d258caf8bb496450f5b4a3eb77c4168ed3a3aa57804ddc161d8310a5e7d523;dataset:824561731968c71976e1e6b3542e83847685bad4aa4d8e806ecc0826a5262fa8;dataset:8db1d5394f237f478b59ade235c71dbe60c92a42430bade7d573fb2e9f0c0abc;dataset:cd0f3df26e620959ecc601cf13887354a5bef136403c6edbb08aaf928ea37d97;dataset:48cf200482cbbce15351f667e210e46c6915b786d8cdce9fb21084159de06618;dataset:568acaa46277d981c1ef7345e752c0d77fd9cc40d0fe4ab74fd1c017418869e3;dataset:b5df6cf01672a1da0294c4e808744f745328afaf4ac02e147e0c18b17aa646af;dataset:10f28afe91fce800bc28bd1284fb5a6e56872561417659fe34d295d9208633a6","pdata_nds.pos_position_daily;pdata_nds.pos_trs_leg_his_pos;pdata_nds.ref_book;pdata_nds.ref_counterparty;pdata_nds.pos_trs_leg_valuation;pdata_nds.bundle_margin_daily_result;pdata_nds.pos_trs_underlying_valuation;pdata_nds.ref_trs_leg;pdata_nds.trd_otc_trade;pdata_nds.trd_otc_contr_report;pdata_nds.ref_trs;pdata_nds.trd_transfer"
"159497","160792","0.938158","dataset:ed73155a54f70968d28d0804f05815372a9c4f92261f543595954ad6d85bd339;dataset:91c044b29496ac4f3ab6eb1b7b99ea86c254465756f239210bed6263195016ce;dataset:c1ede125763fd62d9cc7d2651fdabe63efb2142c7ff2ac96282912ec816a7ea3;dataset:7cf316082e22f46465f66eff57e6ac8c4e6a743c8d291269becf964eaf810b1f;dataset:a0d258caf8bb496450f5b4a3eb77c4168ed3a3aa57804ddc161d8310a5e7d523;dataset:824561731968c71976e1e6b3542e83847685bad4aa4d8e806ecc0826a5262fa8;dataset:8db1d5394f237f478b59ade235c71dbe60c92a42430bade7d573fb2e9f0c0abc;dataset:cd0f3df26e620959ecc601cf13887354a5bef136403c6edbb08aaf928ea37d97;dataset:48cf200482cbbce15351f667e210e46c6915b786d8cdce9fb21084159de06618;dataset:568acaa46277d981c1ef7345e752c0d77fd9cc40d0fe4ab74fd1c017418869e3;dataset:b5df6cf01672a1da0294c4e808744f745328afaf4ac02e147e0c18b17aa646af;dataset:10f28afe91fce800bc28bd1284fb5a6e56872561417659fe34d295d9208633a6","pdata_nds.pos_position_daily;pdata_nds.pos_trs_leg_his_pos;pdata_nds.ref_book;pdata_nds.ref_counterparty;pdata_nds.pos_trs_leg_valuation;pdata_nds.bundle_margin_daily_result;pdata_nds.pos_trs_underlying_valuation;pdata_nds.ref_trs_leg;pdata_nds.trd_otc_trade;pdata_nds.trd_otc_contr_report;pdata_nds.ref_trs;pdata_nds.trd_transfer"
"159497","160795","0.938158","dataset:ed73155a54f70968d28d0804f05815372a9c4f92261f543595954ad6d85bd339;dataset:91c044b29496ac4f3ab6eb1b7b99ea86c254465756f239210bed6263195016ce;dataset:c1ede125763fd62d9cc7d2651fdabe63efb2142c7ff2ac96282912ec816a7ea3;dataset:7cf316082e22f46465f66eff57e6ac8c4e6a743c8d291269becf964eaf810b1f;dataset:a0d258caf8bb496450f5b4a3eb77c4168ed3a3aa57804ddc161d8310a5e7d523;dataset:824561731968c71976e1e6b3542e83847685bad4aa4d8e806ecc0826a5262fa8;dataset:8db1d5394f237f478b59ade235c71dbe60c92a42430bade7d573fb2e9f0c0abc;dataset:cd0f3df26e620959ecc601cf13887354a5bef136403c6edbb08aaf928ea37d97;dataset:48cf200482cbbce15351f667e210e46c6915b786d8cdce9fb21084159de06618;dataset:568acaa46277d981c1ef7345e752c0d77fd9cc40d0fe4ab74fd1c017418869e3;dataset:b5df6cf01672a1da0294c4e808744f745328afaf4ac02e147e0c18b17aa646af;dataset:10f28afe91fce800bc28bd1284fb5a6e56872561417659fe34d295d9208633a6","pdata_nds.pos_position_daily;pdata_nds.pos_trs_leg_his_pos;pdata_nds.ref_book;pdata_nds.ref_counterparty;pdata_nds.pos_trs_leg_valuation;pdata_nds.bundle_margin_daily_result;pdata_nds.pos_trs_underlying_valuation;pdata_nds.ref_trs_leg;pdata_nds.trd_otc_trade;pdata_nds.trd_otc_contr_report;pdata_nds.ref_trs;pdata_nds.trd_transfer"
"159506","160792","0.938158","dataset:ed73155a54f70968d28d0804f05815372a9c4f92261f543595954ad6d85bd339;dataset:91c044b29496ac4f3ab6eb1b7b99ea86c254465756f239210bed6263195016ce;dataset:c1ede125763fd62d9cc7d2651fdabe63efb2142c7ff2ac96282912ec816a7ea3;dataset:7cf316082e22f46465f66eff57e6ac8c4e6a743c8d291269becf964eaf810b1f;dataset:a0d258caf8bb496450f5b4a3eb77c4168ed3a3aa57804ddc161d8310a5e7d523;dataset:824561731968c71976e1e6b3542e83847685bad4aa4d8e806ecc0826a5262fa8;dataset:8db1d5394f237f478b59ade235c71dbe60c92a42430bade7d573fb2e9f0c0abc;dataset:cd0f3df26e620959ecc601cf13887354a5bef136403c6edbb08aaf928ea37d97;dataset:48cf200482cbbce15351f667e210e46c6915b786d8cdce9fb21084159de06618;dataset:568acaa46277d981c1ef7345e752c0d77fd9cc40d0fe4ab74fd1c017418869e3;dataset:b5df6cf01672a1da0294c4e808744f745328afaf4ac02e147e0c18b17aa646af;dataset:10f28afe91fce800bc28bd1284fb5a6e56872561417659fe34d295d9208633a6","pdata_nds.pos_position_daily;pdata_nds.pos_trs_leg_his_pos;pdata_nds.ref_book;pdata_nds.ref_counterparty;pdata_nds.pos_trs_leg_valuation;pdata_nds.bundle_margin_daily_result;pdata_nds.pos_trs_underlying_valuation;pdata_nds.ref_trs_leg;pdata_nds.trd_otc_trade;pdata_nds.trd_otc_contr_report;pdata_nds.ref_trs;pdata_nds.trd_transfer"
"159506","160795","0.938158","dataset:ed73155a54f70968d28d0804f05815372a9c4f92261f543595954ad6d85bd339;dataset:91c044b29496ac4f3ab6eb1b7b99ea86c254465756f239210bed6263195016ce;dataset:c1ede125763fd62d9cc7d2651fdabe63efb2142c7ff2ac96282912ec816a7ea3;dataset:7cf316082e22f46465f66eff57e6ac8c4e6a743c8d291269becf964eaf810b1f;dataset:a0d258caf8bb496450f5b4a3eb77c4168ed3a3aa57804ddc161d8310a5e7d523;dataset:824561731968c71976e1e6b3542e83847685bad4aa4d8e806ecc0826a5262fa8;dataset:8db1d5394f237f478b59ade235c71dbe60c92a42430bade7d573fb2e9f0c0abc;dataset:cd0f3df26e620959ecc601cf13887354a5bef136403c6edbb08aaf928ea37d97;dataset:48cf200482cbbce15351f667e210e46c6915b786d8cdce9fb21084159de06618;dataset:568acaa46277d981c1ef7345e752c0d77fd9cc40d0fe4ab74fd1c017418869e3;dataset:b5df6cf01672a1da0294c4e808744f745328afaf4ac02e147e0c18b17aa646af;dataset:10f28afe91fce800bc28bd1284fb5a6e56872561417659fe34d295d9208633a6","pdata_nds.pos_position_daily;pdata_nds.pos_trs_leg_his_pos;pdata_nds.ref_book;pdata_nds.ref_counterparty;pdata_nds.pos_trs_leg_valuation;pdata_nds.bundle_margin_daily_result;pdata_nds.pos_trs_underlying_valuation;pdata_nds.ref_trs_leg;pdata_nds.trd_otc_trade;pdata_nds.trd_otc_contr_report;pdata_nds.ref_trs;pdata_nds.trd_transfer"
"160791","160792","0.938158","dataset:ed73155a54f70968d28d0804f05815372a9c4f92261f543595954ad6d85bd339;dataset:91c044b29496ac4f3ab6eb1b7b99ea86c254465756f239210bed6263195016ce;dataset:c1ede125763fd62d9cc7d2651fdabe63efb2142c7ff2ac96282912ec816a7ea3;dataset:7cf316082e22f46465f66eff57e6ac8c4e6a743c8d291269becf964eaf810b1f;dataset:a0d258caf8bb496450f5b4a3eb77c4168ed3a3aa57804ddc161d8310a5e7d523;dataset:824561731968c71976e1e6b3542e83847685bad4aa4d8e806ecc0826a5262fa8;dataset:8db1d5394f237f478b59ade235c71dbe60c92a42430bade7d573fb2e9f0c0abc;dataset:cd0f3df26e620959ecc601cf13887354a5bef136403c6edbb08aaf928ea37d97;dataset:48cf200482cbbce15351f667e210e46c6915b786d8cdce9fb21084159de06618;dataset:568acaa46277d981c1ef7345e752c0d77fd9cc40d0fe4ab74fd1c017418869e3;dataset:b5df6cf01672a1da0294c4e808744f745328afaf4ac02e147e0c18b17aa646af;dataset:10f28afe91fce800bc28bd1284fb5a6e56872561417659fe34d295d9208633a6","pdata_nds.pos_position_daily;pdata_nds.pos_trs_leg_his_pos;pdata_nds.ref_book;pdata_nds.ref_counterparty;pdata_nds.pos_trs_leg_valuation;pdata_nds.bundle_margin_daily_result;pdata_nds.pos_trs_underlying_valuation;pdata_nds.ref_trs_leg;pdata_nds.trd_otc_trade;pdata_nds.trd_otc_contr_report;pdata_nds.ref_trs;pdata_nds.trd_transfer"
"160791","160795","0.938158","dataset:ed73155a54f70968d28d0804f05815372a9c4f92261f543595954ad6d85bd339;dataset:91c044b29496ac4f3ab6eb1b7b99ea86c254465756f239210bed6263195016ce;dataset:c1ede125763fd62d9cc7d2651fdabe63efb2142c7ff2ac96282912ec816a7ea3;dataset:7cf316082e22f46465f66eff57e6ac8c4e6a743c8d291269becf964eaf810b1f;dataset:a0d258caf8bb496450f5b4a3eb77c4168ed3a3aa57804ddc161d8310a5e7d523;dataset:824561731968c71976e1e6b3542e83847685bad4aa4d8e806ecc0826a5262fa8;dataset:8db1d5394f237f478b59ade235c71dbe60c92a42430bade7d573fb2e9f0c0abc;dataset:cd0f3df26e620959ecc601cf13887354a5bef136403c6edbb08aaf928ea37d97;dataset:48cf200482cbbce15351f667e210e46c6915b786d8cdce9fb21084159de06618;dataset:568acaa46277d981c1ef7345e752c0d77fd9cc40d0fe4ab74fd1c017418869e3;dataset:b5df6cf01672a1da0294c4e808744f745328afaf4ac02e147e0c18b17aa646af;dataset:10f28afe91fce800bc28bd1284fb5a6e56872561417659fe34d295d9208633a6","pdata_nds.pos_position_daily;pdata_nds.pos_trs_leg_his_pos;pdata_nds.ref_book;pdata_nds.ref_counterparty;pdata_nds.pos_trs_leg_valuation;pdata_nds.bundle_margin_daily_result;pdata_nds.pos_trs_underlying_valuation;pdata_nds.ref_trs_leg;pdata_nds.trd_otc_trade;pdata_nds.trd_otc_contr_report;pdata_nds.ref_trs;pdata_nds.trd_transfer"
"160792","160794","0.938158","dataset:ed73155a54f70968d28d0804f05815372a9c4f92261f543595954ad6d85bd339;dataset:91c044b29496ac4f3ab6eb1b7b99ea86c254465756f239210bed6263195016ce;dataset:c1ede125763fd62d9cc7d2651fdabe63efb2142c7ff2ac96282912ec816a7ea3;dataset:7cf316082e22f46465f66eff57e6ac8c4e6a743c8d291269becf964eaf810b1f;dataset:a0d258caf8bb496450f5b4a3eb77c4168ed3a3aa57804ddc161d8310a5e7d523;dataset:824561731968c71976e1e6b3542e83847685bad4aa4d8e806ecc0826a5262fa8;dataset:8db1d5394f237f478b59ade235c71dbe60c92a42430bade7d573fb2e9f0c0abc;dataset:cd0f3df26e620959ecc601cf13887354a5bef136403c6edbb08aaf928ea37d97;dataset:48cf200482cbbce15351f667e210e46c6915b786d8cdce9fb21084159de06618;dataset:568acaa46277d981c1ef7345e752c0d77fd9cc40d0fe4ab74fd1c017418869e3;dataset:b5df6cf01672a1da0294c4e808744f745328afaf4ac02e147e0c18b17aa646af;dataset:10f28afe91fce800bc28bd1284fb5a6e56872561417659fe34d295d9208633a6","pdata_nds.pos_position_daily;pdata_nds.pos_trs_leg_his_pos;pdata_nds.ref_book;pdata_nds.ref_counterparty;pdata_nds.pos_trs_leg_valuation;pdata_nds.bundle_margin_daily_result;pdata_nds.pos_trs_underlying_valuation;pdata_nds.ref_trs_leg;pdata_nds.trd_otc_trade;pdata_nds.trd_otc_contr_report;pdata_nds.ref_trs;pdata_nds.trd_transfer"
"160792","160795","1.000000","dataset:ed73155a54f70968d28d0804f05815372a9c4f92261f543595954ad6d85bd339;dataset:91c044b29496ac4f3ab6eb1b7b99ea86c254465756f239210bed6263195016ce;dataset:c1ede125763fd62d9cc7d2651fdabe63efb2142c7ff2ac96282912ec816a7ea3;dataset:7cf316082e22f46465f66eff57e6ac8c4e6a743c8d291269becf964eaf810b1f;dataset:a0d258caf8bb496450f5b4a3eb77c4168ed3a3aa57804ddc161d8310a5e7d523;dataset:824561731968c71976e1e6b3542e83847685bad4aa4d8e806ecc0826a5262fa8;dataset:8db1d5394f237f478b59ade235c71dbe60c92a42430bade7d573fb2e9f0c0abc;dataset:cd0f3df26e620959ecc601cf13887354a5bef136403c6edbb08aaf928ea37d97;dataset:48cf200482cbbce15351f667e210e46c6915b786d8cdce9fb21084159de06618;dataset:568acaa46277d981c1ef7345e752c0d77fd9cc40d0fe4ab74fd1c017418869e3;dataset:b5df6cf01672a1da0294c4e808744f745328afaf4ac02e147e0c18b17aa646af;dataset:10f28afe91fce800bc28bd1284fb5a6e56872561417659fe34d295d9208633a6","pdata_nds.pos_position_daily;pdata_nds.pos_trs_leg_his_pos;pdata_nds.ref_book;pdata_nds.ref_counterparty;pdata_nds.pos_trs_leg_valuation;pdata_nds.bundle_margin_daily_result;pdata_nds.pos_trs_underlying_valuation;pdata_nds.ref_trs_leg;pdata_nds.trd_otc_trade;pdata_nds.trd_otc_contr_report;pdata_nds.ref_trs;pdata_nds.trd_transfer"
"160794","160795","0.938158","dataset:ed73155a54f70968d28d0804f05815372a9c4f92261f543595954ad6d85bd339;dataset:91c044b29496ac4f3ab6eb1b7b99ea86c254465756f239210bed6263195016ce;dataset:c1ede125763fd62d9cc7d2651fdabe63efb2142c7ff2ac96282912ec816a7ea3;dataset:7cf316082e22f46465f66eff57e6ac8c4e6a743c8d291269becf964eaf810b1f;dataset:a0d258caf8bb496450f5b4a3eb77c4168ed3a3aa57804ddc161d8310a5e7d523;dataset:824561731968c71976e1e6b3542e83847685bad4aa4d8e806ecc0826a5262fa8;dataset:8db1d5394f237f478b59ade235c71dbe60c92a42430bade7d573fb2e9f0c0abc;dataset:cd0f3df26e620959ecc601cf13887354a5bef136403c6edbb08aaf928ea37d97;dataset:48cf200482cbbce15351f667e210e46c6915b786d8cdce9fb21084159de06618;dataset:568acaa46277d981c1ef7345e752c0d77fd9cc40d0fe4ab74fd1c017418869e3;dataset:b5df6cf01672a1da0294c4e808744f745328afaf4ac02e147e0c18b17aa646af;dataset:10f28afe91fce800bc28bd1284fb5a6e56872561417659fe34d295d9208633a6","pdata_nds.pos_position_daily;pdata_nds.pos_trs_leg_his_pos;pdata_nds.ref_book;pdata_nds.ref_counterparty;pdata_nds.pos_trs_leg_valuation;pdata_nds.bundle_margin_daily_result;pdata_nds.pos_trs_underlying_valuation;pdata_nds.ref_trs_leg;pdata_nds.trd_otc_trade;pdata_nds.trd_otc_contr_report;pdata_nds.ref_trs;pdata_nds.trd_transfer"
"188414","188419","0.938574","dataset:ed73155a54f70968d28d0804f05815372a9c4f92261f543595954ad6d85bd339;dataset:c1ede125763fd62d9cc7d2651fdabe63efb2142c7ff2ac96282912ec816a7ea3;dataset:7cf316082e22f46465f66eff57e6ac8c4e6a743c8d291269becf964eaf810b1f;dataset:824561731968c71976e1e6b3542e83847685bad4aa4d8e806ecc0826a5262fa8;dataset:48cf200482cbbce15351f667e210e46c6915b786d8cdce9fb21084159de06618;dataset:568acaa46277d981c1ef7345e752c0d77fd9cc40d0fe4ab74fd1c017418869e3;dataset:10f28afe91fce800bc28bd1284fb5a6e56872561417659fe34d295d9208633a6;dataset:1e6cf23776c4618e714807ff55f3786392d8d905c4d1bd5838d81471640fdcaf;dataset:e540bdd02612b37dc6b05f07dabd442fd9356770d8ab467a4c1b4efb68de742d;dataset:4a3be1ba0a0f23f4ed401dec48bd2eb2a4583cf398c911f45e27eed1f60bbaef;dataset:726b4be35719ce0de22dde75c4b5a2c4c6b34cfe2309ef6c4d53fc2d03be6701","pdata_nds.pos_position_daily;pdata_nds.ref_book;pdata_nds.ref_counterparty;pdata_nds.bundle_margin_daily_result;pdata_nds.trd_otc_trade;pdata_nds.trd_otc_contr_report;pdata_nds.trd_transfer;pdata_nds.ref_fast_trs;pdata_nds.ref_fast_trs_leg;pdata_nds.pos_fast_trs_leg_valuation;pdata_nds.pos_fast_trs_leg_his_pos"
"188414","188424","1.000000","dataset:ed73155a54f70968d28d0804f05815372a9c4f92261f543595954ad6d85bd339;dataset:c1ede125763fd62d9cc7d2651fdabe63efb2142c7ff2ac96282912ec816a7ea3;dataset:7cf316082e22f46465f66eff57e6ac8c4e6a743c8d291269becf964eaf810b1f;dataset:824561731968c71976e1e6b3542e83847685bad4aa4d8e806ecc0826a5262fa8;dataset:48cf200482cbbce15351f667e210e46c6915b786d8cdce9fb21084159de06618;dataset:568acaa46277d981c1ef7345e752c0d77fd9cc40d0fe4ab74fd1c017418869e3;dataset:10f28afe91fce800bc28bd1284fb5a6e56872561417659fe34d295d9208633a6;dataset:1e6cf23776c4618e714807ff55f3786392d8d905c4d1bd5838d81471640fdcaf;dataset:e540bdd02612b37dc6b05f07dabd442fd9356770d8ab467a4c1b4efb68de742d;dataset:4a3be1ba0a0f23f4ed401dec48bd2eb2a4583cf398c911f45e27eed1f60bbaef;dataset:726b4be35719ce0de22dde75c4b5a2c4c6b34cfe2309ef6c4d53fc2d03be6701","pdata_nds.pos_position_daily;pdata_nds.ref_book;pdata_nds.ref_counterparty;pdata_nds.bundle_margin_daily_result;pdata_nds.trd_otc_trade;pdata_nds.trd_otc_contr_report;pdata_nds.trd_transfer;pdata_nds.ref_fast_trs;pdata_nds.ref_fast_trs_leg;pdata_nds.pos_fast_trs_leg_valuation;pdata_nds.pos_fast_trs_leg_his_pos"
"188414","188429","0.938574","dataset:ed73155a54f70968d28d0804f05815372a9c4f92261f543595954ad6d85bd339;dataset:c1ede125763fd62d9cc7d2651fdabe63efb2142c7ff2ac96282912ec816a7ea3;dataset:7cf316082e22f46465f66eff57e6ac8c4e6a743c8d291269becf964eaf810b1f;dataset:824561731968c71976e1e6b3542e83847685bad4aa4d8e806ecc0826a5262fa8;dataset:48cf200482cbbce15351f667e210e46c6915b786d8cdce9fb21084159de06618;dataset:568acaa46277d981c1ef7345e752c0d77fd9cc40d0fe4ab74fd1c017418869e3;dataset:10f28afe91fce800bc28bd1284fb5a6e56872561417659fe34d295d9208633a6;dataset:1e6cf23776c4618e714807ff55f3786392d8d905c4d1bd5838d81471640fdcaf;dataset:e540bdd02612b37dc6b05f07dabd442fd9356770d8ab467a4c1b4efb68de742d;dataset:4a3be1ba0a0f23f4ed401dec48bd2eb2a4583cf398c911f45e27eed1f60bbaef;dataset:726b4be35719ce0de22dde75c4b5a2c4c6b34cfe2309ef6c4d53fc2d03be6701","pdata_nds.pos_position_daily;pdata_nds.ref_book;pdata_nds.ref_counterparty;pdata_nds.bundle_margin_daily_result;pdata_nds.trd_otc_trade;pdata_nds.trd_otc_contr_report;pdata_nds.trd_transfer;pdata_nds.ref_fast_trs;pdata_nds.ref_fast_trs_leg;pdata_nds.pos_fast_trs_leg_valuation;pdata_nds.pos_fast_trs_leg_his_pos"
"188419","188424","0.938574","dataset:ed73155a54f70968d28d0804f05815372a9c4f92261f543595954ad6d85bd339;dataset:c1ede125763fd62d9cc7d2651fdabe63efb2142c7ff2ac96282912ec816a7ea3;dataset:7cf316082e22f46465f66eff57e6ac8c4e6a743c8d291269becf964eaf810b1f;dataset:824561731968c71976e1e6b3542e83847685bad4aa4d8e806ecc0826a5262fa8;dataset:48cf200482cbbce15351f667e210e46c6915b786d8cdce9fb21084159de06618;dataset:568acaa46277d981c1ef7345e752c0d77fd9cc40d0fe4ab74fd1c017418869e3;dataset:10f28afe91fce800bc28bd1284fb5a6e56872561417659fe34d295d9208633a6;dataset:1e6cf23776c4618e714807ff55f3786392d8d905c4d1bd5838d81471640fdcaf;dataset:e540bdd02612b37dc6b05f07dabd442fd9356770d8ab467a4c1b4efb68de742d;dataset:4a3be1ba0a0f23f4ed401dec48bd2eb2a4583cf398c911f45e27eed1f60bbaef;dataset:726b4be35719ce0de22dde75c4b5a2c4c6b34cfe2309ef6c4d53fc2d03be6701","pdata_nds.pos_position_daily;pdata_nds.ref_book;pdata_nds.ref_counterparty;pdata_nds.bundle_margin_daily_result;pdata_nds.trd_otc_trade;pdata_nds.trd_otc_contr_report;pdata_nds.trd_transfer;pdata_nds.ref_fast_trs;pdata_nds.ref_fast_trs_leg;pdata_nds.pos_fast_trs_leg_valuation;pdata_nds.pos_fast_trs_leg_his_pos"
"188424","188429","0.938574","dataset:ed73155a54f70968d28d0804f05815372a9c4f92261f543595954ad6d85bd339;dataset:c1ede125763fd62d9cc7d2651fdabe63efb2142c7ff2ac96282912ec816a7ea3;dataset:7cf316082e22f46465f66eff57e6ac8c4e6a743c8d291269becf964eaf810b1f;dataset:824561731968c71976e1e6b3542e83847685bad4aa4d8e806ecc0826a5262fa8;dataset:48cf200482cbbce15351f667e210e46c6915b786d8cdce9fb21084159de06618;dataset:568acaa46277d981c1ef7345e752c0d77fd9cc40d0fe4ab74fd1c017418869e3;dataset:10f28afe91fce800bc28bd1284fb5a6e56872561417659fe34d295d9208633a6;dataset:1e6cf23776c4618e714807ff55f3786392d8d905c4d1bd5838d81471640fdcaf;dataset:e540bdd02612b37dc6b05f07dabd442fd9356770d8ab467a4c1b4efb68de742d;dataset:4a3be1ba0a0f23f4ed401dec48bd2eb2a4583cf398c911f45e27eed1f60bbaef;dataset:726b4be35719ce0de22dde75c4b5a2c4c6b34cfe2309ef6c4d53fc2d03be6701","pdata_nds.pos_position_daily;pdata_nds.ref_book;pdata_nds.ref_counterparty;pdata_nds.bundle_margin_daily_result;pdata_nds.trd_otc_trade;pdata_nds.trd_otc_contr_report;pdata_nds.trd_transfer;pdata_nds.ref_fast_trs;pdata_nds.ref_fast_trs_leg;pdata_nds.pos_fast_trs_leg_valuation;pdata_nds.pos_fast_trs_leg_his_pos"
"135361","135663","1.000000","dataset:3f5272bfe7d539468c3b827c913019d73041608c8161219f8683b2fd1c43278f;dataset:25f80aa6e6f8016c83130a052766bd0436b78145ff59501821c33c20b76c3057;dataset:6fe25163880c746448571f127e3e774ec3d12233239487215a34281dfd0dbdfa;dataset:9a815b7386d275ff418f55088b3a6ba420808c198f6dbdc5dbf890eea4c0b2b3","pdata_n.t05_oao_ord_log;pdata_nds.oao_cust_oact_analyze_detail;pdata_n.t98_cust_indv_cust_base_info;pdata_nds.open_acct_penal"
"144127","144146","1.000000","dataset:2b9926f55d4c8adc7ead270f045db7f06500eeb06cc37a4a2e11c688a988b06f;dataset:2501f5a291416100ad96a7feaf58a1278347b6856d1057cf96e832af3e9bc362","pdata_news_n.t02_idx_compnt_wght;pdata_news_n.t02_idx_compnt_wght_ext"
"226278","234860","1.000000","dataset:1b3a86642e6b5989a75b3227a3329ed7e6e733e5fcc5a858da15b03d80bbbe92;dataset:aa5540faf887495a4279fe60e4d7166d1473a0b8451ae441aee46744690ea26c;dataset:155afbfc3829807ec905efb012ebd2ddf5e722d44c3dc19ef8522bf5512b65bf;dataset:fc30c3ed3578ed9a504bff5d82143ac6b5a910e9d4bf2e5ccfe88d7631b01ffa;dataset:d808430753d3982ff20cb188b28c854d73facc1eacce6f3bcbeb0963843847b5;dataset:45635cb16c697e46609cc2782041305b3ebf12e083b46821d5c83bb2384ec5f9;dataset:fc41a3595b32b3124fcec5810020fcfc8b91e005d436132040b528294a7ccda0;dataset:4d1ed36c03116b0019d447314bebcf5b09ba3901a14e0a98e5e6e2890ffad6ad;dataset:66ab1239f62091d31cdfc32b480ef587f587e8f174fe8564cf0232cf4a6e23fe","pdata_n.t01_crm_ofst_oact_cust_div;dm_index_n.prdcust_mng_prd_ext_rela;dm_index_n.grp_tag_news_secu_prd_ast_clas;dm_index_n.buyr_investment_adviser_sale_rela_mon;dm_index_n.cust_prd_ret_info_pntra_slice_tag;pdata_n.t03_fap_firm_comb_hold_info;dm_index_n.aum_wqj_prd_calc_as_grp_day;dm_index_n.index_grp3_tnramt_cros_bordchremstrd_tdy;dm_index_n.ty_cust_mid"
"160773","160780","0.761111","dataset:6ebabb447f462a09ed915b5632b2638807e7870ada3725edaa3f3361364cff0e;dataset:caf9cea87b50cd501bad956af223e7dffd916ec548fdf108faf6c2b6f14cddbe;dataset:2dc3066e6f1c74e59713b742b5f72952709fbd59dd22ff8ebde6f0096924e159","pdata_nds.om_flip_new_orgid;dm_index_n.index_grp3_compscal_otcderi_cs_mthapd;dm_index_n.index_grp3_org_emp_cstdprd_avgast_aum_mon"
"150221","153067","0.729344","dataset:8ad73f74a033c26b0991f94f7dac064cc3137aa0b74aea94b04ad9219f923c1f;dataset:bb21f92858c03e21124d52840b292d9f6bfad52f0a6237aa168cf93328a59c05","dm_index_n.hold_def_daily_dict_stock;pdata_pcav_n.mid_sta_acs_single_stock_daily_profit"
"153067","164123","0.729344","dataset:8ad73f74a033c26b0991f94f7dac064cc3137aa0b74aea94b04ad9219f923c1f;dataset:bb21f92858c03e21124d52840b292d9f6bfad52f0a6237aa168cf93328a59c05","dm_index_n.hold_def_daily_dict_stock;pdata_pcav_n.mid_sta_acs_single_stock_daily_profit"
"153067","167963","0.729344","dataset:8ad73f74a033c26b0991f94f7dac064cc3137aa0b74aea94b04ad9219f923c1f;dataset:bb21f92858c03e21124d52840b292d9f6bfad52f0a6237aa168cf93328a59c05","dm_index_n.hold_def_daily_dict_stock;pdata_pcav_n.mid_sta_acs_single_stock_daily_profit"
"153067","184842","0.729344","dataset:8ad73f74a033c26b0991f94f7dac064cc3137aa0b74aea94b04ad9219f923c1f;dataset:bb21f92858c03e21124d52840b292d9f6bfad52f0a6237aa168cf93328a59c05","dm_index_n.hold_def_daily_dict_stock;pdata_pcav_n.mid_sta_acs_single_stock_daily_profit"
"187699","187725","1.000000","dataset:73bd93e55d35a8c1b6b33b19d2ee2477bff9f3bf87ed5a756c263586c7cb6d00;dataset:4c3df2c4d8799c0eed1e90d382f7a698feeb87ba80b9d2c245f196c2e73ab3a2;dataset:0cd220c3c3a1385e548df3751af211eab98129c2a44e12e266b2e3cdffecb3d6;dataset:33203a96cfaa12fdb4bfdd99b33ba1bb7f58451f60cd563f0aa73f1e39fa817e","dm_index_n.index_grp2_std_ast_aft_covt_year_apd;pdata_n.t05_cust_ast_pkg_rela_adj_proc;pdata_n.t05_cust_ast_pkg_rela_adj_proc_det;pdata_n.t05_cust_rela_bat_adj_chg_evt"
"167458","167463","1.000000","dataset:bb21f92858c03e21124d52840b292d9f6bfad52f0a6237aa168cf93328a59c05;dataset:aaa9c3b92fa74e856d5aa3f6e89c1433eb576fff89cdbb2058ec87c7a5668197","pdata_pcav_n.mid_sta_acs_single_stock_daily_profit;pdata_pcav_n.mid_sta_acs_single_fund_daily_profit"
"167458","167466","1.000000","dataset:bb21f92858c03e21124d52840b292d9f6bfad52f0a6237aa168cf93328a59c05;dataset:aaa9c3b92fa74e856d5aa3f6e89c1433eb576fff89cdbb2058ec87c7a5668197","pdata_pcav_n.mid_sta_acs_single_stock_daily_profit;pdata_pcav_n.mid_sta_acs_single_fund_daily_profit"
"167463","167466","1.000000","dataset:bb21f92858c03e21124d52840b292d9f6bfad52f0a6237aa168cf93328a59c05;dataset:aaa9c3b92fa74e856d5aa3f6e89c1433eb576fff89cdbb2058ec87c7a5668197","pdata_pcav_n.mid_sta_acs_single_stock_daily_profit;pdata_pcav_n.mid_sta_acs_single_fund_daily_profit"
"150790","175990","0.611063","dataset:aaa49c4d55afcbcf9fbcb4775d84fa23582e18e485f1a08b7289391adc7dd2cb;dataset:ee70e2cdd71d350031b2f4a1e6e2e1f1e22c13f4265c002a8e70a5ace547f60c;dataset:6bb80efc251b793f1930bb95ca4ce558523fe785986ae2f0d13e547b0935a9a0","pdata_n.t98_sb_tit_day_hold_indx;pdata_n.t98_sb_otc_opt_sub_trd_prcg_indx;pdata_n.t98_sb_otc_opt_comp_info"
"150790","176827","0.611063","dataset:aaa49c4d55afcbcf9fbcb4775d84fa23582e18e485f1a08b7289391adc7dd2cb;dataset:ee70e2cdd71d350031b2f4a1e6e2e1f1e22c13f4265c002a8e70a5ace547f60c;dataset:6bb80efc251b793f1930bb95ca4ce558523fe785986ae2f0d13e547b0935a9a0","pdata_n.t98_sb_tit_day_hold_indx;pdata_n.t98_sb_otc_opt_sub_trd_prcg_indx;pdata_n.t98_sb_otc_opt_comp_info"
"150790","181058","0.611063","dataset:aaa49c4d55afcbcf9fbcb4775d84fa23582e18e485f1a08b7289391adc7dd2cb;dataset:ee70e2cdd71d350031b2f4a1e6e2e1f1e22c13f4265c002a8e70a5ace547f60c;dataset:6bb80efc251b793f1930bb95ca4ce558523fe785986ae2f0d13e547b0935a9a0","pdata_n.t98_sb_tit_day_hold_indx;pdata_n.t98_sb_otc_opt_sub_trd_prcg_indx;pdata_n.t98_sb_otc_opt_comp_info"
"175990","181058","1.000000","dataset:aaa49c4d55afcbcf9fbcb4775d84fa23582e18e485f1a08b7289391adc7dd2cb;dataset:ee70e2cdd71d350031b2f4a1e6e2e1f1e22c13f4265c002a8e70a5ace547f60c;dataset:6bb80efc251b793f1930bb95ca4ce558523fe785986ae2f0d13e547b0935a9a0;dataset:4337c322651c4d1def43ab87c6607ada3aff3c5fba9ab3c29ce2bab4768109d3","pdata_n.t98_sb_tit_day_hold_indx;pdata_n.t98_sb_otc_opt_sub_trd_prcg_indx;pdata_n.t98_sb_otc_opt_comp_info;pdata_n.t98_otc_opt_comp_sub_trd_pal_sum"
"150790","176831","0.644910","dataset:ee70e2cdd71d350031b2f4a1e6e2e1f1e22c13f4265c002a8e70a5ace547f60c;dataset:6bb80efc251b793f1930bb95ca4ce558523fe785986ae2f0d13e547b0935a9a0","pdata_n.t98_sb_otc_opt_sub_trd_prcg_indx;pdata_n.t98_sb_otc_opt_comp_info"
"150790","176839","0.644910","dataset:ee70e2cdd71d350031b2f4a1e6e2e1f1e22c13f4265c002a8e70a5ace547f60c;dataset:6bb80efc251b793f1930bb95ca4ce558523fe785986ae2f0d13e547b0935a9a0","pdata_n.t98_sb_otc_opt_sub_trd_prcg_indx;pdata_n.t98_sb_otc_opt_comp_info"
"176831","176839","1.000000","dataset:ee70e2cdd71d350031b2f4a1e6e2e1f1e22c13f4265c002a8e70a5ace547f60c;dataset:6bb80efc251b793f1930bb95ca4ce558523fe785986ae2f0d13e547b0935a9a0","pdata_n.t98_sb_otc_opt_sub_trd_prcg_indx;pdata_n.t98_sb_otc_opt_comp_info"
"151652","164124","1.000000","dataset:82cd3e5a47cdc49571e969b4347b4843f5fe7c2c9e071e70103840e82739a30d;dataset:02d7f752b9686f57ce2748643a9306db846b82d8b8b69e440b8c71d5401cfbe7","pdata_pcav_n.mid_sta_acs_single_opt_daily_profit;dm_index_n.hold_def_daily_dict_opt"
"151652","170348","1.000000","dataset:82cd3e5a47cdc49571e969b4347b4843f5fe7c2c9e071e70103840e82739a30d;dataset:02d7f752b9686f57ce2748643a9306db846b82d8b8b69e440b8c71d5401cfbe7","pdata_pcav_n.mid_sta_acs_single_opt_daily_profit;dm_index_n.hold_def_daily_dict_opt"
"164124","170348","1.000000","dataset:82cd3e5a47cdc49571e969b4347b4843f5fe7c2c9e071e70103840e82739a30d;dataset:02d7f752b9686f57ce2748643a9306db846b82d8b8b69e440b8c71d5401cfbe7","pdata_pcav_n.mid_sta_acs_single_opt_daily_profit;dm_index_n.hold_def_daily_dict_opt"
"158480","189181","1.000000","dataset:b069a409e68651d376373b45eb2d143c9094e27af57e41e53aa0b4b58cac9bbc;dataset:dbaf72a3b76555923595759f02de9eb33dfc8f05eb0e65e634ca78406bddf401;dataset:b58dc64ed84a30ec68171fbd260832f3811c8deb2395f122c2f8d162bbae4410;dataset:f48b59db1e6942a379fa6aaafacc836d7733c31a74218477123eecf0649ac60c;dataset:6778a04e93ce19609baf40bfb1b047e3e331756c06fa4d97a6f73ef0c83be69d;dataset:95ac1a0b808c13ad5f417d49c32eafa2b6c3e46bdfc558d1248fab8495cf1367;dataset:998b8689c3e15fa6d4468c75781e71032c5903da7444e5fa02e6f1563a7ee3f3;dataset:7ca85ea71d25cbae594da5de62e25f3d4eaa9c1383e4581b49ccf5931a100e56;dataset:87c9efdb8b654f46b22346b6140a243ccdd677d945fa4b4f2a1f1360addc5272;dataset:33c1a08d94d325dbf81eebf4bd566eea2a1c65327022c38e61d1e14aff87055b","dm_index_n.index_grp1_apdstdast_examcoefcovtpst_astlt10ttsd_mth;dm_index_n.grp_tag_client_aum_perf_exam;dm_index_n.index_grp1_cust_incm_allcali_mth_all;dm_index_n.index_grp2_emp_inr_incm_spaseat_mth;dm_index_n.index_grp3_cust_pd_emp_prdincome_nothselcond_tdy;dm_index_n.index_grp3_cust_prd_emp_income_nwsincome_astpkgrela_tdy;dm_index_n.index_grp3_cust_prd_emp_income_nwsincome_aumdevrela_tdy;dm_index_n.index_grp2_cust_emp_incm_plfmvabusi_aum_tdy_all;dm_index_n.index_grp1_emp_income_cs_mth_all;pdata_n.t98_cust_refin_intr_dect_rwd"
"184973","184974","1.000000","dataset:dbaf72a3b76555923595759f02de9eb33dfc8f05eb0e65e634ca78406bddf401;dataset:eb562807a7882986540902089d6bddf23080be6cf8c4194e9797f92531eec38a","dm_index_n.grp_tag_client_aum_perf_exam;dm_index_n.index_grp2_cust_stdast_covtpst_examapp_mth"
"184973","235871","1.000000","dataset:dbaf72a3b76555923595759f02de9eb33dfc8f05eb0e65e634ca78406bddf401;dataset:eb562807a7882986540902089d6bddf23080be6cf8c4194e9797f92531eec38a","dm_index_n.grp_tag_client_aum_perf_exam;dm_index_n.index_grp2_cust_stdast_covtpst_examapp_mth"
"184973","235878","1.000000","dataset:dbaf72a3b76555923595759f02de9eb33dfc8f05eb0e65e634ca78406bddf401;dataset:eb562807a7882986540902089d6bddf23080be6cf8c4194e9797f92531eec38a","dm_index_n.grp_tag_client_aum_perf_exam;dm_index_n.index_grp2_cust_stdast_covtpst_examapp_mth"
"184974","235871","1.000000","dataset:dbaf72a3b76555923595759f02de9eb33dfc8f05eb0e65e634ca78406bddf401;dataset:eb562807a7882986540902089d6bddf23080be6cf8c4194e9797f92531eec38a","dm_index_n.grp_tag_client_aum_perf_exam;dm_index_n.index_grp2_cust_stdast_covtpst_examapp_mth"
"184974","235878","1.000000","dataset:dbaf72a3b76555923595759f02de9eb33dfc8f05eb0e65e634ca78406bddf401;dataset:eb562807a7882986540902089d6bddf23080be6cf8c4194e9797f92531eec38a","dm_index_n.grp_tag_client_aum_perf_exam;dm_index_n.index_grp2_cust_stdast_covtpst_examapp_mth"
"235871","235878","1.000000","dataset:dbaf72a3b76555923595759f02de9eb33dfc8f05eb0e65e634ca78406bddf401;dataset:eb562807a7882986540902089d6bddf23080be6cf8c4194e9797f92531eec38a","dm_index_n.grp_tag_client_aum_perf_exam;dm_index_n.index_grp2_cust_stdast_covtpst_examapp_mth"
"200030","200078","1.000000","dataset:824561731968c71976e1e6b3542e83847685bad4aa4d8e806ecc0826a5262fa8;dataset:27def007eb10bdb3b1aad5f4d28889b59737ab2f95da1abdd670fb4b42258397;dataset:146cbb3960f74f9a7e663963929f07dde8c13d8344697768fd6effb460dde0e9;dataset:a1eb5dbfa0dbe90d9bcaa22959b8e1f1362a38b015278f0ccf7b90334f9c875b;dataset:f4d2d3266c03919941921c3ca6cc18aca26fed40387a5ffc79febbb34f3bdbc6;dataset:7b6ef09621f7f8551461f9085a8954a235c57dd5feb5a9b27d3f6bfb239c7faf","pdata_nds.bundle_margin_daily_result;pdata_nds.margin_acct_current_balance;pdata_nds.margin_plan;pdata_nds.bundle_margin_underlying_type;pdata_nds.margin_bundle_acct;pdata_nds.bundle_daily_contr_param"
"206952","236759","1.000000","dataset:824561731968c71976e1e6b3542e83847685bad4aa4d8e806ecc0826a5262fa8;dataset:01db5c57b00cfc35887be333f5773d9cb54aeee220559ed9084cd6059b2ccf81;dataset:82c9c80f072cec624b92b9b8809314be97bb821a3b5afa5aabc48b154b81abe1;dataset:e0cde838ceb25bb3d9a68e71e16b5f02d8de9b49b19b4924a3d01f5d3ee141a6","pdata_nds.bundle_margin_daily_result;pdata_nds.capital_acct_daily_balance;pdata_nds.capital_acct_current_balance;dm_rsk_n.otc_cutp_base_info"
"199809","199817","0.748202","dataset:18b6abc73cc5fb46123c781aa0faa0985007756869875f09f27fc221f1d292b3;dataset:9e36b8882dfea5f895d0bbe950afdb26ad5019d582976506989f5db7589efc9a;dataset:25290dfa391a7de0418b4e38cd1d50778ada8b7e467ed56e41fde8a462a41a4c;dataset:ee746b107490cafeb017d502bf8baf3cadd993c339f0a3231cf76ac7694a9271","dm_index_n.index_grp1_income_exam_pqtrastendastpkgrela_mth_retandorgcntr;pdata_n.t98_brch_team_men_det;pdata_n.t98_brch_team_info;pdata_n.t04_emp_inr_list_det"
"176548","188171","1.000000","dataset:ebe7b81d4e802129ab4551ebaf68dbb9f4e25312ec8e62d418dc5b3f63dcf3be;dataset:7f33fce00fe826fef16f7e86964fc9c519ad42318453438e33ad95ec850ce1e6;dataset:4c9d4e981622156e2b51ff90e133962989ffedad3e1c21e11cacd426efb97c74;dataset:1c4b7abf9bb6991e0b08c3d4cc7edb30dd6654748f890ad35a9bb0c073487423","pdata_news_n.t02_fin_fctr_def;pdata_news_n.t02_fin_vola_cate_fctr_def;pdata_news_n.t02_fin_fctr_data;pdata_news_n.t02_fin_undrl_data_lbr"
"178749","178769","0.769938","dataset:ebe7b81d4e802129ab4551ebaf68dbb9f4e25312ec8e62d418dc5b3f63dcf3be;dataset:4c9d4e981622156e2b51ff90e133962989ffedad3e1c21e11cacd426efb97c74;dataset:65a7e70914ebca5c44103b4cac0edc510ce5860b53e1ce13865fb217aed9c729","pdata_news_n.t02_fin_fctr_def;pdata_news_n.t02_fin_fctr_data;pdata_news_n.t02_fin_fctr_term_stru_def"
"178749","183831","0.769938","dataset:ebe7b81d4e802129ab4551ebaf68dbb9f4e25312ec8e62d418dc5b3f63dcf3be;dataset:4c9d4e981622156e2b51ff90e133962989ffedad3e1c21e11cacd426efb97c74;dataset:65a7e70914ebca5c44103b4cac0edc510ce5860b53e1ce13865fb217aed9c729","pdata_news_n.t02_fin_fctr_def;pdata_news_n.t02_fin_fctr_data;pdata_news_n.t02_fin_fctr_term_stru_def"
"178749","183844","0.769938","dataset:ebe7b81d4e802129ab4551ebaf68dbb9f4e25312ec8e62d418dc5b3f63dcf3be;dataset:4c9d4e981622156e2b51ff90e133962989ffedad3e1c21e11cacd426efb97c74;dataset:65a7e70914ebca5c44103b4cac0edc510ce5860b53e1ce13865fb217aed9c729","pdata_news_n.t02_fin_fctr_def;pdata_news_n.t02_fin_fctr_data;pdata_news_n.t02_fin_fctr_term_stru_def"
"178766","178769","0.769938","dataset:ebe7b81d4e802129ab4551ebaf68dbb9f4e25312ec8e62d418dc5b3f63dcf3be;dataset:4c9d4e981622156e2b51ff90e133962989ffedad3e1c21e11cacd426efb97c74;dataset:65a7e70914ebca5c44103b4cac0edc510ce5860b53e1ce13865fb217aed9c729","pdata_news_n.t02_fin_fctr_def;pdata_news_n.t02_fin_fctr_data;pdata_news_n.t02_fin_fctr_term_stru_def"
"178766","183831","0.769938","dataset:ebe7b81d4e802129ab4551ebaf68dbb9f4e25312ec8e62d418dc5b3f63dcf3be;dataset:4c9d4e981622156e2b51ff90e133962989ffedad3e1c21e11cacd426efb97c74;dataset:65a7e70914ebca5c44103b4cac0edc510ce5860b53e1ce13865fb217aed9c729","pdata_news_n.t02_fin_fctr_def;pdata_news_n.t02_fin_fctr_data;pdata_news_n.t02_fin_fctr_term_stru_def"
"178766","183844","0.769938","dataset:ebe7b81d4e802129ab4551ebaf68dbb9f4e25312ec8e62d418dc5b3f63dcf3be;dataset:4c9d4e981622156e2b51ff90e133962989ffedad3e1c21e11cacd426efb97c74;dataset:65a7e70914ebca5c44103b4cac0edc510ce5860b53e1ce13865fb217aed9c729","pdata_news_n.t02_fin_fctr_def;pdata_news_n.t02_fin_fctr_data;pdata_news_n.t02_fin_fctr_term_stru_def"
"178769","183769","0.769938","dataset:ebe7b81d4e802129ab4551ebaf68dbb9f4e25312ec8e62d418dc5b3f63dcf3be;dataset:4c9d4e981622156e2b51ff90e133962989ffedad3e1c21e11cacd426efb97c74;dataset:65a7e70914ebca5c44103b4cac0edc510ce5860b53e1ce13865fb217aed9c729","pdata_news_n.t02_fin_fctr_def;pdata_news_n.t02_fin_fctr_data;pdata_news_n.t02_fin_fctr_term_stru_def"
"178769","183777","0.769938","dataset:ebe7b81d4e802129ab4551ebaf68dbb9f4e25312ec8e62d418dc5b3f63dcf3be;dataset:4c9d4e981622156e2b51ff90e133962989ffedad3e1c21e11cacd426efb97c74;dataset:65a7e70914ebca5c44103b4cac0edc510ce5860b53e1ce13865fb217aed9c729","pdata_news_n.t02_fin_fctr_def;pdata_news_n.t02_fin_fctr_data;pdata_news_n.t02_fin_fctr_term_stru_def"
"178769","183817","0.769938","dataset:ebe7b81d4e802129ab4551ebaf68dbb9f4e25312ec8e62d418dc5b3f63dcf3be;dataset:4c9d4e981622156e2b51ff90e133962989ffedad3e1c21e11cacd426efb97c74;dataset:65a7e70914ebca5c44103b4cac0edc510ce5860b53e1ce13865fb217aed9c729","pdata_news_n.t02_fin_fctr_def;pdata_news_n.t02_fin_fctr_data;pdata_news_n.t02_fin_fctr_term_stru_def"
"178769","183820","0.769938","dataset:ebe7b81d4e802129ab4551ebaf68dbb9f4e25312ec8e62d418dc5b3f63dcf3be;dataset:4c9d4e981622156e2b51ff90e133962989ffedad3e1c21e11cacd426efb97c74;dataset:65a7e70914ebca5c44103b4cac0edc510ce5860b53e1ce13865fb217aed9c729","pdata_news_n.t02_fin_fctr_def;pdata_news_n.t02_fin_fctr_data;pdata_news_n.t02_fin_fctr_term_stru_def"
"178769","183831","1.000000","dataset:ebe7b81d4e802129ab4551ebaf68dbb9f4e25312ec8e62d418dc5b3f63dcf3be;dataset:4c9d4e981622156e2b51ff90e133962989ffedad3e1c21e11cacd426efb97c74;dataset:65a7e70914ebca5c44103b4cac0edc510ce5860b53e1ce13865fb217aed9c729","pdata_news_n.t02_fin_fctr_def;pdata_news_n.t02_fin_fctr_data;pdata_news_n.t02_fin_fctr_term_stru_def"
"178769","183844","1.000000","dataset:ebe7b81d4e802129ab4551ebaf68dbb9f4e25312ec8e62d418dc5b3f63dcf3be;dataset:4c9d4e981622156e2b51ff90e133962989ffedad3e1c21e11cacd426efb97c74;dataset:65a7e70914ebca5c44103b4cac0edc510ce5860b53e1ce13865fb217aed9c729","pdata_news_n.t02_fin_fctr_def;pdata_news_n.t02_fin_fctr_data;pdata_news_n.t02_fin_fctr_term_stru_def"
"180307","185736","1.000000","dataset:ebe7b81d4e802129ab4551ebaf68dbb9f4e25312ec8e62d418dc5b3f63dcf3be;dataset:a9eb44f253da2b9b30fc1bee91a788c53e5e54cab3d98c599cfffc8ee0353905","pdata_news_n.t02_fin_fctr_def;pdata_news_n.t02_fin_fxr_fctr_def"
"180307","185781","1.000000","dataset:ebe7b81d4e802129ab4551ebaf68dbb9f4e25312ec8e62d418dc5b3f63dcf3be;dataset:a9eb44f253da2b9b30fc1bee91a788c53e5e54cab3d98c599cfffc8ee0353905","pdata_news_n.t02_fin_fctr_def;pdata_news_n.t02_fin_fxr_fctr_def"
"183769","183831","0.769938","dataset:ebe7b81d4e802129ab4551ebaf68dbb9f4e25312ec8e62d418dc5b3f63dcf3be;dataset:4c9d4e981622156e2b51ff90e133962989ffedad3e1c21e11cacd426efb97c74;dataset:65a7e70914ebca5c44103b4cac0edc510ce5860b53e1ce13865fb217aed9c729","pdata_news_n.t02_fin_fctr_def;pdata_news_n.t02_fin_fctr_data;pdata_news_n.t02_fin_fctr_term_stru_def"
"183769","183844","0.769938","dataset:ebe7b81d4e802129ab4551ebaf68dbb9f4e25312ec8e62d418dc5b3f63dcf3be;dataset:4c9d4e981622156e2b51ff90e133962989ffedad3e1c21e11cacd426efb97c74;dataset:65a7e70914ebca5c44103b4cac0edc510ce5860b53e1ce13865fb217aed9c729","pdata_news_n.t02_fin_fctr_def;pdata_news_n.t02_fin_fctr_data;pdata_news_n.t02_fin_fctr_term_stru_def"
"183777","183831","0.769938","dataset:ebe7b81d4e802129ab4551ebaf68dbb9f4e25312ec8e62d418dc5b3f63dcf3be;dataset:4c9d4e981622156e2b51ff90e133962989ffedad3e1c21e11cacd426efb97c74;dataset:65a7e70914ebca5c44103b4cac0edc510ce5860b53e1ce13865fb217aed9c729","pdata_news_n.t02_fin_fctr_def;pdata_news_n.t02_fin_fctr_data;pdata_news_n.t02_fin_fctr_term_stru_def"
"183777","183844","0.769938","dataset:ebe7b81d4e802129ab4551ebaf68dbb9f4e25312ec8e62d418dc5b3f63dcf3be;dataset:4c9d4e981622156e2b51ff90e133962989ffedad3e1c21e11cacd426efb97c74;dataset:65a7e70914ebca5c44103b4cac0edc510ce5860b53e1ce13865fb217aed9c729","pdata_news_n.t02_fin_fctr_def;pdata_news_n.t02_fin_fctr_data;pdata_news_n.t02_fin_fctr_term_stru_def"
"183817","183831","0.769938","dataset:ebe7b81d4e802129ab4551ebaf68dbb9f4e25312ec8e62d418dc5b3f63dcf3be;dataset:4c9d4e981622156e2b51ff90e133962989ffedad3e1c21e11cacd426efb97c74;dataset:65a7e70914ebca5c44103b4cac0edc510ce5860b53e1ce13865fb217aed9c729","pdata_news_n.t02_fin_fctr_def;pdata_news_n.t02_fin_fctr_data;pdata_news_n.t02_fin_fctr_term_stru_def"
"183817","183844","0.769938","dataset:ebe7b81d4e802129ab4551ebaf68dbb9f4e25312ec8e62d418dc5b3f63dcf3be;dataset:4c9d4e981622156e2b51ff90e133962989ffedad3e1c21e11cacd426efb97c74;dataset:65a7e70914ebca5c44103b4cac0edc510ce5860b53e1ce13865fb217aed9c729","pdata_news_n.t02_fin_fctr_def;pdata_news_n.t02_fin_fctr_data;pdata_news_n.t02_fin_fctr_term_stru_def"
"183820","183831","0.769938","dataset:ebe7b81d4e802129ab4551ebaf68dbb9f4e25312ec8e62d418dc5b3f63dcf3be;dataset:4c9d4e981622156e2b51ff90e133962989ffedad3e1c21e11cacd426efb97c74;dataset:65a7e70914ebca5c44103b4cac0edc510ce5860b53e1ce13865fb217aed9c729","pdata_news_n.t02_fin_fctr_def;pdata_news_n.t02_fin_fctr_data;pdata_news_n.t02_fin_fctr_term_stru_def"
"183820","183844","0.769938","dataset:ebe7b81d4e802129ab4551ebaf68dbb9f4e25312ec8e62d418dc5b3f63dcf3be;dataset:4c9d4e981622156e2b51ff90e133962989ffedad3e1c21e11cacd426efb97c74;dataset:65a7e70914ebca5c44103b4cac0edc510ce5860b53e1ce13865fb217aed9c729","pdata_news_n.t02_fin_fctr_def;pdata_news_n.t02_fin_fctr_data;pdata_news_n.t02_fin_fctr_term_stru_def"
"183831","183844","1.000000","dataset:ebe7b81d4e802129ab4551ebaf68dbb9f4e25312ec8e62d418dc5b3f63dcf3be;dataset:4c9d4e981622156e2b51ff90e133962989ffedad3e1c21e11cacd426efb97c74;dataset:65a7e70914ebca5c44103b4cac0edc510ce5860b53e1ce13865fb217aed9c729","pdata_news_n.t02_fin_fctr_def;pdata_news_n.t02_fin_fctr_data;pdata_news_n.t02_fin_fctr_term_stru_def"
"185736","185781","1.000000","dataset:ebe7b81d4e802129ab4551ebaf68dbb9f4e25312ec8e62d418dc5b3f63dcf3be;dataset:a9eb44f253da2b9b30fc1bee91a788c53e5e54cab3d98c599cfffc8ee0353905","pdata_news_n.t02_fin_fctr_def;pdata_news_n.t02_fin_fxr_fctr_def"
"191254","191534","1.000000","dataset:ebe7b81d4e802129ab4551ebaf68dbb9f4e25312ec8e62d418dc5b3f63dcf3be;dataset:7f33fce00fe826fef16f7e86964fc9c519ad42318453438e33ad95ec850ce1e6;dataset:4c9d4e981622156e2b51ff90e133962989ffedad3e1c21e11cacd426efb97c74;dataset:d63a6da1c2481a8e6727bfd1499d885c7cb8ad9a407432bbaaf01bf9f93a1798;dataset:65a7e70914ebca5c44103b4cac0edc510ce5860b53e1ce13865fb217aed9c729","pdata_news_n.t02_fin_fctr_def;pdata_news_n.t02_fin_vola_cate_fctr_def;pdata_news_n.t02_fin_fctr_data;pdata_news_n.t02_fin_mkt_quot_fctr_rslt;pdata_news_n.t02_fin_fctr_term_stru_def"
"191254","191546","1.000000","dataset:ebe7b81d4e802129ab4551ebaf68dbb9f4e25312ec8e62d418dc5b3f63dcf3be;dataset:7f33fce00fe826fef16f7e86964fc9c519ad42318453438e33ad95ec850ce1e6;dataset:4c9d4e981622156e2b51ff90e133962989ffedad3e1c21e11cacd426efb97c74;dataset:d63a6da1c2481a8e6727bfd1499d885c7cb8ad9a407432bbaaf01bf9f93a1798;dataset:65a7e70914ebca5c44103b4cac0edc510ce5860b53e1ce13865fb217aed9c729","pdata_news_n.t02_fin_fctr_def;pdata_news_n.t02_fin_vola_cate_fctr_def;pdata_news_n.t02_fin_fctr_data;pdata_news_n.t02_fin_mkt_quot_fctr_rslt;pdata_news_n.t02_fin_fctr_term_stru_def"
"191534","191546","1.000000","dataset:ebe7b81d4e802129ab4551ebaf68dbb9f4e25312ec8e62d418dc5b3f63dcf3be;dataset:7f33fce00fe826fef16f7e86964fc9c519ad42318453438e33ad95ec850ce1e6;dataset:4c9d4e981622156e2b51ff90e133962989ffedad3e1c21e11cacd426efb97c74;dataset:d63a6da1c2481a8e6727bfd1499d885c7cb8ad9a407432bbaaf01bf9f93a1798;dataset:65a7e70914ebca5c44103b4cac0edc510ce5860b53e1ce13865fb217aed9c729","pdata_news_n.t02_fin_fctr_def;pdata_news_n.t02_fin_vola_cate_fctr_def;pdata_news_n.t02_fin_fctr_data;pdata_news_n.t02_fin_mkt_quot_fctr_rslt;pdata_news_n.t02_fin_fctr_term_stru_def"
"177526","182738","1.000000","dataset:d63a6da1c2481a8e6727bfd1499d885c7cb8ad9a407432bbaaf01bf9f93a1798;dataset:a9eb44f253da2b9b30fc1bee91a788c53e5e54cab3d98c599cfffc8ee0353905","pdata_news_n.t02_fin_mkt_quot_fctr_rslt;pdata_news_n.t02_fin_fxr_fctr_def"
"177526","182755","1.000000","dataset:d63a6da1c2481a8e6727bfd1499d885c7cb8ad9a407432bbaaf01bf9f93a1798;dataset:a9eb44f253da2b9b30fc1bee91a788c53e5e54cab3d98c599cfffc8ee0353905","pdata_news_n.t02_fin_mkt_quot_fctr_rslt;pdata_news_n.t02_fin_fxr_fctr_def"
"182738","182755","1.000000","dataset:d63a6da1c2481a8e6727bfd1499d885c7cb8ad9a407432bbaaf01bf9f93a1798;dataset:a9eb44f253da2b9b30fc1bee91a788c53e5e54cab3d98c599cfffc8ee0353905","pdata_news_n.t02_fin_mkt_quot_fctr_rslt;pdata_news_n.t02_fin_fxr_fctr_def"
"199809","199879","0.805114","dataset:ef6d34c3478a496e1caa982705371dc36e5b44c9b72ae2bae2b617060ccb4259;dataset:9e36b8882dfea5f895d0bbe950afdb26ad5019d582976506989f5db7589efc9a;dataset:25290dfa391a7de0418b4e38cd1d50778ada8b7e467ed56e41fde8a462a41a4c;dataset:ee746b107490cafeb017d502bf8baf3cadd993c339f0a3231cf76ac7694a9271","dm_index_n.index_grp1_stdast_covtfrnt_astpkgrela_delcorp_delrepocust_mthapd;pdata_n.t98_brch_team_men_det;pdata_n.t98_brch_team_info;pdata_n.t04_emp_inr_list_det"
"189542","190382","0.721057","dataset:c99380010655c6de4fd91fea9b34cd8b921e6df54b9db0d5d05320215556cc8c;dataset:36770cf6af47887ac70bd51a82a997069387e5ab9a37c79d56e1f66197b8083d","pdata_news_n.t02_bond_valu_anls_ext;pdata_news_n.t02_bond_valu_anls"
"199245","207351","1.000000","dataset:e6743504fe5e311f5e5d22b14f2d2aa1058686050d51a029b7ace69689bc113c;dataset:9e36b8882dfea5f895d0bbe950afdb26ad5019d582976506989f5db7589efc9a;dataset:25290dfa391a7de0418b4e38cd1d50778ada8b7e467ed56e41fde8a462a41a4c;dataset:ee746b107490cafeb017d502bf8baf3cadd993c339f0a3231cf76ac7694a9271","dm_index_n.index_grp1_emp_income_fullcali_devrela_delredpfee_tdy_pmthaccum;pdata_n.t98_brch_team_men_det;pdata_n.t98_brch_team_info;pdata_n.t04_emp_inr_list_det"
"199245","199817","0.553316","dataset:9e36b8882dfea5f895d0bbe950afdb26ad5019d582976506989f5db7589efc9a;dataset:25290dfa391a7de0418b4e38cd1d50778ada8b7e467ed56e41fde8a462a41a4c;dataset:ee746b107490cafeb017d502bf8baf3cadd993c339f0a3231cf76ac7694a9271","pdata_n.t98_brch_team_men_det;pdata_n.t98_brch_team_info;pdata_n.t04_emp_inr_list_det"
"199817","199879","0.553316","dataset:9e36b8882dfea5f895d0bbe950afdb26ad5019d582976506989f5db7589efc9a;dataset:25290dfa391a7de0418b4e38cd1d50778ada8b7e467ed56e41fde8a462a41a4c;dataset:ee746b107490cafeb017d502bf8baf3cadd993c339f0a3231cf76ac7694a9271","pdata_n.t98_brch_team_men_det;pdata_n.t98_brch_team_info;pdata_n.t04_emp_inr_list_det"
"199817","207351","0.553316","dataset:9e36b8882dfea5f895d0bbe950afdb26ad5019d582976506989f5db7589efc9a;dataset:25290dfa391a7de0418b4e38cd1d50778ada8b7e467ed56e41fde8a462a41a4c;dataset:ee746b107490cafeb017d502bf8baf3cadd993c339f0a3231cf76ac7694a9271","pdata_n.t98_brch_team_men_det;pdata_n.t98_brch_team_info;pdata_n.t04_emp_inr_list_det"
"238523","245506","0.721925","dataset:ff4ada98a3cca4c014bd2b0674d6f9d60cd9020789491ae0117b75aac70b3038;dataset:edbe207a705d2902384d6d33470d920cef455b9e700a3ac5fa63baabbc5c135c","pdata_news_n.t02_exch_quot_s;pdata_news_n.t02_stk_valu_idx"
"238523","245662","0.721925","dataset:ff4ada98a3cca4c014bd2b0674d6f9d60cd9020789491ae0117b75aac70b3038;dataset:edbe207a705d2902384d6d33470d920cef455b9e700a3ac5fa63baabbc5c135c","pdata_news_n.t02_exch_quot_s;pdata_news_n.t02_stk_valu_idx"
"245506","245662","1.000000","dataset:ff4ada98a3cca4c014bd2b0674d6f9d60cd9020789491ae0117b75aac70b3038;dataset:edbe207a705d2902384d6d33470d920cef455b9e700a3ac5fa63baabbc5c135c","pdata_news_n.t02_exch_quot_s;pdata_news_n.t02_stk_valu_idx"
"209971","209974","1.000000","dataset:0ce30fa2571b6e17af79f95cfded6a05f00ea58e34ce5b15b0c30ede244727f6;dataset:024392a8f4fe3e006b6b43c8c487418be9270b487fdfe82ec5c4bc27ca05ce76","odata_n_ecr.s_cx_ledger_account;odata_n_ecr.s_cx_ficc_aml"
"237459","237468","1.000000","dataset:6ba73889a976e08f56626b45eb31ca0896bbadb49e4e00354bc2d5e20e92de34;dataset:750aca29569cd2992c7f098dacc7064a0cca2f81acbb01464bdc2c0876de73f2","dm_index_n.wide_idx_cust_aum_tot_score;dm_index_n.wide_idx_optional_index_score"
"237459","237474","1.000000","dataset:6ba73889a976e08f56626b45eb31ca0896bbadb49e4e00354bc2d5e20e92de34;dataset:750aca29569cd2992c7f098dacc7064a0cca2f81acbb01464bdc2c0876de73f2","dm_index_n.wide_idx_cust_aum_tot_score;dm_index_n.wide_idx_optional_index_score"
"237459","237478","1.000000","dataset:6ba73889a976e08f56626b45eb31ca0896bbadb49e4e00354bc2d5e20e92de34;dataset:750aca29569cd2992c7f098dacc7064a0cca2f81acbb01464bdc2c0876de73f2","dm_index_n.wide_idx_cust_aum_tot_score;dm_index_n.wide_idx_optional_index_score"
"237459","237480","1.000000","dataset:6ba73889a976e08f56626b45eb31ca0896bbadb49e4e00354bc2d5e20e92de34;dataset:750aca29569cd2992c7f098dacc7064a0cca2f81acbb01464bdc2c0876de73f2","dm_index_n.wide_idx_cust_aum_tot_score;dm_index_n.wide_idx_optional_index_score"
"237459","237481","1.000000","dataset:6ba73889a976e08f56626b45eb31ca0896bbadb49e4e00354bc2d5e20e92de34;dataset:750aca29569cd2992c7f098dacc7064a0cca2f81acbb01464bdc2c0876de73f2","dm_index_n.wide_idx_cust_aum_tot_score;dm_index_n.wide_idx_optional_index_score"
"237459","237483","1.000000","dataset:6ba73889a976e08f56626b45eb31ca0896bbadb49e4e00354bc2d5e20e92de34;dataset:750aca29569cd2992c7f098dacc7064a0cca2f81acbb01464bdc2c0876de73f2","dm_index_n.wide_idx_cust_aum_tot_score;dm_index_n.wide_idx_optional_index_score"
"237459","237485","1.000000","dataset:6ba73889a976e08f56626b45eb31ca0896bbadb49e4e00354bc2d5e20e92de34;dataset:750aca29569cd2992c7f098dacc7064a0cca2f81acbb01464bdc2c0876de73f2","dm_index_n.wide_idx_cust_aum_tot_score;dm_index_n.wide_idx_optional_index_score"
"237459","237486","1.000000","dataset:6ba73889a976e08f56626b45eb31ca0896bbadb49e4e00354bc2d5e20e92de34;dataset:750aca29569cd2992c7f098dacc7064a0cca2f81acbb01464bdc2c0876de73f2","dm_index_n.wide_idx_cust_aum_tot_score;dm_index_n.wide_idx_optional_index_score"
"237468","237474","1.000000","dataset:6ba73889a976e08f56626b45eb31ca0896bbadb49e4e00354bc2d5e20e92de34;dataset:750aca29569cd2992c7f098dacc7064a0cca2f81acbb01464bdc2c0876de73f2","dm_index_n.wide_idx_cust_aum_tot_score;dm_index_n.wide_idx_optional_index_score"
"237468","237478","1.000000","dataset:6ba73889a976e08f56626b45eb31ca0896bbadb49e4e00354bc2d5e20e92de34;dataset:750aca29569cd2992c7f098dacc7064a0cca2f81acbb01464bdc2c0876de73f2","dm_index_n.wide_idx_cust_aum_tot_score;dm_index_n.wide_idx_optional_index_score"
"237468","237480","1.000000","dataset:6ba73889a976e08f56626b45eb31ca0896bbadb49e4e00354bc2d5e20e92de34;dataset:750aca29569cd2992c7f098dacc7064a0cca2f81acbb01464bdc2c0876de73f2","dm_index_n.wide_idx_cust_aum_tot_score;dm_index_n.wide_idx_optional_index_score"
"237468","237481","1.000000","dataset:6ba73889a976e08f56626b45eb31ca0896bbadb49e4e00354bc2d5e20e92de34;dataset:750aca29569cd2992c7f098dacc7064a0cca2f81acbb01464bdc2c0876de73f2","dm_index_n.wide_idx_cust_aum_tot_score;dm_index_n.wide_idx_optional_index_score"
"237468","237483","1.000000","dataset:6ba73889a976e08f56626b45eb31ca0896bbadb49e4e00354bc2d5e20e92de34;dataset:750aca29569cd2992c7f098dacc7064a0cca2f81acbb01464bdc2c0876de73f2","dm_index_n.wide_idx_cust_aum_tot_score;dm_index_n.wide_idx_optional_index_score"
"237468","237485","1.000000","dataset:6ba73889a976e08f56626b45eb31ca0896bbadb49e4e00354bc2d5e20e92de34;dataset:750aca29569cd2992c7f098dacc7064a0cca2f81acbb01464bdc2c0876de73f2","dm_index_n.wide_idx_cust_aum_tot_score;dm_index_n.wide_idx_optional_index_score"
"237468","237486","1.000000","dataset:6ba73889a976e08f56626b45eb31ca0896bbadb49e4e00354bc2d5e20e92de34;dataset:750aca29569cd2992c7f098dacc7064a0cca2f81acbb01464bdc2c0876de73f2","dm_index_n.wide_idx_cust_aum_tot_score;dm_index_n.wide_idx_optional_index_score"
"237474","237478","1.000000","dataset:6ba73889a976e08f56626b45eb31ca0896bbadb49e4e00354bc2d5e20e92de34;dataset:750aca29569cd2992c7f098dacc7064a0cca2f81acbb01464bdc2c0876de73f2","dm_index_n.wide_idx_cust_aum_tot_score;dm_index_n.wide_idx_optional_index_score"
"237474","237480","1.000000","dataset:6ba73889a976e08f56626b45eb31ca0896bbadb49e4e00354bc2d5e20e92de34;dataset:750aca29569cd2992c7f098dacc7064a0cca2f81acbb01464bdc2c0876de73f2","dm_index_n.wide_idx_cust_aum_tot_score;dm_index_n.wide_idx_optional_index_score"
"237474","237481","1.000000","dataset:6ba73889a976e08f56626b45eb31ca0896bbadb49e4e00354bc2d5e20e92de34;dataset:750aca29569cd2992c7f098dacc7064a0cca2f81acbb01464bdc2c0876de73f2","dm_index_n.wide_idx_cust_aum_tot_score;dm_index_n.wide_idx_optional_index_score"
"237474","237483","1.000000","dataset:6ba73889a976e08f56626b45eb31ca0896bbadb49e4e00354bc2d5e20e92de34;dataset:750aca29569cd2992c7f098dacc7064a0cca2f81acbb01464bdc2c0876de73f2","dm_index_n.wide_idx_cust_aum_tot_score;dm_index_n.wide_idx_optional_index_score"
"237474","237485","1.000000","dataset:6ba73889a976e08f56626b45eb31ca0896bbadb49e4e00354bc2d5e20e92de34;dataset:750aca29569cd2992c7f098dacc7064a0cca2f81acbb01464bdc2c0876de73f2","dm_index_n.wide_idx_cust_aum_tot_score;dm_index_n.wide_idx_optional_index_score"
"237474","237486","1.000000","dataset:6ba73889a976e08f56626b45eb31ca0896bbadb49e4e00354bc2d5e20e92de34;dataset:750aca29569cd2992c7f098dacc7064a0cca2f81acbb01464bdc2c0876de73f2","dm_index_n.wide_idx_cust_aum_tot_score;dm_index_n.wide_idx_optional_index_score"
"237478","237480","1.000000","dataset:6ba73889a976e08f56626b45eb31ca0896bbadb49e4e00354bc2d5e20e92de34;dataset:750aca29569cd2992c7f098dacc7064a0cca2f81acbb01464bdc2c0876de73f2","dm_index_n.wide_idx_cust_aum_tot_score;dm_index_n.wide_idx_optional_index_score"
"237478","237481","1.000000","dataset:6ba73889a976e08f56626b45eb31ca0896bbadb49e4e00354bc2d5e20e92de34;dataset:750aca29569cd2992c7f098dacc7064a0cca2f81acbb01464bdc2c0876de73f2","dm_index_n.wide_idx_cust_aum_tot_score;dm_index_n.wide_idx_optional_index_score"
"237478","237483","1.000000","dataset:6ba73889a976e08f56626b45eb31ca0896bbadb49e4e00354bc2d5e20e92de34;dataset:750aca29569cd2992c7f098dacc7064a0cca2f81acbb01464bdc2c0876de73f2","dm_index_n.wide_idx_cust_aum_tot_score;dm_index_n.wide_idx_optional_index_score"
"237478","237485","1.000000","dataset:6ba73889a976e08f56626b45eb31ca0896bbadb49e4e00354bc2d5e20e92de34;dataset:750aca29569cd2992c7f098dacc7064a0cca2f81acbb01464bdc2c0876de73f2","dm_index_n.wide_idx_cust_aum_tot_score;dm_index_n.wide_idx_optional_index_score"
"237478","237486","1.000000","dataset:6ba73889a976e08f56626b45eb31ca0896bbadb49e4e00354bc2d5e20e92de34;dataset:750aca29569cd2992c7f098dacc7064a0cca2f81acbb01464bdc2c0876de73f2","dm_index_n.wide_idx_cust_aum_tot_score;dm_index_n.wide_idx_optional_index_score"
"237480","237481","1.000000","dataset:6ba73889a976e08f56626b45eb31ca0896bbadb49e4e00354bc2d5e20e92de34;dataset:750aca29569cd2992c7f098dacc7064a0cca2f81acbb01464bdc2c0876de73f2","dm_index_n.wide_idx_cust_aum_tot_score;dm_index_n.wide_idx_optional_index_score"
"237480","237483","1.000000","dataset:6ba73889a976e08f56626b45eb31ca0896bbadb49e4e00354bc2d5e20e92de34;dataset:750aca29569cd2992c7f098dacc7064a0cca2f81acbb01464bdc2c0876de73f2","dm_index_n.wide_idx_cust_aum_tot_score;dm_index_n.wide_idx_optional_index_score"
"237480","237485","1.000000","dataset:6ba73889a976e08f56626b45eb31ca0896bbadb49e4e00354bc2d5e20e92de34;dataset:750aca29569cd2992c7f098dacc7064a0cca2f81acbb01464bdc2c0876de73f2","dm_index_n.wide_idx_cust_aum_tot_score;dm_index_n.wide_idx_optional_index_score"
"237480","237486","1.000000","dataset:6ba73889a976e08f56626b45eb31ca0896bbadb49e4e00354bc2d5e20e92de34;dataset:750aca29569cd2992c7f098dacc7064a0cca2f81acbb01464bdc2c0876de73f2","dm_index_n.wide_idx_cust_aum_tot_score;dm_index_n.wide_idx_optional_index_score"
"237481","237483","1.000000","dataset:6ba73889a976e08f56626b45eb31ca0896bbadb49e4e00354bc2d5e20e92de34;dataset:750aca29569cd2992c7f098dacc7064a0cca2f81acbb01464bdc2c0876de73f2","dm_index_n.wide_idx_cust_aum_tot_score;dm_index_n.wide_idx_optional_index_score"
"237481","237485","1.000000","dataset:6ba73889a976e08f56626b45eb31ca0896bbadb49e4e00354bc2d5e20e92de34;dataset:750aca29569cd2992c7f098dacc7064a0cca2f81acbb01464bdc2c0876de73f2","dm_index_n.wide_idx_cust_aum_tot_score;dm_index_n.wide_idx_optional_index_score"
"237481","237486","1.000000","dataset:6ba73889a976e08f56626b45eb31ca0896bbadb49e4e00354bc2d5e20e92de34;dataset:750aca29569cd2992c7f098dacc7064a0cca2f81acbb01464bdc2c0876de73f2","dm_index_n.wide_idx_cust_aum_tot_score;dm_index_n.wide_idx_optional_index_score"
"237483","237485","1.000000","dataset:6ba73889a976e08f56626b45eb31ca0896bbadb49e4e00354bc2d5e20e92de34;dataset:750aca29569cd2992c7f098dacc7064a0cca2f81acbb01464bdc2c0876de73f2","dm_index_n.wide_idx_cust_aum_tot_score;dm_index_n.wide_idx_optional_index_score"
"237483","237486","1.000000","dataset:6ba73889a976e08f56626b45eb31ca0896bbadb49e4e00354bc2d5e20e92de34;dataset:750aca29569cd2992c7f098dacc7064a0cca2f81acbb01464bdc2c0876de73f2","dm_index_n.wide_idx_cust_aum_tot_score;dm_index_n.wide_idx_optional_index_score"
"237485","237486","1.000000","dataset:6ba73889a976e08f56626b45eb31ca0896bbadb49e4e00354bc2d5e20e92de34;dataset:750aca29569cd2992c7f098dacc7064a0cca2f81acbb01464bdc2c0876de73f2","dm_index_n.wide_idx_cust_aum_tot_score;dm_index_n.wide_idx_optional_index_score"
