"类型","业务ID","名称","定义","输出库表","匹配当前IO表名","筛选范围","证据边界"
"indicator","ind2024040945708188","账套_合约价值_无限制条件_当日_托管与外包","外包估值系统：
1.场外期权: 外包估值表，体系科目为(3102A199,3102B199)，当日明细项市值合计。
2.衍生品(不含期货、期权): 外包估值表，体系科目为(3102C199,3102C299)，当日明细项市值合计。
3.场外衍生品: 外包估值表，科目代码(3102C1开头,310237开头)，当日市值合计。
4.股指期货: 证券结存表，证券类别为6(指数/国债/外汇期货)，证券明细为2(开放式基金)，月末自然日的累计估值合计。
5.国债期货: 证券结存表，证券类别为6(指数/国债/外汇期货)，证券明细为3(ETF基金)，月末自然日的累计估值合计。
6.商品期货: 证券结存表，证券类别为7(商品期货)，月末自然日的累计估值合计。
7.场内期权: 证券结存表，证券类别为10(期权)，月末自然日的累计估值合计。
8.期货: 证券结存表，证券类别为5(权证)、6(指数/国债/外汇期货)、7(商品期货)，月末自然日累计估值加上成本的合计值。
9.期权(场内场外): 场内期权+场外期权
10.收益互换: 凭证表科目代码3102C1开头，成立至今的余额；","dm_index_n.index_grp1_sob_contr_val_day_cstdandoserv","否","宽关键词候选，可能无关","目录候选；库表名称匹配不等于物理身份或实际消费"
"indicator","ind2024061151917727","客户_累计收益率_无限制条件_近一个月_零售和机构柜台","客户近一月收益率（全账户/普通/信用/期权/养老金/股基/普通场内股基/信用场内股基/普通场外基金）
全账户/普通/信用/期权/养老金区间累计收益率是利用每日收益率去进行累乘计算；
股基/普通场内股基/信用场内股基/普通场外基金区间累计收益率是基于单券级别的模型表采用资金加权算法计算（收益率=(期末市值-期初市值+累计卖出金额-累计买入金额)/(期初市值+累计加权资金)）","dm_index_n.index_grp1_cust_yield_recentmth_retandorgcntr","否","宽关键词候选，可能无关","目录候选；库表名称匹配不等于物理身份或实际消费"
"indicator","ind2025052114612492","模拟组合_日终资产_无限制条件_当日_无备注信息","每日盘后统计模拟组合的当日日终资产，日终资产=资金余额+总持仓市值，持仓标的类型含A股、债券、场内基金、场外基金、私募产品。

特殊情况：对应大赛已结束（结束日期晚于当日）的模拟组合不再更新当日的日终资产。","dm_index_n.index_grp1_simu_comb_enayast_tdy","否","宽关键词候选，可能无关","目录候选；库表名称匹配不等于物理身份或实际消费"
"indicator","ind2025011458544243","员工_新增有效户数_普通开发关系&日均净资产大于等于1万的客户_近3月月均_无备注信息","考核期间（近三个月），计算员工名下为普通开发关系且日均净资产大于等于1万的新增客户总数/3。
新增客户条件如下：
①开户条件：满足新开户（首次开户6个月内）/休眠空户激活/行权解禁条件。
②资产条件：考核期任意月份10-25日交易日首次日均净资产大于等于1万元的个人或机构客户，计作有效户。净资产口径含现金（普通账户、信用账户和衍生品账户）、市值（普通账户、信用账户和衍生品账户，具体含场内股基债、场外金融产品、衍生品市值等）、利息（通用回购逆回购、金快线），剔除负债（通用回购正回购、两融等合约负债），大小非（含限售和流通）、新三板（不含北交所）资产按5%折算。
③三要素重复的客户，剔除存在账号于24年前开户且24年到19年间最大资产超过1w的客户；
（2）计算规则：
①客户日均净资产大于等于1万，且添加企业微信绑定，记1个有效户。
②客户日均净资产大于等于1万，但未添加企业微信绑定，记0.8个有效户。","dm_index_n.index_grp1_emp_addvld_acctcount_normdevrela_mth","否","宽关键词候选，可能无关","目录候选；库表名称匹配不等于物理身份或实际消费"
"indicator","ind2023111400428862","客户*产品_购买金额_理财特权卡券_当日_零售和机构柜台","某天某客户购买某类理财特权卡券金额。备注说明：理财特权卡券设置“心仪理财特权卡券”、“心动理财特权卡券”2类卡券，其中心仪理财特权卡券对应原金快线产品，心动理财特权卡券对应原收益凭证产品","dm_index_n.index_grp2_cust_secu_purchamt_chrem_privi_cardscr_tdy","否","宽关键词候选，可能无关","目录候选；库表名称匹配不等于物理身份或实际消费"
"indicator","ind2026080479979257","场外衍生品合约_初始名义本金_人民币_当日_无备注信息","场外衍生品合约初始名义本金（CNY）","dm_index_n.index_grp1_otcdericontr_initnomprin_cny_tdy","否","名称或表名直接命中专题词","目录候选；库表名称匹配不等于物理身份或实际消费"
"indicator","ind2026060975762123","场外衍生品合约_动态名义本金_人民币_当日_无备注信息","场外衍生品合约动态名义本金（CNY）","dm_index_n.index_grp1_otcdericontr_dynanomprin_cny_tdy","否","名称或表名直接命中专题词","目录候选；库表名称匹配不等于物理身份或实际消费"
"indicator","ind2024071009566339","员工_新增净资产_普通开发关系&日均净资产大于等于1万的客户_近3月月均_无备注信息","计算普通开发关系下的员工近3月月均净资产。
计算逻辑如下：
①月均资产=（考核资产T+T-1月考核资产+T-2月考核资产）÷3 
②考核资产T-1是指T-1月资产大于等于1万的客户在T月10-25日日均考核资产，考核资产T-2是指T-2月资产大于等于1万的客户在T月10-25日日均考核资产。
③T-2到T月，客户3个月的10-25 日日均净资产均需大于1 万才能计算入当月月均资产。
①客户条件：满足新开户（首次开户6个月内）/休眠空户激活/行权解禁条件， 10-25 日日均净资产大于等于 1 万的客户，纳入考核，客户入金须在本月10日前。
②资产条件：净资产口径含现金（普通账户、信用账户和衍生品账户）、市值（普通账户、信用账户和衍生品账户，具体含场内股基债、场外金融产品、衍生品市值等）、利息（通用回购逆回购、金快线），剔除负债（通用回购正回购、两融等合约负债），大小非、新三板（剔除北交所）资产按5%折算。
资产口径：当月10-25日日均净资产（同上资产条件）。","dm_index_n.index_grp1_emp_netast_normdevrela_majorminor_ninclunarrast_3mthmthavg","否","宽关键词候选，可能无关","目录候选；库表名称匹配不等于物理身份或实际消费"
"indicator","ind2025020677119280","员工_创收_投顾序列人员考核_当月_零售和机构柜台","员工维度全口径aum创收，其中期权创收、证金创收、产品创收、资讯创收以及传统创收按资产包关系从客户汇总到员工，平台增值业务和交叉销售创收直接从上游取数，详细标签可见：https://doc.weixin.qq.com/sheet/e3_AZYAGQY2APAaF81Kqm3TbmelhLgD4?scode=AH4A_wdgAAYyUNTED0AUcAugYyAPM&tab=BB08J2
应用于投顾序列人员考核
指标计算口径：
（1）客户范围：上季度末关系状态为正常+上季度期间关系移除但未被重新挂接关系客户+本季度自主开发客户；
（3）人员范围取考核月末人员岗位且离职日期小于等于考核月月初的所有人员
（4）每月8日固化上个考核月的月度数据，计算方式按人员名下资产包归属关系同时按照自然月加总当月全口径创收
（5）财富创收中平台增值业务创收以及交叉销售创收人员及客户数据直接由上游提供，非资产包关系，该部分数据全部计入，不受考核当月新增关系影响，仅受客户是否为战略客户影响是否计入
（6）交叉销售创收中存在外部客户创收，该部分创收上游直接以员工编号、创收科目以及创收值提供，该部分数据直接计入指标数据，不做任何剔除操作直接计入
（7）证金业务创收、财富管理创收、交叉销售创收存在数据刷新情况（即由于费率或人工录入延误或数据确认延迟等原因），上述情况受每月8日固化数据影响，即8日后考核所需指标及过程数据不再进行刷新
（8）当月离职人员创收数据按照离职月份整月进行计算","dm_index_n.index_grp1_income_exam_pqtrastendastpkgrela_mth_retandorgcntr","是","宽关键词候选，可能无关","目录候选；库表名称匹配不等于物理身份或实际消费"
"indicator","ind2026072767989270","场外衍生品合约_累计收益_无限制条件_当日_无备注信息","TITANS场外衍生品合约累计收益（累计已实现+累计未实现）","dm_index_n.index_grp1_otcdericontr_accumyield_tdy","是","名称或表名直接命中专题词","目录候选；库表名称匹配不等于物理身份或实际消费"
"indicator","ind2025051261885908","客户*员工_新增净资产_普通开发关系&日均净资产大于等于1万的客户_近3个月_无备注信息","计算客户*员工层级普通开发关系下的近3月新增净资产。
计算逻辑如下：
①新增资产=（考核资产T+T-1月考核资产+T-2月考核资产）
②考核资产T-1是指T-1月资产大于等于1万的客户在T月10-25日日均考核资产，考核资产T-2是指T-2月资产大于等于1万的客户在T月10-25日日均考核资产。
③T-2到T月，客户3个月的10-25 日日均净资产均需大于1 万才能计算入当月月均资产。
①客户条件：满足新开户（首次开户6个月内）/休眠空户激活/行权解禁条件， 10-25 日日均净资产大于等于 1 万的客户，纳入考核，客户入金须在本月10日前。
②资产条件：净资产口径含现金（普通账户、信用账户和衍生品账户）、市值（普通账户、信用账户和衍生品账户，具体含场内股基债、场外金融产品、衍生品市值等）、利息（通用回购逆回购、金快线），剔除负债（通用回购正回购、两融等合约负债），大小非、新三板（剔除北交所）资产按5%折算。
资产口径：当月10-25日日均净资产（同上资产条件）。","dm_index_n.index_grp2_cust_emp_addnetast_normdevrela_3mth","否","宽关键词候选，可能无关","目录候选；库表名称匹配不等于物理身份或实际消费"
"indicator","ind2024031286954536","员工_新增净资产_普通开发关系&日均净资产大于等于1万的客户&大小非新三板折算&北交所及同业不折算&不含未到账资产_当月_无备注信息","普通开发关系下的员工当月新增净资产。
①客户条件：满足新开户（首次开户6个月内）/休眠空户激活/行权解禁条件，自新增资产转入之日起， 10-25 日日均净资产大于等于 1 万的客户，纳入考核。
②资产条件：净资产口径含现金（普通账户、信用账户和衍生品账户）、市值（普通账户、信用账户和衍生品账户，具体含场内股基债、场外金融产品、衍生品市值等）、利息（通用回购逆回购、金快线），剔除负债（通用回购正回购、两融等合约负债），大小非、新三板（剔除北交所）资产按5%折算。
资产口径：当月10-25日日均净资产（同上资产条件）","dm_index_n.index_grp1_emp_netast_normdevrela_mthadd","否","宽关键词候选，可能无关","目录候选；库表名称匹配不等于物理身份或实际消费"
"indicator","ind2023041921447298","客户_新增日均产品保有市值_全产品口径_当年_无备注信息","全产品日均保有市值_当年新增（包括场内ETF及场外全口径产品）","dm_index_n.index_grp_incrs_whl_prd_ret_amt_avg_year","否","宽关键词候选，可能无关","目录候选；库表名称匹配不等于物理身份或实际消费"
"indicator","ind2026012266076513","员工_金融产品创收_业务总监&私财客户_当月_零售和机构柜台","汇总求和私财业务总监团队下私财员工的当月金融产品。
说明：剔除赎回费、托管费、OTC
每月8号固化上月数据","dm_index_n.index_grp1_emp_finprdincome_bd_mth_ricc","否","宽关键词候选，可能无关","目录候选；库表名称匹配不等于物理身份或实际消费"
"indicator","ind2026072413702865","场外衍生品交易对手方主体*场外衍生品业务类型_成交笔数_去年至今_当日_无备注信息","场外衍生品合约成交笔数","dm_index_n.index_grp1_otcderi_cutpenty_busitype_trd_cnt_lytd_tdy","否","名称或表名直接命中专题词","目录候选；库表名称匹配不等于物理身份或实际消费"
"indicator","ind2026072472940520","场外衍生品交易对手方主体*场外衍生品业务类型_成交笔数_成立至今_当日_无备注信息","场外衍生品合约成交笔数","dm_index_n.index_grp1_otcderi_cutpenty_busitype_trd_cnt_itd_tdy","否","名称或表名直接命中专题词","目录候选；库表名称匹配不等于物理身份或实际消费"
"indicator","ind2026071793068462","场外衍生品交易对手方主体_销售收入_场外衍生品_当年_无备注信息","场外衍生品年度拓展方部门所得收入。","dm_index_n.index_grp1_cutpenty_saleincome_otcderi_year","否","名称或表名直接命中专题词","目录候选；库表名称匹配不等于物理身份或实际消费"
"indicator","ind2026072064860430","场外衍生品交易对手方主体*分公司及总部一级部门_销售收入_场外衍生品_当年_无备注信息","场外衍生品年度拓展方部门所得收入。","dm_index_n.index_grp2_cutpenty_brchhqdept_saleincome_otcderi_year","否","名称或表名直接命中专题词","目录候选；库表名称匹配不等于物理身份或实际消费"
"indicator","ind2026071718950821","场外衍生品交易对手方主体_销售收入_场外衍生品_季度_无备注信息","场外衍生品季度拓展方部门所得收入。","dm_index_n.index_grp1_cutpenty_saleincome_otcderi_qtr","否","名称或表名直接命中专题词","目录候选；库表名称匹配不等于物理身份或实际消费"
"indicator","ind2026071783236474","场外衍生品交易对手方主体*分公司及总部一级部门_销售收入_场外衍生品_季度_无备注信息","场外衍生品季度拓展方部门所得收入。","dm_index_n.index_grp2_cutpenty_brchhqdept_saleincome_otcderi_qtr","否","名称或表名直接命中专题词","目录候选；库表名称匹配不等于物理身份或实际消费"
"indicator","ind2026072222574430","场外衍生品交易对手方主体_动态名义本金_无限制条件_当日_无备注信息","TITANS场外衍生品交易对手方主体维动态名义本金","dm_index_n.index_grp1_otcdericutpenty_dynanomprin_tdy","否","名称或表名直接命中专题词","目录候选；库表名称匹配不等于物理身份或实际消费"
"indicator","ind2024050762520385","员工_交易规模_场外衍生品&交叉销售_当季_无备注信息","某个客户经理的场外交叉销售合约期初定价日在当季的初始名义本金加总","dm_index_n.index_grp1_dealscal_otcderi_cs_qtr","是","名称或表名直接命中专题词","目录候选；库表名称匹配不等于物理身份或实际消费"
"indicator","ind2024042208516820","员工_交易规模_场外衍生品&交叉销售_当月_无备注信息","某个客户经理的场外交叉销售合约期初定价日在当月的初始名义本金加总","dm_index_n.index_grp1_dealscal_otcderi_cs_mth","是","名称或表名直接命中专题词","目录候选；库表名称匹配不等于物理身份或实际消费"
"indicator","ind2025091296434078","新媒体引流团队*员工_新增净资产_指定渠道_近3个月月均_无备注信息","近3个月月均，新媒体引流团队员工使用开户渠道标识的新增净资产。
①客户条件：通过直播、图文引流的客户，满足新开户（首次开户6个月内），自新增资产转入之日起，10-25日交易日日均净资产大于等于1万的客户，纳入考核。
②资产条件：净资产口径含现金（普通账户、信用账户和衍生品账户）、市值（普通账户、信用账户和衍生品账户，具体含场内股基债、场外金融产品、衍生品市值等）、利息（通用回购逆回购、金快线），剔除负债（国债通用回购正回购、两融等合约负债），大小非、新三板（剔除北交所）资产按5%折算。
（2）新增资产计算规则
①月均新增资产=（新增考核资产T+新增考核资产T-1+新增考核资产T-2）/3
②新增考核资产T-1是指T-1月新增资产大于等于1万的客户在T月10-25日交易日日均净资产，以此类推。
③T-2到T月三个月，在T月需要按照上述客户和资产条件对客户情况进行判断，如客户在某个月 10-25 日交易日日均净资产小于1 万，则该客户资产不计算入当月月均新增资产。","dm_index_n.index_grp2_addast_asgnchan_lst3mth_avg","否","宽关键词候选，可能无关","目录候选；库表名称匹配不等于物理身份或实际消费"
"indicator","ind2024042289091584","营业部_创收_全口径_当月累计&每日更新过去13个月数据_零售和机构柜台","机构层级当月累计证金业务创收，每日更新过去13个月月累计数据，包括：传统业务创收，财富管理创收，证金业务创收，期权业务创收，交叉销售创收，总创收 具体口径及标签见：https://doc.weixin.qq.com/sheet/e3_AZYAGQY2APAaF81Kqm3TbmelhLgD4?scode=AH4A_wdgAAYqEWTV6kAUcAugYyAPM&tab=BB08J2","dm_index_n.index_grp1_org_incm_allcali_wghtdata_last13mon_mth_all","是","宽关键词候选，可能无关","目录候选；库表名称匹配不等于物理身份或实际消费"
"indicator","ind2026070106546380","客户*产品_日均市值_资产核算&交易日_当年_零售和机构柜台","某客户某产品当年以来每日场内证券&场外证券&期权&现金市值之和除以当年以来的交易日天数","dm_index_n.index_grp1_trddayapdmval_astacctng_year_ricc","否","宽关键词候选，可能无关","目录候选；库表名称匹配不等于物理身份或实际消费"
"indicator","ind2023030937735410","营业部&分公司_销售收入_场外衍生品_季度_无备注信息","场外衍生品每季度拓展方所得收入","dm_index_n.index_grp_sale_income_otc_quat","否","名称或表名直接命中专题词","目录候选；库表名称匹配不等于物理身份或实际消费"
"indicator","ind2024080993627725","员工_创收_全口径_当月&每日更新过去3个月_无备注信息","员工维度全口径aum创收，其中期权创收、证金创收、产品创收、资讯创收以及传统创收按资产包关系从客户汇总到员工，平台增值业务和交叉销售创收直接从上游取数，详细标签可见：https://doc.weixin.qq.com/sheet/e3_AZYAGQY2APAaF81Kqm3TbmelhLgD4?scode=AH4A_wdgAAYyUNTED0AUcAugYyAPM&tab=BB08J2","dm_index_n.index_grp1_emp_incm_allcali_wghtdata_last13mon_mth","是","宽关键词候选，可能无关","目录候选；库表名称匹配不等于物理身份或实际消费"
"indicator","ind2026020502231487","客户*产品_销售金额_金融产品_最近1年_无备注信息","本指标包含以下用来区分交易额的标签：
1. 场内场外
2. 公募私募资管OTC
3. 场外公募产品
4. 线上线下
5. 基金投顾
6.资管（不含现金增利）
7.公募（不含基金投顾）
8.场外公募（不含基金投顾）
9.现金增利
10.资管大集合、资管小集合
11.公募_现金货币类_场内/场外
12.总值
13.私募（不含基金投顾）","dm_index_n.index_grp2_saleamt_finprd_last1year","否","宽关键词候选，可能无关","目录候选；库表名称匹配不等于物理身份或实际消费"
"indicator","ind2024012935524447","客户*营业部&客户*分公司本部_合约规模_场外衍生品&交叉销售_当年日均_无备注信息","客户按照比例分摊至各部门的交叉销售日均动态名义本金规模","dm_index_n.index_grp2_compscal_otcderi_cs_yearapd","是","名称或表名直接命中专题词","目录候选；库表名称匹配不等于物理身份或实际消费"
"indicator","ind2024030427888553","客户*营业部&客户*分公司本部_合约规模_场外衍生品&交叉销售_当月日均_无备注信息","客户按照比例分摊至各部门的各员工的交叉销售日均动态名义本金规模","dm_index_n.index_grp2_compscal_otcderi_cs_mthapd","是","名称或表名直接命中专题词","目录候选；库表名称匹配不等于物理身份或实际消费"
"indicator","ind2022112327067811","客户_建仓日期_场外公募基金&当前持仓_无计算维度_无备注信息","客户当前持仓的单只场外公募基金的建仓日期","dm_index_n.index_grp_curr_otc_fund_buy_date","否","宽关键词候选，可能无关","目录候选；库表名称匹配不等于物理身份或实际消费"
"indicator","ind2023102469748920","员工_销售金额_认领关系为主&不含基金投顾&剔除货币基金及现金增利及90天内固收产品_当日_零售和机构柜台","每个交易日统计当日某员工名下符合以下条件的产品销售金额：
1. 员工与客户的关系为先取认领关系（状态为审核通过），其次取普通开发关系，最后取服务关系
2. 金融产品包括公募，私募，资管，OTC，不含基金投顾
3. 剔除货币基金、现金增利和90天以内固收产品","dm_index_n.index_grp1_emp_main_clm_del_spec_prd_sale_amt","否","宽关键词候选，可能无关","目录候选；库表名称匹配不等于物理身份或实际消费"
"indicator","ind2024022884298902","员工_创收_以开发关系为主汇总&剔除新增创收&剔除托管费&剔除OTC保有奖励&产品相关创收剔除员工自购&产品相关创收仅保留在职期间员工&剔除息差&剔除期权相关创收_当月_零售和机构柜台","员工按照开发关系为主汇总的创收，剔除新增创收，剔除托管费，剔除OTC保有奖励，剔除赎回费，剔除研发协同收入，产品相关创收剔除员工自购，产品相关创收仅保留在职期间员工，剔除期权相关创收，应用于机构序列人员发薪。该指标完整标签见：https://doc.weixin.qq.com/sheet/e3_AZYAGQY2APAaF81Kqm3TbmelhLgD4?scode=AH4A_wdgAAYEDTNaMpAUcAugYyAPM&tab=BB08J2","dm_index_n.index_grp1_emp_incm_devrela_org_busi_lastmon_all","否","宽关键词候选，可能无关","目录候选；库表名称匹配不等于物理身份或实际消费"
"indicator","ind2026013016589875","客户_全口径创收_序列考核_当月&每月9号固化上月数据_无备注信息","客户全口径创收，每月9号固化上月数据；
指标具体标签，二级创收：
tag074443399 普通净佣金， tag074443400 普通账户息差创收；
tag074443509 产品创收， tag074443510 资讯创收， tag074443511 平台增值业务创收 ；
tag074443541 两融净佣金， tag074443542 两融净利息贡献， tag074443543 股票质押合约协作分成， tag074443544 约定购回， tag074443545 借贷业务创收， tag074443546 信用账户息差创收；
tag074443549 净佣金创收， tag074443550 期权账户息差创收， tag074443551 期权投顾创收；
tag074443556 有商机的交叉销售创收， tag074443557 手工维护的项目创收， tag074443558 无商机的交叉销售创收， tag074450172 子公司协同的交叉销售创收， 。
一级创收： tag074440733 传统业务创收，tag074440734 财富管理创收， tag074440735 证金业务创收，tag074440736 期权业务创收，tag074440737 交叉销售创收。
tag999999999 总创收","dm_index_n.index_grp1_cust_totl_incm_seqexam_no9fix_mth","否","宽关键词候选，可能无关","目录候选；库表名称匹配不等于物理身份或实际消费"
"indicator","ind2023032406380939","客户_浏览明细TOP5_场外基金_最近30天_无备注信息","客户最近30天浏览场外基金次数最高的5个产品的浏览明细","dm_index_n.index_grp_otc_fnd_view_det_top5","否","宽关键词候选，可能无关","目录候选；库表名称匹配不等于物理身份或实际消费"
"indicator","ind2025072132859746","员工_新增富裕客户数_开发关系&私财总经理_当月_零售和机构柜台","按照开发关系为主汇总求和私财总经理团队下的私财员工的新增富裕客户。
说明：
1、新增富裕客户是指客户对公分类为产品，客户的开户时间在6个月内且10-25日日均净资产大于50万的个人客户（交叉销售表的数据需要打五折，部分客户应业务特殊要求不需要打折）
2、总经理指的是人员类别为私人财富序列，且岗位是'私人财富中心副总经理（负责全面工作）','私人财富中心总经理','总经理','副总经理（负责全面工作）'的员工。","dm_index_n.index_grp1_emp_addrichcust_devrela_prigeneralmag_mth_ricc","否","宽关键词候选，可能无关","目录候选；库表名称匹配不等于物理身份或实际消费"
"indicator","ind2026012177728395","客户*员工_全口径创收_投顾序列考核_当月&每月9号固化上月数据_无备注信息","客户员工维度全口径aum创收，其中期权创收、证金创收、产品创收、资讯创收以及传统创收按资产包关系从客户汇总到员工，平台增值业务和交叉销售创收直接从上游取数，详细标签可见：https://doc.weixin.qq.com/sheet/e3_AZYAGQY2APAaF81Kqm3TbmelhLgD4?scode=AH4A_wdgAAYyUNTED0AUcAugYyAPM&tab=BB08J2
应用于投顾序列人员考核
指标计算口径：
（1）客户范围：上季度末关系状态为正常+上季度期间关系移除但未被重新挂接关系客户+本季度自主开发客户；
（3）人员范围取考核月末人员岗位且离职日期小于等于考核月月初的所有人员
（4）每月9号固化上个考核月的月度数据，计算方式按人员名下资产包归属关系同时按照自然月加总当月全口径创收
（5）财富创收中平台增值业务创收以及交叉销售创收人员及客户数据直接由上游提供，非资产包关系，该部分数据全部计入，不受考核当月新增关系影响，仅受客户是否为战略客户影响是否计入
（6）交叉销售创收中存在外部客户创收，该部分创收上游直接以员工编号、创收科目以及创收值提供，该部分数据直接计入指标数据，不做任何剔除操作直接计入
（7）证金业务创收、财富管理创收、交叉销售创收存在数据刷新情况（即由于费率或人工录入延误或数据确认延迟等原因），上述情况受每月8日固化数据影响，即8日后考核所需指标及过程数据不再进行刷新
（8）当月离职人员创收数据按照离职月份整月进行计算","dm_index_n.index_grp2_cust_emp_incm_iaseqexam_no9fix_mth","否","宽关键词候选，可能无关","目录候选；库表名称匹配不等于物理身份或实际消费"
"indicator","ind2024020141524614","客户*产品*员工_应收收入_金融产品&剔除一次性奖励&筛选私财客户及私财员工&剔除员工自购&纳入考核期客户_当月_零售和机构柜台","计算客户*产品*员工维度下剔除一次性奖励、剔除赎回费、剔除托管费、剔除OTC奖励、剔除研发协调收入后，当月私财员工名下纳入私财考核周期的私财客户（剔除一次性奖励且剔除员工自购）的金融产品应收收入，该指标只适用于私财序列考核收入的相关计算。每月5号更新上个月数据。（备注，允许产品编号为空，需在调度平台二次升级）","dm_index_n.index_grp3_cust_prd_emp_rcvbincome_outrew_finprd_mth_all","否","宽关键词候选，可能无关","目录候选；库表名称匹配不等于物理身份或实际消费"
"indicator","ind2024052203341430","员工_应收收入_金融产品&剔除一次性奖励等费用&筛选私财客户及私财员工&剔除员工自购&筛选同业产品户_当月_零售和机构柜台","该指标只适用于私财序列提成的相关计算。计算员工维度下剔除一次性奖励、剔除赎回费、剔除托管费、剔除OTC奖励、剔除保险创收、剔除研发协调收入后，筛选同业产品户，当月私财员工名下纳入私财考核周期的私财客户（剔除一次性奖励且剔除员工自购）的金融产品应收收入。每月5号更新上个月数据。","dm_index_n.index_grp1_rcvbincome_finprd_deldspsbrwd_selibprdcust_mth_all","否","宽关键词候选，可能无关","目录候选；库表名称匹配不等于物理身份或实际消费"
"indicator","ind2024041129026289","客户*产品*员工_创收_金融产品&剔除一次性奖励&剔除赎回费&剔除托管费&剔除研发协同收入&剔除OTC奖励_每月5号更新上月数据_无备注信息","用于私财考核的产品创收指标，每月手动更新上月数据（正常情况下为5号），实收部分创收需剔除转岗时间在开始时间和结束时间之间的数据，指标口径中添加用于异常情况时的红冲蓝补temp库临时表修复异常数据。指标中包含产品创收相关的明细创收，（备注，允许产品编号为空，需在调度平台二次升级）
1、应收部分：
包括公募认购：tag074443516
,公募申购费：tag074443517
,公募管理费：tag074443519
,公募销售服务费：tag074443521
,公募交易佣金：tag074443522
,私募认购：tag074443524
,私募申购费：tag074443525
,私募管理费：tag074443527
,私募固定服务费：tag074443530
,私募一次性管理费：tag074443533
,私募投资顾问费：tag074443534
,资管认购：tag074443535
,资管申购费：tag074443536
,资管管理费：tag074443537
,资管销售服务费：tag074443538
2、实收部分：
,私募业绩报酬：tag074443529
,私募浮动销售服务费：tag074443531
,私募开户佣金：tag074443532
,资管业绩报酬：tag074443539
,资管交易佣金：tag074443540
,保险创收：tag074444383
3、其他
产品创收：‘tag999999999’,跨境理财通：'tag074448882'","dm_index_n.index_grp3_cust_emp_prd_income_finprd_deldspsbrwd_delredpfee_tdy","否","宽关键词候选，可能无关","目录候选；库表名称匹配不等于物理身份或实际消费"
"indicator","ind2024030175677391","客户_创收_财富管理_当日累计_零售和机构柜台","财富管理创收 = 仅含产品创收+电商创收+新增创收； 仅含产品创收=公募产品销售创收+私募产品销售创收+资管产品销售创收+OTC产品创收。每天更新近3个月数据。具体口径及标签见：https://doc.weixin.qq.com/sheet/e3_AZYAGQY2APAaF81Kqm3TbmelhLgD4?scode=AH4A_wdgAAYqEWTV6kAUcAugYyAPM&tab=BB08J2","dm_index_n.index_grp1_cust_income_wlthadmin_tdy_wghtre13mth","是","宽关键词候选，可能无关","目录候选；库表名称匹配不等于物理身份或实际消费"
"indicator","ind2025042489556485","客户*员工_新增有效户数_普通开发关系&日均净资产大于等于1万的客户_当月_无备注信息","考核期间（近三个月），计算员工*客户名下为普通开发关系且日均净资产大于等于1万的新增客户总数。
新增客户条件如下：
①开户条件：满足新开户（首次开户6个月内）/休眠空户激活/行权解禁条件。
②资产条件：考核期任意月份10-25日交易日首次日均净资产大于等于1万元的个人或机构客户，计作有效户。净资产口径含现金（普通账户、信用账户和衍生品账户）、市值（普通账户、信用账户和衍生品账户，具体含场内股基债、场外金融产品、衍生品市值等）、利息（通用回购逆回购、金快线），剔除负债（通用回购正回购、两融等合约负债），大小非（含限售和流通）、新三板（不含北交所）资产按5%折算。
③三要素重复的客户，剔除存在账号于24年前开户且24年到19年间最大资产超过1w的客户；
（2）计算规则：
①客户日均净资产大于等于1万，且添加企业微信绑定，记1个有效户。
②客户日均净资产大于等于1万，但未添加企业微信绑定，记0.8个有效户。","dm_index_n.index_grp2_cust_emp_addvld_normdevrela_mth","否","宽关键词候选，可能无关","目录候选；库表名称匹配不等于物理身份或实际消费"
"indicator","ind2025021298176764","营业部&分公司_KPI考核指标_金融产品_年累计_无备注信息","营业部&分公司维度下的年累计KPI考核指标指标值。财富管理部KPI考核指标，含大公募考核收入、大私募考核收入、产品保有、固货保有、ETF保有、买方投顾保有等。产品考核收入通过考核系数核算，系数结合产品质量、战略意义等多维度制定，不涉及系数的产品按实际收入核算考核收入。考核保有包含公募、私募、资管、OTC（不含保本固定产品）的保有额，为避免认购期基金短期考核激励、以引导长期理性保有进而提升投资人长期投资收益，产品保有规模为年度日均全产品保有额。此外包含一些营业部维度的特殊计入来进行考核调整。该指标每年口径稍有差异，每一年的指标按不同的标签区分开来","dm_index_n.index_org_kpiindx_finprd_yearaccum","否","宽关键词候选，可能无关","目录候选；库表名称匹配不等于物理身份或实际消费"
"indicator","ind2026041592266173","客户_产品代码&产品名称&市值_场内证券&场外证券&持仓市值TOP1_当日_无备注信息","客户所持有的场内和场外证券中，当日持仓市值排名第1的产品代码、产品名称、市值，指标值为：产品代码|产品名称|市值","dm_index_n.index_grp1_prdcd_prdname_mval_ostscr_otcscr_hld_posmvaltop1_tdy","是","宽关键词候选，可能无关","目录候选；库表名称匹配不等于物理身份或实际消费"
"indicator","ind2026041511127069","分公司&营业部&员工&客户_NPS满意度问卷评分_推荐人_当月_无备注信息","客户维度：客户在企微、网厅渠道填写业务推荐人并完成业务办理满意度回访问卷，计算该客户名下的问卷的平均满意度评分，计算时将分值转换为100分制
员工维度：客户在企微、网厅渠道填写该员工为业务推荐人并完成业务办理满意度回访问卷，计算名下所有问卷的平均满意度评分，计算时将分值转换为100分制
营业部：营业部下所有客户在企微、网厅渠道填写业务推荐人并完成业务办理满意度回访问卷，计算该部门所有问卷的平均满意度评分，计算时将分值转换为100分制
分公司：分公司下所有客户在企微、网厅渠道填写业务推荐人并完成业务办理满意度回访问卷，计算该部门所有问卷的平均满意度评分，计算时将分值转换为100分制
PS:
1.按照首次办理成功计算，若后续取消再办理则不计入考核。
2.包含场景：可转债交易权限开通、新三板、沪港通、深港通、北交所、创业板、主板交易权限设置、科创板、科创成长层、风险警示股票、T0权限开通、跨境理财通向南通、养老金开户、休眠激活;私募合格投资者认证、风险测评、专业投资者资格认定、理财产品电子合同签署、OTC账户开通等；","dm_index_n.index_grp1_npssatiqstnnscor_refr_mth","是","宽关键词候选，可能无关","目录候选；库表名称匹配不等于物理身份或实际消费"
"indicator","ind2026041560411754","客户_基金账户开通明细_无限制条件_无计算维度_无备注信息","客户当前已开通的开通基金公司名称及末次开通日期，如易淘金基金公司|2025-12-01，若开通多个基金公司的账户，则用分号拼接。
仅统计正常状态的场外基金账户开通的基金公司和末次开通日期","dm_index_n.index_grp1_fndacctopendet","否","宽关键词候选，可能无关","目录候选；库表名称匹配不等于物理身份或实际消费"
"indicator","ind2024032031048919","客户*营业部&客户*分公司本部_创收_财务折算后&不含交叉销售收入_当年累计_无备注信息","该指标为业务收入经财务折算后的创收指标，包括：净佣金财务折算后收入、保证金息差财务折算后收入、股票质押利息净收入财务折算后、产品实收收入财务折算后、两融利息净收入财务折算后、转融通财务折算后收入、行权融资财务折算后收入。
逻辑为：客户业务收入 * 营业部该项收入折算率。
注1：本指标转融通只包含了有客户号的客户收入；
注2：因指标在不断优化，本指标2024年之前历史数据与以上口径存在差异！！
注3：自2025年起，剔除部分部分券结客户佣金，该部分收入在营业部维度宽表中特殊处理加入！！","dm_index_n.index_grp2_income_fincovtpst_yearaccum","否","名称或表名直接命中专题词","目录候选；库表名称匹配不等于物理身份或实际消费"
"indicator","ind2026030226758313","员工_金融产品创收_资产配置总监&私财客户_当月_零售和机构柜台","汇总求和资产配置总监总监团队下私财员工的当月金融产品。
说明：剔除赎回费、托管费、OTC
每月8号固化上月数据","dm_index_n.index_grp1_emp_finprdincome_astpost_pwm_mth_ricc","否","宽关键词候选，可能无关","目录候选；库表名称匹配不等于物理身份或实际消费"
"indicator","ind2023081872295157","客户_最大月交易量_近3年_无计算维度_无备注信息","客户近3年最大月交易量","dm_index_n.index_grp_cust_trade_amt_exch_otc_mon_3y","否","宽关键词候选，可能无关","目录候选；库表名称匹配不等于物理身份或实际消费"
"indicator","ind2023081885047153","客户_最大月交易量_无限制条件_近1年_无备注信息","客户近1年最大月交易量","dm_index_n.index_grp_cust_trade_amt_exch_otc_mon_1y","否","宽关键词候选，可能无关","目录候选；库表名称匹配不等于物理身份或实际消费"
"indicator","ind2024062601642742","客户*机构*员工_标准资产_折算后_当月日均&每日更新过去6个月数据_无备注信息","折算后标准资产 = （客户层级月日均标准资产，在企业客群及某些机构客户普通账户市值累退折算后，所有标准资产进行产品户比例及异地开户比例切分）* 资产考核系数，期权非有效账户按现金折算，近六月无负债且非当年新开信用账户信用账户总资产按1折算，剔除司法冻结客户及其他特定客户，其中客户员工关系为：托管资产和场外衍生品相关资产直接来源于上游数据，其他资产为资产包关系客户员工，详细标签见：https://doc.weixin.qq.com/sheet/e3_AZYAGQY2APA6gcWuDgCQoiEbs5w6R?scode=AH4A_wdgAAYRRDjIF6AUcAugYyAPM&tab=BB08J2
具体口径见：https://doc.weixin.qq.com/sheet/e3_AI4A2gaAAEw1cOe1OwHSZmKHJ0UUW?scode=AH4A_wdgAAYnlsDZcVAUcAugYyAPM&tab=qllz8j","dm_index_n.index_grp3_cust_org_emp_std_ast_aft_covt_mth_apd","是","宽关键词候选，可能无关","目录候选；库表名称匹配不等于物理身份或实际消费"
"indicator","ind2024062615516761","客户*机构*员工_标准资产_折算前_当月日均&每日更新过去6个月数据_无备注信息","折算前标准资产 = 当月月总资产/当月自然日天数，其中客户员工关系为：托管资产和场外衍生品相关资产直接来源于上游数据，其他资产为资产包关系客户员工，详细标签见：https://doc.weixin.qq.com/sheet/e3_AZYAGQY2APA6gcWuDgCQoiEbs5w6R?scode=AH4A_wdgAAYRRDjIF6AUcAugYyAPM&tab=BB08J2
具体口径见：https://doc.weixin.qq.com/sheet/e3_AI4A2gaAAEw1cOe1OwHSZmKHJ0UUW?scode=AH4A_wdgAAYnlsDZcVAUcAugYyAPM&tab=qllz8j","dm_index_n.index_grp3_cust_org_emp_std_ast_bef_covt_mth_apd","是","宽关键词候选，可能无关","目录候选；库表名称匹配不等于物理身份或实际消费"
"indicator","ind2026040338008183","客户_日均产品保有市值_折算系数东莞分公司_当月_无备注信息","产品日均保有规模是指当月10-25日日均保有金额：
1、产品折算逻辑：不含广发资管现金增利（及其后续变更产品）('873001','026088')。
2、 固定收益凭证（”收益宝“1号 都为固定收益凭证）折算倍数为0.8。
3、 大公募、大私募混合类型、权益类型的产品折算倍数为1.2。
4、 骐骥买方投顾类的产品折算倍数为1.5。（总部折算为1）
5、货币基金0.1。（总部折扣0.5）
6、 其他类型产品按产品保有规模正常统计","dm_index_n.index_grp1_adj_prd_ret_amt_avg_mon_dgfgs","否","宽关键词候选，可能无关","目录候选；库表名称匹配不等于物理身份或实际消费"
"indicator","ind2025082811236042","客户*产品*人员_KPI考核指标_金融产品_每日重刷当月数据_无备注信息","客户*产品*人员维度下的每日KPI考核指标值。产品考核收入通过考核系数核算，系数结合产品质量、战略意义等多维度制定，不涉及系数的产品按实际收入核算考核收入，考核保有包含公募、私募、资管、OTC（不含保本固定产品）的保有额。
指标包含：（2025年考核口径）
tag074449214 --产品保有
tag074449215 --固货保有
tag074449216 --买方投顾保有。
指标包含：（2026年考核口径）
tag074451848--产品保有
tag074451850--资管保有
tag074452007--买方投顾保有。
重刷周期：每天重刷当月数据。","dm_index_n.index_grp3_cust_prd_emp_kpiexamindx_finprd_edaywght_all","否","宽关键词候选，可能无关","目录候选；库表名称匹配不等于物理身份或实际消费"
"indicator","ind2023102480832308","员工_销售金额_认领关系为主&不含基金投顾&剔除货币基金及现金增利及90天内固收产品_当月_零售柜台和机构柜台","每个交易日统计当月某员工名下符合以下条件的产品销售金额：
1. 员工与客户的关系为先取认领关系（状态为审核通过），其次取普通开发关系，最后取服务关系
2. 金融产品包括公募，私募，资管，OTC，不含基金投顾
3. 剔除货币基金、现金增利和90天以内固收产品","dm_index_n.grp1_emp_main_clm_del_spec_prd_sale_amt_mth","否","宽关键词候选，可能无关","目录候选；库表名称匹配不等于物理身份或实际消费"
"indicator","ind2025052820196764","客户主体_合约规模_场外衍生品_当日_无备注信息","场外衍生品交易对手方主体当日有效合约动态名义本金。","dm_index_n.index_grp1_cutpenty_compscal_otcderi_tdy","是","名称或表名直接命中专题词","目录候选；库表名称匹配不等于物理身份或实际消费"
"indicator","ind2025040810099260","客户_交易次数_场内和场外_当日_零售和机构柜台","客户当日场内和场外交易次数","dm_index_n.index_grp1_trdtimes_ostandotc_tdy_ricc","否","宽关键词候选，可能无关","目录候选；库表名称匹配不等于物理身份或实际消费"
"indicator","ind2025072902158286","广发证券_客户主体数量_场外衍生品_当月_无备注信息","场外衍生品业务当月新增/存续签约客户主体数量。","dm_index_n.index_grp1_company_custentyqty_otcderi_mth","否","名称或表名直接命中专题词","目录候选；库表名称匹配不等于物理身份或实际消费"
"indicator","ind2025072899493819","广发证券_客户数量_场外衍生品_当月_无备注信息","场外衍生品业务当月新增/存量签约客户数。","dm_index_n.index_grp1_company_custqty_otcderi_mth","否","名称或表名直接命中专题词","目录候选；库表名称匹配不等于物理身份或实际消费"
"indicator","ind2024011258349619","客户_持仓明细_金融产品_当日_无备注信息","本指标包含以下用来区分保有额的标签：
1. 场内场外
2. 公募私募资管OTC
3. 场外公募产品
4. 线上线下
5. 基金投顾
6.资管（不含现金增利）
7.公募（不含基金投顾）
8.场外公募（不含基金投顾）
9.现金增利
10.资管大集合、资管小集合
11.公募_现金货币类_场内/场外
12.全部金融产品
13.收益凭证（不含专享理财）
14.收益凭证专享理财
15.解决方案
16.结构化衍生品
数据格式：产品代码|产品名称|持仓市值","dm_index_n.index_grp1_hld_posdet_finprd_tdy","否","宽关键词候选，可能无关","目录候选；库表名称匹配不等于物理身份或实际消费"
"indicator","ind2025060342206318","客户主体_累计盈亏_场外衍生品_当年_无备注信息","场外衍生品交易对手方主体当年累计盈亏。","dm_index_n.index_grp1_cutpenty_accumpal_otcderi_year","否","名称或表名直接命中专题词","目录候选；库表名称匹配不等于物理身份或实际消费"
"indicator","ind2025021228430626","客户*产品*人员_KPI考核指标_金融产品_日_无备注信息","客户*产品*人员维度下的每日KPI考核指标值。财富管理部KPI考核指标，含大公募考核收入、大私募考核收入、产品保有、固货保有、ETF保有、买方投顾保有等。产品考核收入通过考核系数核算，系数结合产品质量、战略意义等多维度制定，不涉及系数的产品按实际收入核算考核收入。考核保有包含公募、私募、资管、OTC（不含保本固定产品）的保有额，为避免认购期基金短期考核激励、以引导长期理性保有进而提升投资人长期投资收益，产品保有规模为年度日均全产品保有额。此外包含一些营业部维度的特殊计入来进行考核调整。该指标每年口径稍有差异，每一年的指标按不同的标签区分开来","dm_index_n.index_cust_prd_emp_kpiexamindx_finprd_day","是","宽关键词候选，可能无关","目录候选；库表名称匹配不等于物理身份或实际消费"
"indicator","ind2024091151029495","广发证券_交易规模_场外衍生品_当年_无备注信息","场外衍生品全量有效合约在当年新增的期初名义本金","dm_index_n.index_grp1_dealscal_otcderi_year","是","名称或表名直接命中专题词","目录候选；库表名称匹配不等于物理身份或实际消费"
"indicator","ind2024091113603751","广发证券_交易规模_场外衍生品_当月_无备注信息","场外衍生品全量有效合约在当月新增的期初名义本金","dm_index_n.index_grp1_dealscal_otcderi_mth","是","名称或表名直接命中专题词","目录候选；库表名称匹配不等于物理身份或实际消费"
"indicator","ind2024091124468232","广发证券_合约规模_场外衍生品_当日_无备注信息","场外衍生品全量有效合约在当天的动态名义本金","dm_index_n.index_grp1_compscal_otcderi_tdy","是","名称或表名直接命中专题词","目录候选；库表名称匹配不等于物理身份或实际消费"
"indicator","ind2025020638164498","客户_持仓明细_无限制条件_当日_无备注信息","客户持仓明细拼接代码名称及持仓市值(万)为单位，若涉及多个则用分号隔开。包含产品类型：非保有考核ETF、场外公募基金","dm_index_n.index_grp1_hld_posdet_tdy","否","宽关键词候选，可能无关","目录候选；库表名称匹配不等于物理身份或实际消费"
"indicator","ind2025062576721881","客户主体_合约规模_场外衍生品_当年日均_无备注信息","场外衍生品交易对手方主体当年有效合约日均动态名义本金。","dm_index_n.index_grp1_cutpenty_compscal_otcderi_yearapd","是","名称或表名直接命中专题词","目录候选；库表名称匹配不等于物理身份或实际消费"
"indicator","ind2024013086580896","客户*营业部&客户*分公司本部&客户*总部各部门_净资产_异地开户分成&大小非新三板折算&北交所及同业不折算&不含未到账资产_当年第四季度交易日日均_零售和机构柜台","净资产口径含现金（普通账户、信用账户分公司
和衍生品账户），市值（普通账户，停用账户和生品账户，具体含场内股基债、场外金融产品、衍生品市值等）、利息（通用回购逆回购、金快线），剔除负债（通用回购正回购、两
融等合约负债），大小非、新三板资产按5%折算。
即：客户交易性资产 = 净资产-（新三板（剔除大小非和北交所）+大小非流通）*0.95 + 大小非限售*0.05
日均值为近3个月交易日日均","dm_index_n.index_grp2_cust_brch_avg_trd_net_asset_xsb_nts_covt_year_4th_qrt","是","宽关键词候选，可能无关","目录候选；库表名称匹配不等于物理身份或实际消费"
"indicator","ind2024013074440466","营业部&分公司&分公司本部&总部各部门_新开客户数_异地开户分成&个人客户&普通新开&休眠激活&行权解禁&10到25日日均交易性资产超过10万_当年_零售柜台","符合以下开户条件之一且符合资产条件的个人客户：
开户条件：①上年12月26日-当年12月25日新开户客户，剔除同一客户（证件类型、证件号码、客户名称三要素相同）在系统内已存在其他账户（销户、休眠、空户除外）；②当年初定义休眠与空户，且激活成功客户。激活条件参考新开发有效客户；③因分支机构拓展股权激励综合服务业务首次在我司开户，且在上年12月25日前除持有限制性股票或股票期权外，没有其他资产。
资产条件：当年任意月份10-25日交易日日均净资产大于等于50万元计为富裕客户，日均净资产大于等于500万元计为高净值客户。为适当辅以有效户开发一定的考核体现，对2024年任意月份10-25日交易日日均净资产在10万-50万以下的客户，以10万为单位折算0.2户，计入新增富裕高净值客户数考核。净资产口径含现金（普通账户、信用账户和衍生品账户）、市值（普通账户、信用账户和衍生品账户，具体含场内股基债、场外金融产品、衍生品市值等）、利息（通用回购逆回购、金快线），剔除负债（通用回购正回购、两融等合约负债），大小非、新三板资产按5%折算。","dm_index_n.index_grp1_brch_new_indv_cust_cnt_all_avg_trd_ast_over10w_mon","否","宽关键词候选，可能无关","目录候选；库表名称匹配不等于物理身份或实际消费"
"indicator","ind2024053007398895","员工_销售金额_非固定产品&保险销售&私财员工&私财客户_当月_无备注信息","在筛选私财员工和私财客户的基础上，，需要不打折统计的交叉销售的数据，计算资产分类为非固定产品（权益类、另类投资类、海外投资类、混合类的产品）当月总金额。","dm_index_n.index_grp1_emp_saleamt_notfixprd_priemp_mth","否","宽关键词候选，可能无关","目录候选；库表名称匹配不等于物理身份或实际消费"
"indicator","ind2025062748179110","员工_非产品创收_开发关系&私财员工_当月_零售和机构柜台","非产品创收 = 传统业务创收+证金业务创收+期权业务创收+平台增值业务创收+资讯创收+OTC创收
8号固化上月数据","dm_index_n.index_grp1_emp_notprdincome_priemp_mth_ricc","否","宽关键词候选，可能无关","目录候选；库表名称匹配不等于物理身份或实际消费"
"indicator","ind2026012085563845","员工_非产品创收_区域总监&开发关系_当月_零售和机构柜台","汇总当月区域总监团队下员工的非产品创收。
非产品创收 = 传统业务创收+证金业务创收+期权业务创收+平台增值业务创收+资讯创收+OTC创收。
8号固化上月数据","dm_index_n.index_grp1_emp_notprdincome_priarea_mth_ricc","否","宽关键词候选，可能无关","目录候选；库表名称匹配不等于物理身份或实际消费"
"indicator","ind2024022957492575","客户_创收_交叉销售_当日累计&每日更新近5个月数据_无备注信息","交叉销售创收=有商机的交叉销售创收+手工维护的项目创收+无商机的交叉销售创收，每日更新近5个月数据。指标中包含交叉销售创收：tag074440737、有商机的交叉销售创收：tag074443556、手工维护的项目创收：tag074443557、无商机的交叉销售创收：tag074443558、场外衍生品（柜台交易市场部）：tag074443559、
资产托管（资产托管部）：tag074443560。具体口径及标签见：https://doc.weixin.qq.com/sheet/e3_AZYAGQY2APAaF81Kqm3TbmelhLgD4?scode=AH4A_wdgAAYqEWTV6kAUcAugYyAPM&tab=BB08J2","dm_index_n.index_grp1_cust_income_cs_tdy_wghtre5mth","是","名称或表名直接命中专题词","目录候选；库表名称匹配不等于物理身份或实际消费"
"indicator","ind2025040739122920","员工_创收_交叉销售_当月&每日更新本月及上月数据_零售和机构柜台","本指标包含：有商机的交叉销售创收，手工维护的项目创收，场外衍生品，折算前资产托管，折算后资产托管，期货ib","dm_index_n.index_grp1_emp_income_cs_mth_all","是","名称或表名直接命中专题词","目录候选；库表名称匹配不等于物理身份或实际消费"
"indicator","ind2025052956428696","产品*营业部&分公司&总部各部门_保有金额占比_剔除内部户&场外衍生品_季_无备注信息","对有产外衍生品收入的代销产品，计算其季度内机构保有占比，计算方式为：1.按业务指定产品保有切分 2.按备案产品编码与代销产品编码对应关系切分","dm_index_n.index_grp2_tnramtprop_season","是","名称或表名直接命中专题词","目录候选；库表名称匹配不等于物理身份或实际消费"
"indicator","ind2025071079820994","员工&营业部&分公司_利息收入_交叉销售_季度_零售和机构柜台","零售和机构柜台两融交叉销售分成利息收入。","dm_index_n.index_grp1_intrincome_cs_qtr_ricc","否","名称或表名直接命中专题词","目录候选；库表名称匹配不等于物理身份或实际消费"
"indicator","ind2023062884103758","客户&营业部_场外购回本金_证金业务_当日_无备注信息","证金业务当天场外购回本金","dm_index_n.index_grp_cust_otcbbprin_tdy","否","宽关键词候选，可能无关","目录候选；库表名称匹配不等于物理身份或实际消费"
"indicator","ind2023062894161562","持仓_场外购回本金_证金业务_当日_无备注信息","证金业务场外购回本金","dm_index_n.hold_index","是","宽关键词候选，可能无关","目录候选；库表名称匹配不等于物理身份或实际消费"
"indicator","ind2024071809431828","客户_交易次数_场内和场外_最近30天_无备注信息","客户近30天交易次数,含场内证券交易+场外金融产品销赎(剔除现金增利)","dm_index_n.index_grp1_dealtimes_ostandotc_last30day","否","宽关键词候选，可能无关","目录候选；库表名称匹配不等于物理身份或实际消费"
"indicator","ind2025052938818646","客户主体_交易规模_场外衍生品_当年_无备注信息","场外衍生品交易对手方主体当年新增合约初始名义本金。","dm_index_n.index_grp1_cutpenty_trdscal_otcderi_year","是","名称或表名直接命中专题词","目录候选；库表名称匹配不等于物理身份或实际消费"
"indicator","ind2024082079862029","客户_累计收益率_无限制条件_最近1年_零售和机构柜台","客户近一年收益率（全账户/普通/信用/期权/养老金/股基/普通场内股基/信用场内股基/普通场外基金）
全账户/普通/信用/期权/养老金区间累计收益率是利用每日收益率去进行累乘计算；
股基/普通场内股基/信用场内股基/普通场外基金区间累计收益率是基于单券级别的模型表采用资金加权算法计算（收益率=(期末市值-期初市值+累计卖出金额-累计买入金额)/(期初市值+累计加权资金)）","dm_index_n.index_grp1_cust_yield_recentyear_retandorgcntr","否","宽关键词候选，可能无关","目录候选；库表名称匹配不等于物理身份或实际消费"
"indicator","ind2024042949541425","客户*员工_创收_全口径&AUM资产包关系_当月&每日更新过去3个月数据_零售和机构柜台","资产包关系下客户员工当月各项创收累计值，每日更新过去3个月数据，包括：传统业务创收，财富管理创收，证金业务创收，期权业务创收，交叉销售创收，总创收 具体口径及标签见：https://doc.weixin.qq.com/sheet/e3_AZYAGQY2APAaF81Kqm3TbmelhLgD4?scode=AH4A_wdgAAYqEWTV6kAUcAugYyAPM&tab=BB08J2","dm_index_n.index_grp2_cust_emp_incm_allcali_aum_mth_all","是","宽关键词候选，可能无关","目录候选；库表名称匹配不等于物理身份或实际消费"
"indicator","ind2025071898619889","营业部&分公司&员工_合约规模_场外衍生品&交叉销售_当年日均_无备注信息","当年有效场外衍生品合约日均动态名义本金。","dm_index_n.index_grp1_compscal_otcderi_cs_yearapd","是","名称或表名直接命中专题词","目录候选；库表名称匹配不等于物理身份或实际消费"
"indicator","ind2025052738933269","客户主体_交易天数_场外衍生品&近一个月_当日_无备注信息","场外衍生品交易对手方主体近一个月交易天数。","dm_index_n.index_grp1_cutpenty_trddays_otcderi_near1mth_tdy","是","名称或表名直接命中专题词","目录候选；库表名称匹配不等于物理身份或实际消费"
"indicator","ind2025061816957390","广发证券_销售奖励_场外衍生品_季度_无备注信息","场外衍生品季度销售奖励。","dm_index_n.index_grp1_company_salerwd_otcderi_qtr","是","名称或表名直接命中专题词","目录候选；库表名称匹配不等于物理身份或实际消费"
"indicator","ind2024012454870391","员工_交易规模_场外衍生品&交叉销售_当年累计_无备注信息","某个客户经理的场外交叉销售合约期初定价日在当年的初始名义本金加总","dm_index_n.index_grp1_dealscal_otcderi_cs_yearaccum","是","名称或表名直接命中专题词","目录候选；库表名称匹配不等于物理身份或实际消费"
"indicator","ind2024061960999645","客户*营业部*员工&客户*分公司本部*员工_合约规模_场外衍生品&交叉销售_当年日均_无备注信息","客户按照比例分摊至各部门的各员工交叉销售日均动态名义本金规模","dm_index_n.index_grp3_compscal_otcderi_cs_yearapd","是","名称或表名直接命中专题词","目录候选；库表名称匹配不等于物理身份或实际消费"
"indicator","ind2025061816843713","广发证券_销售收入_场外衍生品_季度_无备注信息","场外衍生品季度拓展方部门所得收入。","dm_index_n.index_grp1_company_saleincome_otcderi_qtr","是","名称或表名直接命中专题词","目录候选；库表名称匹配不等于物理身份或实际消费"
"indicator","ind2024061838275461","客户*营业部*员工&客户*分公司本部*员工_合约规模_场外衍生品&交叉销售_当月日均_无备注信息","客户按照比例分摊至各部门的各员工的交叉销售日均动态名义本金规模","dm_index_n.index_grp3_compscal_otcderi_cs_mthapd","是","名称或表名直接命中专题词","目录候选；库表名称匹配不等于物理身份或实际消费"
"indicator","ind2024061363600675","员工_销售金额_金融产品&剔除现金增利&私募同业企业客群&认领关系_当年_无备注信息","机构业务人员评价指标A16：
私募、同业及企业客群产品销售""指标：
1、客户经理+客户维度，取客户经理挂了产品销售认领关系下的所有客户当年认购或申购产品的金额，产品范围为全部（包含资管、公募、私募、OTC），不包含二级市场买入。
  2、客户范围为所有机构户+企业客群个人客户，其中同业客户买入金额需按20%进行折算，同业客户标识指标为“dm_index_n.index_grp_corp_cust_ib_type”。","dm_index_n.index_grp1_saleamt_finprd_delcash_pvtibcorp_clmrela_year","是","宽关键词候选，可能无关","目录候选；库表名称匹配不等于物理身份或实际消费"
"indicator","ind2025120899679112","客户*机构_创收_互联网营业部线上转线下客户&价值切分后_当月_零售和机构柜台","互联网营业部转线下的客户，切分规则为：当月创收，对于已有的业务创收，按照82比例分配，即80%归线下，20%归线上；新增的业务创收则全部归到线下；切分的创收需纳入组织收入考核（财务口径），因此涉及税费转换（除息差及交叉销售外需除以1.06预估）。切分的创收类型为：产品创收-四级创收、资讯创收-三级创收 、其他创收二级创收区分已有、新增业务创收。","dm_index_n.index_grp2_cust_org_incm_netbrchonlncovtoflncust_valsplitpst_mth_all","否","宽关键词候选，可能无关","目录候选；库表名称匹配不等于物理身份或实际消费"
"indicator","ind2023120574413679","客户_持有产品数量_场外基金_当年_无备注信息","全年持有过的场外基金数量 
and asset_unit = 'asset_cal_0'
and prodta_no not in ('87','O1','O2','CZZ')
and concat(prodta_no,'.',prod_code) !='98.873001'","dm_index_n.index_grp1_cust_holdprdqty_fund_in_year","否","宽关键词候选，可能无关","目录候选；库表名称匹配不等于物理身份或实际消费"
"indicator","ind2023072403029036","客户_持有产品个数_限定场外公募私募资管产品&剔除TA87&剔除现金增利_当月_无备注信息","客户_持有产品个数_限定场外公募私募资管产品&剔除TA87&剔除现金增利","dm_index_n.index_grp_prd_hold_num_mon","否","宽关键词候选，可能无关","目录候选；库表名称匹配不等于物理身份或实际消费"
"indicator","ind2024102232223515","客户_赎回理财产品明细_无限制条件_最近7天_无备注信息","赎回理财产品明细（最近7天）：产品类型包括：公募、私募、资管、OTC，不包含现金货币类、不含现金增利","dm_index_n.index_grp1_redpchremprddet_last7day","否","宽关键词候选，可能无关","目录候选；库表名称匹配不等于物理身份或实际消费"
"indicator","ind2023063051408932","客户_产品销售次数_无限制条件_无计算维度_无备注信息","客户在同一天多次购买同一个产品，则合并计算为一次,包含场外公募，私募，OTC，资管等","dm_index_n.index_grp_cust_prdsaletimes","否","宽关键词候选，可能无关","目录候选；库表名称匹配不等于物理身份或实际消费"
"indicator","ind2023080745931316","客户*产品_保有金额_金融产品_当日_无备注信息","本指标包含以下用来区分保有额的标签：
1. 场内场外
2. 公募私募资管OTC
3. 场外公募产品
4. 线上线下
5. 基金投顾
6.资管（不含现金增利）
7.公募（不含基金投顾）
8.场外公募（不含基金投顾）
9.现金增利
10.资管大集合、资管小集合
11.公募_现金货币类_场内/场外
12.总值","dm_index_n.index_cust_prd_ret_amt_finprd_tdy","是","宽关键词候选，可能无关","目录候选；库表名称匹配不等于物理身份或实际消费"
"indicator","ind2023080428709640","客户*产品_申购金额_金融产品_当日_无备注信息","本指标包含以下用来区分交易额的标签：
1. 场内场外
2. 公募私募资管OTC
3. 场外公募产品
4. 线上线下
5. 基金投顾
6.资管（不含现金增利）
7.公募（不含基金投顾）
8.场外公募（不含基金投顾）
9.现金增利
10.资管大集合、资管小集合
11.公募_现金货币类_场内/场外
12.总值","dm_index_n.index_cust_prd_purch_amt_finprd_tdy","否","宽关键词候选，可能无关","目录候选；库表名称匹配不等于物理身份或实际消费"
"indicator","ind2023080324532311","客户*产品_认购金额_金融产品_当日_无备注信息","本指标包含以下用来区分交易额的标签：
1. 场内场外
2. 公募私募资管OTC
3. 场外公募产品
4. 线上线下
5. 基金投顾
6.资管（不含现金增利）
7.公募（不含基金投顾）
8.场外公募（不含基金投顾）
9.现金增利
10.资管大集合、资管小集合
11.公募_现金货币类_场内/场外
12.总值","dm_index_n.index_cust_prd_scrp_amt_finprd_tdy","否","宽关键词候选，可能无关","目录候选；库表名称匹配不等于物理身份或实际消费"
"indicator","ind2023082963371031","员工_销售金额_认领关系&不含基金投顾&剔除货币基金及现金增利及90天内固收产品_当日_零售和机构柜台","每个交易日统计当日某员工名下符合以下条件的产品销售金额：
1. 员工与客户的关系为认领关系（状态为审核通过）
2. 金融产品包括公募，私募，资管，OTC，不含基金投顾
3. 剔除货币基金、现金增利和90天以内固收产品","dm_index_n.index_emp_clm_del_spec_prd_sale_amt","否","宽关键词候选，可能无关","目录候选；库表名称匹配不等于物理身份或实际消费"
"indicator","ind2023072503455820","客户_申购费&认购费_场外&公募&私募&资管&剔除现金增利&剔除基金投顾_当日_无备注信息","客户当日不同类型场外产品手续费，包括公募产品（剔除基金投顾）、私募产品、资管产品（剔除现金增利）；
上述三种产品相加 = 画像标签场外总手续费指标，tag_id为'tag999999999'","dm_index_n.index_cust_cms_pub_pvt_assm_delcash_tdy","否","宽关键词候选，可能无关","目录候选；库表名称匹配不等于物理身份或实际消费"
"indicator","ind2023073183052347","客户_首次交易日期_场外OTC产品&不含新客宝_当日_无备注信息","客户名下场外OTC产品（不含新客宝）首次交易日期","dm_index_n.index_cust_firdealdate_otcotcprd_ninclnew_tdy","否","宽关键词候选，可能无关","目录候选；库表名称匹配不等于物理身份或实际消费"
"indicator","ind2023080701187191","客户*产品_申购份额_金融产品&线下产品_当日_无备注信息","本指标包含以下用来区分保有额的标签：
1. 场内场外
2. 公募私募资管OTC
3. 场外公募产品
4. 线上线下
5. 基金投顾
6.资管（不含现金增利）
7.公募（不含基金投顾）
8.场外公募（不含基金投顾）
9.现金增利
10.资管大集合、资管小集合
11.公募_现金货币类_场内/场外
12.总值","dm_index_n.index_cust_prd_purch_shr_finprd_tdy","否","宽关键词候选，可能无关","目录候选；库表名称匹配不等于物理身份或实际消费"
"indicator","ind2023072541989561","客户_首次购买日期_场外产品&不含现金增利及新客理财_无计算维度_无备注信息","首次场外产品购买日期(不含现金增利、新客理财)","dm_index_n.index_cust_firpurchdate_otcprd_ninclcash_newchrem","否","宽关键词候选，可能无关","目录候选；库表名称匹配不等于物理身份或实际消费"
"indicator","ind2023072807020301","客户_保有金额_场外产品&不含现金增利_当日_无备注信息","场外保有量（不包括现金增利）：otc/资管/私募/公募 /总和","dm_index_n.index_cust_tnramt_otcprd_ninclcash_tdy","否","宽关键词候选，可能无关","目录候选；库表名称匹配不等于物理身份或实际消费"
"indicator","ind2024071860536658","客户_场外交易次数_金融产品&剔除现金增利_当日_销售和赎回","客户当日场外金融产品销赎次数(剔除现金增利)","dm_index_n.index_grp1_otcdealtimes_finprd_nocash_tdy","否","宽关键词候选，可能无关","目录候选；库表名称匹配不等于物理身份或实际消费"
"indicator","ind2023080757087896","客户*产品_认购份额_金融产品&线下产品_当日_无备注信息","本指标包含以下用来区分保有额的标签：
1. 场内场外
2. 公募私募资管OTC
3. 场外公募产品
4. 线上线下
5. 基金投顾
6.资管（不含现金增利）
7.公募（不含基金投顾）
8.场外公募（不含基金投顾）
9.现金增利
10.资管大集合、资管小集合
11.公募_现金货币类_场内/场外
12.总值","dm_index_n.index_cust_prd_scrp_shr_finprd_tdy","否","宽关键词候选，可能无关","目录候选；库表名称匹配不等于物理身份或实际消费"
"indicator","ind2023080796472796","客户*产品_保有份额_金融产品_当日_无备注信息","本指标包含以下用来区分保有额的标签：
1. 场内场外
2. 公募私募资管OTC
3. 场外公募产品
4. 线上线下
5. 基金投顾
6.资管（不含现金增利）
7.公募（不含基金投顾）
8.场外公募（不含基金投顾）
9.现金增利
10.资管大集合、资管小集合
11.公募_现金货币类_场内/场外
12.总值","dm_index_n.index_cust_prd_ret_shr_finprd_tdy","否","宽关键词候选，可能无关","目录候选；库表名称匹配不等于物理身份或实际消费"
"indicator","ind2024042579094139","广发证券_成交金额_无限制条件_当日_无备注信息","每天线上平台产品的成交金额","dm_index_n.index_grp1_tramt_onlnchan_otcprd_tdy","否","宽关键词候选，可能无关","目录候选；库表名称匹配不等于物理身份或实际消费"
"indicator","ind2024061256646573","客户*员工_新增净资产_开发关系&开户6个月内&10至25日均净资产大于50万元&个人客户_当月_零售柜台","取客户和员工为开发关系，客户对公分类为产品，客户的开户时间在6个月内且10-25日日均净资产大于50万的客户（交叉销售表的数据需要打五折，部分客户应业务特殊要求不需要打折）,筛选个人客户，以及历史从未被计算入新增净资产的客户所对应的净资产。
注：筛选私财客户。","dm_index_n.index_grp2_cuat_emp_addnetast_oact6mthinr_apdnetastgt50tty_mth_rcc","否","宽关键词候选，可能无关","目录候选；库表名称匹配不等于物理身份或实际消费"
"indicator","ind2024061230423733","客户*员工_新增净资产_开发关系&开户6个月内&10至25日均净资产大于1万元_当月_零售柜台","取客户和员工为开发关系，客户的开户时间在6个月（前第6个月10号到当月9号开户）内且10-25日日均净资产产大于1万的客户（交叉销售表的数据需要打五折，部分客户应业务特殊要求不需要打折），以及历史从未被计算入新增有效资产的客户所对应的净资产
注：筛选私财客户。","dm_index_n.index_grp2_cust_emp_addvldast_devrela_mth_rcc","否","宽关键词候选，可能无关","目录候选；库表名称匹配不等于物理身份或实际消费"
"indicator","ind2025102978914645","客户&营业部&分公司_客户佣金总收入_新开户_当月_零售和机构柜台","本月初至T-1日，分支机构下新增开户、客户状态正常、有正常生效的普通账户的客户场内佣金收入+场外手续费合计。","dm_index_n.index_grp1_custcms_totincome_nwopacct_mth_ricc","否","宽关键词候选，可能无关","目录候选；库表名称匹配不等于物理身份或实际消费"
"indicator","ind2025032857117435","客户&营业部&分公司_场外总手续费_无限定条件_当日_零售和机构柜台","计算客户的场外总手续费，场外总手续费计算分两种情况：
1、若交易类型代码不为空且实收佣金 = 0，则场外总手续费 =过户费 ，否则场外总手续费 = 实收佣金。
2、若交易类型代码为空。则场外总手续费 =实收佣金+印花税+过户费+委托费+其他费 - 一级费用","dm_index_n.index_grp1_cust_otctotcms_nothlmtcond_tdy_ricc","否","宽关键词候选，可能无关","目录候选；库表名称匹配不等于物理身份或实际消费"
"indicator","ind2025103005396346","客户_交易金额_无条件限制_当日_无备注信息","全部客户T-1日的银证转入转出&场内交易&场外金融产品交易&衍生品交易的总交易金额","dm_index_n.index_grp1_trdamt_uncondlmt_tdy","否","宽关键词候选，可能无关","目录候选；库表名称匹配不等于物理身份或实际消费"
"indicator","ind2023101969951934","客户_委托金额_直播_当日_零售和机构柜台","客户在直播间（含预告页、直播观看和回放观看）下单产品订单的客户（统计的为委托下单，非交割下单）
统计产品范围： 场内etf +场外产品","dm_index_n.index_grp1_trustamt_strm_tdy_retandorgcntr","否","宽关键词候选，可能无关","目录候选；库表名称匹配不等于物理身份或实际消费"
"indicator","ind2024041128136025","客户*产品*员工_创收_金融产品_当日&每日重刷上月数据_无备注信息","说明：因无法left join dm_index_n.grp_def，该指标在调度平台升级，确保允许产品编号，员工编号，客户编号为空的情况。


（允许指标的客户，产品，员工为空，升级在调度平台调整。）
指标中包含产品创收相关的明细创收，包括
,产品创收：tag999999999
,公募认购：tag074443516
,公募申购费：tag074443517
,公募赎回费：tag074443518
,公募管理费：tag074443519
,公募托管费奖励：tag074443520
,公募销售服务费：tag074443521
,公募交易佣金：tag074443522
,公募研发协同收入：tag074443523
,私募认购：tag074443524
,私募申购费：tag074443525
,私募赎回费：tag074443526
,私募管理费：tag074443527
,私募托管费奖励：tag074443528
,私募业绩报酬：tag074443529
,私募固定服务费：tag074443530
,私募浮动销售服务费：tag074443531
,私募开户佣金：tag074443532
,私募一次性管理费：tag074443533
,私募投资顾问费：tag074443534
,资管认购：tag074443535
,资管申购费：tag074443536
,资管管理费：tag074443537
,资管销售服务费：tag074443538
,资管业绩报酬：tag074443539
,资管交易佣金：tag074443540
,OTC产品创收：tag015508656","dm_index_n.index_grp3_cust_pd_emp_prdincome_nothselcond_tdy","是","宽关键词候选，可能无关","目录候选；库表名称匹配不等于物理身份或实际消费"
"indicator","ind2024062077860046","营业部&分公司本部_总创收_含交叉销售收入_当年_无备注信息","总创收包括：佣金净收入、保证金息差、两融利息净收入、股票质押利息净收入、产品收入、交叉销售收入。
①佣金包含普通账户、信用账户及衍生品账户佣金，对佣金（包括普通、信用账户）考虑了异地开户和两融协作分成（含研发分成）；
②对保证金息差考虑异地开户调整；
③股票质押利息净收入考虑了协作分成；
④两融利息净收入中，计入了两融净利息收入、转融通净利息及行权融资计提利息，其中两融净利息收入和转融通净利息均作分成处理；
⑤产品收入为产品实收口径，做同业切分及柜台切分","dm_index_n.index_grp1_tot_income_inclcsincome_year","否","名称或表名直接命中专题词","目录候选；库表名称匹配不等于物理身份或实际消费"
"indicator","ind2024101168454865","广发证券_应付利息_公司自营负债_当日_无备注信息","公司自营负债业务按日统计应付利息，包含债券负债，同业拆入，买断式正回购，质押式正回购，收益凭证，转融资，黄金租赁","dm_index_n.index_grp1_intr_payb_cocivliab_tdy","否","宽关键词候选，可能无关","目录候选；库表名称匹配不等于物理身份或实际消费"
"indicator","ind2024041258492002","客户_创收_全口径_月累计&每日更新过去3个月数据_零售和机构柜台","客户当月累计创收值，每日更新过去13个月数据，包括：传统业务创收，财富管理创收，证金业务创收，期权业务创收，交叉销售创收，总创收 具体口径及标签见：https://doc.weixin.qq.com/sheet/e3_AZYAGQY2APAaF81Kqm3TbmelhLgD4?scode=AH4A_wdgAAYqEWTV6kAUcAugYyAPM&tab=BB08J2","dm_index_n.index_grp1_cust_incm_allcali_mth_all","是","宽关键词候选，可能无关","目录候选；库表名称匹配不等于物理身份或实际消费"
"indicator","ind2024041139748851","客户_创收_全口径_当日累计&每日更新近3个月数据_零售和机构柜台","客户当日累计创收值，包括：传统业务创收，财富管理创收，证金业务创收，期权业务创收，交叉销售创收，总创收
具体口径及标签见：https://doc.weixin.qq.com/sheet/e3_AZYAGQY2APAaF81Kqm3TbmelhLgD4?scode=AH4A_wdgAAYqEWTV6kAUcAugYyAPM&tab=BB08J2","dm_index_n.index_grp1_cust_incm_allcali_tdy_all","是","宽关键词候选，可能无关","目录候选；库表名称匹配不等于物理身份或实际消费"
"indicator","ind2025091140896235","客户_10至25日均净资产_大小非新三板折算&北交所及同业不折算&不含未到账资产_当月_零售和机构柜台","净资产口径含现金（普通账户、信用账户分公司
和衍生品账户），市值（普通账户，停用账户和生品账户，具体含场内股基债、场外金融产品、衍生品市值等）、利息（通用回购逆回购、金快线），剔除负债（通用回购正回购、两
融等合约负债），大小非、新三板资产按5%折算。
即：客户交易性资产 = 净资产-（新三板（剔除大小非和北交所）+大小非流通）*0.95 + 大小非限售*0.05
日均值为当月10-25日交易日日均
说明：
10号之前日均值=0
10-25号日均值=10号到当天的净资产总和/10号至当天的交易日天数
25号之后=10-25号净资产总和/10号至25号的交易日天数","dm_index_n.index_grp1_cust_avg_net_asset_xsb_covt_mth10to25_mon_ricc","否","宽关键词候选，可能无关","目录候选；库表名称匹配不等于物理身份或实际消费"
"indicator","ind2023081660380599","客户_保有份额_金融产品_当日_无备注信息","本指标包含以下用来区分交易额的标签：
1. 场内场外
2. 公募私募资管OTC
3. 场外公募产品
4. 线上线下
5. 基金投顾
6.资管（不含现金增利）
7.公募（不含基金投顾）
8.场外公募（不含基金投顾）
9.现金增利
10.资管大集合、资管小集合
11.公募_现金货币类_场内/场外
12.总值","dm_index_n.index_cust_ret_shr_finprd_tdy","否","宽关键词候选，可能无关","目录候选；库表名称匹配不等于物理身份或实际消费"
"indicator","ind2024071252983618","客户*产品*员工_销售金额_金融产品&考核口径_当月_无备注信息","在筛选私财员工和私财客户的基础上，计算客户*产品*员工维度的销售金额。
指标中包含两个标签：
1、tag074444383：非固收产品+保险销售+跨境理财通南向通销售额。资产分类为非固定产品（权益类、另类投资类、海外投资类、混合类的产品）的当月总金额，（交叉销售表的数据需要打五折，部分客户应业务特殊要求不需要打折），指标中纳入保险销售收入。
2、tag015508657：产品类型为私募产品&资管小集合产品的销售金额。","dm_index_n.index_grp3_cust_prd_emp_saleamt_finprd_priemp_pricust_mth","否","宽关键词候选，可能无关","目录候选；库表名称匹配不等于物理身份或实际消费"
"indicator","ind2023071975977260","客户_重点投资品种_风险测评&个人客户_无计算维度_无备注信息","个人客户风险测评重点投资品种，问题详情：您打算重点投资于哪些种类的投资品种:①债券，固定收益凭证，固定收益类资产管理产品等固定收益类金融产品；市场资讯产品；②股票，权益类资产管理产品等权益类金融产品；投资资讯产品；混合类（投资品种含固收类、权益类、商品及金融衍生品类）金融产品；股票质押式回购，约定购回式证券交易，股权激励融资等融资类业务；③融资融券，转融通等信用交易类；商品及金融衍生品类资产管理产品等衍生品类金融产品；期货，期权等杠杆交易类业务；④结构化金融产品、场外衍生品等复杂或高风险类金融产品或业务；其他金融产品或业务。
题目选项：1:①②③④|2:①②③|3:①②|4:①","dm_index_n.index_grp_cust_impivstvar_riskasses","否","宽关键词候选，可能无关","目录候选；库表名称匹配不等于物理身份或实际消费"
"indicator","ind2024011024973819","客户*产品_产品到期日期_无限制条件_无计算维度_无备注信息","主要统计收益凭证、金快线产品到期日期，具体分类标签如下：
收益收益凭证（不含专享理财、私行）到期日期 tag074443264
专享理财收益凭证到期日期 tag074440756
私行收益凭证到期日期        tag074440757
金快线（剔除新客专享）     tag038358861
专享理财金快线到期日期 tag038358860
私募产品   tag015508657","dm_index_n.index_grp2_prdmatydate","否","宽关键词候选，可能无关","目录候选；库表名称匹配不等于物理身份或实际消费"
"indicator","ind2023122660260496","客户_到期产品_专享理财_未来3天_无备注信息","到期的专享理财产品(未来3天)
例如当前时间20231228，未来3天指20231228,20231229,20231230
专享理财包括：金快线、收益凭证","dm_index_n.index_grp1_matyprd_chrem_un3day","否","宽关键词候选，可能无关","目录候选；库表名称匹配不等于物理身份或实际消费"
"indicator","ind2023070550728964","客户_产品销售次数_无限制条件_当月_无备注信息","客户当月购买产品总次数，同一天多次购买同一个产品，则合并计算为一次,包含场外公募，私募，OTC，资管等","dm_index_n.index_grp_cust_prdsaletimes_mth","否","宽关键词候选，可能无关","目录候选；库表名称匹配不等于物理身份或实际消费"
"indicator","ind2023061265035383","客户_应收收入汇总_剔除托管费奖励&剔除公募交易佣金&剔除私募开户佣金_日_无备注信息","客户层级应收收入汇总,剔除托管费奖励/剔除公募交易佣金/剔除私募开户佣金,剔除投行分成,tag:场内场外,公私募资管OTC分类,tag999999999","dm_index_n.index_grp_prd_rcvb_sun_del_cstd_deal_cms_oact_cms","否","宽关键词候选，可能无关","目录候选；库表名称匹配不等于物理身份或实际消费"
"indicator","ind2025031322952543","广发证券_杠杆倍数_种子基金_无计算维度_无备注信息","种子基金杠杆倍数。种子基金投资客户的 当月新增10-25日均净资产(含OTC剔除负债,元) / 我司新增用资","dm_index_n.index_grp1_lvrgmult_seedfnd","否","宽关键词候选，可能无关","目录候选；库表名称匹配不等于物理身份或实际消费"
"indicator","ind2025040320718568","广发证券_应计利息_公司自营负债&近30天到期_当日_无备注信息","公司自营负债业务按近30天到期统计利息，包括同业拆入、银行间买断式正回购、票据质押式正回购、票据买断式正回购、质押式正回购、收益凭证、转融资、债券、黄金租借、黄金期权","dm_index_n.index_grp1_inta_cocivliab_30daymaty_tdy","否","宽关键词候选，可能无关","目录候选；库表名称匹配不等于物理身份或实际消费"
"indicator","ind2025052731246159","营业部_创收_全口径&开户关系_当月_零售和机构柜台","计算开户关系下的机构层级当月累计全口径创收。
全口径创收 = 传统业务创收+财富管理创收+证金业务创收+期权业务创收+交叉销售创收；每天更新当月及上月数据，10号固化上月数据。","dm_index_n.index_grp1_org_income_fullcali_oactrela_mth_ricc","是","宽关键词候选，可能无关","目录候选；库表名称匹配不等于物理身份或实际消费"
"indicator","ind2023032228537278","客户_持仓明细_场外_近3个交易日_零售和机构柜台","1. 当前指标计算的是场外公募基金最近3个交易日的持仓情况
2.这里场外基金包括零售柜台+机构柜台 基金投顾、场外普通基金
3.指标内容格式：基金代码|基金名称|产品类型|基金运作方式|持仓市值,多个产品之间用：“ ; ” 进行分割
持仓市值为当天最新市值若当天没有持仓则显示：0，若当天持仓市值小于 100 则显示：0.0万元
如：010126|平安价值成长混合型证券投资基金|混合类|开放式|0.01万元","dm_index_n.index_grp_hld_pub_det_last_3trd","是","宽关键词候选，可能无关","目录候选；库表名称匹配不等于物理身份或实际消费"
"indicator","ind2025051204681232","新媒体引流团队_新增资产_指定渠道_近3个月月均_无备注信息","近3个月月均，新媒体引流团队员工使用开户渠道标识的新增资产。
①客户条件：通过直播、图文引流的客户，满足新开户（首次开户6个月内），自新增资产转入之日起，10-25日交易日日均净资产大于等于1万的客户，纳入考核。
②资产条件：净资产口径含现金（普通账户、信用账户和衍生品账户）、市值（普通账户、信用账户和衍生品账户，具体含场内股基债、场外金融产品、衍生品市值等）、利息（通用回购逆回购、金快线），剔除负债（国债通用回购正回购、两融等合约负债），大小非、新三板（剔除北交所）资产按5%折算。
（2）新增资产计算规则
①月均新增资产=（新增考核资产T+新增考核资产T-1+新增考核资产T-2）/3
②新增考核资产T-1是指T-1月新增资产大于等于1万的客户在T月10-25日交易日日均净资产，以此类推。
③T-2到T月三个月，在T月需要按照上述客户和资产条件对客户情况进行判断，如客户在某个月 10-25 日交易日日均净资产小于1 万，则该客户资产不计算入当月月均新增资产。","dm_index_n.index_grp1_addast_asgnchan_lst3mth_avg","否","宽关键词候选，可能无关","目录候选；库表名称匹配不等于物理身份或实际消费"
"indicator","ind2024092676100482","客户_赎回次数_场外基金产品_当月_零售和机构柜台","客户赎回场外基金产品笔数：这里的基金包括公募，私募，资管（含现金增利），但不包括prd_no in ('87','01','02','czz')","dm_index_n.index_grp1_redptimes_otcfndprd_mth_ricc","否","宽关键词候选，可能无关","目录候选；库表名称匹配不等于物理身份或实际消费"
"indicator","ind2023032323309922","客户*产品_浏览次数_场外产品_当日_无备注信息","客户每日浏览场外基金、理财等产品次数","dm_index_n.index_grp_cust_prd_otc_view_times_daily","是","宽关键词候选，可能无关","目录候选；库表名称匹配不等于物理身份或实际消费"
"indicator","ind2023072606783599","客户_产品代码&产品名称&成交金额_场外公募基金&不含定投_近30天_无备注信息","指标值为：标签值为：基金代码|基金名称|成交金额，多个产品之间用：“ ; ” 进行分割","dm_index_n.index_grp_orddet_pub_fnd_last_30d","否","宽关键词候选，可能无关","目录候选；库表名称匹配不等于物理身份或实际消费"
"indicator","ind2025041086249066","产品_添加自选人数_场内&场外_当日_无备注信息","T-1日，按广发通ID去重统计产品的添加自选人数","dm_index_n.index_grp1_self_pick_prsn_ost_otc_tdy","否","宽关键词候选，可能无关","目录候选；库表名称匹配不等于物理身份或实际消费"
"indicator","ind2023080936098235","客户_下单明细_场外公募基金&不含定投_最近1年_无备注信息","标签值为：基金代码|基金名称|产品类型|成交金额，多个产品之间用：“ ; ” 进行分割","dm_index_n.index_grp_cust_orddet_pubfnd_last1year","否","宽关键词候选，可能无关","目录候选；库表名称匹配不等于物理身份或实际消费"
"indicator","ind2023080902423801","客户_下单明细_场外公募基金&不含定投_最近3年_无备注信息","标签值为：基金代码|基金名称|产品类型|成交金额，多个产品之间用：“ ; ” 进行分割","dm_index_n.index_grp_cust_orddet_pubfnd_last3year","否","宽关键词候选，可能无关","目录候选；库表名称匹配不等于物理身份或实际消费"
"indicator","ind2022123096403966","客户_总交易金额_场内和场外产品销售_当年_零售和机构柜台","在指标“总交易金额_场内和场外产品销售_零售和机构柜台”的基础上，计算当前自然年（自当年1月1日起）的累计值","dm_index_n.index_grp_trade_amt_exch_otc_year","是","宽关键词候选，可能无关","目录候选；库表名称匹配不等于物理身份或实际消费"
"indicator","ind2022112312078515","客户_最长持仓天数_场外公募基金_无计算维度_无备注信息","客户单只场外公募基金连续持仓的最长天数","dm_index_n.index_grp_otc_fund_max_hold_days","否","宽关键词候选，可能无关","目录候选；库表名称匹配不等于物理身份或实际消费"
"indicator","ind2024032791480863","客户_佣金收入留存比例_交叉销售_当月_无备注信息","交叉销售中，针对某个客户，对应营业部佣金收入的当月留存比例","dm_index_n.index_grp1_cust_cmsincomeretprop_cs_mth","否","名称或表名直接命中专题词","目录候选；库表名称匹配不等于物理身份或实际消费"
"indicator","ind2023020858412011","客户*产品*员工_应收认购费_金融产品_当天_无备注信息","代销金融产品认购费,剔除投行分成,tag:公私募资管OTC分类","dm_index_n.index_grp_client_prd_emp_rcvb_scrp_fee","否","宽关键词候选，可能无关","目录候选；库表名称匹配不等于物理身份或实际消费"
"indicator","ind2023032918924513","客户*产品*员工_应收私募浮动销售服务费_金融产品_当日_无备注信息","代销金融产品私募浮动销售服务费,取产品中心下发实收数据,剔除投行分成收入,tag:公私募资管OTC","dm_index_n.index_grp_client_prd_emp_rcvb_flot_sale_serv_fee","否","宽关键词候选，可能无关","目录候选；库表名称匹配不等于物理身份或实际消费"
"indicator","ind2023031579103741","客户*产品*员工_应收个人奖励固定服务费_无限制条件_当日_无备注信息","代销金融产品 固定服务费,根据产品中心销售政策与全产品保有计算每日计提收入对应个人奖励,剔除投行分成收入,tag:公私募资管OTC","dm_index_n.index_grp_client_prd_emp_psnl_rwd_fixed_serv_fee","否","宽关键词候选，可能无关","目录候选；库表名称匹配不等于物理身份或实际消费"
"indicator","ind2023020876627559","客户*产品*员工_应收申购费_金融产品_当天_无备注信息","代销金融产品申购费,剔除投行分成,tag:公私募资管OTC分类","dm_index_n.index_grp_client_prd_emp_rcvb_purh_fee","否","宽关键词候选，可能无关","目录候选；库表名称匹配不等于物理身份或实际消费"
"indicator","ind2023030644490757","客户*产品*员工_otc保有应收收入_otc产品_当日_无备注信息","根据客户每日产品保有金额,计提的otc产品应收收入","dm_index_n.index_grp_client_prd_emp_rcvb_otc_tnr_rwd","否","宽关键词候选，可能无关","目录候选；库表名称匹配不等于物理身份或实际消费"
"indicator","ind2023030866006613","客户*产品*员工_应收私募线下管理费_金融产品_当日_无备注信息","代销私募金融产品线下销售的管理费,资管剔除成本后计入的产品管理费,取产品中心下发实收数据,剔除投行分成收入,tag:公私募资管OTC","dm_index_n.index_grp_client_prd_emp_rcvb_pvt_ofln_mng_fee","否","宽关键词候选，可能无关","目录候选；库表名称匹配不等于物理身份或实际消费"
"indicator","ind2023030865857757","客户*产品*员工_应收私募线下申购费_私募产品_当日_无备注信息","代销金融产品私募线下申购费,取产品中心下发实收数据,剔除投行分成收入,tag:公私募资管OTC","dm_index_n.index_grp_client_prd_emp_rcvb_pvt_ofln_purch_fee","否","宽关键词候选，可能无关","目录候选；库表名称匹配不等于物理身份或实际消费"
"indicator","ind2023030860968523","客户*产品*员工_应收业绩报酬_金融产品_无计算维度_无备注信息","代销金融产品业绩报酬,取产品中心下发实收数据,剔除投行分成收入,tag:公私募资管OTC","dm_index_n.index_grp_client_prd_emp_rcvb_perf_rwd","否","宽关键词候选，可能无关","目录候选；库表名称匹配不等于物理身份或实际消费"
"indicator","ind2023031505059091","客户*产品*员工_应收个人奖励私募线下申购费_私募产品_当日_无备注信息","代销私募金融产品线下申购费对应个人奖励,取产品中心下发实收数据,剔除投行分成收入,tag:公私募资管OTC","dm_index_n.index_grp_client_prd_emp_psnl_rwd_pvt_ofln_purch_fee","否","宽关键词候选，可能无关","目录候选；库表名称匹配不等于物理身份或实际消费"
"indicator","ind2023031597562640","客户&产品&员工_产品应收_otc保有奖励_当日_无备注信息","客户_产品_员工_otc保有奖励_个人应收奖励","dm_index_n.index_grp_client_prd_emp_psnl_rwd_otc_tnr_rwd","否","宽关键词候选，可能无关","目录候选；库表名称匹配不等于物理身份或实际消费"
"indicator","ind2023030850899235","客户*产品*员工_应收私募线下认购费_金融产品_当日_无备注信息","代销私募金融产品线下认购费,取产品中心下发实收数据,剔除投行分成收入,tag:公私募资管OTC","dm_index_n.index_grp_client_prd_emp_rcvb_pvt_ofln_scrp_fee","否","宽关键词候选，可能无关","目录候选；库表名称匹配不等于物理身份或实际消费"
"indicator","ind2023020847330680","客户*产品*员工_应收销售服务费_金融产品_当日_无备注信息","代销金融产品 销售服务费,根据产品中心销售政策与全产品保有计算每日计提收入,剔除投行分成收入,tag:公私募资管OTC","dm_index_n.index_grp_client_prd_emp_rcvb_div_sale_serv_fee","否","宽关键词候选，可能无关","目录候选；库表名称匹配不等于物理身份或实际消费"
"indicator","ind2023031523853017","客户*产品*员工_应收销售服务费个人奖励_无限制条件_当日_无备注信息","代销金融产品 销售服务费,根据产品中心销售政策与全产品保有计算每日计提收入对应个人奖励,剔除投行分成收入,tag:公私募资管OTC","dm_index_n.index_grp_client_prd_emp_psnl_rwd_div_sale_serv_fee","否","宽关键词候选，可能无关","目录候选；库表名称匹配不等于物理身份或实际消费"
"indicator","ind2023031565094977","客户*产品*员工_应收认购费个人应收奖励_无限制条件_当日_无备注信息","代销金融产品认购费个人奖励,剔除投行分成,tag:公私募资管OTC分类","dm_index_n.index_grp_client_prd_emp_psnl_rwd_scrp_fee","否","宽关键词候选，可能无关","目录候选；库表名称匹配不等于物理身份或实际消费"
"indicator","ind2023020834897583","客户*产品*员工_应收管理费_金融产品_当日_无备注信息","代销金融产品 管理费,根据产品中心销售政策与全产品保有计算每日计提收入,剔除投行分成收入,tag:公私募资管OTC","dm_index_n.index_grp_client_prd_emp_rcvb_mng_fee","否","宽关键词候选，可能无关","目录候选；库表名称匹配不等于物理身份或实际消费"
"indicator","ind2023031575190088","客户*产品*员工_个人应收奖励_管理费_无计算维度_无备注信息","根据产品中心销售政策与全产品保有计算每日计提收入，剔除投行分成收入后对应的个人奖励金额,,tag:公私募资管OTC","dm_index_n.index_grp_client_prd_emp_psnl_rwd_mng_fee","否","宽关键词候选，可能无关","目录候选；库表名称匹配不等于物理身份或实际消费"
"indicator","ind2023030625254055","客户*产品*员工_应收固定服务费_金融产品_当日_无备注信息","代销金融产品 固定服务费,根据产品中心销售政策与全产品保有计算每日计提收入,剔除投行分成收入,tag:公私募资管OTC","dm_index_n.index_grp_client_prd_emp_rcvb_fixed_serv_fee","否","宽关键词候选，可能无关","目录候选；库表名称匹配不等于物理身份或实际消费"
"indicator","ind2023031537316979","客户*产品*员工_应收申购费个人奖励_无限制条件_当日_无备注信息","代销金融产品申购费对应个人奖励,剔除投行分成,tag:公私募资管OTC分类","dm_index_n.index_grp_client_prd_emp_psnl_rwd_purh_fee","否","宽关键词候选，可能无关","目录候选；库表名称匹配不等于物理身份或实际消费"
"indicator","ind2025040881419695","客户_交易次数_场外_当日_零售和机构柜台","客户场外交易次数，含零售多金融柜台、机柜多金融柜台、基金投顾、OTC产品","dm_index_n.index_grp1_trdtimes_otc_tdy_ricc","否","宽关键词候选，可能无关","目录候选；库表名称匹配不等于物理身份或实际消费"
"indicator","ind2023032285697963","客户_持仓明细_场外_近7个交易日_零售和机构柜台","1. 当前指标计算的是场外公募基金最近7个交易日的持仓情况
2.这里场外基金包括零售柜台+机构柜台 基金投顾、场外普通基金
3.指标内容格式：基金代码|基金名称|产品类型|基金运作方式|持仓市值,多个产品之间用：“ ; ” 进行分割
持仓市值为当天最新市值若当天没有持仓则显示：0，若当天持仓市值小于 100 则显示：0.0万元
如：010126|平安价值成长混合型证券投资基金|混合类|开放式|0.01万元","dm_index_n.index_grp_hld_pub_det_last_7trd","否","宽关键词候选，可能无关","目录候选；库表名称匹配不等于物理身份或实际消费"
"indicator","ind2023072512530131","客户_保有金额_金融产品&剔除现金增利_当年日均&交易日_无备注信息","当年日均保有金额=当年1月至业务月份 当月日均总和取平均数；
包含产品类型：公募、私募、OTC、资管（不含现金增利）","dm_index_n.index_cust_tnramt_finprd_yearapd_dealday","否","宽关键词候选，可能无关","目录候选；库表名称匹配不等于物理身份或实际消费"
"indicator","ind2023080847131211","客户_保有金额_金融产品_当日_无备注信息","本指标包含以下用来区分保有额的标签：
1. 场内场外
2. 公募私募资管OTC
3. 场外公募产品
4. 线上线下
5. 基金投顾
6.资管（不含现金增利）
7.公募（不含基金投顾）
8.场外公募（不含基金投顾）
9.现金增利
10.资管大集合、资管小集合
11.公募_现金货币类_场内/场外
12.总值","dm_index_n.index_cust_ret_amt_finprd_tdy","否","宽关键词候选，可能无关","目录候选；库表名称匹配不等于物理身份或实际消费"
"indicator","ind2025033129385974","客户_购买明细_收益凭证&不含专享理财_截止当日_无备注信息","收益凭证代码|收益凭证名称(简称)|购买金额，多个产品之间用：“ ; ” 进行分割，同一个产品购买多次则累计购买金额","dm_index_n.index_grp1_purchdet_income_vchr_ninclchrem_tdy","否","宽关键词候选，可能无关","目录候选；库表名称匹配不等于物理身份或实际消费"
"indicator","ind2023120438688593","员工_产品有效户数_销售认领关系_当年累计_无备注信息","某员工当年累计产品有效户数，其中产品有效户是指当年1月起任意月份10-25日日均产品保有额大于10000元（含）以上的客户（产品含资管、公募、私募、OTC等全口径，不含产品户、同业客户）；销售认领关系取最近一个认领人，","dm_index_n.index_grp1_prdvld_custcnt_saleclmrela_yearaccum","否","宽关键词候选，可能无关","目录候选；库表名称匹配不等于物理身份或实际消费"
"indicator","ind2023082947167685","员工_销售金额_认领关系&不含基金投顾&剔除货币基金及现金增利及90天内固收产品_当月_零售和机构柜台","每个交易日统计当月累计某员工名下符合以下条件的产品销售金额：
1. 员工与客户的关系为认领关系（状态为审核通过）
2. 金融产品包括场外公募，私募，资管，OTC，不含基金投顾
3. 剔除货币基金、现金增利和90天以内固收产品","dm_index_n.index_grp_emp_clm_del_spec_prd_sale_amt_mth","否","宽关键词候选，可能无关","目录候选；库表名称匹配不等于物理身份或实际消费"
"indicator","ind2023090666174252","客户_首次交易日期_金融产品&不含现金增利及新客专享_当日_无备注信息","金融产品首次交易日期(含场外产品和场内基金,不含现金增利和新客专享)","dm_index_n.index_grp1_fir_dealdate_finfrd_ninclcash_tdy","否","宽关键词候选，可能无关","目录候选；库表名称匹配不等于物理身份或实际消费"
"indicator","ind2024112663725819","客户_持仓天数_场外证券&清仓产品_截止当日_零售和机构柜台","T-1日清仓的场外证券从开仓至清仓的持有天数","dm_index_n.index_grp1_hld_posdays_otcscr_clearprd_endtdy","否","宽关键词候选，可能无关","目录候选；库表名称匹配不等于物理身份或实际消费"
"indicator","ind2024112611039773","客户_清仓次数_场外证券_截止当日_零售和机构柜台","客户T-1 日清仓的场外证券的次数","dm_index_n.index_grp1_cleartimes_otcscr_endtdy","否","宽关键词候选，可能无关","目录候选；库表名称匹配不等于物理身份或实际消费"
"indicator","ind2025021022775309","客户_收益率_场内外证券&账户诊断分类_近一年_零售和机构柜台","普通+养老金账户T-1日场内场外证券的持仓收益根据四笔钱模型归属于保障管理、灵活取用、稳健理财、进取投资四类：

1)保障管理: 场外证券：R1类基金、现金增利873001、货币型组合：R1型组合（即包括活钱宝等货币组合）、小白理财; 场内证券：R1类场内基金（即货币ETF）
2)灵活取用: 场外证券：稳健类基金：R2及R3基金产品、收益凭证、稳健类私募：R2及R3以下私募产品、稳健型组合：R2及R3以下组合; 场内证券：通用回购逆回购、金快线、场内债券、场内基金：R2及R3场内基金（即债券型ETF）
3)稳健理财: 场外证券：进取型基金：R4以上基金产品、进取类私募：R4以上私募产品、进取型组合：R4以上组合; 场内证券：场内基金：R4以上场内基金产品（即非货币非债券基金、LOF、Reits）、股票
4)进取投资: 场外证券：个人养老金基金","dm_index_n.index_grp1_yield_ostotsdscr_acctdiagclas_reconeyear_retandorgcntr","否","宽关键词候选，可能无关","目录候选；库表名称匹配不等于物理身份或实际消费"
"indicator","ind2025021040814105","客户_亏损天数_场内外证券&账户诊断分类_近一年_零售和机构柜台","普通+养老金账户T-1日场内场外证券的持仓收益根据四笔钱模型归属于保障管理、灵活取用、稳健理财、进取投资四类：

1)保障管理: 场外证券：R1类基金、现金增利873001、货币型组合：R1型组合（即包括活钱宝等货币组合）、小白理财; 场内证券：R1类场内基金（即货币ETF）
2)灵活取用: 场外证券：稳健类基金：R2及R3基金产品、收益凭证、稳健类私募：R2及R3以下私募产品、稳健型组合：R2及R3以下组合; 场内证券：通用回购逆回购、金快线、场内债券、场内基金：R2及R3场内基金（即债券型ETF）
3)稳健理财: 场外证券：进取型基金：R4以上基金产品、进取类私募：R4以上私募产品、进取型组合：R4以上组合; 场内证券：场内基金：R4以上场内基金产品（即非货币非债券基金、LOF、Reits）、股票
4)进取投资: 场外证券：个人养老金基金","dm_index_n.index_grp1_losdays_ostotsdscr_acctdiagclas_reconeyear_retandorgcntr","否","宽关键词候选，可能无关","目录候选；库表名称匹配不等于物理身份或实际消费"
"indicator","ind2025021060727434","客户_盈利天数_场内外证券&账户诊断分类_近一年_零售和机构柜台","普通+养老金账户T-1日场内场外证券的持仓收益根据四笔钱模型归属于保障管理、灵活取用、稳健理财、进取投资四类：

1)保障管理: 场外证券：R1类基金、现金增利873001、货币型组合：R1型组合（即包括活钱宝等货币组合）、小白理财; 场内证券：R1类场内基金（即货币ETF）
2)灵活取用: 场外证券：稳健类基金：R2及R3基金产品、收益凭证、稳健类私募：R2及R3以下私募产品、稳健型组合：R2及R3以下组合; 场内证券：通用回购逆回购、金快线、场内债券、场内基金：R2及R3场内基金（即债券型ETF）
3)稳健理财: 场外证券：进取型基金：R4以上基金产品、进取类私募：R4以上私募产品、进取型组合：R4以上组合; 场内证券：场内基金：R4以上场内基金产品（即非货币非债券基金、LOF、Reits）、股票
4)进取投资: 场外证券：个人养老金基金","dm_index_n.index_grp1_prftdays_ostotsdscr_acctdiagclas_reconeyear_retandorgcntr","否","宽关键词候选，可能无关","目录候选；库表名称匹配不等于物理身份或实际消费"
"indicator","ind2025020779783259","客户*产品_收益金额_场内外证券&账户诊断分类&不含基金投顾_近一年_零售和机构柜台","按照四笔钱模型，将场内场外证券分成灵活取用、稳健理财、进取投资、保障管理四个分类。包含普通账户和养老金账户，不含基金投顾底层产品。","dm_index_n.index_grp2_yieldamt_ostotsdscr_acctdiagclas_ninclfia_reconeyear_retandorgcntr","否","宽关键词候选，可能无关","目录候选；库表名称匹配不等于物理身份或实际消费"
"indicator","ind2025022895461112","外包账套_交易量_资产托管恒生估值产品&场外_当日_无备注信息","资产托管部恒生估值产品场外交易量统计，每日按产品维度统计汇估值系统理财业务（包含公募和私募基金）界面的成交金额，每天更新近30个交易日数据","dm_index_n.index_grp1_trdqty_astcstdhsvaluprd_otc_tdy","否","宽关键词候选，可能无关","目录候选；库表名称匹配不等于物理身份或实际消费"
"indicator","ind2023032194923492","客户_总交易天数_场内和场外产品销售_当月_零售和机构柜台","在指标“总交易金额_场内和场外产品销售_零售和机构柜台”的基础上，计算当前自然月（自当月1号起）有交易金额的天数","dm_index_n.index_grp_trade_dt_exch_otc_mon","否","宽关键词候选，可能无关","目录候选；库表名称匹配不等于物理身份或实际消费"
"indicator","ind2023032177933096","客户_最大总交易金额_场内和场外产品销售_当月_零售和机构柜台","在指标“总交易金额_场内和场外产品销售_零售和机构柜台”的基础上，计算当前自然月（自当月1号起）的最大值","dm_index_n.index_grp_trade_amt_exch_otc_max_mon","否","宽关键词候选，可能无关","目录候选；库表名称匹配不等于物理身份或实际消费"
"indicator","ind2025020571263535","客户*产品_累计收益金额_场外&金融产品&含清仓产品_截至当月_无备注信息","1.截至当月最后一个净值日期，客户持有产品的累计收益，由日收益汇总；
2.本指标包含客户已清仓的产品","dm_index_n.index_grp2_accumyieldamt_otc_finprd_incl_clrprd_endmth","否","宽关键词候选，可能无关","目录候选；库表名称匹配不等于物理身份或实际消费"
"indicator","ind2025020501270607","客户*产品_累计收益率_场外&金融产品&含清仓产品_截至当月_无备注信息","1.截至当月最后一个净值日期，客户持有产品的累计收益率，采用时间加权法；
2.本指标包含客户已清仓的产品","dm_index_n.index_grp2_accumyield_otc_finprd_incl_clrprd_endmth","否","宽关键词候选，可能无关","目录候选；库表名称匹配不等于物理身份或实际消费"
"indicator","ind2025012328092773","部门_利息支出_公司自营负债_当日_无备注信息","公司自营负债业务按部门和到期日统计利息支出，包含业务品种：同业拆入，交易所三方正回购，交易所通用质押式正回购，银行间质押式正回购，银行间买断式正回购，票据质押式正回购，票据买断式正回购，债券借贷，收益凭证，交易所报价正回购，交易所协议正回购","dm_index_n.index_grp1_intrpaid_cocivliab_tdy","否","宽关键词候选，可能无关","目录候选；库表名称匹配不等于物理身份或实际消费"
"indicator","ind2025012367062653","部门_剩余融资额_公司自营负债_当日_无备注信息","公司自营负债业务按部门和到期日统计融资额，包含业务品种：同业拆入，交易所三方正回购，交易所通用质押式正回购，银行间质押式正回购，银行间买断式正回购，票据质押式正回购，票据买断式正回购，债券借贷，收益凭证，交易所报价正回购，交易所协议正回购","dm_index_n.index_grp1_remnfinamt_cocivliab_tdy","否","宽关键词候选，可能无关","目录候选；库表名称匹配不等于物理身份或实际消费"
"indicator","ind2025012308605752","部门_新增融资额_公司自营负债_当日_无备注信息","公司自营负债业务按部门和起息日统计融资额，包含业务品种：同业拆入，交易所三方正回购，交易所通用质押式正回购，银行间质押式正回购，银行间买断式正回购，票据质押式正回购，票据买断式正回购，债券借贷，收益凭证，交易所报价正回购，交易所协议正回购","dm_index_n.index_grp1_addfinamt_cocivliab_tdy","否","宽关键词候选，可能无关","目录候选；库表名称匹配不等于物理身份或实际消费"
"indicator","ind2025011650115988","部门_待偿还余额_公司自营_当日_无备注信息","公司自营业务按部门统计当日待偿还余额：银行间质押式回购，银行间买断式回购，交易所回购，同业拆入，收益凭证，收益凭证_1年以内，短融，短债","dm_index_n.index_grp1_waitrmbrsbal_cociv_tdy","否","宽关键词候选，可能无关","目录候选；库表名称匹配不等于物理身份或实际消费"
"indicator","ind2024121614117102","客户_拓展方部门所得收入_场外衍生品_无计算维度_无备注信息","客户_拓展方部门所得收入_场外衍生品","dm_index_n.index_grp1_cust_devdeptrwd_otcderi","否","名称或表名直接命中专题词","目录候选；库表名称匹配不等于物理身份或实际消费"
"indicator","ind2025011664056418","客户_成本金额_场内外证券&账户诊断分类_当日_零售和机构柜台","普通+养老金账户T-1日场内场外证券的持仓成本根据四笔钱模型归属于保障管理、灵活取用、稳健理财、进取投资四类：

1)保障管理: 场外证券：R1类基金、现金增利873001、货币型组合：R1型组合（即包括活钱宝等货币组合）、小白理财; 场内证券：R1类场内基金（即货币ETF）
2)灵活取用: 场外证券：稳健类基金：R2及R3基金产品、收益凭证、稳健类私募：R2及R3以下私募产品、稳健型组合：R2及R3以下组合; 场内证券：通用回购逆回购、金快线、场内债券、场内基金：R2及R3场内基金（即债券型ETF）
3)稳健理财: 场外证券：进取型基金：R4以上基金产品、进取类私募：R4以上私募产品、进取型组合：R4以上组合; 场内证券：场内基金：R4以上场内基金产品（即非货币非债券基金、LOF、Reits）、股票
4)进取投资: 场外证券：个人养老金基金","dm_index_n.index_grp1_costamt_ostotsdscr_acctdiagclas_tdy_retandorgcntr","否","宽关键词候选，可能无关","目录候选；库表名称匹配不等于物理身份或实际消费"
"indicator","ind2025011661867357","客户_收益金额_场内外证券&账户诊断分类_当日_零售和机构柜台","普通+养老金账户T-1日场内场外证券的持仓收益根据四笔钱模型归属于保障管理、灵活取用、稳健理财、进取投资四类：

1)保障管理: 场外证券：R1类基金、现金增利873001、货币型组合：R1型组合（即包括活钱宝等货币组合）、小白理财; 场内证券：R1类场内基金（即货币ETF）
2)灵活取用: 场外证券：稳健类基金：R2及R3基金产品、收益凭证、稳健类私募：R2及R3以下私募产品、稳健型组合：R2及R3以下组合; 场内证券：通用回购逆回购、金快线、场内债券、场内基金：R2及R3场内基金（即债券型ETF）
3)稳健理财: 场外证券：进取型基金：R4以上基金产品、进取类私募：R4以上私募产品、进取型组合：R4以上组合; 场内证券：场内基金：R4以上场内基金产品（即非货币非债券基金、LOF、Reits）、股票
4)进取投资: 场外证券：个人养老金基金","dm_index_n.index_grp1_yieldamt_ostotsdscr_acctdiagclas_tdy_retandorgcntr","是","宽关键词候选，可能无关","目录候选；库表名称匹配不等于物理身份或实际消费"
"indicator","ind2025020784712870","客户*产品_收益金额_场内外证券&账户诊断分类&不含基金投顾_近三月_零售和机构柜台","按照四笔钱模型，将场内场外证券分成灵活取用、稳健理财、进取投资、保障管理四个分类。包含普通账户和养老金账户，不含基金投顾底层产品。","dm_index_n.index_grp2_yieldamt_ostotsdscr_acctdiagclas_ninclfia_rectremth_retandorgcntr","否","宽关键词候选，可能无关","目录候选；库表名称匹配不等于物理身份或实际消费"
"indicator","ind2025021053484416","客户_收益率_场内外证券&账户诊断分类_近三月_零售和机构柜台","普通+养老金账户T-1日场内场外证券的持仓收益根据四笔钱模型归属于保障管理、灵活取用、稳健理财、进取投资四类：

1)保障管理: 场外证券：R1类基金、现金增利873001、货币型组合：R1型组合（即包括活钱宝等货币组合）、小白理财; 场内证券：R1类场内基金（即货币ETF）
2)灵活取用: 场外证券：稳健类基金：R2及R3基金产品、收益凭证、稳健类私募：R2及R3以下私募产品、稳健型组合：R2及R3以下组合; 场内证券：通用回购逆回购、金快线、场内债券、场内基金：R2及R3场内基金（即债券型ETF）
3)稳健理财: 场外证券：进取型基金：R4以上基金产品、进取类私募：R4以上私募产品、进取型组合：R4以上组合; 场内证券：场内基金：R4以上场内基金产品（即非货币非债券基金、LOF、Reits）、股票
4)进取投资: 场外证券：个人养老金基金","dm_index_n.index_grp1_yield_ostotsdscr_acctdiagclas_rectremth_retandorgcntr","否","宽关键词候选，可能无关","目录候选；库表名称匹配不等于物理身份或实际消费"
"indicator","ind2025020713434622","客户*产品_收益金额_场内外证券&账户诊断分类&不含基金投顾_近六月_零售和机构柜台","按照四笔钱模型，将场内场外证券分成灵活取用、稳健理财、进取投资、保障管理四个分类。包含普通账户和养老金账户，不含基金投顾底层产品。","dm_index_n.index_grp2_yieldamt_ostotsdscr_acctdiagclas_ninclfia_recsixmth_retandorgcntr","否","宽关键词候选，可能无关","目录候选；库表名称匹配不等于物理身份或实际消费"
"indicator","ind2024110583340865","客户*产品_收益金额_场内外证券&账户诊断分类&不含基金投顾_当日_零售和机构柜台","按照四笔钱模型，将场内场外证券分成灵活取用、稳健理财、进取投资、保障管理四个分类。包含普通账户和养老金账户，不含基金投顾底层产品。","dm_index_n.index_grp2_yieldamt_ostotsdscr_acctdiagclas_ninclfia_tdy_retandorgcntr","否","宽关键词候选，可能无关","目录候选；库表名称匹配不等于物理身份或实际消费"
"indicator","ind2025020754489822","客户*产品_收益金额_场内外证券&账户诊断分类&不含基金投顾_当年_零售和机构柜台","按照四笔钱模型，将场内场外证券分成灵活取用、稳健理财、进取投资、保障管理四个分类。包含普通账户和养老金账户，不含基金投顾底层产品。","dm_index_n.index_grp2_yieldamt_ostotsdscr_acctdiagclas_ninclfia_year_retandorgcntr","否","宽关键词候选，可能无关","目录候选；库表名称匹配不等于物理身份或实际消费"
"indicator","ind2024110521997980","客户*产品_市值_场内外证券&账户诊断分类&不含基金投顾_当日_零售和机构柜台","按照四笔钱模型，将场内场外证券分成灵活取用、稳健理财、进取投资、保障管理四个分类。包含普通账户和养老金账户，不含基金投顾底层产品。","dm_index_n.index_grp2_mval_ostotsdscr_acctdiagclas_ninclfia_tdy_retandorgcntr","否","宽关键词候选，可能无关","目录候选；库表名称匹配不等于物理身份或实际消费"
"indicator","ind2025021057782552","客户_亏损天数_场内外证券&账户诊断分类_近三月_零售和机构柜台","普通+养老金账户T-1日场内场外证券的持仓收益根据四笔钱模型归属于保障管理、灵活取用、稳健理财、进取投资四类：

1)保障管理: 场外证券：R1类基金、现金增利873001、货币型组合：R1型组合（即包括活钱宝等货币组合）、小白理财; 场内证券：R1类场内基金（即货币ETF）
2)灵活取用: 场外证券：稳健类基金：R2及R3基金产品、收益凭证、稳健类私募：R2及R3以下私募产品、稳健型组合：R2及R3以下组合; 场内证券：通用回购逆回购、金快线、场内债券、场内基金：R2及R3场内基金（即债券型ETF）
3)稳健理财: 场外证券：进取型基金：R4以上基金产品、进取类私募：R4以上私募产品、进取型组合：R4以上组合; 场内证券：场内基金：R4以上场内基金产品（即非货币非债券基金、LOF、Reits）、股票
4)进取投资: 场外证券：个人养老金基金","dm_index_n.index_grp1_losdays_ostotsdscr_acctdiagclas_rectremth_retandorgcntr","否","宽关键词候选，可能无关","目录候选；库表名称匹配不等于物理身份或实际消费"
"indicator","ind2025021077212834","客户_收益率_场内外证券&账户诊断分类_当年_零售和机构柜台","普通+养老金账户T-1日场内场外证券的持仓收益根据四笔钱模型归属于保障管理、灵活取用、稳健理财、进取投资四类：

1)保障管理: 场外证券：R1类基金、现金增利873001、货币型组合：R1型组合（即包括活钱宝等货币组合）、小白理财; 场内证券：R1类场内基金（即货币ETF）
2)灵活取用: 场外证券：稳健类基金：R2及R3基金产品、收益凭证、稳健类私募：R2及R3以下私募产品、稳健型组合：R2及R3以下组合; 场内证券：通用回购逆回购、金快线、场内债券、场内基金：R2及R3场内基金（即债券型ETF）
3)稳健理财: 场外证券：进取型基金：R4以上基金产品、进取类私募：R4以上私募产品、进取型组合：R4以上组合; 场内证券：场内基金：R4以上场内基金产品（即非货币非债券基金、LOF、Reits）、股票
4)进取投资: 场外证券：个人养老金基金","dm_index_n.index_grp1_yield_ostotsdscr_acctdiagclas_year_retandorgcntr","否","宽关键词候选，可能无关","目录候选；库表名称匹配不等于物理身份或实际消费"
"indicator","ind2025021059772517","客户_盈利天数_场内外证券&账户诊断分类_近六月_零售和机构柜台","普通+养老金账户T-1日场内场外证券的持仓收益根据四笔钱模型归属于保障管理、灵活取用、稳健理财、进取投资四类：

1)保障管理: 场外证券：R1类基金、现金增利873001、货币型组合：R1型组合（即包括活钱宝等货币组合）、小白理财; 场内证券：R1类场内基金（即货币ETF）
2)灵活取用: 场外证券：稳健类基金：R2及R3基金产品、收益凭证、稳健类私募：R2及R3以下私募产品、稳健型组合：R2及R3以下组合; 场内证券：通用回购逆回购、金快线、场内债券、场内基金：R2及R3场内基金（即债券型ETF）
3)稳健理财: 场外证券：进取型基金：R4以上基金产品、进取类私募：R4以上私募产品、进取型组合：R4以上组合; 场内证券：场内基金：R4以上场内基金产品（即非货币非债券基金、LOF、Reits）、股票
4)进取投资: 场外证券：个人养老金基金","dm_index_n.index_grp1_prftdays_ostotsdscr_acctdiagclas_recsixmth_retandorgcntr","否","宽关键词候选，可能无关","目录候选；库表名称匹配不等于物理身份或实际消费"
"indicator","ind2025021055509847","客户_亏损天数_场内外证券&账户诊断分类_近六月_零售和机构柜台","普通+养老金账户T-1日场内场外证券的持仓收益根据四笔钱模型归属于保障管理、灵活取用、稳健理财、进取投资四类：

1)保障管理: 场外证券：R1类基金、现金增利873001、货币型组合：R1型组合（即包括活钱宝等货币组合）、小白理财; 场内证券：R1类场内基金（即货币ETF）
2)灵活取用: 场外证券：稳健类基金：R2及R3基金产品、收益凭证、稳健类私募：R2及R3以下私募产品、稳健型组合：R2及R3以下组合; 场内证券：通用回购逆回购、金快线、场内债券、场内基金：R2及R3场内基金（即债券型ETF）
3)稳健理财: 场外证券：进取型基金：R4以上基金产品、进取类私募：R4以上私募产品、进取型组合：R4以上组合; 场内证券：场内基金：R4以上场内基金产品（即非货币非债券基金、LOF、Reits）、股票
4)进取投资: 场外证券：个人养老金基金","dm_index_n.index_grp1_losdays_ostotsdscr_acctdiagclas_recsixmth_retandorgcntr","否","宽关键词候选，可能无关","目录候选；库表名称匹配不等于物理身份或实际消费"
"indicator","ind2025021090188979","客户_盈利天数_场内外证券&账户诊断分类_近三月_零售和机构柜台","普通+养老金账户T-1日场内场外证券的持仓收益根据四笔钱模型归属于保障管理、灵活取用、稳健理财、进取投资四类：

1)保障管理: 场外证券：R1类基金、现金增利873001、货币型组合：R1型组合（即包括活钱宝等货币组合）、小白理财; 场内证券：R1类场内基金（即货币ETF）
2)灵活取用: 场外证券：稳健类基金：R2及R3基金产品、收益凭证、稳健类私募：R2及R3以下私募产品、稳健型组合：R2及R3以下组合; 场内证券：通用回购逆回购、金快线、场内债券、场内基金：R2及R3场内基金（即债券型ETF）
3)稳健理财: 场外证券：进取型基金：R4以上基金产品、进取类私募：R4以上私募产品、进取型组合：R4以上组合; 场内证券：场内基金：R4以上场内基金产品（即非货币非债券基金、LOF、Reits）、股票
4)进取投资: 场外证券：个人养老金基金","dm_index_n.index_grp1_prftdays_ostotsdscr_acctdiagclas_rectremth_retandorgcntr","否","宽关键词候选，可能无关","目录候选；库表名称匹配不等于物理身份或实际消费"
"indicator","ind2025021002774042","客户_收益率_场内外证券&账户诊断分类_近六月_零售和机构柜台","普通+养老金账户T-1日场内场外证券的持仓收益根据四笔钱模型归属于保障管理、灵活取用、稳健理财、进取投资四类：

1)保障管理: 场外证券：R1类基金、现金增利873001、货币型组合：R1型组合（即包括活钱宝等货币组合）、小白理财; 场内证券：R1类场内基金（即货币ETF）
2)灵活取用: 场外证券：稳健类基金：R2及R3基金产品、收益凭证、稳健类私募：R2及R3以下私募产品、稳健型组合：R2及R3以下组合; 场内证券：通用回购逆回购、金快线、场内债券、场内基金：R2及R3场内基金（即债券型ETF）
3)稳健理财: 场外证券：进取型基金：R4以上基金产品、进取类私募：R4以上私募产品、进取型组合：R4以上组合; 场内证券：场内基金：R4以上场内基金产品（即非货币非债券基金、LOF、Reits）、股票
4)进取投资: 场外证券：个人养老金基金","dm_index_n.index_grp1_yield_ostotsdscr_acctdiagclas_recsixmth_retandorgcntr","否","宽关键词候选，可能无关","目录候选；库表名称匹配不等于物理身份或实际消费"
"indicator","ind2025021097485110","客户_盈利天数_场内外证券&账户诊断分类_当年_零售和机构柜台","普通+养老金账户T-1日场内场外证券的持仓收益根据四笔钱模型归属于保障管理、灵活取用、稳健理财、进取投资四类：

1)保障管理: 场外证券：R1类基金、现金增利873001、货币型组合：R1型组合（即包括活钱宝等货币组合）、小白理财; 场内证券：R1类场内基金（即货币ETF）
2)灵活取用: 场外证券：稳健类基金：R2及R3基金产品、收益凭证、稳健类私募：R2及R3以下私募产品、稳健型组合：R2及R3以下组合; 场内证券：通用回购逆回购、金快线、场内债券、场内基金：R2及R3场内基金（即债券型ETF）
3)稳健理财: 场外证券：进取型基金：R4以上基金产品、进取类私募：R4以上私募产品、进取型组合：R4以上组合; 场内证券：场内基金：R4以上场内基金产品（即非货币非债券基金、LOF、Reits）、股票
4)进取投资: 场外证券：个人养老金基金","dm_index_n.index_grp1_prftdays_ostotsdscr_acctdiagclas_year_retandorgcntr","否","宽关键词候选，可能无关","目录候选；库表名称匹配不等于物理身份或实际消费"
"indicator","ind2025021013763941","客户_亏损天数_场内外证券&账户诊断分类_当年_零售和机构柜台","普通+养老金账户T-1日场内场外证券的持仓收益根据四笔钱模型归属于保障管理、灵活取用、稳健理财、进取投资四类：

1)保障管理: 场外证券：R1类基金、现金增利873001、货币型组合：R1型组合（即包括活钱宝等货币组合）、小白理财; 场内证券：R1类场内基金（即货币ETF）
2)灵活取用: 场外证券：稳健类基金：R2及R3基金产品、收益凭证、稳健类私募：R2及R3以下私募产品、稳健型组合：R2及R3以下组合; 场内证券：通用回购逆回购、金快线、场内债券、场内基金：R2及R3场内基金（即债券型ETF）
3)稳健理财: 场外证券：进取型基金：R4以上基金产品、进取类私募：R4以上私募产品、进取型组合：R4以上组合; 场内证券：场内基金：R4以上场内基金产品（即非货币非债券基金、LOF、Reits）、股票
4)进取投资: 场外证券：个人养老金基金","dm_index_n.index_grp1_losdays_ostotsdscr_acctdiagclas_year_retandorgcntr","否","宽关键词候选，可能无关","目录候选；库表名称匹配不等于物理身份或实际消费"
"indicator","ind2024112656775359","客户_清仓次数_场外证券_19年以来_零售和机构柜台","2019年以来客户场外证券清仓的总次数","dm_index_n.index_grp1_cleartimes_otcscr_since2019","否","宽关键词候选，可能无关","目录候选；库表名称匹配不等于物理身份或实际消费"
"indicator","ind2024112917055001","广发证券&客户_定投个数_当前持有场外定投_当日_零售和机构柜台","T-1 日当前持有场外定投计划的个数","dm_index_n.index_grp1_fix_ivstcnt_currholdotcfix_ivst_tdy","否","宽关键词候选，可能无关","目录候选；库表名称匹配不等于物理身份或实际消费"
"indicator","ind2024112910888698","广发证券&客户_持有天数_当前持有场外定投_当日_零售和机构柜台","T-1 日持有场外定投计划的累计天数，每个定投计划的定投时长=最近一次定投扣费日期 － 定投创建日期 + 1","dm_index_n.index_grp1_holddays_currholdotcfix_ivst_tdy","否","宽关键词候选，可能无关","目录候选；库表名称匹配不等于物理身份或实际消费"
"indicator","ind2025011571338427","客户_收益率_场内外证券&账户诊断分类_当日_零售和机构柜台","普通+养老金账户的T-1日场内场外证券持仓收益率（T-1日收益成本/T-1日持仓成本）根据四笔钱模型归属于保障管理、灵活取用、稳健理财、进取投资四类：

1)保障管理: 场外证券：R1类基金、现金增利873001、货币型组合：R1型组合（即包括活钱宝等货币组合）、小白理财; 场内证券：R1类场内基金（即货币ETF）
2)灵活取用: 场外证券：稳健类基金：R2及R3基金产品、收益凭证、稳健类私募：R2及R3以下私募产品、稳健型组合：R2及R3以下组合; 场内证券：通用回购逆回购、金快线、场内债券、场内基金：R2及R3场内基金（即债券型ETF）
3)稳健理财: 场外证券：进取型基金：R4以上基金产品、进取类私募：R4以上私募产品、进取型组合：R4以上组合; 场内证券：场内基金：R4以上场内基金产品（即非货币非债券基金、LOF、Reits）、股票
4)进取投资: 场外证券：个人养老金基金","dm_index_n.index_grp1_yield_ostotsdscr_acctdiagclas_tdy_retandorgcntr","是","宽关键词候选，可能无关","目录候选；库表名称匹配不等于物理身份或实际消费"
"indicator","ind2024031422561961","客户*产品_购买金额_场内&场外理财产品_当日_零售柜台和机构柜台","某客户购买某场内或场外理财产品的金额","dm_index_n.index_grp2_cust_prd_otc_ost_chrem_purch_amt","否","宽关键词候选，可能无关","目录候选；库表名称匹配不等于物理身份或实际消费"
"indicator","ind2024102842399535","分公司&营业部&客户_总资产_场内外证券&账户诊断分类_当日_零售和机构柜台","普通+养老金账户T-1日场内场外证券的持仓市值根据四笔钱模型归属于保障管理、灵活取用、稳健理财、进取投资四类：

1)保障管理: 场外证券：R1类基金、现金增利873001、货币型组合：R1型组合（即包括活钱宝等货币组合）、小白理财; 场内证券：R1类场内基金（即货币ETF）
2)灵活取用: 场外证券：稳健类基金：R2及R3基金产品、收益凭证、稳健类私募：R2及R3以下私募产品、稳健型组合：R2及R3以下组合; 场内证券：通用回购逆回购、金快线、场内债券、场内基金：R2及R3场内基金（即债券型ETF）
3)稳健理财: 场外证券：进取型基金：R4以上基金产品、进取类私募：R4以上私募产品、进取型组合：R4以上组合; 场内证券：场内基金：R4以上场内基金产品（即非货币非债券基金、LOF、Reits）、股票
4)进取投资: 场外证券：个人养老金基金","dm_index_n.index_grp1_totast_ostotsdscr_acctdiagclas_tdy_retandorgcntr","否","宽关键词候选，可能无关","目录候选；库表名称匹配不等于物理身份或实际消费"
"indicator","ind2024112752459292","广发证券_平均收益率_场外证券&清仓产品_截止当日_零售和机构柜台","已清仓的场外证券的平均收益率","dm_index_n.index_grp1_avgyield_otcscr_clearprd_endtdy","否","宽关键词候选，可能无关","目录候选；库表名称匹配不等于物理身份或实际消费"
"indicator","ind2024112623500883","客户_平均持仓天数_场外证券&清仓产品_19年以来_零售和机构柜台","2019年以来客户已清仓产品的持有总天数/ 2019年以来客户场外证券清仓的总次数","dm_index_n.index_grp1_avghld_posdays_otcscr_clearprd_since2019","否","宽关键词候选，可能无关","目录候选；库表名称匹配不等于物理身份或实际消费"
"indicator","ind2024112895780511","客户*产品_累计收益率_场外证券&清仓产品_截止当日_零售和机构柜台","T-1 日清仓的场外证券（不含组合资产）的累计收益率","dm_index_n.index_grp2_accumyield_otcscr_clearprd_endtdy","否","宽关键词候选，可能无关","目录候选；库表名称匹配不等于物理身份或实际消费"
"indicator","ind2024112747789628","客户_持仓天数_场外证券&清仓产品_19年以来_零售和机构柜台","2019年以来清仓的场外证券从清仓至开仓的总持有天数","dm_index_n.index_grp1_hld_posdays_otcscr_clearprd_since2019","否","宽关键词候选，可能无关","目录候选；库表名称匹配不等于物理身份或实际消费"
"indicator","ind2024112936629507","广发证券&客户_平均持有天数_当前持有场外定投_当日_零售和机构柜台","平均持有天数= T-1 日持有定投计划的总天数/ T-1 日持有定投计划个数","dm_index_n.index_grp1_avgholddays_currholdotcfix_ivst_tdy","否","宽关键词候选，可能无关","目录候选；库表名称匹配不等于物理身份或实际消费"
"indicator","ind2024031839550310","客户_净资产_大小非新三板折算&北交所不折算&不含限售股_当日_零售和机构柜台","净资产口径含现金（普通账户、信用账户和衍生品账户）、市值（普通账户，信用账户和衍生品账户，具体含场内股基债、场外金融产品、衍生品市值等）、利息（通用回购逆回购、金快线），剔除负债（国债通用回购正回购、两融等合约负债），大小非、新三板（剔除北交所）资产按5%折算，剔除大小非限售股，2024-12-04起增加开通跨境理财南向通客户总资产。 即：客户净资产 = 净资产+跨境理财南向通资产-{（大小非流通+新三板市值（剔除大小非和北交所））*0.95）}","dm_index_n.index_grp1_cust_net_ast_5p_covt_day","否","宽关键词候选，可能无关","目录候选；库表名称匹配不等于物理身份或实际消费"
"indicator","ind2024032194893476","客户_日均净资产_大小非新三板折算&北交所不折算&不含限售股_当月10至25日&绝对日期区间_零售和机构柜台","当月10-25日内交易日日均净资产。净资产口径含现金（普通账户、信用账户和衍生品账户）、市值（普通账户，信用账户和衍生品账户，具体含场内股基债、场外金融产品、衍生品市值等）、利息（通用回购逆回购、金快线），剔除负债（国债通用回购正回购、两融等合约负债），大小非、新三板（剔除北交所）资产按5%折算，剔除大小非限售股。2024-12-04起纳入南向通资产，即：客户净资产 = 净资产+南向通资产-{（大小非流通+新三板市值（剔除大小非和北交所））*0.95）}","dm_index_n.index_grp1_cust_apd_net_5p_covt_mon","否","宽关键词候选，可能无关","目录候选；库表名称匹配不等于物理身份或实际消费"
"indicator","ind2024061924276496","分公司_新增协同交叉销售收入_划入托管部_每季度_托管与外包","按分公司(含广发证券大厦营业部)维度统计每季度新增的协同交叉销售收入（划入托管部）。","dm_index_n.index_grp1_div_newly_cs_reward_bel_cstd_quat","否","名称或表名直接命中专题词","目录候选；库表名称匹配不等于物理身份或实际消费"
"indicator","ind2024041074542249","客户_首次浏览日期_场内&场外产品_无计算维度_无备注信息","某客户针对某产品首次浏览日期","dm_index_n.index_grp1_fir_view_date_ost_otc_prd","否","宽关键词候选，可能无关","目录候选；库表名称匹配不等于物理身份或实际消费"
"indicator","ind2024010321417380","客户_净资产_大小非新三板折算&北交所及同业不折算&含南向通资产&不含未到账资产_当日_零售和机构柜台","净资产口径含现金（普通账户、信用账户分公司
和衍生品账户），市值（普通账户，停用账户和生品账户，具体含场内股基债、南向通、场外金融产品、衍生品市值等）、利息（通用回购逆回购、金快线），剔除负债（通用回购正回购、两
融等合约负债），大小非、新三板资产按5%折算。
即：客户交易性资产 = 净资产-（新三板（剔除大小非和北交所）+大小非流通）*0.95 + 大小非限售*0.05","dm_index_n.index_grp1_cust_trd_net_asset_xsb_nts_covt_day","是","宽关键词候选，可能无关","目录候选；库表名称匹配不等于物理身份或实际消费"
"indicator","ind2024122662394484","员工_产品收益率_时间加权_当年累计_零售和机构柜台","按销售认领关系，通过时间加权算法计算员工的产品（场外金融产品）收益率。产品收益率等于当年1月1日至今的加权收益率Ri+1累乘后减1。
加权收益率Ri指：当日收益/资产流入+期初净资产。","dm_index_n.index_grp1_emp_prdyield_timeadd_yearaccum_retandorgcntr","否","宽关键词候选，可能无关","目录候选；库表名称匹配不等于物理身份或实际消费"
"indicator","ind2025010893249913","客户_购买金额_理财特权卡券_历史以来_零售和机构柜台","客户历史以来购买某类理财特权卡券金额。备注说明：理财特权卡券设置“心仪理财特权卡券”、“心动理财特权卡券”2类卡券，其中心仪理财特权卡券对应原金快线产品，心动理财特权卡券对应原收益凭证产品","dm_index_n.index_grp1_purchamt_chremcardscr_endtdy_retandorgcntr","否","宽关键词候选，可能无关","目录候选；库表名称匹配不等于物理身份或实际消费"
"indicator","ind2023121165175969","客户_资产占比_无限制条件_自然月_零售和机构柜台","资产占比=资产（交易日日均）/总资产（交易日日均）
备注：
1. 主要包括股票资产占比、场内基金资产占比、债券现券资产占比、场外保有（场外公募基金、私募、资管不含现金增利、OTC）资产占比
2.数据中存在股票资占比大于1，主要是因为客户发生融资行权操作，柜台会记一笔负的现金，这样总资产=总市值+现金余额就会出现总资产<股票资产的情况","dm_index_n.index_grp1_astprop_mth_retcntrandorgcntr","否","宽关键词候选，可能无关","目录候选；库表名称匹配不等于物理身份或实际消费"
"indicator","ind2024022040377916","营业部&分公司&分公司本部&总部各部门_净资产_异地开户分成&大小非新三板折算&北交所及同业不折算&不含未到账资产_当年第四季度交易日日均_零售和机构柜台","净资产口径含现金（普通账户、信用账户分公司
和衍生品账户），市值（普通账户，停用账户和生品账户，具体含场内股基债、场外金融产品、衍生品市值等）、利息（通用回购逆回购、金快线），剔除负债（通用回购正回购、两
融等合约负债），大小非、新三板资产按5%折算。
即：客户交易性资产 = 净资产-（新三板（剔除大小非和北交所）+大小非流通）*0.95 + 大小非限售*0.05
日均值为当年第4季度交易日日均","dm_index_n.index_grp1_brch_avg_trd_net_asset_xsb_nts_covt_year_4th_qrt","否","宽关键词候选，可能无关","目录候选；库表名称匹配不等于物理身份或实际消费"
"indicator","ind2024120351239062","客户_持仓组合盈亏金额_无限制条件_近一年_零售和机构柜台","客户维度持仓组合近一年盈亏金额（股基/普通场内股基/信用场内股基/普通场外基金/养老金/期权）
单券盈亏金额按客户汇总","dm_index_n.index_grp1_cust_hld_posportflpalamt_recentyear_retandorgcntr","否","宽关键词候选，可能无关","目录候选；库表名称匹配不等于物理身份或实际消费"
"indicator","ind2024120444863532","客户_场外配资上报次数_近半年_截至当日_零售和机构柜台","客户近半年场外配资上报次数,每日更新近半年截至当日最新数据","dm_index_n.index_grp1_otcaofntfctimes_lasthalfyear_endtdy","否","宽关键词候选，可能无关","目录候选；库表名称匹配不等于物理身份或实际消费"
"indicator","ind2024120441810556","客户_场外配资报警次数_近半年_截至当日_零售和机构柜台","客户近半年场外配资报警次数，每日更新近半年截至当日最新数据","dm_index_n.index_grp1_otcaofalrtimes_lasthalfyear_endtdy","否","宽关键词候选，可能无关","目录候选；库表名称匹配不等于物理身份或实际消费"
"indicator","ind2024112035213014","客户_日均净资产_大小非新三板折算&北交所及同业不折算&不含未到账资产_当月10至25日日均&截止当日累计_零售和机构柜台","净资产口径含现金（普通账户、信用账户分公司
和衍生品账户），市值（普通账户，停用账户和生品账户，具体含场内股基债、场外金融产品、衍生品市值等）、利息（通用回购逆回购、金快线），剔除负债（国债通用回购正回购、两
融等合约负债），大小非、新三板资产按5%折算。
即：
1、客户交易性资产 = 净资产-（新三板（剔除大小非和北交所）+大小非流通）*0.95 + 大小非限售*0.05
2、若当月没到10日则为0
3、若每月10-25日，则取该日期范围内的10日-T日的净资产总和/当月10-25日的交易日天数;(并非取10日-T日区间的交易日天数)
4、若数据日期为26日至月底则取的是10号-25号的日均净资产","dm_index_n.index_grp1_cust_avg_trd_net_asset_xsb_nts_covt_endtdy","否","宽关键词候选，可能无关","目录候选；库表名称匹配不等于物理身份或实际消费"
"indicator","ind2024120380570591","客户_持仓组合盈亏金额_无限制条件_近半年_零售和机构柜台","客户维度持仓组合近六月盈亏金额（股基/普通场内股基/信用场内股基/普通场外基金/养老金/期权）
单券盈亏金额按客户汇总","dm_index_n.index_grp1_cust_hld_posportflpalamt_recenthalfyear_retandorgcntr","否","宽关键词候选，可能无关","目录候选；库表名称匹配不等于物理身份或实际消费"
"indicator","ind2024120377345257","客户_持仓组合盈亏金额_无限制条件_近三月_零售和机构柜台","客户维度持仓组合近三月盈亏金额（股基/普通场内股基/信用场内股基/普通场外基金/养老金/期权）
单券盈亏金额按客户汇总","dm_index_n.index_grp1_cust_hld_posportflpalamt_recenttremth_retandorgcntr","否","宽关键词候选，可能无关","目录候选；库表名称匹配不等于物理身份或实际消费"
"indicator","ind2024070340564297","客户_持仓组合盈亏金额_无限制条件_近一月_零售和机构柜台","客户维度持仓组合近一月盈亏金额（股基/普通场内股基/信用场内股基/普通场外基金/养老金/期权）
单券盈亏金额按客户汇总","dm_index_n.index_grp1_cust_hld_posportflpalamt_recentmth_retandorgcntr","否","宽关键词候选，可能无关","目录候选；库表名称匹配不等于物理身份或实际消费"
"indicator","ind2024120475453909","客户_持仓组合盈亏率_无限制条件_近一年_零售和机构柜台","客户维度持仓组合近一年盈亏率（股基/普通场内股基/信用场内股基/普通场外基金/养老金/期权）
计算公式：收益率=(期末市值-期初市值+累计卖出金额-累计买入金额)/(期初市值+累计加权资金)","dm_index_n.index_grp1_hld_posportflpalrate_recentyear_retandorgcntr","否","宽关键词候选，可能无关","目录候选；库表名称匹配不等于物理身份或实际消费"
"indicator","ind2024120483888198","客户_持仓组合盈亏率_无限制条件_近半年_零售和机构柜台","客户维度持仓组合近六月盈亏率（股基/普通场内股基/信用场内股基/普通场外基金/养老金/期权）
计算公式：收益率=(期末市值-期初市值+累计卖出金额-累计买入金额)/(期初市值+累计加权资金)","dm_index_n.index_grp1_cust_hld_posportflpalrate_recenthalfyear_retandorgcntr","否","宽关键词候选，可能无关","目录候选；库表名称匹配不等于物理身份或实际消费"
"indicator","ind2024120441202233","客户_持仓组合盈亏率_无限制条件_近三月_零售和机构柜台","客户维度持仓组合近三月盈亏率（股基/普通场内股基/信用场内股基/普通场外基金/养老金/期权）
计算公式：收益率=(期末市值-期初市值+累计卖出金额-累计买入金额)/(期初市值+累计加权资金)","dm_index_n.index_grp1_cust_hld_posportflpalrate_recenttremth_retandorgcntr","否","宽关键词候选，可能无关","目录候选；库表名称匹配不等于物理身份或实际消费"
"indicator","ind2023081073159862","客户_末次交易日期_场内和场外产品销售_无计算维度_零售和机构柜台","客户全产品、全平台最近交易日期: 但这里不包场内交易且不收佣金的产品，例如金快线，即相当于客户末次交易日期(不含金快线)","dm_index_n.index_grp_trade_amt_exch_otc_last_date","否","宽关键词候选，可能无关","目录候选；库表名称匹配不等于物理身份或实际消费"
"indicator","ind2022122732867982","客户_总交易金额_场内和场外产品销售_当日_零售和机构柜台","总交易金额：场内交易金额（买+卖，双边的）+场外产品销售（场外的一般只看买入，单边的）
计算公式：场内交易金额_零售柜台+产品销售金额
备注：目前只打标签剔除现金增利（产品销售金额中剔除），其他理财新客考核剔除产品待确认口径后再开发；","dm_index_n.index_grp_trade_amt_exch_otc","否","宽关键词候选，可能无关","目录候选；库表名称匹配不等于物理身份或实际消费"
"indicator","ind2023080877070777","客户_保有金额_金融产品_当月交易日日均_无备注信息","本指标包含以下用来区分保有额的标签：
1. 场内场外
2. 公募私募资管OTC
3. 场外公募产品
4. 线上线下
5. 基金投顾
6.资管（不含现金增利）
7.公募（不含基金投顾）
8.场外公募（不含基金投顾）
9.现金增利
10.资管大集合、资管小集合
11.公募_现金货币类_场内/场外
12.总值","dm_index_n.index_cust_ret_amt_finprd_mth_dealday_apd","否","宽关键词候选，可能无关","目录候选；库表名称匹配不等于物理身份或实际消费"
"indicator","ind2024062501905464","客户_创收_财务折算后&不含交叉销售收入_最近3年_无备注信息","该指标为业务收入经财务折算后的创收指标，包括：净佣金财务折算后收入、保证金息差财务折算后收入、股票质押利息净收入财务折算后、产品实收收入财务折算后、两融利息净收入财务折算后、转融通财务折算后收入、行权融资财务折算后收入。

本指标转融通只包含了有客户号的客户收入。","dm_index_n.index_grp1_income_fincovtpst_last3year","否","名称或表名直接命中专题词","目录候选；库表名称匹配不等于物理身份或实际消费"
"indicator","ind2022123046917893","交易对手_持仓金额_自营场外交易_当日_无备注信息","自营场外交易的当天持仓金额","dm_index_n.index_grp_otc_hld_amt_d","否","宽关键词候选，可能无关","目录候选；库表名称匹配不等于物理身份或实际消费"
"indicator","ind2022123058325085","交易对手_持仓金额_自营场外交易_当年日均_无备注信息","自营场外交易的本年日均持仓金额","dm_index_n.index_grp_otc_hld_amt_yapd","否","宽关键词候选，可能无关","目录候选；库表名称匹配不等于物理身份或实际消费"
"indicator","ind2022122932303115","交易对手_交易金额_自营场外交易_当年总值_无备注信息","自营场外交易中某交易对手的当年总交易金额","dm_index_n.index_grp_otc_trd_amt_ytot","否","宽关键词候选，可能无关","目录候选；库表名称匹配不等于物理身份或实际消费"
"indicator","ind2022123012301773","交易对手_交易金额_自营场外交易_当月总值_无备注信息","自营场外交易中某交易对手的月总交易金额","dm_index_n.index_grp_otc_trd_amt_mtot","否","宽关键词候选，可能无关","目录候选；库表名称匹配不等于物理身份或实际消费"
"indicator","ind2024061852316303","员工_日均净资产_富裕高净值客户&开发关系&大小非新三板折算&北交所及同业不折算&不含未到账_近3个月_无备注信息","富裕高净值客户的近3个月日均净资产，包括普通账户新开、休眠激活、行权解禁客户。
净资产口径含现金（普通账户、信用账户分公司
和衍生品账户），市值（普通账户，停用账户和生品账户，具体含场内股基债、场外金融产品、衍生品市值等）、利息（通用回购逆回购、金快线），剔除负债（通用回购正回购、两
融等合约负债），大小非、新三板资产按5%折算。
即：客户交易性资产 = 净资产-（新三板（剔除大小非和北交所）+大小非流通）*0.95 + 大小非限售*0.05","dm_index_n.index_grp1_apdnetast_nwoprichhnwcust_devrela_ninclunarr_r3mth","否","宽关键词候选，可能无关","目录候选；库表名称匹配不等于物理身份或实际消费"
"indicator","ind2024061987077635","员工_保有增长率_剔除买方投顾顶层底层&客户粒度扣减&剔除OTC保本固定_当季_无备注信息","指标每天更新上季度数据，季度末固化上季度数据。考核保有增长率=（本期日均产品保有规模-上期日均产品保有规模增）/上期日均产品保有规模","dm_index_n.index_grp1_tnrincrsrate_nothselcond_pqtr","否","宽关键词候选，可能无关","目录候选；库表名称匹配不等于物理身份或实际消费"
"indicator","ind2024061918993501","员工_保有增长率_剔除买方投顾顶层底层&客户粒度扣减&剔除OTC保本固定_当月_无备注信息","指标每天更新上月数据，每月1号固化T-2月数据。考核保有增长率=（本期日均产品保有规模-上期日均产品保有规模增）/上期日均产品保有规模","dm_index_n.index_grp1_emp_tnrincrsrate_nothselcond_pmth","否","宽关键词候选，可能无关","目录候选；库表名称匹配不等于物理身份或实际消费"
"indicator","ind2024061764264291","员工_保有金额_剔除买方投顾顶层底层&客户粒度扣减&剔除OTC保本固定_截至当月日均_无备注信息","指标每天更新上月数据，每月1号固化T-2月，共包含7个标签，包括以下内容：
1、考核日均固收产品保有额('tag074443357')
指固定收益类与现金货币类（以下简称“固货”，指场外固收产品、不含ETF）的保有规模，计算当年的日均保有规模;						
2、考核日均ETF产品保有额(,'tag074443358')	
指ETF产品保有规模，计算当年的日均保有规模;		
3、日均产品保有规模('tag074443356')	
包含公募、私募、资管、OTC（不含保本固定产品）的保有额。为避免认购期基金短期考核激励、以引导长期理性保有进而提升投资人长期投资收益，
产品保有规模为年度日均全产品保有额。此外，针对机构客户购买的货币基金（除现金增利）带来的保有增长按30%保有规模计入，计算当年的日均保有规模;			
4、个人客户考核日均产品保有额('tag074443967' )	
包含公募、私募、资管、OTC（不含保本固定产品）的保有额。为避免认购期基金短期考核激励、以引导长期理性保有进而提升投资人长期投资收益，
产品保有规模为年度日均全产品保有额。此外，针对机构客户购买的货币基金（除现金增利）带来的保有增长按30%保有规模计入，计算个人客户当年的日均保有规模;					
5、个人客户考核日均固收产品保有额('tag074443969')		
指固定收益类与现金货币类（以下简称“固货”，指场外固收产品、不含ETF）的保有规模，计算个人客户当年的日均保有规模;
6、个人客户考核日均ETF产品保有额('tag074443971')	
指ETF产品保有规模，计算个人客户当年的日均保有规模;					
7、考核日均买方投顾产品保有额('tag074443359')							
买方投顾业务产品指各骐骥系列、家族信托、尊享定制等产品，保有规模取全年日均值，不含底。","dm_index_n.index_grp1_emp_tnramt_nothselcond_endpmthapd","否","宽关键词候选，可能无关","目录候选；库表名称匹配不等于物理身份或实际消费"
"indicator","ind2024061713007459","员工_考核收入_金融产品_上月汇总_无备注信息","考核收入不含交叉销售收入，不含产品户、同业客户产品考核收入。
大公募产品考核收入是指销售或保有面向不特定群体销售的金融产品（含公募基金、大集合资管产品、保险产品等）获得的考核收入。
大私募产品考核收入是指销售或保有面向特定群体销售的金融产品（含私募基金、资管小集合、收益凭证等）获得的考核收入","dm_index_n.index_grp1_emp_income_finprd_examincome_pmthsum","否","宽关键词候选，可能无关","目录候选；库表名称匹配不等于物理身份或实际消费"
"indicator","ind2023032153667560","客户_浏览次数TOP5_场外基金_最近30天_无备注信息","客户最近30天浏览场外基金次数最高的5个产品的浏览次数","dm_index_n.index_grp_otc_fnd_view_times_top5","否","宽关键词候选，可能无关","目录候选；库表名称匹配不等于物理身份或实际消费"
"indicator","ind2023081102096206","客户_浏览明细TOP5_基金和理财产品_最近30天_无备注信息","客户最近30天浏览基金产品次数排名前五的产品浏览明细指标值为：产品名称、代码、浏览次数中间用 ' | ' 隔开，只包含场外产品","dm_index_n.index_grp_fnd_prd_view_det_top5_30d","否","宽关键词候选，可能无关","目录候选；库表名称匹配不等于物理身份或实际消费"
"indicator","ind2024053021607911","客户*营业部&客户*分公司本部_保有金额_金融产品&异地开户调整_当日_无备注信息","客户*营业部&客户*分公司本部粒度的金融产品保有时点金额，考虑异地开户，本指标包含以下用来区分保有额的标签：
1. 场内场外
2. 公募私募资管OTC
3. 场外公募产品
4. 线上线下
5. 基金投顾
6.资管（不含现金增利）
7.公募（不含基金投顾）
8.场外公募（不含基金投顾）
9.现金增利
10.资管大集合、资管小集合
11.公募_现金货币类_场内/场外
12.总值","dm_index_n.index_grp2_divd_ret_amt_finprd_tdy","否","宽关键词候选，可能无关","目录候选；库表名称匹配不等于物理身份或实际消费"
"indicator","ind2024052214139682","客户_连续持有金额_货币基金_当日_无备注信息","当前持有货币基金持续天数(自然日)
从T-1开始往前查，如果当天货币基金保有金额大于0则计算为有持有并合计总金额，直到保有金额等于0则停止计算。 当前持有货币基金根据购买渠道分为当前场内持有货币基金（tag074441116）和当前场外持有货币基金（tag510000204）。","dm_index_n.index_grp1_cust_contholdamt_mf_tdy","否","宽关键词候选，可能无关","目录候选；库表名称匹配不等于物理身份或实际消费"
"indicator","ind2024052235299982","客户_连续持有天数_货币基金_当日_无备注信息","当前持有货币基金持续天数(自然日)
从T-1开始往前查，如果当天货币基金保有金额大于0则计算为有持有天数，直到保有金额等于0则停止计算。 当前持有货币基金根据购买渠道分为当前场内持有货币基金（tag074441116）和当前场外持有货币基金（tag510000204）。","dm_index_n.index_grp1_cust_contholddays_mf_tdy","否","宽关键词候选，可能无关","目录候选；库表名称匹配不等于物理身份或实际消费"
"indicator","ind2024051079316110","营业部*客户*员工_引荐开户部门收入分成_交叉销售&税后_当年累计_无备注信息","交叉销售客户当年累计引荐开户部门收入分成(税后) = （交叉销售客户当月引荐开户部门收入分成 / 1.06 + 交叉销售客户当年1月开始截至上月所有月份累计引荐开户部门收入分成之和）/ 1.06。其中：交叉销售客户当月引荐开户部门收入分成=当月净佣金收入(已均分) ＊当月收入分成比例。","dm_index_n.index_grp3_recmd_oact_dept_income_divd_afttax_year","否","名称或表名直接命中专题词","目录候选；库表名称匹配不等于物理身份或实际消费"
"indicator","ind2024051042000468","营业部*客户*员工_引荐开户部门收入分成_交叉销售_当月_无备注信息","交叉销售客户当月引荐开户部门收入分成=当月净佣金收入(已均分) ＊当月收入分成比例。其中：① 当月净佣金收入(已均分) = 当月场内净佣金收入(普通账户) / 客户对应的推荐人数量 / 客户对应的营业部数量；② 当月收入分成比例 = 1 - 当月佣金收入留存比例。","dm_index_n.index_grp3_recmd_oact_dept_income_divd_mth","否","名称或表名直接命中专题词","目录候选；库表名称匹配不等于物理身份或实际消费"
"indicator","ind2024041665783193","客户_交易品种_无限制条件_当日_无备注信息","客户每日交易的产品所属类型
1、A股：源交易类别代码 IN ('1','2','9') 和 源证券类别代码 = '0' 、 源交易类别代码 IN ('2') 和 源证券类别代码 in('c','q','p') 、源交易类别代码 IN ('1') 和 源证券类别代码 in ('e','g')
2、B股：源交易类别代码 IN ('D','H','A') 和 源证券类别代码 = ’0‘ 
3、H股：源交易类别代码 IN  ('G','S')  和 源证券类别代码 = ’0‘ 
4、期权品种: 	
4.1、认沽期权：期权种类代码  = 'P'
4.2、认购期权：期权种类代码  = 'C'
3、理财产品：
3.1、理财产品交割表中 源交易类别代码(产品TA编号) IN  ('87', 'O1', 'O2', 'CZZ')
3.2、衍生品理财
4、场外开放式基金
理财产品中 源交易类别代码(产品TA编号) NOT IN  ('87', 'O1', 'O2', 'CZZ')
5、其他类型：
除以上类型外，匹配到的源产品类别代码对应产品","dm_index_n.index_grp1_cust_trd_prd_type","否","宽关键词候选，可能无关","目录候选；库表名称匹配不等于物理身份或实际消费"
"indicator","ind2024042412592930","客户_产品到期日期_无限制条件_最近30天_无备注信息","到期的产品（最近30天)
产品范围： 包括收益凭证、金快线产品
数据格式： 
GIXZK0|广发收益宝1号7天期|2024-01-23;GIXZG0|广发收益宝1号7天期|2024-01-18","dm_index_n.index_grp1_matyprd_last30day","否","宽关键词候选，可能无关","目录候选；库表名称匹配不等于物理身份或实际消费"
"indicator","ind2024010469221210","客户*产品_用于测试_无限制条件_无计算维度_无备注信息","目前产品包括：场外公募、私募、收益凭证、募集期的场内基金ETF","dm_index_n.index_grp1_view_times_meg_chrem_prd_tdy","否","宽关键词候选，可能无关","目录候选；库表名称匹配不等于物理身份或实际消费"
"indicator","ind2024032234855654","持仓_市值_资产核算&场外证券_当日_零售和机构柜台","资产核算流水生成持仓指标","dm_index_n.pcav_hold_index","是","宽关键词候选，可能无关","目录候选；库表名称匹配不等于物理身份或实际消费"
"indicator","ind2024041071634525","客户_浏览天数_场内&场外产品&易淘金_最近90天_无备注信息","客户最近90天有多少天浏览了易淘金中的场内场外产品","dm_index_n.index_grp1_viewdays_ost_otcprd_meg_last90day","否","宽关键词候选，可能无关","目录候选；库表名称匹配不等于物理身份或实际消费"
"indicator","ind2024031100939275","员工_净资产_普通开发关系&大小非新三板折算&北交所及同业不折算&不含未到账资产_当月累计_无备注信息","普通开发关系下的员工对应的客户历史总计（入职以来）的净资产总和。净资产口径含现金（普通账户、信用账户和衍生品账户）、市值（普通账户、信用账户和衍生品账户，具体含场内股基债、场外金融产品、衍生品市值等）、利息（通用回购逆回购、金快线），剔除负债（通用回购正回购、两融等合约负债），大小非、新三板（剔除北交所）资产按5%折算。","dm_index_n.index_grp1_emp_netast_normdevrela_mthaccum","否","宽关键词候选，可能无关","目录候选；库表名称匹配不等于物理身份或实际消费"
"indicator","ind2023092004311813","客户_总交易金额_场内&场外产品销售&含金快线_当日_零售和机构柜台","总交易金额：场内交易金额（买+卖，双边的）+场外产品销售（场外的一般只看买入，单边的）+金快线购买金额
计算公式：场内交易金额_零售柜台+产品销售金额+金快线购买金额
备注：目前已打标签有剔除现金增利（产品销售金额中剔除）、剔除新客专享相关和资产账户类型，其他理财新客考核剔除产品待确认口径后再开发；","dm_index_n.index_grp1_cust_tradeamt_all_exch_otc","否","宽关键词候选，可能无关","目录候选；库表名称匹配不等于物理身份或实际消费"
"indicator","ind2024031407693574","客户*产品_购买笔数_场内&场外理财产品_当日_零售柜台和机构柜台","某客户购买某场内或场外理财产品的笔数","dm_index_n.index_grp2_cust_prd_otc_ost_chrem_purch_num","否","宽关键词候选，可能无关","目录候选；库表名称匹配不等于物理身份或实际消费"
"indicator","ind2023080200752744","客户_日均市值_最近连续持有货币基金_当日_无备注信息","当前持有货币基金持续天数(自然日)
从T-1开始往前查，如果当天货币基金保有金额大于0则计算为有持有并合计总金额和天数，直到保有金额等于0则停止计算，日均金额则为总金额/总持续天数(自然日)，最多统计到2014-01-01日；
当前持有货币基金根据购买渠道分为当前场内持有货币基金（tag074441116）和当前场外持有货币基金（tag510000204）。","dm_index_n.index_grp_cust_apdmval_lastcontholdmf_tdy","否","宽关键词候选，可能无关","目录候选；库表名称匹配不等于物理身份或实际消费"
"indicator","ind2024020616841381","营业部&分公司_保有金额_金融产品&机构货基3折&剔除OTC保本固定&剔除买方投顾&其他特殊计入等_年日均_无备注信息","包含公募、私募、资管、OTC（不含保本固定产品）的保有额。为避免认购期基金短期考核激励、以引导长期理性保有进而提升投资人长期投资收益，产品保有规模为年度日均全产品保有额。此外，针对机构客户购买的货币基金（除现金增利）带来的保有增长按30%保有规模计入，不含买方投顾业务的顶层底层保有","dm_index_n.index_grp1_kpi2024_org_asmt_ret_yearapd","否","宽关键词候选，可能无关","目录候选；库表名称匹配不等于物理身份或实际消费"
"indicator","ind2024012206153698","客户*产品_购买笔数_理财特权卡券_当日_零售和机构柜台","某天某客户购买某类理财特权卡券的笔数。备注说明：理财特权卡券设置“心仪理财特权卡券”、“心动理财特权卡券”2类卡券，其中心仪理财特权卡券对应原金快线产品，心动理财特权卡券对应原收益凭证产品","dm_index_n.index_grp2_cust_secu_purchcnt_chrem_privi_cardscr_tdy","否","宽关键词候选，可能无关","目录候选；库表名称匹配不等于物理身份或实际消费"
"indicator","ind2023092242119591","客户_首次交易日期_场内&场外产品销售_无计算维度_零售和机构柜台","客户全产品和全平台首次交易日期，但不包括场内交易且不收佣金的产品，例如金快线，相当于客户首次交易日期(不含金快线)
统计时间2019-01-01开始","dm_index_n.index_grp1_cust_tradeamt_exch_otc_first_date","否","宽关键词候选，可能无关","目录候选；库表名称匹配不等于物理身份或实际消费"
"indicator","ind2024010881863860","客户_净资产_大小非新三板折算&北交所及同业不折算&不含未到账资产_当月10至25日均_零售柜台和机构柜台","净资产口径含现金（普通账户、信用账户分公司
和衍生品账户），市值（普通账户，停用账户和生品账户，具体含场内股基债、场外金融产品、衍生品市值等）、利息（通用回购逆回购、金快线），剔除负债（通用回购逆回购、两
融等合约负债），大小非、新三板资产按5%折算。
即：客户交易性资产 = 净资产-（新三板（剔除大小非和北交所）+大小非流通）*0.95 + 大小非限售*0.05
日均值为当月10-25日交易日日均","dm_index_n.index_grp1_cust_avg_trd_net_asset_xsb_nts_covt_mon","是","宽关键词候选，可能无关","目录候选；库表名称匹配不等于物理身份或实际消费"
"indicator","ind2022080300000004","定投金额_场外基金","某客户每日某产品定投金额","dm_index_n.index_grp_fund_details_amt","否","宽关键词候选，可能无关","目录候选；库表名称匹配不等于物理身份或实际消费"
"indicator","ind2022080300000002","定投次数_场外基金","某客户每日某产品定投次数","dm_index_n.index_grp_fund_details_num","否","宽关键词候选，可能无关","目录候选；库表名称匹配不等于物理身份或实际消费"
"indicator","ind2023121276596844","客户_总交易金额_场内和场外_当年_零售柜台和机构柜台","某个客户下当年零售柜台和机构柜台下场内和场外的总交易金额","dm_index_n.index_grp1_cust_total_tramt_year","否","宽关键词候选，可能无关","目录候选；库表名称匹配不等于物理身份或实际消费"
"indicator","ind2023081053399737","客户_最近购买日期_场外货币基金&当前持有_无计算维度_无备注信息","当前持有场外货币基金（公募）最近建仓日期：追溯到2019-01-01日；从T-1日开始往前查，如果当天场外货币基金保有金额大于等于10则计算为持有，当保有金额小于10时，将最后一个保有金额大于等于10的日期作为最近持仓日期","dm_index_n.index_cust_last_purchdate_otc_mf_currhold","否","宽关键词候选，可能无关","目录候选；库表名称匹配不等于物理身份或实际消费"
"indicator","ind2023092106415158","产品_保有份额_金融产品_当日_无备注信息","产品级别保有份额，区分场内场外，不包含线下","dm_index_n.index_grp1_tnrshr_finprd_tdy","否","宽关键词候选，可能无关","目录候选；库表名称匹配不等于物理身份或实际消费"
"indicator","ind2023111692831483","营业部&分公司&总部各部门_协同贡献金额_资管&交叉销售_当月_无备注","协同贡献=产品佣金+产品管理费+产品业绩报酬 - (部门佣金净收入+应调整考核部门管理费+应调整考核部门业绩提成)","dm_index_n.index_grp1_contrb_amt_assm_cs_mon","否","名称或表名直接命中专题词","目录候选；库表名称匹配不等于物理身份或实际消费"
"indicator","ind2023110176439426","产品_保有份额_不分场内场外金融产品_日_无备注信息","产品_保有份额_不分场内场外金融产品_日_无备注信息","dm_index_n.index_grp1_tnrshr_notdispostotcfinprd_day","否","宽关键词候选，可能无关","目录候选；库表名称匹配不等于物理身份或实际消费"
"indicator","ind2023092146269700","产品_保有金额_金融产品_当日_无备注信息","产品级别保有金额，区分场内场外，不包含线下","dm_index_n.index_grp1_tnramt_finprd_tdy","否","宽关键词候选，可能无关","目录候选；库表名称匹配不等于物理身份或实际消费"
"indicator","ind2023070510334737","客户&产品_委托金额_场内基金&场外产品_当日_无备注信息","下了委托都算，单位：元，和《产品销售来源汇总》这个报表口径","dm_index_n.index_grp_cust_prd_trustamt_ostfnd_otcprd_tdy","否","宽关键词候选，可能无关","目录候选；库表名称匹配不等于物理身份或实际消费"
"indicator","ind2023101239644451","产品_保有金额_不分场内场外金融产品_日_无备注信息","产品_保有金额_不分场内场外金融产品_日_无备注信息","dm_index_n.index_prd_tnramt_notdispostotcfinprd_day","否","宽关键词候选，可能无关","目录候选；库表名称匹配不等于物理身份或实际消费"
"indicator","ind2023101249667967","产品_保有客户数_不分场内场外金融产品_日_无备注信息","产品_保有客户数_金融产品&不分场内场外_日_无备注信息","dm_index_n.index_prd_tnrcustcnt_notdispostotcfinprd_day","否","宽关键词候选，可能无关","目录候选；库表名称匹配不等于物理身份或实际消费"
"indicator","ind2023101250846555","客户*产品_保有金额_金融产品&不分场内场外_日_无备注信息","客户*产品_保有金额_金融产品&不分场内场外_日_无备注信息","dm_index_n.index_cust_prd_tnramt_finprd_notdispostotc_day","否","宽关键词候选，可能无关","目录候选；库表名称匹配不等于物理身份或实际消费"
"indicator","ind2023092009036777","客户_首次交易日期_新客理财&场外产品&不含现金增利&不含基金投顾&2018年以来_当日_无备注信息","计算客户首次购买场外产品+新客理财 (场内+场外)日期。
1、新客理财主要是指: 金快线、多添利、收益凭证(收益宝、新客宝)，其中金快线是场内，多添利和收益凭证是场外；
2、场外产品包括：场外金融产品（不含现金增利和基金投顾），已包括多添利和收益凭证；
3、从2018年开始统计首次购买日期","dm_index_n.index_grp1_firdealdate_new_chrem_finprd_tdy","否","宽关键词候选，可能无关","目录候选；库表名称匹配不等于物理身份或实际消费"
"indicator","ind2023092012780543","客户*产品_保有金额_金融产品_当月日均_无备注信息","本指标包含以下用来区分保有额的标签：
1. 场内场外
2. 公募私募资管OTC
3. 场外公募产品
4. 线上线下
5. 基金投顾
6.资管（不含现金增利）
7.公募（不含基金投顾）
8.场外公募（不含基金投顾）
9.现金增利
10.资管大集合、资管小集合
11.公募_现金货币类_场内/场外
12.总值","dm_index_n.index_grp2_retamt_finprd_mthapd","否","宽关键词候选，可能无关","目录候选；库表名称匹配不等于物理身份或实际消费"
"indicator","ind2023090813930620","客户_连续持仓最长天数_场外公募基金&2019年至今_当日_无备注信息","计算2019年至今连续持仓公募基金最长天数（含基金投顾）","dm_index_n.index_grp1_conthld_posleaderdays_otcpubfnd_2019ytd_tdy","否","宽关键词候选，可能无关","目录候选；库表名称匹配不等于物理身份或实际消费"
"indicator","ind2023091144267171","客户_销售金额_金融产品_当年_无备注信息","本指标包含以下用来区分交易额的标签：
1. 场内场外
2. 公募私募资管OTC
3. 场外公募产品
4. 线上线下
5. 基金投顾
6.资管（不含现金增利）
7.公募（不含基金投顾）
8.场外公募（不含基金投顾）
9.现金增利
10.资管大集合、资管小集合
11.公募_现金货币类_场内/场外
12.总值","dm_index_n.index_grp1_sale_amt_finprd_year","否","宽关键词候选，可能无关","目录候选；库表名称匹配不等于物理身份或实际消费"
"indicator","ind2023090884851317","客户_收益金额_场外理财产品_当日_无备注信息","客户当日场外理财产品收益金额","dm_index_n.index_grp1_yieldamt_otcchremprd_tdy","否","宽关键词候选，可能无关","目录候选；库表名称匹配不等于物理身份或实际消费"
"indicator","ind2023090857447968","客户_收益金额_场外理财产品_当年_无备注信息","客户当年场外理财产品收益金额","dm_index_n.index_grp1_yieldamt_otcchremprd_year","否","宽关键词候选，可能无关","目录候选；库表名称匹配不等于物理身份或实际消费"
"indicator","ind2023090854059642","客户_收益金额_场外理财产品_最近1年_无备注信息","客户最近1年场外理财产品收益金额","dm_index_n.index_grp1_yieldamt_otcchremprd_last1year","否","宽关键词候选，可能无关","目录候选；库表名称匹配不等于物理身份或实际消费"
"indicator","ind2023090857140261","客户_收益金额_场外公募基金_当月_无备注信息","客户当月场外公募基金收益金额","dm_index_n.index_grp1_yieldamt_otcpubfnd_mth","否","宽关键词候选，可能无关","目录候选；库表名称匹配不等于物理身份或实际消费"
"indicator","ind2023090811418864","客户_收益金额_场外公募基金_当日_无备注信息","客户当日场外公募基金收益金额","dm_index_n.index_grp1_yieldamt_otcpubfnd_tdy","否","宽关键词候选，可能无关","目录候选；库表名称匹配不等于物理身份或实际消费"
"indicator","ind2023090835443235","客户_收益金额_场外公募基金_最近30天_无备注信息","客户最近30天场外公募基金收益金额","dm_index_n.index_grp1_yieldamt_otcpubfnd_last30day","否","宽关键词候选，可能无关","目录候选；库表名称匹配不等于物理身份或实际消费"
"indicator","ind2023090879430370","客户_收益金额_场外公募基金_最近1年_无备注信息","客户最近1年场外公募基金收益金额","dm_index_n.index_grp1_yieldamt_otcpubfnd_last1year","否","宽关键词候选，可能无关","目录候选；库表名称匹配不等于物理身份或实际消费"
"indicator","ind2023090815990404","客户_收益金额_场外公募基金_当年_无备注信息","客户当年场外公募基金收益金额","dm_index_n.index_grp1_yieldamt_otcpubfnd_year","否","宽关键词候选，可能无关","目录候选；库表名称匹配不等于物理身份或实际消费"
"indicator","ind2023090885164815","客户_收益金额_场外公募基金_最近90天_无备注信息","客户最近90天场外公募基金收益金额","dm_index_n.index_grp1_yieldamt_otcpubfnd_last90day","否","宽关键词候选，可能无关","目录候选；库表名称匹配不等于物理身份或实际消费"
"indicator","ind2023090830182761","客户_收益金额_场外理财产品_最近90天_无备注信息","客户最近90天场外理财产品收益金额","dm_index_n.index_grp1_yieldamt_otcchremprd_last90day","否","宽关键词候选，可能无关","目录候选；库表名称匹配不等于物理身份或实际消费"
"indicator","ind2023090810788059","客户_收益金额_场外理财产品_最近30天_无备注信息","客户最近30天场外理财产品收益金额","dm_index_n.index_grp1_yieldamt_otcchremprd_last30day","否","宽关键词候选，可能无关","目录候选；库表名称匹配不等于物理身份或实际消费"
"indicator","ind2023090898702741","客户_收益金额_场外理财产品_当月_无备注信息","客户当月场外理财产品收益金额","dm_index_n.index_grp1_yieldamt_otcchremprd_mth","否","宽关键词候选，可能无关","目录候选；库表名称匹配不等于物理身份或实际消费"
"indicator","ind2023090519180538","客户_收益率_场外理财产品_当年_无备注信息","客户当年场外理财产品收益率指标值为百分位数","dm_index_n.index_grp1_yield_otcchremprd_year","否","宽关键词候选，可能无关","目录候选；库表名称匹配不等于物理身份或实际消费"
"indicator","ind2023082879156520","客户_距离首次交易天数_场外公募基金_当日_无备注信息","距离客户首次完成场外公募基金交易日期的天数","dm_index_n.index_grp1_firdealdays_otcpubfnd_tdy","否","宽关键词候选，可能无关","目录候选；库表名称匹配不等于物理身份或实际消费"
"indicator","ind2023090561323233","客户_收益率_场外公募基金_当年_无备注信息","客户当年场外公募基金收益率指标值为百分位数","dm_index_n.index_grp1_yield_otcpubfnd_year","否","宽关键词候选，可能无关","目录候选；库表名称匹配不等于物理身份或实际消费"
"indicator","ind2023090577049095","客户_收益率_场外公募基金_最近1年_无备注信息","客户最近1年场外公募基金收益率指标值为百分位数","dm_index_n.index_grp1_yield_otcpubfnd_last1year","否","宽关键词候选，可能无关","目录候选；库表名称匹配不等于物理身份或实际消费"
"indicator","ind2023090524393111","客户_收益率_场外公募基金_最近90天_无备注信息","客户最近90天场外公募基金收益率指标值为百分位数","dm_index_n.index_grp1_yield_otcpubfnd_last90day","否","宽关键词候选，可能无关","目录候选；库表名称匹配不等于物理身份或实际消费"
"indicator","ind2023090562494887","客户_收益率_场外公募基金_最近30天_无备注信息","客户最近30天场外公募基金收益率指标值为百分位数","dm_index_n.index_grp1_yield_otcpubfnd_last30day","否","宽关键词候选，可能无关","目录候选；库表名称匹配不等于物理身份或实际消费"
"indicator","ind2023090513903910","客户_收益率_场外公募基金_当月_无备注信息","客户当月场外公募基金收益率指标值为百分位数","dm_index_n.index_grp1_yield_otcpubfnd_mth","否","宽关键词候选，可能无关","目录候选；库表名称匹配不等于物理身份或实际消费"
"indicator","ind2023090520027020","客户_收益率_场外理财产品_最近1年_无备注信息","客户最近1年场外理财产品收益率指标值为百分位数","dm_index_n.index_grp1_yield_otcchremprd_last1year","否","宽关键词候选，可能无关","目录候选；库表名称匹配不等于物理身份或实际消费"
"indicator","ind2023090575824674","客户_收益率_场外理财产品_最近90天_无备注信息","客户最近90天场外理财产品收益率指标值为百分位数","dm_index_n.index_grp1_yield_otcchremprd_last90day","否","宽关键词候选，可能无关","目录候选；库表名称匹配不等于物理身份或实际消费"
"indicator","ind2023090578267710","客户_收益率_场外理财产品_最近30天_无备注信息","客户最近30天场外理财产品收益率指标值为百分位数","dm_index_n.index_grp1_yield_otcchremprd_last30day","否","宽关键词候选，可能无关","目录候选；库表名称匹配不等于物理身份或实际消费"
"indicator","ind2022022800000003","场外基金赎回金额_机构柜台","某个客户某个产品当天机构柜台场外基金赎回金额","dm_index_n.hold_index","是","宽关键词候选，可能无关","目录候选；库表名称匹配不等于物理身份或实际消费"
"indicator","ind2022022800000013","场外基金赎回金额_机构柜台","某个客户某个产品当天机构柜台场外基金赎回金额","dm_index_n.index_grp_otc_fund_redeem_amt_icc","否","宽关键词候选，可能无关","目录候选；库表名称匹配不等于物理身份或实际消费"
"indicator","ind2022022800000014","场外基金认购金额_机构柜台","某个客户某个产品当天机构柜台场外基金认购金额","dm_index_n.index_grp_otc_fund_subs_amt_icc","否","宽关键词候选，可能无关","目录候选；库表名称匹配不等于物理身份或实际消费"
"indicator","ind2022022800000004","场外基金认购金额_机构柜台","某个客户某个产品当天机构柜台场外基金认购金额","dm_index_n.hold_index","是","宽关键词候选，可能无关","目录候选；库表名称匹配不等于物理身份或实际消费"
"indicator","ind2022022800000012","场外基金申购金额_机构柜台","某个客户某个产品当天机构柜台场外基金申购金额","dm_index_n.index_grp_otc_fund_purs_amt_icc","否","宽关键词候选，可能无关","目录候选；库表名称匹配不等于物理身份或实际消费"
"indicator","ind2022022800000002","场外基金申购金额_机构柜台","某个客户某个产品当天机构柜台场外基金申购金额","dm_index_n.hold_index","是","宽关键词候选，可能无关","目录候选；库表名称匹配不等于物理身份或实际消费"
"indicator","ind2023082802645667","客户_距离首次加自选天数_场外基金_当日_无备注信息","距离客户首次添加场外基金自选日期的天数","dm_index_n.index_grp_cust_firadd_seflopt_days_otcfnd_tdy","否","宽关键词候选，可能无关","目录候选；库表名称匹配不等于物理身份或实际消费"
"indicator","ind2023083046145219","客户_收益率_场外理财产品_当月_无备注信息","客户当月场外理财产品收益率指标值为百分位数","dm_index_n.index_grp_yield_otcchremprd_mth","否","宽关键词候选，可能无关","目录候选；库表名称匹配不等于物理身份或实际消费"
"indicator","ind2023082914167840","客户_交易笔数_申购或认购&场外基金产品_当月_无备注信息","申购/认购基金产品笔数(自然月)：这里的基金包括公募、私募、资管（包含现金增利），但不包括prd_no in ('87','o1','o2','czz')","dm_index_n.index_cust_dealstke_purch_scrp_otcfndprd_mth","否","宽关键词候选，可能无关","目录候选；库表名称匹配不等于物理身份或实际消费"
"indicator","ind2023082931130177","客户*产品_申购份额_金融产品_当月_无备注信息","本指标包含以下用来区分保有额的标签：
1. 场内场外
2. 公募私募资管OTC
3. 场外公募产品
4. 线上线下
5. 基金投顾
6.资管（不含现金增利）
7.公募（不含基金投顾）
8.场外公募（不含基金投顾）
9.现金增利
10.资管大集合、资管小集合
11.公募_现金货币类_场内/场外
12.总值","dm_index_n.index_cust_prd_purch_shr_finprd_mth","否","宽关键词候选，可能无关","目录候选；库表名称匹配不等于物理身份或实际消费"
"indicator","ind2023082950476862","客户*产品_申购金额_金融产品_当月_无备注信息","本指标包含以下用来区分交易额的标签：
1. 场内场外
2. 公募私募资管OTC
3. 场外公募产品
4. 线上线下
5. 基金投顾
6.资管（不含现金增利）
7.公募（不含基金投顾）
8.场外公募（不含基金投顾）
9.现金增利
10.资管大集合、资管小集合
11.公募_现金货币类_场内/场外
12.总值","dm_index_n.index_cust_prd_purch_amt_finprd_mth","否","宽关键词候选，可能无关","目录候选；库表名称匹配不等于物理身份或实际消费"
"indicator","ind2023082278020024","客户_持有天数_场外货币基金&当前持有_无计算维度_无备注信息","当前持有场外货币基金（公募）持有天数：追溯到2019-01-01日；从T-1日开始往前查，如果当天场外货币基金保有金额大于等于10则计算为持有，直到保有金额小于10则停止天数计算","dm_index_n.index_cust_hold_days_otc_mf_currhold","否","宽关键词候选，可能无关","目录候选；库表名称匹配不等于物理身份或实际消费"
"indicator","ind2023072864756024","客户_末次交易日期_场外&金融产品&不含现金增利&不含基金投顾_当日_无备注信息","计算客户名下不同类型金融产品末次交易日期；
包含的金融产品类型：资管（不含现金增利）、OTC、私募、公募(不含基金投顾)；
本指标默认标签为所有场外产品（不含现金增利、不含基金投顾）的末次交易日期","dm_index_n.index_cust_end_dealdate_otc_finprd_ninclcash_ninclfia_tdy","否","宽关键词候选，可能无关","目录候选；库表名称匹配不等于物理身份或实际消费"
"indicator","ind2023081695225096","客户_保有金额_近1年日均&金融产品_当日_无备注信息","日均场外保有量（不包含现金增利）：OTC+资管+私募+_场外_公募","dm_index_n.cust_ret_amt_finprd_tyear_avg","否","宽关键词候选，可能无关","目录候选；库表名称匹配不等于物理身份或实际消费"
"indicator","ind2023032123652646","客户_总交易金额_场内和场外产品销售_当月_零售和机构柜台","在指标“总交易金额_场内和场外产品销售_零售和机构柜台”的基础上，计算当前自然月（自当月1号起）的累计值","dm_index_n.index_grp_trade_amt_exch_otc_mon","否","宽关键词候选，可能无关","目录候选；库表名称匹配不等于物理身份或实际消费"
"indicator","ind2023081634808266","客户_收益率_场外理财产品_当日_无备注信息","客户当日场外理财产品收益率：=sum(收益金额)/sum(当日成本)","dm_index_n.index_grp_yield_otcchremprd_tdy","否","宽关键词候选，可能无关","目录候选；库表名称匹配不等于物理身份或实际消费"
"indicator","ind2023081628578728","客户_收益率_场外公募基金_当日_无备注信息","客户当日场外公募基金收益率：=sum(收益金额)/sum(当日成本)","dm_index_n.index_grp_yield_otcpubfnd_tdy","否","宽关键词候选，可能无关","目录候选；库表名称匹配不等于物理身份或实际消费"
"indicator","ind2023081631665992","客户_申购份额_金融产品_当日_无备注信息","本指标包含以下用来区分交易额的标签：
1. 场内场外
2. 公募私募资管OTC
3. 场外公募产品
4. 线上线下
5. 基金投顾
6.资管（不含现金增利）
7.公募（不含基金投顾）
8.场外公募（不含基金投顾）
9.现金增利
10.资管大集合、资管小集合
11.公募_现金货币类_场内/场外
12.总值","dm_index_n.index_cust_purch_shr_finprd_tdy","否","宽关键词候选，可能无关","目录候选；库表名称匹配不等于物理身份或实际消费"
"indicator","ind2023081677996735","客户_认购份额_金融产品_当日_无备注信息","本指标包含以下用来区分交易额的标签：
1. 场内场外
2. 公募私募资管OTC
3. 场外公募产品
4. 线上线下
5. 基金投顾
6.资管（不含现金增利）
7.公募（不含基金投顾）
8.场外公募（不含基金投顾）
9.现金增利
10.资管大集合、资管小集合
11.公募_现金货币类_场内/场外
12.总值","dm_index_n.index_cust_scrp_shr_finprd_tdy","否","宽关键词候选，可能无关","目录候选；库表名称匹配不等于物理身份或实际消费"
"indicator","ind2023081694893363","客户_认购金额_金融产品_当日_无备注信息","本指标包含以下用来区分交易额的标签：
1. 场内场外
2. 公募私募资管OTC
3. 场外公募产品
4. 线上线下
5. 基金投顾
6.资管（不含现金增利）
7.公募（不含基金投顾）
8.场外公募（不含基金投顾）
9.现金增利
10.资管大集合、资管小集合
11.公募_现金货币类_场内/场外
12.总值","dm_index_n.index_cust_scrp_amt_finprd_tdy","否","宽关键词候选，可能无关","目录候选；库表名称匹配不等于物理身份或实际消费"
"indicator","ind2023081685996977","客户_申购金额_金融产品_当日_无备注信息","本指标包含以下用来区分交易额的标签：
1. 场内场外
2. 公募私募资管OTC
3. 场外公募产品
4. 线上线下
5. 基金投顾
6.资管（不含现金增利）
7.公募（不含基金投顾）
8.场外公募（不含基金投顾）
9.现金增利
10.资管大集合、资管小集合
11.公募_现金货币类_场内/场外
12.总值","dm_index_n.index_cust_purch_amt_finprd_tdy","否","宽关键词候选，可能无关","目录候选；库表名称匹配不等于物理身份或实际消费"
"indicator","ind2023080968470282","客户_销售份额_金融产品_当月_无备注信息","本指标包含以下用来区分交易额的标签：
1. 场内场外
2. 公募私募资管OTC
3. 场外公募产品
4. 线上线下
5. 基金投顾
6.资管（不含现金增利）
7.公募（不含基金投顾）
8.场外公募（不含基金投顾）
9.现金增利
10.资管大集合、资管小集合
11.公募_现金货币类_场内/场外
12.总值","dm_index_n.index_cust_sale_shr_finprd_mth","否","宽关键词候选，可能无关","目录候选；库表名称匹配不等于物理身份或实际消费"
"indicator","ind2023080961161906","客户_销售金额_金融产品_当月_无备注信息","本指标包含以下用来区分交易额的标签：
1. 场内场外
2. 公募私募资管OTC
3. 场外公募产品
4. 线上线下
5. 基金投顾
6.资管（不含现金增利）
7.公募（不含基金投顾）
8.场外公募（不含基金投顾）
9.现金增利
10.资管大集合、资管小集合
11.公募_现金货币类_场内/场外
12.总值","dm_index_n.index_cust_sale_amt_finprd_mth","否","宽关键词候选，可能无关","目录候选；库表名称匹配不等于物理身份或实际消费"
"indicator","ind2023080990880509","客户*产品_销售份额_金融产品_当年_无备注信息","本指标包含以下用来区分保有额的标签：
1. 场内场外
2. 公募私募资管OTC
3. 场外公募产品
4. 线上线下
5. 基金投顾
6.资管（不含现金增利）
7.公募（不含基金投顾）
8.场外公募（不含基金投顾）
9.现金增利
10.资管大集合、资管小集合
11.公募_现金货币类_场内/场外
12.总值","dm_index_n.index_cust_prd_sale_shr_finprd_year","否","宽关键词候选，可能无关","目录候选；库表名称匹配不等于物理身份或实际消费"
"indicator","ind2023080905471713","客户*产品_销售金额_金融产品_当年_无备注信息","本指标包含以下用来区分交易额的标签：
1. 场内场外
2. 公募私募资管OTC
3. 场外公募产品
4. 线上线下
5. 基金投顾
6.资管（不含现金增利）
7.公募（不含基金投顾）
8.场外公募（不含基金投顾）
9.现金增利
10.资管大集合、资管小集合
11.公募_现金货币类_场内/场外
12.总值","dm_index_n.index_cust_prd_sale_amt_finprd_year","否","宽关键词候选，可能无关","目录候选；库表名称匹配不等于物理身份或实际消费"
"indicator","ind2023080941664271","客户*产品_销售份额_金融产品_当月_无备注信息","本指标包含以下用来区分保有额的标签：
1. 场内场外
2. 公募私募资管OTC
3. 场外公募产品
4. 线上线下
5. 基金投顾
6.资管（不含现金增利）
7.公募（不含基金投顾）
8.场外公募（不含基金投顾）
9.现金增利
10.资管大集合、资管小集合
11.公募_现金货币类_场内/场外
12.总值","dm_index_n.index_cust_prd_sale_shr_finprd_mth","否","宽关键词候选，可能无关","目录候选；库表名称匹配不等于物理身份或实际消费"
"indicator","ind2023080982036387","客户*产品_销售金额_金融产品_当月_无备注信息","本指标包含以下用来区分交易额的标签：
1. 场内场外
2. 公募私募资管OTC
3. 场外公募产品
4. 线上线下
5. 基金投顾
6.资管（不含现金增利）
7.公募（不含基金投顾）
8.场外公募（不含基金投顾）
9.现金增利
10.资管大集合、资管小集合
11.公募_现金货币类_场内/场外
12.总值","dm_index_n.index_cust_prd_sale_amt_finprd_mth","否","宽关键词候选，可能无关","目录候选；库表名称匹配不等于物理身份或实际消费"
"indicator","ind2023080934370733","客户_销售份额_金融产品_当日_无备注信息","本指标包含以下用来区分交易额的标签：
1. 场内场外
2. 公募私募资管OTC
3. 场外公募产品
4. 线上线下
5. 基金投顾
6.资管（不含现金增利）
7.公募（不含基金投顾）
8.场外公募（不含基金投顾）
9.现金增利
10.资管大集合、资管小集合
11.公募_现金货币类_场内/场外
12.总值","dm_index_n.index_cust_sale_shr_finprd_tdy","否","宽关键词候选，可能无关","目录候选；库表名称匹配不等于物理身份或实际消费"
"indicator","ind2023080842179607","客户_销售金额_金融产品_当日_无备注信息","本指标包含以下用来区分交易额的标签：
1. 场内场外
2. 公募私募资管OTC
3. 场外公募产品
4. 线上线下
5. 基金投顾
6.资管（不含现金增利）
7.公募（不含基金投顾）
8.场外公募（不含基金投顾）
9.现金增利
10.资管大集合、资管小集合
11.公募_现金货币类_场内/场外
12.总值","dm_index_n.index_cust_sale_amt_finprd_tdy","否","宽关键词候选，可能无关","目录候选；库表名称匹配不等于物理身份或实际消费"
"indicator","ind2023080739581400","客户*产品_销售份额_金融产品_当日_无备注信息","本指标包含以下用来区分保有额的标签：
1. 场内场外
2. 公募私募资管OTC
3. 场外公募产品
4. 线上线下
5. 基金投顾
6.资管（不含现金增利）
7.公募（不含基金投顾）
8.场外公募（不含基金投顾）
9.现金增利
10.资管大集合、资管小集合
11.公募_现金货币类_场内/场外
12.总值","dm_index_n.index_cust_prd_sale_shr_finprd_tdy","否","宽关键词候选，可能无关","目录候选；库表名称匹配不等于物理身份或实际消费"
"indicator","ind2023080461402199","客户*产品_销售金额_金融产品_当日_无备注信息","本指标包含以下用来区分交易额的标签：
1. 场内场外
2. 公募私募资管OTC
3. 场外公募产品
4. 线上线下
5. 基金投顾
6.资管（不含现金增利）
7.公募（不含基金投顾）
8.场外公募（不含基金投顾）
9.现金增利
10.资管大集合、资管小集合
11.公募_现金货币类_场内/场外
12.总值","dm_index_n.index_cust_prd_sale_amt_finprd_tdy","是","宽关键词候选，可能无关","目录候选；库表名称匹配不等于物理身份或实际消费"
"indicator","ind2023080367403060","客户_交易金额_场外公募_自然月_无备注信息","客户_交易金额_场外公募_自然月_无备注信息","dm_index_n.index_grp_cust_dealamt_otcpub_mth","否","宽关键词候选，可能无关","目录候选；库表名称匹配不等于物理身份或实际消费"
"indicator","ind2023080347071067","客户_交易金额_场外私募_当月累计_无备注信息","客户_交易金额_场外私募_当月累计_无备注信息","dm_index_n.index_grp_cust_dealamt_otcpvt_mthaccum","否","宽关键词候选，可能无关","目录候选；库表名称匹配不等于物理身份或实际消费"
"indicator","ind2023080347873462","客户_单笔交易最大金额_场外OTC_当月累计_无备注信息","客户_单笔交易最大金额_场外OTC_当月累计_无备注信息","dm_index_n.index_grp_cust_ehstke_deal_max_amt_otc_mthaccum","否","宽关键词候选，可能无关","目录候选；库表名称匹配不等于物理身份或实际消费"
"indicator","ind2023080347250380","客户_交易金额_场外OTC_自然月_无备注信息","客户_交易金额_场外OTC_自然月_无备注信息","dm_index_n.index_grp_cust_dealamt_otcotc_mth","否","宽关键词候选，可能无关","目录候选；库表名称匹配不等于物理身份或实际消费"
"indicator","ind2023080328681523","客户_交易金额_场外私募_自然月_无备注信息","客户_交易金额_场外私募_自然月_无备注信息","dm_index_n.index_grp_cust_dealamt_otcpvt_mth","否","宽关键词候选，可能无关","目录候选；库表名称匹配不等于物理身份或实际消费"
"indicator","ind2023080355412113","客户_交易金额_场外资管&不含现金增利_当月累计_无备注信息","客户_交易金额_场外资管&不含现金增利_当月累计_无备注信息","dm_index_n.index_grp_cust_dealamt_otcassm_ninclcash_mthaccum","否","宽关键词候选，可能无关","目录候选；库表名称匹配不等于物理身份或实际消费"
"indicator","ind2023080361886650","客户_交易金额_场外OTC_当月累计_无备注信息","客户_交易金额_场外OTC_当月累计_无备注信息","dm_index_n.index_grp_cust_dealamt_otc_mthaccum","否","宽关键词候选，可能无关","目录候选；库表名称匹配不等于物理身份或实际消费"
"indicator","ind2023080317891653","客户_单笔交易最大金额_场外私募_当月累计_无备注信息","客户_单笔交易最大金额_场外私募_当月累计_无备注信息","dm_index_n.index_grp_cust_ehstke_deal_max_amt_otcpvt_mthaccum","否","宽关键词候选，可能无关","目录候选；库表名称匹配不等于物理身份或实际消费"
"indicator","ind2023072602264292","客户_产品代码&产品名称&市值_场外公募基金_近2年_无备注信息","指标值为：基金代码|基金名称|持仓市值，多个产品之间用：“ ; ” 进行分割。
持仓市值为当天最新市值若当天没有持仓则显示：0，若当天持仓市值小于 100 则显示：0.0万","dm_index_n.index_grp_holddet_pub_fnd_last_2year","否","宽关键词候选，可能无关","目录候选；库表名称匹配不等于物理身份或实际消费"
"indicator","ind2023072518603011","客户_总交易金额_场内和场外_每月_零售柜台和机构柜台","某个客户下每月零售柜台和机构柜台下场内和场外的总交易金额","dm_index_n.index_grp_cust_total_tramt_mon","否","宽关键词候选，可能无关","目录候选；库表名称匹配不等于物理身份或实际消费"
"indicator","ind2023072503447060","客户_总交易金额_场内和场外_每日_零售柜台和机构柜台","某个客户下每日零售柜台和机构柜台下场内和场外的总交易金额","dm_index_n.index_grp_cust_total_tramt_eday","否","宽关键词候选，可能无关","目录候选；库表名称匹配不等于物理身份或实际消费"
"indicator","ind2023072535480534","智能运营中台活动_加自选人数_场外理财产品_当日_无备注信息","某智能运营中台活动转化的场外理财产品加自选的人数","dm_index_n.index_grp_mio_campaign_add_opt_otc_cnt","否","宽关键词候选，可能无关","目录候选；库表名称匹配不等于物理身份或实际消费"
"indicator","ind2023070616865206","直播_交割客户数_场内基金&场外产品_当日_无备注信息","场内基金的交割金额单位_元与<场内基金交易来源汇总>这个报表同口径","dm_index_n.index_grp_cust_prd_deli_csut_times_ostfnd_otcprd_tdy","否","宽关键词候选，可能无关","目录候选；库表名称匹配不等于物理身份或实际消费"
"indicator","ind2023070677308800","直播_委托客户数_场内基金&场外产品_当日_无备注信息","下了委托都算，和《产品销售来源汇总》这个报表口径","dm_index_n.index_grp_cust_prd_trust_csut_times_ostfnd_otcprd_tdy","否","宽关键词候选，可能无关","目录候选；库表名称匹配不等于物理身份或实际消费"
"indicator","ind2023070530537571","客户&产品_委托次数_场内基金&场外产品_当日_无备注信息","下了委托都算，和《产品销售来源汇总》这个报表口径","dm_index_n.index_grp_cust_prd_trusttimes_ostfnd_otcprd_tdy","否","宽关键词候选，可能无关","目录候选；库表名称匹配不等于物理身份或实际消费"
"indicator","ind2023061390824907","智能运营中台活动_购买人数_理财产品&服务产品_当日_无备注信息","某智能运营中台活动创造的场内理财产品、增值或投顾服务产品的购买人数","dm_index_n.index_grp_mio_campaign_otc_ost_svr_prd_purch_cnt","否","宽关键词候选，可能无关","目录候选；库表名称匹配不等于物理身份或实际消费"
"indicator","ind2023061355950740","智能运营中台活动_购买笔数_理财产品&服务产品_当日_无备注信息","某智能运营中台活动创造的场内理财产品、增值或投顾服务产品的购买笔数","dm_index_n.index_grp_mio_campaign_otc_ost_svr_prd_purch_num","否","宽关键词候选，可能无关","目录候选；库表名称匹配不等于物理身份或实际消费"
"indicator","ind2023061305929549","智能运营中台活动_购买金额_理财产品&服务产品_当日_无备注信息","某智能运营中台活动创造的场内理财产品、增值或投顾服务产品的购买金额","dm_index_n.index_grp_mio_campaign_otc_ost_svr_prd_purch_amt","否","宽关键词候选，可能无关","目录候选；库表名称匹配不等于物理身份或实际消费"
"indicator","ind2023052302798535","客户_首次开通日期_理财账户_无计算维度_无备注信息","某个客户首次开通理财账户的日期","dm_index_n.index_grp_cust_otc_fir_open_date","否","宽关键词候选，可能无关","目录候选；库表名称匹配不等于物理身份或实际消费"
"indicator","ind2023052339507357","客户_产品保有市值_全产品口径_当日_无备注信息","全产品保有市值_当日（包括场内ETF及场外全口径产品）","dm_index_n.index_grp_whl_prd_ret_amt","是","宽关键词候选，可能无关","目录候选；库表名称匹配不等于物理身份或实际消费"
"indicator","ind2023051020741209","客户_市值_理财产品_近15天到期_零售柜台","1、到期理财产品包含OTC、资管
2、仅包含最近15日到期的理财产品","dm_index_n.index_grp_cust_htm_chrem_prd_ast_15d_rcc","否","宽关键词候选，可能无关","目录候选；库表名称匹配不等于物理身份或实际消费"
"indicator","ind2022123049857256","客户_总交易金额_场内和场外产品销售_近90天_零售和机构柜台","在指标“总交易金额_场内和场外产品销售_零售和机构柜台”的基础上，计算近90天的累计值","dm_index_n.index_grp_trade_amt_exch_otc_d90","是","宽关键词候选，可能无关","目录候选；库表名称匹配不等于物理身份或实际消费"
"indicator","ind2022022400000011","客户_成交金额_场外多金融_当日_零售柜台","某个客户某个产品当天零售柜台场外多金融交易金额(剔除理财产品)","dm_index_n.index_grp_otc_total_trd_amt_rcc","否","宽关键词候选，可能无关","目录候选；库表名称匹配不等于物理身份或实际消费"
"indicator","ind2022022800000011","客户_成交金额_场外多金融_当日_机构柜台","某个客户某个产品当天机构柜台场外多金融交易金额(剔除理财产品)","dm_index_n.index_grp_otc_total_trd_amt_icc","否","宽关键词候选，可能无关","目录候选；库表名称匹配不等于物理身份或实际消费"
"indicator","ind2022022800000001","持仓_成交金额_场外多金融_当日_机构柜台","某个客户某个产品当天机构柜台场外多金融交易金额(剔除理财产品)","dm_index_n.hold_index","是","宽关键词候选，可能无关","目录候选；库表名称匹配不等于物理身份或实际消费"
"indicator","ind2022022400000001","持仓_成交金额_场外多金融_当日_零售柜台","某个客户某个产品当天零售柜台场外多金融交易金额(剔除理财产品)","dm_index_n.hold_index","是","宽关键词候选，可能无关","目录候选；库表名称匹配不等于物理身份或实际消费"
"indicator","ind2022121359540712","客户_日均产品保有市值_全产品口径_当月_无备注信息","全产品保有市值_月度日均（包括场内ETF及场外全口径产品）","dm_index_n.index_grp_whl_prd_ret_amt_avg_mon","否","宽关键词候选，可能无关","目录候选；库表名称匹配不等于物理身份或实际消费"
"indicator","ind2023011010983800","客户*产品_赎回份额_场外金融产品_当日_无备注信息","客户_产品_场外多金融理财赎回份额","dm_index_n.index_grp_client_secu_otc_fin_redeem_vol","否","宽关键词候选，可能无关","目录候选；库表名称匹配不等于物理身份或实际消费"
"indicator","ind2023011389799666","客户*产品_赎回金额_场外金融产品_当日_无备注信息","客户_产品_场外多金融理财赎回份额","dm_index_n.index_grp_client_secu_otc_fin_redeem_amt","否","宽关键词候选，可能无关","目录候选；库表名称匹配不等于物理身份或实际消费"
"indicator","ind2022122331591492","客户*产品_赎回金额_场外衍生品_当日_无备注信息","场外衍生品理财赎回份额","dm_index_n.index_grp_client_secu_otc_deri_redeem_amt","否","名称或表名直接命中专题词","目录候选；库表名称匹配不等于物理身份或实际消费"
"indicator","ind2022122311332449","客户*产品_赎回份额_场外衍生品_当日_无备注信息","场外衍生品理财赎回份额","dm_index_n.index_grp_client_secu_otc_deri_redeem_vol","否","名称或表名直接命中专题词","目录候选；库表名称匹配不等于物理身份或实际消费"
"indicator","ind2022122361056834","客户_赎回金额_场外衍生品_当日_无备注信息","场外衍生品理财赎回金额","dm_index_n.index_grp_otc_deri_redeem_amt","否","名称或表名直接命中专题词","目录候选；库表名称匹配不等于物理身份或实际消费"
"indicator","ind2022122367251909","客户_赎回份额_场外衍生品_当日_无备注信息","场外衍生品理财赎回份额","dm_index_n.index_grp_otc_deri_redeem_vol","否","名称或表名直接命中专题词","目录候选；库表名称匹配不等于物理身份或实际消费"
"indicator","ind2022121446263646","客户_日均产品保有市值_全产品口径_当年_无备注信息","全产品保有市值_年度日均（包括场内ETF及场外全口径产品）","dm_index_n.index_grp_whl_prd_ret_amt_avg_year","是","宽关键词候选，可能无关","目录候选；库表名称匹配不等于物理身份或实际消费"
"indicator","ind2022121320040454","员工场外金融产品盈利客户占比","场外金融产品盈利客户占比","dm_index_n.index_grp_prd_pos_cnt_rati","否","宽关键词候选，可能无关","目录候选；库表名称匹配不等于物理身份或实际消费"
"indicator","ind2022110980996759","认购份额_当日_零售柜台","某持仓单元当日认购收益凭证份额_零售柜台","dm_index_n.hold_index","是","宽关键词候选，可能无关","目录候选；库表名称匹配不等于物理身份或实际消费"
"indicator","ind2022110902969296","认购金额_当日_零售柜台","某持仓单元当日认购收益凭证金额_零售柜台","dm_index_n.hold_index","是","宽关键词候选，可能无关","目录候选；库表名称匹配不等于物理身份或实际消费"
"indicator","ind2022110354425844","持有金额_零售柜台","某持仓单元的收益凭证持有金额","dm_index_n.hold_index","是","宽关键词候选，可能无关","目录候选；库表名称匹配不等于物理身份或实际消费"
"indicator","ind2022022400000012","客户_申购金额_场外基金_当日_零售柜台","某个客户某个产品当天零售柜台场外基金申购金额","dm_index_n.index_grp_otc_fund_purs_amt_rcc","否","宽关键词候选，可能无关","目录候选；库表名称匹配不等于物理身份或实际消费"
"indicator","ind2022022400000013","客户_赎回金额_场外基金_当日_零售柜台","某个客户某个产品当天零售柜台场外基金赎回金额","dm_index_n.index_grp_otc_fund_redeem_amt_rcc","否","宽关键词候选，可能无关","目录候选；库表名称匹配不等于物理身份或实际消费"
"indicator","ind2022022400000014","客户_认购金额_场外基金_当日_零售柜台","某个客户某个产品当天零售柜台场外基金认购金额","dm_index_n.index_grp_otc_fund_subs_amt_rcc","否","宽关键词候选，可能无关","目录候选；库表名称匹配不等于物理身份或实际消费"
"indicator","ind2022092900000003","客户_净佣金收入_中腰部私募客户&普通股基交易&交叉销售分成_本日_无备注信息","交叉销售_中腰部私募客户_普通股基交易净佣金收入研发分成","dm_index_n.index_grp_net_cms_rms_share_mon","否","名称或表名直接命中专题词","目录候选；库表名称匹配不等于物理身份或实际消费"
"indicator","ind2022080300000001","定投次数_场外基金","某个客户某个场外基金产品当天定投次数","dm_index_n.hold_index","是","宽关键词候选，可能无关","目录候选；库表名称匹配不等于物理身份或实际消费"
"indicator","ind2022080300000003","定投金额_场外基金","某个客户某个场外基金产品当天定投金额","dm_index_n.hold_index","是","宽关键词候选，可能无关","目录候选；库表名称匹配不等于物理身份或实际消费"
"indicator","ind2022022400000002","持仓_申购金额_场外基金_当日_零售柜台","某个客户某个产品当天零售柜台场外基金申购金额","dm_index_n.hold_index","是","宽关键词候选，可能无关","目录候选；库表名称匹配不等于物理身份或实际消费"
"indicator","ind2022022400000003","持仓_赎回金额_场外基金_当日_零售柜台","某个客户某个产品当天零售柜台场外基金赎回金额","dm_index_n.hold_index","是","宽关键词候选，可能无关","目录候选；库表名称匹配不等于物理身份或实际消费"
"indicator","ind2022022400000004","持仓_认购金额_场外基金_当日_零售柜台","某个客户某个产品当天零售柜台场外基金认购金额","dm_index_n.hold_index","是","宽关键词候选，可能无关","目录候选；库表名称匹配不等于物理身份或实际消费"
"indicator","ind2024101600684801","营业部&分公司_机构交叉销售收入_引荐场外衍生品业务私募客群_当年_无备注信息","机构交叉销售收入-引荐场外衍生品业务-私募客群","dm_index_n.index_grp1_cocsincome_rcmdotcderi_pvt","否","名称或表名直接命中专题词","目录候选；库表名称匹配不等于物理身份或实际消费"
"indicator","ind2024101607716633","营业部&分公司_机构交叉销售收入_引荐场外衍生品业务同业客群_当年_无备注信息","机构交叉销售收入-引荐场外衍生品业务-同业客群","dm_index_n.index_grp1_cocsincome_rcmdotcderi_ib","否","名称或表名直接命中专题词","目录候选；库表名称匹配不等于物理身份或实际消费"
"indicator","ind2024101682793798","营业部&分公司_机构交叉销售收入_引荐场外衍生品业务企业客群_当年_无备注信息","机构交叉销售收入-引荐场外衍生品业务-同业客群","dm_index_n.index_grp1_cocsincome_rcmdotcderi_co","否","名称或表名直接命中专题词","目录候选；库表名称匹配不等于物理身份或实际消费"
"indicator","ind2024043021025556","广发证券_保证金余额_衍生品_当日_无备注信息","广发证券_保证金余额_衍生品_金仕达/期权/混用/互换账户_当日","dm_index_n.index_grp1_bailbal_deri_tdy","否","宽关键词候选，可能无关","目录候选；库表名称匹配不等于物理身份或实际消费"
"indicator","ind2025071563140768","员工_日均保有金额_全产品&私财总经理_当月_零售和机构柜台","按照汇总求和私财总经理团队下的私财员工的产品日均保有。
说明：
1、产品日均保有:在筛选私财员工和私财客户的基础上，（交叉销售表的数据需要打五折，部分客户应业务特殊要求不需要打折）
2、总经理指的是人员类别为私人财富序列，且岗位是'私人财富中心副总经理（负责全面工作）','私人财富中心总经理','总经理','副总经理（负责全面工作）'的员工。","dm_index_n.index_grp1_emp_apdtnramt_fullprd_prigeneralmag_mth_ricc","否","宽关键词候选，可能无关","目录候选；库表名称匹配不等于物理身份或实际消费"
"indicator","ind2025061909896932","员工_金融产品创收_私财总经理&私财客户&剔除托管费&剔除赎回费_当月_零售和机构柜台","汇总求和私财总经理团队成员的产品创收。
1、说明：产品创收需剔除赎回费，托管费，公募产品户佣金，OTC奖励等费用。具体包含创收项可见在线文档：https://doc.weixin.qq.com/sheet/e3_AZYAGQY2APA1u1ZWfhMSm2AlD1RiR?scode=AH4A_wdgAAYxBZne0UAZ0AMgbVAK4&tab=BB08J2
2、每月5号左右手动调度产出上月数据。","dm_index_n.index_grp1_emp_finprdincome_prigeneral_mag_mth_ricc","否","宽关键词候选，可能无关","目录候选；库表名称匹配不等于物理身份或实际消费"
"indicator","ind2025061670934625","员工_全口径创收_开发关系&私财总经理&剔除赎回费_当月_零售和机构柜台","按照开发关系为主汇总求和私财总经理团队下的私财员工的总创收。
说明：
1、每月5号左右手动调度产出上月数据。
2、全口径创收 = 传统业务创收+财富管理创收（剔除赎回费）+证金业务创收+期权业务创收+交叉销售创收
3、总经理指的是人员类别为私人财富序列，且岗位是'私人财富中心副总经理（负责全面工作）','私人财富中心总经理','总经理','副总经理（负责全面工作）'的员工。","dm_index_n.index_grp1_emp_fullcaliincome_devrela_prigeneralmag_mth_ricc","否","宽关键词候选，可能无关","目录候选；库表名称匹配不等于物理身份或实际消费"
"indicator","ind2025061921451198","员工_非产品创收_开发关系&私财总经理_当月_零售和机构柜台","按照开发关系为主汇总求和私财总经理团队下的私财员工的非产品创收。
说明：
1、每月5号左右手动调度产出上月数据。
2、非产品创收 = 传统业务创收+证金业务创收+期权业务创收+OTC创收+平台增值业务创收+资讯创收
3、总经理指的是人员类别为私人财富序列，且岗位是'私人财富中心副总经理（负责全面工作）','私人财富中心总经理','总经理','副总经理（负责全面工作）'的员工。","dm_index_n.index_grp1_emp_notprdincome_prigeneralmag_mth_ricc","否","宽关键词候选，可能无关","目录候选；库表名称匹配不等于物理身份或实际消费"
"indicator","ind2024062771477393","客户*机构*员工_标准资产_折算后_当年日均&每日重刷当月数据_无备注信息","折算后标准资产 = 每月天数*每月资产之和/年初到跑数日期时的总天数，其中客户员工关系为：托管资产和场外衍生品相关资产直接来源于上游数据，其他资产为资产包关系客户员工，具体标签见：具体标签见：https://doc.weixin.qq.com/sheet/e3_AZYAGQY2APA6gcWuDgCQoiEbs5w6R?scode=AH4A_wdgAAYLrEhmFLAUcAugYyAPM&tab=BB08J2
具体口径见：https://doc.weixin.qq.com/sheet/e3_AI4A2gaAAEw1cOe1OwHSZmKHJ0UUW?scode=AH4A_wdgAAYnlsDZcVAUcAugYyAPM&tab=qllz8j","dm_index_n.index_grp3_cust_org_emp_std_ast_aft_covt_year_apd","是","宽关键词候选，可能无关","目录候选；库表名称匹配不等于物理身份或实际消费"
"indicator","ind2024062616542473","客户*机构*员工_标准资产_折算前&异地开户切分&产品户比例切分_当年日均&每日重刷当月数据_无备注信息","折算前标准资产 = 当年总资产/当年自然日天数，其中客户员工关系为：托管资产和场外衍生品相关资产直接来源于上游数据，其他资产为资产包关系客户员工，详细标签见：https://doc.weixin.qq.com/sheet/e3_AZYAGQY2APA6gcWuDgCQoiEbs5w6R?scode=AH4A_wdgAAYRRDjIF6AUcAugYyAPM&tab=BB08J2
具体口径见：https://doc.weixin.qq.com/sheet/e3_AI4A2gaAAEw1cOe1OwHSZmKHJ0UUW?scode=AH4A_wdgAAYnlsDZcVAUcAugYyAPM&tab=qllz8j","dm_index_n.index_grp3_cust_org_emp_std_ast_bef_covt_year_apd","是","宽关键词候选，可能无关","目录候选；库表名称匹配不等于物理身份或实际消费"
"indicator","ind2023103012113342","客户_创收_证金业务&期权业务&财富管理&传统业务&交叉销售业务_累计_零售和机构柜台","指标值=证金业务创收+期权业务创收+财富管理创收+传统业务创收+交叉销售业务创收，
每日更新历史累计数据。","dm_index_n.index_grp1_cust_totl_incm_acc_all","否","名称或表名直接命中专题词","目录候选；库表名称匹配不等于物理身份或实际消费"
"indicator","ind2024082019735071","客户_累计收益率_无限制条件_最近半年_零售和机构柜台","客户近六月收益率（全账户/普通/信用/期权/养老金/股基/普通场内股基/信用场内股基/普通场外基金）
全账户/普通/信用/期权/养老金区间累计收益率是利用每日收益率去进行累乘计算；
股基/普通场内股基/信用场内股基/普通场外基金区间累计收益率是基于单券级别的模型表采用资金加权算法计算（收益率=(期末市值-期初市值+累计卖出金额-累计买入金额)/(期初市值+累计加权资金)）","dm_index_n.index_grp1_cust_yield_recenthalfyear_retandorgcntr","否","宽关键词候选，可能无关","目录候选；库表名称匹配不等于物理身份或实际消费"
"indicator","ind2024061109624021","客户_累计收益率_无限制条件_近三个月_零售和机构柜台","客户近三月收益率（全账户/普通/信用/期权/养老金/股基/普通场内股基/信用场内股基/普通场外基金）
全账户/普通/信用/期权/养老金区间累计收益率是利用每日收益率去进行累乘计算；
股基/普通场内股基/信用场内股基/普通场外基金区间累计收益率是基于单券级别的模型表采用资金加权算法计算（收益率=(期末市值-期初市值+累计卖出金额-累计买入金额)/(期初市值+累计加权资金)）","dm_index_n.index_grp1_cust_yield_recenttremth_retandorgcntr","否","宽关键词候选，可能无关","目录候选；库表名称匹配不等于物理身份或实际消费"
"indicator","ind2025052026928453","客户_交易金额_高龄及奖励停发_当日_无备注信息","符合回访中心高龄及奖励停发定义，且满足当日有至少一笔银证转入、转出或场内场外金融产品交易或衍生品交易的客户，累积所有类型交易的交易金额","dm_index_n.index_grp1_trdamt_highageandrwd_tdy","否","宽关键词候选，可能无关","目录候选；库表名称匹配不等于物理身份或实际消费"
"indicator","ind2023072564888986","客户_首次交易日期_场外&金融产品_当日_无备注信息","计算客户名下不同类型金融产品首次交易日期；
包括以下金融产品类型的首次交易日期：资管、OTC、私募、场外公募、公募（剔除基金投顾）、资管（不含现金增利；
场内外属性：只包含场外","dm_index_n.index_grp1_cust_firdealdate_finprd_tdy","否","宽关键词候选，可能无关","目录候选；库表名称匹配不等于物理身份或实际消费"
"indicator","ind2023113014944636","客户_销售次数_金融产品_当日_无备注信息","本指标包含以下用来区分交易额的标签：
1. 场内场外
2. 公募私募资管OTC
3. 场外公募产品
4. 线上线下
5. 基金投顾
6.资管（不含现金增利）
7.公募（不含基金投顾）
8.场外公募（不含基金投顾）
9.现金增利
10.资管大集合、资管小集合
11.公募_现金货币类_场内/场外
12.总值","dm_index_n.index_grp1_saletimes_finprd_tdy","否","宽关键词候选，可能无关","目录候选；库表名称匹配不等于物理身份或实际消费"
"indicator","ind2025042236882933","客户&营业部_成交金额_场内&场外&普通账户&信用账户&不含新股申购&不含国债回购_当日_零售和机构柜台","当日场内和场外的普通账户和信用账户的成交金额，不含新股申购且不含国债回购","dm_index_n.index_grp1_tramt_ost_otc_tdy_ricc","否","宽关键词候选，可能无关","目录候选；库表名称匹配不等于物理身份或实际消费"
"indicator","ind2025051301987954","客户&营业部_市值_普通账户不含休眠纯资金户&信用账户&场外_当日_零售和机构柜台","场内市值取普通账户和信用账户，其中普通账户剔除休眠户和纯资金户
场外基金市值= 当天的基金份额* 基金净值，若净值为null，则取参考市值，若参考市值为null，则取当前份额","dm_index_n.index_grp1_mval_tdy_ricc","否","宽关键词候选，可能无关","目录候选；库表名称匹配不等于物理身份或实际消费"
"indicator","ind2023070596131446","客户_产品销售次数_无限制条件_当年_无备注信息","客户当年购买产品总次数，同一天多次购买同一个产品，则合并计算为一次,包含场外公募，私募，OTC，资管等","dm_index_n.index_grp_cust_prdsaletimes_year","否","宽关键词候选，可能无关","目录候选；库表名称匹配不等于物理身份或实际消费"
"indicator","ind2025052805099441","客户_创收_全口径_当月&每月10号固化上月数据_零售和机构柜台","计算客户的当月累计全口径创收。全口径创收 = 传统业务创收+财富管理创收+证金业务创收+期权业务创收+交叉销售创收；每天更新当月及上月数据，10号固化上月数据。","dm_index_n.index_grp1_cust_income_fullcali_mth_ricc","是","宽关键词候选，可能无关","目录候选；库表名称匹配不等于物理身份或实际消费"
"indicator","ind2023091186099890","客户_末次交易金额_场内和场外产品销售_无计算维度_零售和机构柜台","客户最近一次交易金额，包括场内和场外产品销售和金快线产品，其中数据是从2018-06-01开始统计","dm_index_n.index_grp1_tradeamt_exch_otc_last","否","宽关键词候选，可能无关","目录候选；库表名称匹配不等于物理身份或实际消费"
"indicator","ind2024092550293001","客户*产品_销售次数_金融产品_当年_无备注信息","同个产品当天多笔交易记为一次
本指标包含以下用来区分交易额的标签：
1. 场内场外
2. 公募私募资管OTC
3. 场外公募产品
4. 线上线下
5. 基金投顾
6.资管（不含现金增利）
7.公募（不含基金投顾）
8.场外公募（不含基金投顾）
9.现金增利
10.资管大集合、资管小集合
11.公募_现金货币类_场内/场外
12.总值","dm_index_n.index_grp2_saletimes_finprd_year","否","宽关键词候选，可能无关","目录候选；库表名称匹配不等于物理身份或实际消费"
"indicator","ind2023090843237044","客户_首次交易日期_场内&场外产品销售&含金快线_无计算维度_零售和机构柜台","客户全产品和全平台首次交易日期且含金快线，统计时间开始为2019-01-01","dm_index_n.index_grp1_cust_tradeamt_exch_otc_goldexpress_first_date","否","宽关键词候选，可能无关","目录候选；库表名称匹配不等于物理身份或实际消费"
"indicator","ind2022083100000111","客户_定投总金额_场外产品_无计算维度_无备注信息","某个客户下场外产品定投总金额","dm_index_n.index_grp_fund_dt_total_amt","否","宽关键词候选，可能无关","目录候选；库表名称匹配不等于物理身份或实际消费"
"indicator","ind2024090580623990","ECRM客户*内部机构_最新项目合作日期_无限制条件_截至当日_无备注信息","按管理人客户*承揽（引入）机构维度， 统计截至当日，各项目类型的最新合作（开始）日期。标签区分项目类型：
1. tag074446814: 托管外包(存续), 资产托管+基金外包，且产品状态为存续；
2. tag074446815： 托管外包(全量)，资产托管+基金外包；
3. tag074446816：场外期权(定制衍生品)；
4. tag074446817：研究服务（最新开始日期）；
5. tag074446818：账户交易；
6. tag074446819：产品销售；
7. tag074446820：代销外部金融产品；
8. tag074446821：其他， 除上述类型之外其他“项目合作”。
9. tag074447011: 研究服务_结束时间，研究服务的最近结束合作日期。","dm_index_n.index_grp2_ecrm_cust_inr_org_last_proj_co_date_end_tdy","否","宽关键词候选，可能无关","目录候选；库表名称匹配不等于物理身份或实际消费"
"indicator","ind2024082786578718","ECRM客户_项目合作数量_无限制条件_截至当日_无备注信息","按ecrm客户维度，统计截至当日项目合作数量, 项目类型如下:
1. tag074446814: 托管外包(存续), ""项目合作""类型中业务类型属于""资产托管""和""基金外包""的产品状态为""存续""的业务合作项目数;
2. tag074446815: 托管外包(全量), ""项目合作""类型中业务类型属于""资产托管""和""基金外包""的业务合作项目数;
3. tag074446816: 场外期权, ""项目合作""类型中业务类型属于""定制衍生品""的业务合作项目数;
4. tag074446817: 研究服务, ""项目合作""类型中业务类型属于""研究服务业务""的业务合作项目数;
5. tag074446818: 账户交易, ""账户交易""类型下的业务合作项目数;
6. tag074446819: 产品销售, ""产品销售""类型下的业务合作项目数;
7. tag074446820: 代销外部金融产品, ""项目合作""类型中业务类型属于""代销金融产品""的业务合作项目数;
8. tag074446821: 其他, ""项目合作""类型中除上述""项目合作""包含业务类型之外的业务合作项目数。","dm_index_n.index_grp1_ecrm_cust_proj_co_qty_end_tdy","否","宽关键词候选，可能无关","目录候选；库表名称匹配不等于物理身份或实际消费"
"indicator","ind2024090494540705","ECRM客户*内部机构_承揽项目数量_无限制条件_截至当日_无备注信息","按客户*承揽机构维度，统计截至当日的项目合作数量(含历史)。标签区分项目类型：
1. tag074446814：托管外包(存续)；
2. tag074446815：托管外包(全量)
3. tag074446816：场外期权(定制衍生品)；
4. tag074446817：研究服务；
5. tag074446818：账户交易；
6. tag074446819：产品销售；
7. tag074446820：代销外部金融产品；
8. tag074446821：除上述类型之外的其他“项目合作”","dm_index_n.index_grp2_ecrm_cust_inr_org_proj_co_qty_end_tdy","否","宽关键词候选，可能无关","目录候选；库表名称匹配不等于物理身份或实际消费"
"indicator","ind2024090586196463","ECRM客户_最新项目合作日期_无承揽部门_截至当日_无备注信息","按管理人客户维度， 统计截至当日，各项目类型的最新合作（开始）日期。标签区分项目类型：
1. tag074446814: 托管外包(存续), 资产托管+基金外包，且产品状态为存续；
2. tag074446815： 托管外包(全量)，资产托管+基金外包；
3. tag074446816：场外期权(定制衍生品)；
4. tag074446817：研究服务（最新开始日期）；
5. tag074446818：账户交易；
6. tag074446819：产品销售；
7. tag074446820：代销外部金融产品；
8. tag074446821：其他， 除上述类型之外其他“项目合作”。
9.tag074447011 : 研究服务_结束时间，研究服务的最近合作结束日期。","dm_index_n.index_grp1_ecrm_cust_last_proj_co_date_no_busi_dept_end_tdy","否","宽关键词候选，可能无关","目录候选；库表名称匹配不等于物理身份或实际消费"
"indicator","ind2024082714816526","ECRM客户_最新项目合作日期_无限制条件_截至当日_无备注信息","按管理人客户维度， 统计截至当日，各项目类型的最新合作（开始）日期。标签区分项目类型：
1. tag074446814: 托管外包(存续), 资产托管+基金外包，且产品状态为存续；
2. tag074446815： 托管外包(全量)，资产托管+基金外包；
3. tag074446816：场外期权(定制衍生品)；
4. tag074446817：研究服务（最新开始日期）；
5. tag074446818：账户交易；
6. tag074446819：产品销售；
7. tag074446820：代销外部金融产品；
8. tag074446821：其他， 除上述类型之外其他“项目合作”。
9.tag074447011 : 研究服务_结束时间，研究服务的最近合作结束日期。","dm_index_n.index_grp1_ecrm_cust_last_proj_co_date_end_tdy","否","宽关键词候选，可能无关","目录候选；库表名称匹配不等于物理身份或实际消费"
"indicator","ind2023072630488619","客户*产品_加自选次数_场外理财产品_当日_无备注信息","某客户当天添加某场外理财产品自选的次数","dm_index_n.index_grp_cust_prd_add_opt_otc_cnt","否","宽关键词候选，可能无关","目录候选；库表名称匹配不等于物理身份或实际消费"
"indicator","ind2023072478015522","智能运营中台活动*客户_加自选日期_场外理财产品_无计算维度_无备注信息","某智能运营中台活动的某个客户添加场外理财产品自选的日期","dm_index_n.index_grp_mio_campaign_cust_add_opt_otc_cnt","否","宽关键词候选，可能无关","目录候选；库表名称匹配不等于物理身份或实际消费"
"indicator","ind2023082874532239","客户_加自选日期_场外基金_首次_无备注信息","客户首次添加场外基金自选日期","dm_index_n.index_grp_cust_add_selfopt_date_otcfnd_fir","否","宽关键词候选，可能无关","目录候选；库表名称匹配不等于物理身份或实际消费"
"indicator","ind2024082280290950","持仓_成本金额_资产核算&场外证券_当日_零售和机构柜台","资产核算流水生成持仓指标(pdata_pcav_n.mid_sta_acs_single_fund_daily_profit.day_cost_balance)","dm_index_n.pcav_hold_index","是","宽关键词候选，可能无关","目录候选；库表名称匹配不等于物理身份或实际消费"
"indicator","ind2024082360085639","客户*产品_末次委托日期_场外证券_当日_无备注信息","客户首次购买场外金融产品的委托日期","dm_index_n.index_grp2_endtrustdate_otcscr_tdy","否","宽关键词候选，可能无关","目录候选；库表名称匹配不等于物理身份或实际消费"
"indicator","ind2024071850971751","持仓_盈亏金额_资产核算&场外证券_当日_零售和机构柜台","资产核算流水生成持仓盈亏金额指标","dm_index_n.pcav_hold_index","是","宽关键词候选，可能无关","目录候选；库表名称匹配不等于物理身份或实际消费"
"indicator","ind2024081490026246","客户_首次购买明细_收益凭证产品&18年以来_无计算维度_无备注信息","客户18年以来，首次购买收益凭证名称，由产品名称+购买日期拼接，如果是新客or专享理财产品则产品名称在原有基础上加'（专享）' 例如 
新客宝收益凭证1号7天期(专享)|2018-08-16","dm_index_n.index_grp1_firpurchdet_income_vchrprd_18year","否","宽关键词候选，可能无关","目录候选；库表名称匹配不等于物理身份或实际消费"
"indicator","ind2023072479030373","客户_首次购买日期_收益凭证产品&18年以来_无计算维度_无备注信息","18年以来收益凭证产品首次购买日期","dm_index_n.index_cust_first_date_sypz_aft_2018","否","宽关键词候选，可能无关","目录候选；库表名称匹配不等于物理身份或实际消费"
"indicator","ind2023122561553957","客户_距离到期日剩余天数_专享理财资格_无计算维度_无备注信息","数据日期12月7日，查询日期12月8日，资格到期日12月9日，显示剩余天数=1
专享理财包括：金快线、收益凭证","dm_index_n.index_grp1_maty_dateremndays_chremqual","否","宽关键词候选，可能无关","目录候选；库表名称匹配不等于物理身份或实际消费"
"indicator","ind2024080624370867","账套_存出保证金_估值_每日_托管与外包","托管、外包估值系统的估值表，科目【1031】存出保证金的当日汇总市值。
一、托管估值表：取已确认估值数据，标签区分存出保证金的持仓类型：
1. tag999999999：1031 默认合计
2. tag074446396：103105 期货
3. tag074446397：103107 个股期权
4. tag074446398：103109 商品期权
5. tag074446399：103111 场外期权
6. tag074446400：103116 收益互换","dm_index_n.index_grp1_sob_dpst_for_recg_valu_cstd_oserv_day","是","宽关键词候选，可能无关","目录候选；库表名称匹配不等于物理身份或实际消费"
"indicator","ind2023041464185969","客户_首次成为有效户日期_运营口径_无计算维度_无备注信息","客户首次成为运营有效户日期：
23年以前口径：有效户（运营）：上个月10号-25号日均净资产>10000  or  最近3个月交易额>10000  （日期：取月末） 

23年以后口径：最近90天累计交易额大于等于1万元或当月10-25日日均资产大于等于1万
数据统计范围：从2014-01-01数据开始统计
日期：取当月月末

tips: 23年以前旧口径的最近3个与交易金额主要包括（场内基金交易金额+资管交易金额【不含现金增利】+私募交易金额+OTC交易金额+场外产品公募交易金额+股票交易金额+债券交易金额）
23年以后的交易金额：场内交易金额+场外理财购买（剔除现金增利）","dm_index_n.index_grp_bcm_vld_acct_date_fir_oper","否","宽关键词候选，可能无关","目录候选；库表名称匹配不等于物理身份或实际消费"
"indicator","ind2023102418776074","客户_委托金额_直播&场内etf及场外产品_累计_零售和机构柜台","客户在直播间（含预告页、直播观看和回放观看）下单产品订单的客户（统计的为委托下单，非交割下单）累计委托金额
统计产品范围： 场内etf +场外产品
统计时间范围：场内从2022-05-16开始（实际数据从这一天才开始有数）
场外从2021-12-13开始统计（实际数据从这一天才开始有数）","dm_index_n.index_grp1_trustamt_strm_ostetfandotcprd_accum_retandorgcntr","否","宽关键词候选，可能无关","目录候选；库表名称匹配不等于物理身份或实际消费"
"indicator","ind2024042474065361","客户_产品到期日期_无限制条件_当年_无备注信息","到期的产品（当年)
产品范围： 包括收益凭证、金快线产品
数据格式： 
GIXZK0|广发收益宝1号7天期|2024-01-23;GIXZG0|广发收益宝1号7天期|2024-01-18","dm_index_n.index_grp1_matyprd_year","否","宽关键词候选，可能无关","目录候选；库表名称匹配不等于物理身份或实际消费"
"indicator","ind2024011677907648","客户_到期产品_无限制条件_未来7天_无备注信息","到期的产品(未来7天)
产品范围： 包括收益凭证、金快线产品
数据格式： 
GIXZK0|广发收益宝1号7天期|2024-01-23;GIXZG0|广发收益宝1号7天期|2024-01-18","dm_index_n.index_grp1_matyprd_prd_last7day","否","宽关键词候选，可能无关","目录候选；库表名称匹配不等于物理身份或实际消费"
"indicator","ind2023122545786806","客户_资格次数_专享理财白名单_当日_无备注信息","专享理财白名单资格次数：
根据‘客户_持有卡券开始日期_理财特权卡券_当日 【ind2023111375497720】' 计算 金快线、收益凭证资格次数","dm_index_n.index_grp1_qualtimes_chremwl_tdy","否","宽关键词候选，可能无关","目录候选；库表名称匹配不等于物理身份或实际消费"
"indicator","ind2024070869199905","广发证券_交易规模_场外衍生品报备合约_当月_无备注信息","场外衍生品全量合约剔除无需报备在当月新增的期初名义本金","dm_index_n.index_grp1_dealscal_otcderirgstcomp_mth","是","名称或表名直接命中专题词","目录候选；库表名称匹配不等于物理身份或实际消费"
"indicator","ind2024070561739587","广发证券_合约规模_场外衍生品报备合约_当月月末_无备注信息","场外衍生品全量合约剔除无需报备在当月月末的动态名义本金","dm_index_n.index_grp1_compscal_otcderirgstcomp_mthend","是","名称或表名直接命中专题词","目录候选；库表名称匹配不等于物理身份或实际消费"
"tag","tagdim102837","场外衍生品创收合约范围","场外衍生品创收合约范围：创收-期权；创收-常速互换；创收-多空互换；","dm_index_n.grp_tag_otc_deri_contr_rev_contr_scop","是","名称或表名直接命中专题词","目录候选；库表名称匹配不等于物理身份或实际消费"
"tag","tagdim102823","业务系统","业务系统：CRM-金管家综合服务系统；OIS-OTC运营管理系统","dm_index_n.hold_tag_relation","是","宽关键词候选，可能无关","目录候选；库表名称匹配不等于物理身份或实际消费"
"tag","tagdim102814","场外衍生品交叉合约类型","场外衍生品交叉合约类型","dm_index_n.grp_tag_otc_deri_contr_cros_contr_type","是","名称或表名直接命中专题词","目录候选；库表名称匹配不等于物理身份或实际消费"
"tag","tagdim102807","金融产品业务类型","金融产品业务类型：公募、私募、OTC、资管","dm_index_n.grp_tag_news_secu_fin_prd_busi_type","否","宽关键词候选，可能无关","目录候选；库表名称匹配不等于物理身份或实际消费"
"tag","tagdim102272","持仓资产分段","前持仓资产分段：股票+场内基金+通用回购逆回购+收益凭证+债券
0
(0-100)
[100-1000)
[1000-1万)
[1万-3万)
[3万-10万)
[10万-20万)
[20万-30万)
[30万50-万)
[50万-100万)
[100万-500万)
500万以上","dm_index_n.grp_tag_client_pos_ast_dispseg","否","宽关键词候选，可能无关","目录候选；库表名称匹配不等于物理身份或实际消费"
"tag","tagdim102269","客户_是否有交易_历史以来","客户是否有交易历史以来
包含：股票，收益凭证，ETF，债券，通用回购逆回购","dm_index_n.grp_tag_client_have_trade_his","否","宽关键词候选，可能无关","目录候选；库表名称匹配不等于物理身份或实际消费"
"tag","tagdim102300","客户_考核存量富裕高净值客户类型_大集中柜台个人客户_当日","存量富裕高净值客户标签：
存量客户：去年年12月25日前已开户个人客户，客户状态为正常（不含销户、休眠、空户）。
资产条件：当年年任意月份10-25日交易日日均净资产大于等于50万元。对于存在一人多户满足富裕高净值客户资产条件的，仅按1户计入，（取最早开户的账户）
资产口径：净资产口径含现金（普通账户、信用账户和衍生品账户）、市值（普通账户、信用账户和衍生品账户，具体含场内股基债、场外金融产品、衍生品市值等）、利息（通用回购逆回购、金快线），剔除负债（通用回购正回购、两融等合约负债），大小非、新三板资产按5%折算。
标签分类如下：
1-当年存量富裕高净值客户：指当年满足富裕高净值资产条件的存量客户
2-去年留存富裕高净值客户：存量客户中，今年满足富裕高净值条件，且名下有去年满足富裕高净值条件的账户
3-当年存量客户转化新增富裕高净值客户:存量客户中，今年满足富裕高净值条件，且名下没有去年满足富裕高净条件的账户
4-去年存量富裕高净值客户：指存量客户中，去年满足富裕高净值条件的客户
5-当年疑似流失富裕高净值客户:指存量客户中，去年名下有存量账号满足富裕高净值客户条件,但今年没有","dm_index_n.grp_tag_indv_cust_exam_wlth_hnw_cust_type","否","宽关键词候选，可能无关","目录候选；库表名称匹配不等于物理身份或实际消费"
"tag","tagdim102302","是否当年存量活跃客户","存量活跃客户条件：
1、2026年任意月份10-25日交易日日均净资产大于等于10万元。其中,净资产口径含现金（普通账户、信用账户和衍生品账户）、市值（普通账户、信用账户和衍生品账户，具体含场内股基债、场外金融产品、衍生品市值等）、利息（通用回购逆回购、金快线），剔除负债（通用回购正回购、两融等合约负债），大小非、新三板资产按5%折算。
2、剔除65岁+的高龄客户
3、剔除纯B股账户客户 
4、剔除名下无任意交易账户客户。 
5、剔除机构客户
6、剔除近5年未登录过易淘金客户及未开通手机委托权限的客户。","dm_index_n.grp_tag_indv_cust_is_actv","是","宽关键词候选，可能无关","目录候选；库表名称匹配不等于物理身份或实际消费"
"tag","tagdim102278","其他理财资产分段","其他理财资产分段：(可转债+通用回购逆回购+收益凭证+其他债券)
！不含报价回购
0
(0-100)
[100-1000)
[1000-1万)
[1万-3万)
[3万-10万)
[10万-20万)
[20万-30万)
[30万50-万)
[50万-100万)
[100万-500万)
500万以上","dm_index_n.grp_tag_client_oth_chrem_ast_dispseg","否","宽关键词候选，可能无关","目录候选；库表名称匹配不等于物理身份或实际消费"
"tag","tagdim101376","当年新开个人客户类型_分支机构考核口径","指符合以下开户条件之一且符合资产条件的个人客户：
开户条件：①上年12月26日-当年12月25日新开户客户，剔除同一客户（证件类型、证件号码、客户名称三要素相同）在系统内已存在其他账户（销户、休眠、空户除外）；②当年初定义休眠与空户，且激活成功客户。激活条件参考新开发有效客户；③因分支机构拓展股权激励综合服务业务首次在我司开户，且在上年12月25日前除持有限制性股票或股票期权外，没有其他资产。
资产条件：当年任意月份10-25日交易日日均净资产大于等于50万元计为富裕客户，日均净资产大于等于500万元计为高净值客户。为适当辅以有效户开发一定的考核体现，对当年任意月份10-25日交易日日均净资产在10万-50万以下的客户，以10万为单位折算0.2户，计入新增富裕高净值客户数考核。净资产口径含现金（普通账户、信用账户和衍生品账户）、市值（普通账户、信用账户和衍生品账户，具体含场内股基债、场外金融产品、衍生品市值等）、利息（通用回购逆回购、金快线），剔除负债（通用回购正回购、两融等合约负债），大小非、新三板资产按5%折算
为引导加强两融客户的开发，对于2025年新开或激活信用账户的个人客户，设置相应折算系数，计入新开富裕高净值客户数考核，具体折算规则如下：
①信用账户全新开：2025年新开富裕高净值客户，若2025年同时开立信用账户，额外折算0.5户，计入新开富裕高净值客户数考核。
②信用账户标准新开：2025年之前存量普通客户，若2025年在我司新开立信用账户且激活（产生隔夜负债不低于2万元），按0.3户折算计入新开富裕高净值客户数考核。
③激活信用账户：2025年之前存量信用客户，在2025年若满足近两年首次有隔夜负债，且负债金额不低于2万元，按0.2户折算计入新开富裕高净值客户数考核。","dm_index_n.grp_tag_indv_cust_new_indv_cust_type_brch_exam","是","宽关键词候选，可能无关","目录候选；库表名称匹配不等于物理身份或实际消费"
"tag","tagdim100979","零售经理薪酬考核资产类目","零售经理薪酬考核资产类目，含以下内容：场外基金理财_大私募、场外基金理财、金快线（剔除新客专享）、金快线（新客专享）、通用回购逆回购、现金通用回购逆回购修正、债券（剔除企业转债）、通用回购正回购负债、现金通用回购正回购修正、现金协议回购修正","dm_index_n.hold_tag_relation","是","宽关键词候选，可能无关","目录候选；库表名称匹配不等于物理身份或实际消费"
"tag","tagdim101367","是否当年高净值富裕客户","当年任意月份10-25日净资产大于等于50万元，剔除已销户客户。
净资产口径含现金（普通账户、信用账户分公司
和衍生品账户），市值（普通账户，停用账户和生品账户，具体含场内股基债、场外金融产品、衍生品市值等）、利息（通用回购逆回购、金快线），剔除负债（通用回购正回购、两
融等合约负债），大小非、新三板资产按5%折算。
即：客户交易性资产 = 净资产-（新三板（剔除大小非和北交所）+大小非流通）*0.95 + 大小非限售*0.05
日均值为当月10-25日交易日日均","dm_index_n.grp_tag_client_is_wlth_hnw_cust_flag","是","宽关键词候选，可能无关","目录候选；库表名称匹配不等于物理身份或实际消费"
"tag","tagdim101507","客户类型_投顾/理财经理考核口径","考核周期：第一季度为1月1日至3月31日；第二季度为4月1日至6月30日；第三季度为7月1日至9月30日；第四季度为10月1日至12月31日。
客户范围：①在考核周期内，达成最低资产条件（三类地区：5w，一、二类地区：10w）且入金时间在6个月内。剔除同一客户（证件类型、证件号码、客户名称三要素相同）在系统内已存在其他账户（休眠、空户、销户除外）；②2024年初定义休眠与空户，且激活成功客户。激活条件参考新开发有效客户；③因分支机构拓展股权激励综合服务业务首次在我司开户，且在2023年12月25日前除持有限制性股票或股票期权外，没有其他资产。
资产条件：考核周期内任意月份10-25日交易日日均净资产大于等于50万元计为富裕客户，日均净资产大于等于500万元计为高净值客户。为适当辅以有效户开发一定的考核体现，对2024年任意月份10-25日交易日日均净资产在10万-50万以下的客户，以10万为单位折算0.2户，计入新增富裕高净值客户数考核。净资产口径含现金（普通账户、信用账户和衍生品账户）、市值（普通账户、信用账户和衍生品账户，具体含场内股基债、场外金融产品、衍生品市值等）、利息（通用回购逆回购、金快线），剔除负债（通用回购正回购、两融等合约负债），大小非、新三板资产按5%折算。
（仅零售经理）客户日均净资产在5万-10万以下的客户，以5万为单位折算0.1户，计入富裕高净值客户数考核（仅适用于三类地区）。","dm_index_n.grp_tag_indv_cust_typ_ia_chremmngr_exam","否","宽关键词候选，可能无关","目录候选；库表名称匹配不等于物理身份或实际消费"
"tag","tagdim101509","客户类型_零售经理考核口径","考核周期：当月与前两个月，即T月、T-1月、T-2月。
客户范围：①在考核周期内，达成最低资产条件（三类地区：5w，一、二类地区：10w）且入金时间在6个月内。剔除同一客户（证件类型、证件号码、客户名称三要素相同）在系统内已存在其他账户（休眠、空户、销户（跨周期算、同周期内不算）除外）；②2024年初定义休眠与空户，且激活成功客户。激活条件参考新开发有效客户；③因分支机构拓展股权激励综合服务业务首次在我司开户，且在2023年12月25日前除持有限制性股票或股票期权外，没有其他资产。
资产条件：考核周期内任意月份10-25日交易日日均净资产大于等于50万元计为富裕客户，日均净资产大于等于500万元计为高净值客户。为适当辅以有效户开发一定的考核体现，对2024年任意月份10-25日交易日日均净资产在10万-50万以下的客户，以10万为单位折算0.2户，计入新增富裕高净值客户数考核。净资产口径含现金（普通账户、信用账户和衍生品账户）、市值（普通账户、信用账户和衍生品账户，具体含场内股基债、场外金融产品、衍生品市值等）、利息（通用回购逆回购、金快线），剔除负债（通用回购正回购、两融等合约负债），大小非、新三板资产按5%折算。
（仅零售经理）客户日均净资产在5万-10万以下的客户，以5万为单位折算0.1户，计入富裕高净值客户数考核（仅适用于三类地区）。","dm_index_n.grp_tag_indv_cust_typ_retmngr_exam","是","宽关键词候选，可能无关","目录候选；库表名称匹配不等于物理身份或实际消费"
"tag","tagdim102603","是否交叉销售户","和员工关系类型为交叉销售关系的客户","dm_index_n.grp_tag_client_cs_flag","否","名称或表名直接命中专题词","目录候选；库表名称匹配不等于物理身份或实际消费"
"tag","tagdim100901","机构客户_是否量化私募客户","满足条件1或2，且满足条件3的客户判断为量化私募客户
 1、在金管家表crmii.smkh_lhmd的客户：
1）通过广发代销评审、种子基金评审、客户定制系统评审、文件单或存量外接引入,评审材料或流程记录采用量化方式投资的管理人;
2）通过机构部种子基金尽调、财富部代销尽调、其他(如OTC)部门尽调明确采用量化方式投资的管理人；

 2、证券账户的交易或持仓特征，满足以下三种情形的任意一种:
情形一:开户满一个月，且过去一个月内日均持股标识数>30，且年换手率>30(过去一个月的日均换手率*250)
情形二:开户满一个月，且过去一个月内日均持股标识数>100，或年换手率>100(过去一个月的日均换手率*250)
情形三: 针对期权波动率策略产品，同时具备以下三个条件: 
(1)当年日均持仓合约数>8;
(2)当年日均合并delta敞口绝对值/账户总资产5%

3、是私募客户","dm_index_n.grp_tag_corp_cust_is_qtf_pvt_cust","否","宽关键词候选，可能无关","目录候选；库表名称匹配不等于物理身份或实际消费"
"tag","tagdim102729","场外衍生品业务类型","组合：场外衍生品合约类型
标签：OPTION-期权 TRS-互换","dm_index_n.grp_tag_otc_deri_contr_type_busi_type","是","名称或表名直接命中专题词","目录候选；库表名称匹配不等于物理身份或实际消费"
"tag","tagdim102616","场外衍生品客户交易频率","场外衍生品客户交易频率：
01 近一个月开仓
02 近三个月有交易(不含近一个月开仓)
03 近一年无交易","dm_index_n.grp_tag_otc_deri_cutp_enty_trd_freq","是","名称或表名直接命中专题词","目录候选；库表名称匹配不等于物理身份或实际消费"
"tag","tagdim101859","客户投资类型_财富业务客户洞察标签","11:STK --场内只有股票，无金融产品
21:PRD_OTC -- 无场内，但有场外金融产品
22:PRD_CBS --无股票保有，且仅有场内金融产品
23:PRD_OTC&CBS --无股票保有，场内场外均包含
31:PRD&STK --有股票，有金融产品
32:PRD&OTH --无股票但有其他场内，有金融产品
40:OTH --不存在以上几类的，例如既有股票又有债基的","dm_index_n.grp_tag_client_lab_typ_invest","否","宽关键词候选，可能无关","目录候选；库表名称匹配不等于物理身份或实际消费"
"tag","tagdim102041","产品_场外_账户诊断分类","场外证券账户诊断分析资产分类，分为保障管理、灵活取用、稳健理财、进取投资四类，具体分类口径详见wiki:[内部链接已省略]","dm_index_n.grp_tag_news_secu_tag_otc_acct_ast_type","否","宽关键词候选，可能无关","目录候选；库表名称匹配不等于物理身份或实际消费"
"tag","tagdim100637","企业_是否在广发开立各类账户","在我司开立各类账户，包括普通账户、信用账户、期货账户、OTC账户等等；或在广发香港开立保证金账户、现金账户。","dm_index_n.grp_tag_ecif_corp_is_open_acct_gf","否","宽关键词候选，可能无关","目录候选；库表名称匹配不等于物理身份或实际消费"
"tag","tagdim102453","客户_购买过某类型金融产品","客户_购买过某类型金融产品：公募、私募、资管、OTC、解决方案、场内基金、场外基金","dm_index_n.grp_tag_client_cust_purch_finprd_type","是","宽关键词候选，可能无关","目录候选；库表名称匹配不等于物理身份或实际消费"
"tag","tagdim102614","场外衍生品客户交易频率","场外衍生品客户交易频率：
01 近一个月开仓
02 近三个月有交易(不含近一个月开仓)
03 近一年无交易","dm_index_n.hold_tag_relation","是","名称或表名直接命中专题词","目录候选；库表名称匹配不等于物理身份或实际消费"
"tag","tagdim102601","场外衍生品签约客户状态","场外衍生品签约客户状态：01新增 02存量","dm_index_n.hold_tag_relation","是","名称或表名直接命中专题词","目录候选；库表名称匹配不等于物理身份或实际消费"
"tag","tagdim102580","OTC经营分析报表衍生品合约类型","OTC经营分析报表衍生品合约类型： 01: 指数增强 02: 雪球 03: 其他期权 04: 其他互换 05: 其他北上 06: 欧式 07: 跨境期货 08: 跨境互换 09: 借券 10: 安全气囊X 11: DMA","dm_index_n.hold_tag_relation","是","宽关键词候选，可能无关","目录候选；库表名称匹配不等于物理身份或实际消费"
"tag","tagdim102576","场外衍生品交易对手是否为广发全球资本FICC","场外衍生品交易对手是否为广发全球资本FICC：1是 0否","dm_index_n.hold_tag_relation","是","名称或表名直接命中专题词","目录候选；库表名称匹配不等于物理身份或实际消费"
"tag","tagdim102229","产品_场内外分类","区分场内/场外产品","dm_index_n.grp_tag_news_secu_prd_mkt_type","否","宽关键词候选，可能无关","目录候选；库表名称匹配不等于物理身份或实际消费"
"tag","tagdim102540","子公司协同的交叉销售创收类型","子公司协同的交叉销售创收类型，完整标签数见https://doc.weixin.qq.com/sheet/e3_AZYAGQY2APAaF81Kqm3TbmelhLgD4?scode=AH4A_wdgAAYfUUdIDzAZYAGQY2APA&tab=BB08J2","dm_index_n.hold_tag_relation","是","名称或表名直接命中专题词","目录候选；库表名称匹配不等于物理身份或实际消费"
"tag","tagdim102539","场外衍生品源合约类型","场外衍生品源合约类型","dm_index_n.hold_tag_relation","是","名称或表名直接命中专题词","目录候选；库表名称匹配不等于物理身份或实际消费"
"tag","tagdim102531","OTC经营分析报表衍生品合约类型","OTC经营分析报表衍生品合约类型：
01: 指数增强
02: 雪球
03: 其他期权
04: 其他互换
05: 其他北上
06: 欧式
07: 跨境期货
08: 跨境互换
09: 借券
10: 安全气囊X
11: DMA","dm_index_n.grp_tag_otc_deri_contr_type_rpt_contr_type","是","宽关键词候选，可能无关","目录候选；库表名称匹配不等于物理身份或实际消费"
"tag","tagdim100257","是否开通otc账户","客户是否开通otc账户","dm_index_n.grp_tag_client_is_open_otc_acct","否","宽关键词候选，可能无关","目录候选；库表名称匹配不等于物理身份或实际消费"
"tag","tagdim100440","投资偏好_自然月","纯购买场外产品客户： 指客户扣除现金增利后，只有场外保有，没有场内保有的客户
偏好购买场外产品：    指现金增利后，场外保有量大于场内保有量的客户
偏好场内交易客户：    指扣除现金增利后，场内保有量大于场外保有量的客户
纯场内交易客户：       指的是客户扣除现金增利后，只有场内保有，没有场外保有的客户

tips:
场外保有（包括公募基金、OTC产品、资管产品和私募产品、基金投顾）
场内保有（包括场内股基债）","dm_index_n.grp_tag_client_lvst_prefr_clas_mth","是","宽关键词候选，可能无关","目录候选；库表名称匹配不等于物理身份或实际消费"
"tag","tagdim100483","是否在广发开立各类账户","在我司开立各类账户，包括普通账户、信用账户、期货账户、OTC账户等等。","dm_index_n.grp_tag_corp_cust_gf_open_acct_flag","否","宽关键词候选，可能无关","目录候选；库表名称匹配不等于物理身份或实际消费"
"tag","tagdim100564","客户近一年是否有交易OTC产品","客户近一年是否有交易OTC产品","dm_index_n.grp_tag_client_is_otc_trade_1year","否","宽关键词候选，可能无关","目录候选；库表名称匹配不等于物理身份或实际消费"
"tag","tagdim100565","客户当年是否有交易OTC产品","客户当年是否有交易OTC产品","dm_index_n.grp_tag_client_is_otc_trade_year","否","宽关键词候选，可能无关","目录候选；库表名称匹配不等于物理身份或实际消费"
"tag","tagdim100566","是否购买过固定收益凭证或收益宝、多添利、新睿利","是否购买过固定收益凭证或收益宝、多添利、新睿利：1是;0否","dm_index_n.grp_tag_client_is_buy_sypz_dtl_xrl","否","宽关键词候选，可能无关","目录候选；库表名称匹配不等于物理身份或实际消费"
"tag","tagdim100614","投资偏好_当年","纯购买场外产品客户： 指客户扣除现金增利后，只有场外保有，没有场内保有的客户
偏好购买场外产品：    指现金增利后，场外保有量大于场内保有量的客户
偏好场内交易客户：    指扣除现金增利后，场内保有量大于场外保有量的客户
纯场内交易客户：       指的是客户扣除现金增利后，只有场内保有，没有场外保有的客户

tips:
场外保有（包括公募基金、OTC产品、资管产品和私募产品、基金投顾）
场内保有（包括场内股基债）","dm_index_n.grp_tag_client_lvst_prefr_clas_year","否","宽关键词候选，可能无关","目录候选；库表名称匹配不等于物理身份或实际消费"
"tag","tagdim100682","企业_是否在广发开立otc账户","在我司开立过OTC账户，且账户为有效状态","dm_index_n.grp_tag_ecif_corp_is_open_otc_acct","否","宽关键词候选，可能无关","目录候选；库表名称匹配不等于物理身份或实际消费"
"tag","tagdim100692","客户当年是否有交易","客户对应的账户类型在当年是否有交易。比如：客户的普通账户当年是否有交易或是信用账户当年是否有交易","dm_index_n.grp_tag_client_trd_amt_exch_otc_flag_ost_year","否","宽关键词候选，可能无关","目录候选；库表名称匹配不等于物理身份或实际消费"
"tag","tagdim100693","客户是否有交易_最近1年","客户对应的账户类型在最近1年是否有交易。比如：客户的普通账户最近1年是否有交易或是信用账户最近1年是否有交易","dm_index_n.grp_tag_client_trd_amt_exch_otc_flag_1y","否","宽关键词候选，可能无关","目录候选；库表名称匹配不等于物理身份或实际消费"
"tag","tagdim100694","客户是否有交易_最近3年","客户对应的账户类型在最近3年是否有交易。比如：客户的普通账户最近3年是否有交易或是信用账户最近3年是否有交易","dm_index_n.grp_tag_client_trd_amt_exch_otc_flag_3y","否","宽关键词候选，可能无关","目录候选；库表名称匹配不等于物理身份或实际消费"
"tag","tagdim100842","客户近3年是否有交易OTC","客户近3年是否有交易OTC","dm_index_n.grp_tag_client_is_otc_trade_3year","否","宽关键词候选，可能无关","目录候选；库表名称匹配不等于物理身份或实际消费"
"tag","tagdim100858","场外公募最近3年是否有交易(不含基金投顾)","场外公募产品最近3年是否有交易，不含基金投顾","dm_index_n.grp_tag_client_otcpub_is_trd_last3year","否","宽关键词候选，可能无关","目录候选；库表名称匹配不等于物理身份或实际消费"
"tag","tagdim100860","场外公募最近一年是否有交易(不含基金投顾)","场外公募产品最近一年是否有交易，不含基金投顾","dm_index_n.grp_tag_client_otcpub_is_trd_last1year","否","宽关键词候选，可能无关","目录候选；库表名称匹配不等于物理身份或实际消费"
"tag","tagdim100859","场外公募当年是否有交易(不含基金投顾)","场外公募产品当年是否有交易，不含基金投顾","dm_index_n.grp_tag_client_otcpub_is_trd_year","否","宽关键词候选，可能无关","目录候选；库表名称匹配不等于物理身份或实际消费"
"tag","tagdim100868","投资偏好_最近1年","纯购买场外产品客户： 指客户扣除现金增利后，只有场外保有，没有场内保有的客户
偏好购买场外产品： 指现金增利后，场外保有量大于场内保有量的客户
偏好场内交易客户： 指扣除现金增利后，场内保有量大于场外保有量的客户
纯场内交易客户： 指的是客户扣除现金增利后，只有场内保有，没有场外保有的客户

tips:
场外保有（包括公募基金、OTC产品、资管产品和私募产品、基金投顾）
场内保有（包括场内股基债）","dm_index_n.grp_tag_client_lvst_prefr_clas_1y","否","宽关键词候选，可能无关","目录候选；库表名称匹配不等于物理身份或实际消费"
"tag","tagdim101194","客户_是否本年交易活跃","客户是否本年交易活跃,指当年1月1日截至目前，客户场内及场外累计交易金额大于0","dm_index_n.grp_tag_client_is_year_deal_actv","是","宽关键词候选，可能无关","目录候选；库表名称匹配不等于物理身份或实际消费"
"tag","tagdim101287","理财产品购买方式","标识客户购买理财产品的交易方式，如场外申购认购、场内购买","dm_index_n.hold_tag_relation","是","宽关键词候选，可能无关","目录候选；库表名称匹配不等于物理身份或实际消费"
"tag","tagdim101321","客户_是否有场外基金委托_近3年","近3年客户是否有场外基金委托记录。是：1","dm_index_n.grp_tag_client_otc_fnd_trust_3y","否","宽关键词候选，可能无关","目录候选；库表名称匹配不等于物理身份或实际消费"
"tag","tagdim101330","客户_是否开通场外基金账户","客户是否开通场外基金(证券理财)账户。是：1","dm_index_n.grp_tag_client_otc_fnd_acct","否","宽关键词候选，可能无关","目录候选；库表名称匹配不等于物理身份或实际消费"
"tag","tagdim101365","客户当年是否有交易_适当性回访","适当性回访中定义的本年有交易客户：客户当年有场内普通委托（entrust）、两融委托（crdtentrust)、综合业务委托(cbpentrust)、港股通委托(cbsentrust)、柜台基金盘后业务委托（afofentrust）、自主行权委托（soptentrust）、 otc收益凭证委托（deriventrust）、期权委托（optentrust）、场外多金融委托（secumentrust）、转账（fundjour）、基本信息主动变更（clientjour)、三方存管主动变更（bankexchaccountjour)，资金账户主动变更（fundaccountjour)、证券账号主动变更（stockholderjour)、三板委托stbentrust 交易","dm_index_n.grp_tag_client_elig_have_trd_yr","否","宽关键词候选，可能无关","目录候选；库表名称匹配不等于物理身份或实际消费"
"tag","tagdim101360","收益凭证类型","收益凭证类型：固定收益、保本收益、保本浮动收益、非保本浮动收益","dm_index_n.hold_tag_relation","是","宽关键词候选，可能无关","目录候选；库表名称匹配不等于物理身份或实际消费"
"tag","tagdim101426","交叉销售创收类型","(AUM）交叉销售类型，完整标签树见https://doc.weixin.qq.com/sheet/e3_AZYAGQY2APAaF81Kqm3TbmelhLgD4?scode=AH4A_wdgAAYfUUdIDzAZYAGQY2APA&tab=BB08J2","dm_index_n.hold_tag_relation","是","名称或表名直接命中专题词","目录候选；库表名称匹配不等于物理身份或实际消费"
"tag","tagdim101432","无商机的交叉销售创收类型","无商机的交叉销售创收类型，完整标签数见https://doc.weixin.qq.com/sheet/e3_AZYAGQY2APAaF81Kqm3TbmelhLgD4?scode=AH4A_wdgAAYfUUdIDzAZYAGQY2APA&tab=BB08J2","dm_index_n.hold_tag_relation","是","名称或表名直接命中专题词","目录候选；库表名称匹配不等于物理身份或实际消费"
"tag","tagdim101468","是否场外衍生品跨境期货合约","判断场外衍生品合约是否为跨境期货合约","dm_index_n.hold_tag_relation","是","名称或表名直接命中专题词","目录候选；库表名称匹配不等于物理身份或实际消费"
"tag","tagdim101605","场外产品分类","场外产品分类：基金定投、淘金市场、现金增利","dm_index_n.hold_tag_relation","是","宽关键词候选，可能无关","目录候选；库表名称匹配不等于物理身份或实际消费"
"tag","tagdim101610","泰坦保证金账户类型","用于加工结算平台泰坦资金汇总，枚举值：金仕达账户、期权账户、混用账户、互换账户","dm_index_n.hold_tag_relation","是","宽关键词候选，可能无关","目录候选；库表名称匹配不等于物理身份或实际消费"
"tag","tagdim101618","交叉销售项目类型","交叉销售项目类型","dm_index_n.hold_tag_relation","是","名称或表名直接命中专题词","目录候选；库表名称匹配不等于物理身份或实际消费"
"tag","tagdim101742","场外衍生品业务类型","场外衍生品业务类型：期权、互换","dm_index_n.hold_tag_relation","是","名称或表名直接命中专题词","目录候选；库表名称匹配不等于物理身份或实际消费"
"tag","tagdim101765","积分项类型_托管业务竞赛","托管业务竞赛积分统计分类：新增托管外包产品双边规模、新增托管外包产品单边支数、托管公募基金保有规模、新增引入战略产品数量、新增划归托管部的协同交叉销售收入。","dm_index_n.hold_tag_relation","是","宽关键词候选，可能无关","目录候选；库表名称匹配不等于物理身份或实际消费"
"tag","tagdim101809","存出保证金持仓类型","托管、外包估值科目1031【存出保证金】，按投资持仓类型的细分类：期货、个股期权、商品期权、场外期权、收益互换等。","dm_index_n.hold_tag_relation","是","宽关键词候选，可能无关","目录候选；库表名称匹配不等于物理身份或实际消费"
"tag","tagdim101878","合作项目类型","包含标签：托管外包(存续)-1、托管外包(全量)-2、场外期权-3、研究服务-4、账户交易-5、产品销售-6、代销外部金融产品-7、其他-8","dm_index_n.hold_tag_relation","是","宽关键词候选，可能无关","目录候选；库表名称匹配不等于物理身份或实际消费"
"tag","tagdim101949","场外衍生品合约所属部门","OTC合约所属部门","dm_index_n.hold_tag_relation","是","名称或表名直接命中专题词","目录候选；库表名称匹配不等于物理身份或实际消费"
"tag","tagdim101969","公司自营负债_业务品种","用于加工LCR报表的应付利息，枚举值：债券负债、同业拆入、买断式正回购、质押式正回购、收益凭证、转融资、黄金租赁、黄金期权","dm_index_n.hold_tag_relation","是","宽关键词候选，可能无关","目录候选；库表名称匹配不等于物理身份或实际消费"
"tag","tagdim102010","是否场外配资白名单客户","是否场外配资白名单客户 是：tag_id = 'tag074447372'","dm_index_n.grp_tag_client_is_t_staff_behavior_white","否","宽关键词候选，可能无关","目录候选；库表名称匹配不等于物理身份或实际消费"
"tag","tagdim102009","是否场外配资风险名单客户","是否场外配资风险名单客户，是：tag_id = 'tag074447370'","dm_index_n.grp_tag_client_is_otc_funding_risk","否","宽关键词候选，可能无关","目录候选；库表名称匹配不等于物理身份或实际消费"
"tag","tagdim102046","账户资产诊断分类","账户资产诊断分类，将资产核算场内场外证券持仓分成灵活取用、稳健理财、进取投资、保障管理四个分类，具体分类口径详见wiki:[内部链接已省略]","dm_index_n.hold_tag_relation","是","宽关键词候选，可能无关","目录候选；库表名称匹配不等于物理身份或实际消费"
"tag","tagdim102067","客户产品保有类型","该标签维度下包含以下标签：
lab_prd_ret_dgm -- 大公募产品保有
lab_prd_ret_dgm_cn -- 大公募产品保有-场内
lab_prd_ret_dgm_cngs -- 大公募产品保有-场内固收
lab_prd_ret_dgm_cnhb -- 大公募产品保有-场内货币
lab_prd_ret_dgm_cnqy -- 大公募产品保有-场内权益
lab_prd_ret_dgm_cw -- 大公募产品保有-场外
lab_prd_ret_dgm_cwgs -- 大公募产品保有-场外固收
lab_prd_ret_dgm_cwhb -- 大公募产品保有-场外货币
lab_prd_ret_dgm_cwqy -- 大公募产品保有-场外权益
lab_prd_ret_dgm_xjzl -- 大公募现金增利保有
lab_prd_ret_dsm -- 大私募产品保有（不含收益凭证及解决方案）
lab_prd_ret_dsm_gs -- 大私募固收类产品保有（不含收益凭证及解决方案）
lab_prd_ret_dsm_qy -- 大私募权益类产品保有（不含收益凭证及解决方案）
lab_prd_ret_dsm_otc -- 大私募收益凭证保有
lab_prd_ret_ylj -- 个人养老金保有
lab_prd_ret_gmjjtg -- 公募基金投顾保有
lab_prd_ret_jjfa -- 解决方案类产品保有
lab_prd_ret_jjfa_gs -- 固收类解决方案产品保有
lab_prd_ret_jjfa_qy -- 权益类解决方案产品保有
lab_prd_ret_gs -- 固收产品保有
lab_prd_ret_xj -- 现金货币保有
lab_prd_ret_zd -- 主动权益型产品保有
lab_prd_ret_bd -- 被动权益型产品保有
lab_prd_ret_bx -- 保险产品保有
lab_prd_config -- 高低风险产品配置型保有
lab_prd_ret_kjlct -- 跨境理财通产品保有","dm_index_n.grp_tag_client_lab_prd_ret_type","否","宽关键词候选，可能无关","目录候选；库表名称匹配不等于物理身份或实际消费"
"tag","tagdim102357","其他类交易量_资产托管外包估值产品","资产托管外包估值产品其他类别交易量统计标签：
其中包含以下持仓标签：1、场内交易量（cstd_prd_ost_trd_amt）：外包估值系统期权业务（包含期货期权）界面的成交金额
               2、场外交易量（cstd_prd_otc_trd_amt）：外包估值系统理财业务界面成交金额","dm_index_n.hold_tag_relation","是","宽关键词候选，可能无关","目录候选；库表名称匹配不等于物理身份或实际消费"
"tag","tagdim102443","金管家服务业务类别","指金管家服务日志的类别，1经纪业务、2.融资融券、3.约定购回、4.股票期权、5.激励融资、6.转融通证券出借、7.专项融券业务、8.股票质押回购业务、9.场外衍生品","dm_index_n.hold_tag_relation","是","宽关键词候选，可能无关","目录候选；库表名称匹配不等于物理身份或实际消费"
"tag","tagdim102442","客户_客群划分_账户推荐","易淘金账户推荐模块客群分类，划分为：1-解决方案客户（上月10-25日平均净资产>100万元），2-场外权益客户(非解决方案客户，且风险等级>=C3，且R2以下产品占净资产比例<50%)，3-场外固收客户(除解决方案客户和场外权益客户以外的客户)。","dm_index_n.grp_tag_client_acct_rcm_cust_divide","否","宽关键词候选，可能无关","目录候选；库表名称匹配不等于物理身份或实际消费"
"tag","tagdim000119","衡泰自营场外交易类型","","dm_index_n.hold_tag_relation","是","宽关键词候选，可能无关","目录候选；库表名称匹配不等于物理身份或实际消费"
"tag","tagdim100075","是否购买过场外基金","","dm_index_n.grp_tag_client_pur_otc_prd_cust_flag","否","宽关键词候选，可能无关","目录候选；库表名称匹配不等于物理身份或实际消费"
"tag","tagdim100178","智能运营中台产品属性","智能运营中台产品属性：场内理财产品|场外理财产品|增值服务产品|投顾服务产品|新客产品","dm_index_n.hold_tag_relation","是","宽关键词候选，可能无关","目录候选；库表名称匹配不等于物理身份或实际消费"
"tag","tagdim100290","产品类别_神策浏览","神策日志浏览产品分类：A股、美股、港股、场外基金产品、场内基金产品、理财产品","dm_index_n.hold_tag_relation","是","宽关键词候选，可能无关","目录候选；库表名称匹配不等于物理身份或实际消费"
"tag","tagdim100434","是否当年交易活跃客户","当年交易活跃客户是指当年场内外总交易金额大于0的客户类别代码属于OTC直销柜台个人客户-OTC直销、OTC直销柜台个人客户-互联网理财客户、经纪业务个人客户、OTC直销柜台对公客户和经纪业务对公客户中的资产账户。","dm_index_n.grp_tag_client_year_trd_actv_cust_flag","否","宽关键词候选，可能无关","目录候选；库表名称匹配不等于物理身份或实际消费"
"tag","tagdim100491","新客类型","新客专享类型：
1、金快线
2、收益凭证
3、私行专享
4、多添利（已停用）
5、启牛渠道购买
6、黄金会员
7、铂金会员","dm_index_n.hold_tag_relation","是","宽关键词候选，可能无关","目录候选；库表名称匹配不等于物理身份或实际消费"
"tag","tagdim100620","fin_prd_spec_flag","包括 资管（不含现金增利）、
公募（不含基金投顾）、
场外公募（不含基金投顾）、
基金投顾、
现金增利","dm_index_n.hold_tag_relation","是","宽关键词候选，可能无关","目录候选；库表名称匹配不等于物理身份或实际消费"
"tag","tagdim100642","是否新客白名单客户","客户是否为新客白名单客户。
1、金快线白名单
2、收益凭证白名单
3、私行专享白名单","dm_index_n.grp_tag_client_is_newcust_wl","否","宽关键词候选，可能无关","目录候选；库表名称匹配不等于物理身份或实际消费"
"tag","tagdim100869","开通账户方式","开通账户方式，包括：(1)临柜开户；(2)自助开户；(3)离柜开户；(4)信用开户；(5)新开上海A股账户；(6)新开深圳A股账户；(7)下挂上海A股账户；(8)下挂深圳A股账户；(9)下挂上海封闭式基金账户；(10)下挂深圳封闭式基金账户；(11)广发基金账户；(12)OTC账户","dm_index_n.hold_tag_relation","是","宽关键词候选，可能无关","目录候选；库表名称匹配不等于物理身份或实际消费"
"tag","tagdim100985","期货及衍生品交易类型","包含标签：期货及衍生品（合计）、股指期货、场外衍生品、收益互换。","dm_index_n.hold_tag_relation","是","宽关键词候选，可能无关","目录候选；库表名称匹配不等于物理身份或实际消费"
"tag","tagdim101174","客户_是否开通OTC业务权限","客户是否开通OTC业务权限","dm_index_n.grp_tag_client_open_otc_busi_flag","否","宽关键词候选，可能无关","目录候选；库表名称匹配不等于物理身份或实际消费"
"tag","tagdim101431","客户_是否当日持有某产品类型定投计划","客户_是否当日持有某产品类型定投计划:
产品业务类型:1-资管、2-OTC、3-私募、4-公募","dm_index_n.grp_tag_is_fix_ivst_cus_curr","否","宽关键词候选，可能无关","目录候选；库表名称匹配不等于物理身份或实际消费"
"tag","tagdim102120","新开及激活账户类型_2025年开门红竞赛","1、对新开和激活有效户，在区分普通/两融的基础上，按日均净资产和是否来自银行渠道，进一步细化判定新开及激活账户类型，如""新开个人有效户且任意月份日均净资产为[1,50万元）且来自银行渠道""，详见标签。
2、本标签维度仅适用于“2025年新增获客开门红竞赛活动中”，活动时间为2024-11-01至2025-04-25。
3、日均净资产口径为：月10-25日交易日日均净资产。净资产含现金（普通账户、信用账户分公司
和衍生品账户），市值（普通账户，停用账户和生品账户，具体含场内股基债、场外金融产品、衍生品市值等）、利息（通用回购逆回购、金快线），剔除负债（通用回购正回购、两
融等合约负债），大小非、新三板资产按5%折算。
4、剔除寺右新和南京泰山路营业部数据
5、优先判定客户是否为两融账户，如""是""，判断为""新开信用账户""还是""激活信用账户""；如""否""，再判断是否为""私募/同业/企业法人""；以上均不匹配，则再分为""新开个人有效户""/“激活普通有效户”。","dm_index_n.grp_tag_client_nwop_actv_acct_type","否","宽关键词候选，可能无关","目录候选；库表名称匹配不等于物理身份或实际消费"
"tag","tagdim100837","是否已购买新客产品","是否已购新客产品（1金快线，2收益凭证，3私行专享，123新客专享理财'）","dm_index_n.grp_tag_indv_cust_is_newcust_purchased","否","宽关键词候选，可能无关","目录候选；库表名称匹配不等于物理身份或实际消费"
"tag","tagdim101205","是否已使用理财特权卡券客户","是否已使用理财特权卡券客户，理财特权卡券设置“心仪理财特权卡券”、“心动理财特权卡券”2类卡券，其中心仪理财特权卡券对应原金快线产品，心动理财特权卡券对应原收益凭证产品","dm_index_n.grp_tag_client_client_use_chrem_privi_cardscr","否","宽关键词候选，可能无关","目录候选；库表名称匹配不等于物理身份或实际消费"
"tag","tagdim100573","风险测评_重点投资品种(个人)","您打算重点投资于哪些种类的投资品种:①债券，固定收益凭证，固定收益类资产管理产品等固定收益类金融产品；市场资讯产品；②股票，权益类资产管理产品等权益类金融产品；投资资讯产品；混合类（投资品种含固收类、权益类、商品及金融衍生品类）金融产品；股票质押式回购，约定购回式证券交易，股权激励融资等融资类业务；③融资融券，转融通等信用交易类；商品及金融衍生品类资产管理产品等衍生品类金融产品；期货，期权等杠杆交易类业务；④结构化金融产品、场外衍生品等复杂或高风险类金融产品或业务；其他金融产品或业务。","dm_index_n.grp_tag_indv_cust_riskasses_impivstvar","否","宽关键词候选，可能无关","目录候选；库表名称匹配不等于物理身份或实际消费"
"tag","tagdim100260","是否有效户(运营口径)","是否有效户（运营口径）最近三个月场内交易额+场外理财购买大于等于10000元或当月10-25日日均资产大于等于10000元
tips:其中交易金额主要包括： 交易金额_场内和场外理财购买_零售柜台 + 场内交易金额_机构柜台（即场外理财只有零售柜台数据，无机构柜台数据）
场外交易金额剔除了现金增利","dm_index_n.grp_tag_client_whth_valid_flag","是","宽关键词候选，可能无关","目录候选；库表名称匹配不等于物理身份或实际消费"
