consumerTaskId,taskCategory,table,readOccurrenceId,identityStatus,partitionPredicateStatus,evidencePath,projectionPath
"100130","sparkIndex","dm_index_n.index_grp_gks_restore_order_pty_id","task:100130:statement:0:relation:root.casttable.t.t1.t3.read.index_grp_gks_restore_order_pty_id","CONFIRMED","NONE","E:\02_area\股衍数据-数据cookbook\sql-static-lineage-data\task-projections\tasks\100130\versions\b10a0e94073b71f32974f18e38e868705d9042b0d9d908dafe5064ce01fb764c.evidence-v3.json","E:\02_area\股衍数据-数据cookbook\sql-static-lineage-data\task-projections\tasks\100130\versions\b10a0e94073b71f32974f18e38e868705d9042b0d9d908dafe5064ce01fb764c.json"
"100130","sparkIndex","dm_index_n.index_grp_gks_restore_order_lvl3_chan","task:100130:statement:0:relation:root.casttable.t.t10.read.index_grp_gks_restore_order_lvl3_chan","CONFIRMED","NONE","E:\02_area\股衍数据-数据cookbook\sql-static-lineage-data\task-projections\tasks\100130\versions\b10a0e94073b71f32974f18e38e868705d9042b0d9d908dafe5064ce01fb764c.evidence-v3.json","E:\02_area\股衍数据-数据cookbook\sql-static-lineage-data\task-projections\tasks\100130\versions\b10a0e94073b71f32974f18e38e868705d9042b0d9d908dafe5064ce01fb764c.json"
"100130","sparkIndex","dm_index_n.index_grp_devpr_emp_id","task:100130:statement:0:relation:root.casttable.t.t11.t2.read.index_grp_devpr_emp_id","CONFIRMED","NON_LITERAL_PRESENT","E:\02_area\股衍数据-数据cookbook\sql-static-lineage-data\task-projections\tasks\100130\versions\b10a0e94073b71f32974f18e38e868705d9042b0d9d908dafe5064ce01fb764c.evidence-v3.json","E:\02_area\股衍数据-数据cookbook\sql-static-lineage-data\task-projections\tasks\100130\versions\b10a0e94073b71f32974f18e38e868705d9042b0d9d908dafe5064ce01fb764c.json"
"100130","sparkIndex","dm_index_n.index_grp1_net_ast","task:100130:statement:0:relation:root.casttable.t.t11.t3.t1.read.index_grp1_net_ast","CONFIRMED","NON_LITERAL_PRESENT","E:\02_area\股衍数据-数据cookbook\sql-static-lineage-data\task-projections\tasks\100130\versions\b10a0e94073b71f32974f18e38e868705d9042b0d9d908dafe5064ce01fb764c.evidence-v3.json","E:\02_area\股衍数据-数据cookbook\sql-static-lineage-data\task-projections\tasks\100130\versions\b10a0e94073b71f32974f18e38e868705d9042b0d9d908dafe5064ce01fb764c.json"
"100130","sparkIndex","dm_index_n.grp_tag_client_whth_valid_flag","task:100130:statement:0:relation:root.casttable.t.t11.t4.read.grp_tag_client_whth_valid_flag","CONFIRMED","LITERAL","E:\02_area\股衍数据-数据cookbook\sql-static-lineage-data\task-projections\tasks\100130\versions\b10a0e94073b71f32974f18e38e868705d9042b0d9d908dafe5064ce01fb764c.evidence-v3.json","E:\02_area\股衍数据-数据cookbook\sql-static-lineage-data\task-projections\tasks\100130\versions\b10a0e94073b71f32974f18e38e868705d9042b0d9d908dafe5064ce01fb764c.json"
"100130","sparkIndex","dm_index_n.index_grp_gks_restore_order_bef_devpr_emp_id","task:100130:statement:0:relation:root.casttable.t.t12.read.index_grp_gks_restore_order_bef_devpr_emp_id","CONFIRMED","NONE","E:\02_area\股衍数据-数据cookbook\sql-static-lineage-data\task-projections\tasks\100130\versions\b10a0e94073b71f32974f18e38e868705d9042b0d9d908dafe5064ce01fb764c.evidence-v3.json","E:\02_area\股衍数据-数据cookbook\sql-static-lineage-data\task-projections\tasks\100130\versions\b10a0e94073b71f32974f18e38e868705d9042b0d9d908dafe5064ce01fb764c.json"
"100130","sparkIndex","dm_index_n.index_grp_gks_restore_order_fir_abt_serv_time","task:100130:statement:0:relation:root.casttable.t.t14.read.index_grp_gks_restore_order_fir_abt_serv_time","CONFIRMED","NONE","E:\02_area\股衍数据-数据cookbook\sql-static-lineage-data\task-projections\tasks\100130\versions\b10a0e94073b71f32974f18e38e868705d9042b0d9d908dafe5064ce01fb764c.evidence-v3.json","E:\02_area\股衍数据-数据cookbook\sql-static-lineage-data\task-projections\tasks\100130\versions\b10a0e94073b71f32974f18e38e868705d9042b0d9d908dafe5064ce01fb764c.json"
"100130","sparkIndex","dm_index_n.index_grp_gks_restore_order_lock_refr_flag","task:100130:statement:0:relation:root.casttable.t.t15.read.index_grp_gks_restore_order_lock_refr_flag","CONFIRMED","NONE","E:\02_area\股衍数据-数据cookbook\sql-static-lineage-data\task-projections\tasks\100130\versions\b10a0e94073b71f32974f18e38e868705d9042b0d9d908dafe5064ce01fb764c.evidence-v3.json","E:\02_area\股衍数据-数据cookbook\sql-static-lineage-data\task-projections\tasks\100130\versions\b10a0e94073b71f32974f18e38e868705d9042b0d9d908dafe5064ce01fb764c.json"
"100130","sparkIndex","dm_index_n.index_grp_gks_restore_order_lock_org_flag","task:100130:statement:0:relation:root.casttable.t.t16.read.index_grp_gks_restore_order_lock_org_flag","CONFIRMED","NONE","E:\02_area\股衍数据-数据cookbook\sql-static-lineage-data\task-projections\tasks\100130\versions\b10a0e94073b71f32974f18e38e868705d9042b0d9d908dafe5064ce01fb764c.evidence-v3.json","E:\02_area\股衍数据-数据cookbook\sql-static-lineage-data\task-projections\tasks\100130\versions\b10a0e94073b71f32974f18e38e868705d9042b0d9d908dafe5064ce01fb764c.json"
"100130","sparkIndex","dm_index_n.index_grp_gks_restore_order_fir_open_app_time","task:100130:statement:0:relation:root.casttable.t.t3.read.index_grp_gks_restore_order_fir_open_app_time","CONFIRMED","NONE","E:\02_area\股衍数据-数据cookbook\sql-static-lineage-data\task-projections\tasks\100130\versions\b10a0e94073b71f32974f18e38e868705d9042b0d9d908dafe5064ce01fb764c.evidence-v3.json","E:\02_area\股衍数据-数据cookbook\sql-static-lineage-data\task-projections\tasks\100130\versions\b10a0e94073b71f32974f18e38e868705d9042b0d9d908dafe5064ce01fb764c.json"
"100130","sparkIndex","dm_index_n.index_grp_gks_restore_order_fir_call_time","task:100130:statement:0:relation:root.casttable.t.t4.read.index_grp_gks_restore_order_fir_call_time","CONFIRMED","NONE","E:\02_area\股衍数据-数据cookbook\sql-static-lineage-data\task-projections\tasks\100130\versions\b10a0e94073b71f32974f18e38e868705d9042b0d9d908dafe5064ce01fb764c.evidence-v3.json","E:\02_area\股衍数据-数据cookbook\sql-static-lineage-data\task-projections\tasks\100130\versions\b10a0e94073b71f32974f18e38e868705d9042b0d9d908dafe5064ce01fb764c.json"
"100130","sparkIndex","dm_index_n.index_grp_gks_restore_order_sum_dura","task:100130:statement:0:relation:root.casttable.t.t5.read.index_grp_gks_restore_order_sum_dura","CONFIRMED","NONE","E:\02_area\股衍数据-数据cookbook\sql-static-lineage-data\task-projections\tasks\100130\versions\b10a0e94073b71f32974f18e38e868705d9042b0d9d908dafe5064ce01fb764c.evidence-v3.json","E:\02_area\股衍数据-数据cookbook\sql-static-lineage-data\task-projections\tasks\100130\versions\b10a0e94073b71f32974f18e38e868705d9042b0d9d908dafe5064ce01fb764c.json"
"100130","sparkIndex","dm_index_n.index_grp_gks_restore_order_call_times","task:100130:statement:0:relation:root.casttable.t.t6.read.index_grp_gks_restore_order_call_times","CONFIRMED","NONE","E:\02_area\股衍数据-数据cookbook\sql-static-lineage-data\task-projections\tasks\100130\versions\b10a0e94073b71f32974f18e38e868705d9042b0d9d908dafe5064ce01fb764c.evidence-v3.json","E:\02_area\股衍数据-数据cookbook\sql-static-lineage-data\task-projections\tasks\100130\versions\b10a0e94073b71f32974f18e38e868705d9042b0d9d908dafe5064ce01fb764c.json"
"100130","sparkIndex","dm_index_n.index_grp_gks_restore_order_chan","task:100130:statement:0:relation:root.casttable.t.t7.read.index_grp_gks_restore_order_chan","CONFIRMED","NONE","E:\02_area\股衍数据-数据cookbook\sql-static-lineage-data\task-projections\tasks\100130\versions\b10a0e94073b71f32974f18e38e868705d9042b0d9d908dafe5064ce01fb764c.evidence-v3.json","E:\02_area\股衍数据-数据cookbook\sql-static-lineage-data\task-projections\tasks\100130\versions\b10a0e94073b71f32974f18e38e868705d9042b0d9d908dafe5064ce01fb764c.json"
"100130","sparkIndex","dm_index_n.index_grp_gks_restore_order_lvl1_chan","task:100130:statement:0:relation:root.casttable.t.t8.read.index_grp_gks_restore_order_lvl1_chan","CONFIRMED","NONE","E:\02_area\股衍数据-数据cookbook\sql-static-lineage-data\task-projections\tasks\100130\versions\b10a0e94073b71f32974f18e38e868705d9042b0d9d908dafe5064ce01fb764c.evidence-v3.json","E:\02_area\股衍数据-数据cookbook\sql-static-lineage-data\task-projections\tasks\100130\versions\b10a0e94073b71f32974f18e38e868705d9042b0d9d908dafe5064ce01fb764c.json"
"100130","sparkIndex","dm_index_n.index_grp_gks_restore_order_lvl2_chan","task:100130:statement:0:relation:root.casttable.t.t9.read.index_grp_gks_restore_order_lvl2_chan","CONFIRMED","NONE","E:\02_area\股衍数据-数据cookbook\sql-static-lineage-data\task-projections\tasks\100130\versions\b10a0e94073b71f32974f18e38e868705d9042b0d9d908dafe5064ce01fb764c.evidence-v3.json","E:\02_area\股衍数据-数据cookbook\sql-static-lineage-data\task-projections\tasks\100130\versions\b10a0e94073b71f32974f18e38e868705d9042b0d9d908dafe5064ce01fb764c.json"
"104454","sparkIndex","dm_index_n.grp_tag_indv_highage_clbk_cust","task:104454:statement:0:relation:root.casttable.clbk.m1.a.read.grp_tag_indv_highage_clbk_cust","CONFIRMED","LITERAL","E:\02_area\股衍数据-数据cookbook\sql-static-lineage-data\task-projections\tasks\104454\versions\07bfa22daa1a7b881efecbd70391d162ebdc09b00bb64aff338fa2087806556b.evidence-v3.json","E:\02_area\股衍数据-数据cookbook\sql-static-lineage-data\task-projections\tasks\104454\versions\07bfa22daa1a7b881efecbd70391d162ebdc09b00bb64aff338fa2087806556b.json"
"104454","sparkIndex","dm_index_n.index_grp_highage_cust_slhp_auth_year_erlst_date","task:104454:statement:0:relation:root.casttable.clbk.m1.b.read.index_grp_highage_cust_slhp_auth_year_erlst_date","CONFIRMED","LITERAL","E:\02_area\股衍数据-数据cookbook\sql-static-lineage-data\task-projections\tasks\104454\versions\07bfa22daa1a7b881efecbd70391d162ebdc09b00bb64aff338fa2087806556b.evidence-v3.json","E:\02_area\股衍数据-数据cookbook\sql-static-lineage-data\task-projections\tasks\104454\versions\07bfa22daa1a7b881efecbd70391d162ebdc09b00bb64aff338fa2087806556b.json"
"104454","sparkIndex","dm_index_n.index_grp_highage_cust_cstsv_clbk_year_erlst_date","task:104454:statement:0:relation:root.casttable.clbk.m1.c.read.index_grp_highage_cust_cstsv_clbk_year_erlst_date","CONFIRMED","LITERAL","E:\02_area\股衍数据-数据cookbook\sql-static-lineage-data\task-projections\tasks\104454\versions\07bfa22daa1a7b881efecbd70391d162ebdc09b00bb64aff338fa2087806556b.evidence-v3.json","E:\02_area\股衍数据-数据cookbook\sql-static-lineage-data\task-projections\tasks\104454\versions\07bfa22daa1a7b881efecbd70391d162ebdc09b00bb64aff338fa2087806556b.json"
"104454","sparkIndex","dm_index_n.index_grp_highage_cust_cstsv_brch_clbk_year_erlst_date","task:104454:statement:0:relation:root.casttable.clbk.m1.d.read.index_grp_highage_cust_cstsv_brch_clbk_year_erlst_date","CONFIRMED","LITERAL","E:\02_area\股衍数据-数据cookbook\sql-static-lineage-data\task-projections\tasks\104454\versions\07bfa22daa1a7b881efecbd70391d162ebdc09b00bb64aff338fa2087806556b.evidence-v3.json","E:\02_area\股衍数据-数据cookbook\sql-static-lineage-data\task-projections\tasks\104454\versions\07bfa22daa1a7b881efecbd70391d162ebdc09b00bb64aff338fa2087806556b.json"
"104454","sparkIndex","dm_index_n.index_grp_highage_cust_oth_auth_year_erlst_date","task:104454:statement:0:relation:root.casttable.clbk.m1.e.read.index_grp_highage_cust_oth_auth_year_erlst_date","CONFIRMED","LITERAL","E:\02_area\股衍数据-数据cookbook\sql-static-lineage-data\task-projections\tasks\104454\versions\07bfa22daa1a7b881efecbd70391d162ebdc09b00bb64aff338fa2087806556b.evidence-v3.json","E:\02_area\股衍数据-数据cookbook\sql-static-lineage-data\task-projections\tasks\104454\versions\07bfa22daa1a7b881efecbd70391d162ebdc09b00bb64aff338fa2087806556b.json"
"110695","hive2postgre","dm_om_n.wt_tcust_oth_comp_stat_mon","task:110695:statement:0:relation:root.read.wt_tcust_oth_comp_stat_mon","CONFIRMED","NON_LITERAL_PRESENT","E:\02_area\股衍数据-数据cookbook\sql-static-lineage-data\task-projections\tasks\110695\versions\e77b93fdab63a62bc907c47f54e541339f1079d486b0f1c73ff3daf592a11e22.evidence-v3.json","E:\02_area\股衍数据-数据cookbook\sql-static-lineage-data\task-projections\tasks\110695\versions\e77b93fdab63a62bc907c47f54e541339f1079d486b0f1c73ff3daf592a11e22.json"
"112088","sparkIndex","pdata_n.t03_intel_cond_ord","task:112088:statement:0:relation:root.casttable.sub.read.t03_intel_cond_ord","CONFIRMED","NON_LITERAL_PRESENT","E:\02_area\股衍数据-数据cookbook\sql-static-lineage-data\task-projections\tasks\112088\versions\1371accffc6315c0989b12cdf8d12afaf152dc7758e4a065b89d60c8478d10ea.evidence-v3.json","E:\02_area\股衍数据-数据cookbook\sql-static-lineage-data\task-projections\tasks\112088\versions\1371accffc6315c0989b12cdf8d12afaf152dc7758e4a065b89d60c8478d10ea.json"
"121469","sparkIndex","dm_index_n.index_grp_client_secu_mkt_val","task:121469:statement:0:relation:root.casttable.t2.a.setop.b0.read.index_grp_client_secu_mkt_val","CONFIRMED","LITERAL","E:\02_area\股衍数据-数据cookbook\sql-static-lineage-data\task-projections\tasks\121469\versions\6087056616acb0bcbae5daa16958146858b1a95e3be6cdb6e2d7472d6c0a0155.evidence-v3.json","E:\02_area\股衍数据-数据cookbook\sql-static-lineage-data\task-projections\tasks\121469\versions\6087056616acb0bcbae5daa16958146858b1a95e3be6cdb6e2d7472d6c0a0155.json"
"121469","sparkIndex","dm_index_n.index_grp_client_mkt_val_off","task:121469:statement:0:relation:root.casttable.t2.a.setop.b1.read.index_grp_client_mkt_val_off","CONFIRMED","LITERAL","E:\02_area\股衍数据-数据cookbook\sql-static-lineage-data\task-projections\tasks\121469\versions\6087056616acb0bcbae5daa16958146858b1a95e3be6cdb6e2d7472d6c0a0155.evidence-v3.json","E:\02_area\股衍数据-数据cookbook\sql-static-lineage-data\task-projections\tasks\121469\versions\6087056616acb0bcbae5daa16958146858b1a95e3be6cdb6e2d7472d6c0a0155.json"
"121469","sparkIndex","dm_index_n.index_grp1_ast","task:121469:statement:0:relation:root.casttable.t3.read.index_grp1_ast","CONFIRMED","LITERAL","E:\02_area\股衍数据-数据cookbook\sql-static-lineage-data\task-projections\tasks\121469\versions\6087056616acb0bcbae5daa16958146858b1a95e3be6cdb6e2d7472d6c0a0155.evidence-v3.json","E:\02_area\股衍数据-数据cookbook\sql-static-lineage-data\task-projections\tasks\121469\versions\6087056616acb0bcbae5daa16958146858b1a95e3be6cdb6e2d7472d6c0a0155.json"
"125761","hive2oracle","dm_crd_n.wt_mts_qual_pcus_info_s","task:125761:statement:0:relation:root.b.read.wt_mts_qual_pcus_info_s","CONFIRMED","LITERAL","E:\02_area\股衍数据-数据cookbook\sql-static-lineage-data\task-projections\tasks\125761\versions\fda1ec223e4159b62563d81b964d6a319bedd3fe3c1dd38bf0e389a283ee07d4.evidence-v3.json","E:\02_area\股衍数据-数据cookbook\sql-static-lineage-data\task-projections\tasks\125761\versions\fda1ec223e4159b62563d81b964d6a319bedd3fe3c1dd38bf0e389a283ee07d4.json"
"125761","hive2oracle","dm_crd_n.wt_crd_potential_cust_dev_label_s","task:125761:statement:0:relation:root.c.read.wt_crd_potential_cust_dev_label_s","CONFIRMED","NON_LITERAL_PRESENT","E:\02_area\股衍数据-数据cookbook\sql-static-lineage-data\task-projections\tasks\125761\versions\fda1ec223e4159b62563d81b964d6a319bedd3fe3c1dd38bf0e389a283ee07d4.evidence-v3.json","E:\02_area\股衍数据-数据cookbook\sql-static-lineage-data\task-projections\tasks\125761\versions\fda1ec223e4159b62563d81b964d6a319bedd3fe3c1dd38bf0e389a283ee07d4.json"
"127360","hiveTask-2.0","pdata_n.t98_otc_trd_cutp_dms_info","task:127360:statement:1:relation:root.read.t1","CONFIRMED","NONE","E:\02_area\股衍数据-数据cookbook\sql-static-lineage-data\task-projections\tasks\127360\versions\32d78f44ba82ad0b91976af702f98439a8de231b425e45ee865e13fe22931a11.evidence-v3.json","E:\02_area\股衍数据-数据cookbook\sql-static-lineage-data\task-projections\tasks\127360\versions\32d78f44ba82ad0b91976af702f98439a8de231b425e45ee865e13fe22931a11.json"
"127360","hiveTask-2.0","dm_scrm_n.wt_sign_dmb_info","task:127360:statement:2:relation:root.crm.t1.read.t","CONFIRMED","LITERAL","E:\02_area\股衍数据-数据cookbook\sql-static-lineage-data\task-projections\tasks\127360\versions\32d78f44ba82ad0b91976af702f98439a8de231b425e45ee865e13fe22931a11.evidence-v3.json","E:\02_area\股衍数据-数据cookbook\sql-static-lineage-data\task-projections\tasks\127360\versions\32d78f44ba82ad0b91976af702f98439a8de231b425e45ee865e13fe22931a11.json"
"134690","sparkIndex","pdata_news_n.t02_oth_assm_busi_plac","task:134690:statement:0:relation:root.casttable.st.read.t02_oth_assm_busi_plac","CONFIRMED","NON_LITERAL_PRESENT","E:\02_area\股衍数据-数据cookbook\sql-static-lineage-data\task-projections\tasks\134690\versions\3c0e4da8b2fd85cd6ae4a4a49e47e3ea3751fc0b61ebd8568abf7c33cc4620c4.evidence-v3.json","E:\02_area\股衍数据-数据cookbook\sql-static-lineage-data\task-projections\tasks\134690\versions\3c0e4da8b2fd85cd6ae4a4a49e47e3ea3751fc0b61ebd8568abf7c33cc4620c4.json"
"136594","sparkIndex","dm_index_n.grp_tag_client_brk_inc_cust_type","task:136594:statement:0:relation:root.(child-1).t.setop.b0.val.read.grp_tag_client_brk_inc_cust_type","CONFIRMED","NON_LITERAL_PRESENT","E:\02_area\股衍数据-数据cookbook\sql-static-lineage-data\task-projections\tasks\136594\versions\9da0eea628489e5f40865563c9675325b7809b55ebfe80e55bc8a8d05cd6ec52.evidence-v3.json","E:\02_area\股衍数据-数据cookbook\sql-static-lineage-data\task-projections\tasks\136594\versions\9da0eea628489e5f40865563c9675325b7809b55ebfe80e55bc8a8d05cd6ec52.json"
"136594","sparkIndex","dm_index_n.grp_tag_corp_cust_organ_cust_type","task:136594:statement:0:relation:root.(child-1).t.setop.b1.read.grp_tag_corp_cust_organ_cust_type","CONFIRMED","NON_LITERAL_PRESENT","E:\02_area\股衍数据-数据cookbook\sql-static-lineage-data\task-projections\tasks\136594\versions\9da0eea628489e5f40865563c9675325b7809b55ebfe80e55bc8a8d05cd6ec52.evidence-v3.json","E:\02_area\股衍数据-数据cookbook\sql-static-lineage-data\task-projections\tasks\136594\versions\9da0eea628489e5f40865563c9675325b7809b55ebfe80e55bc8a8d05cd6ec52.json"
"136594","sparkIndex","dm_index_n.grp_tag_client_is_cur_year_mts_valid_client","task:136594:statement:0:relation:root.(child-2).t1.read.grp_tag_client_is_cur_year_mts_valid_client","CONFIRMED","NON_LITERAL_PRESENT","E:\02_area\股衍数据-数据cookbook\sql-static-lineage-data\task-projections\tasks\136594\versions\9da0eea628489e5f40865563c9675325b7809b55ebfe80e55bc8a8d05cd6ec52.evidence-v3.json","E:\02_area\股衍数据-数据cookbook\sql-static-lineage-data\task-projections\tasks\136594\versions\9da0eea628489e5f40865563c9675325b7809b55ebfe80e55bc8a8d05cd6ec52.json"
"136594","sparkIndex","dm_index_n.index_grp_become_mts_valid_client_time_cur_year","task:136594:statement:0:relation:root.(child-2).t2.read.index_grp_become_mts_valid_client_time_cur_year","CONFIRMED","NON_LITERAL_PRESENT","E:\02_area\股衍数据-数据cookbook\sql-static-lineage-data\task-projections\tasks\136594\versions\9da0eea628489e5f40865563c9675325b7809b55ebfe80e55bc8a8d05cd6ec52.evidence-v3.json","E:\02_area\股衍数据-数据cookbook\sql-static-lineage-data\task-projections\tasks\136594\versions\9da0eea628489e5f40865563c9675325b7809b55ebfe80e55bc8a8d05cd6ec52.json"
"136594","sparkIndex","dm_index_n.index_grp1_ast","task:136594:statement:0:relation:root.casttable.setop.b0.cust.cust_list.asset.read.index_grp1_ast","CONFIRMED","NON_LITERAL_PRESENT","E:\02_area\股衍数据-数据cookbook\sql-static-lineage-data\task-projections\tasks\136594\versions\9da0eea628489e5f40865563c9675325b7809b55ebfe80e55bc8a8d05cd6ec52.evidence-v3.json","E:\02_area\股衍数据-数据cookbook\sql-static-lineage-data\task-projections\tasks\136594\versions\9da0eea628489e5f40865563c9675325b7809b55ebfe80e55bc8a8d05cd6ec52.json"
"137467","sparkIndex","dm_index_n.grp_tag_client_is_mts_qual_pcus","task:137467:statement:0:relation:root.casttable.t1.read.grp_tag_client_is_mts_qual_pcus","CONFIRMED","LITERAL","E:\02_area\股衍数据-数据cookbook\sql-static-lineage-data\task-projections\tasks\137467\versions\5bd06d19028110692c736d57773ae2e72d373a9dea1dedd01b37ca90006e551a.evidence-v3.json","E:\02_area\股衍数据-数据cookbook\sql-static-lineage-data\task-projections\tasks\137467\versions\5bd06d19028110692c736d57773ae2e72d373a9dea1dedd01b37ca90006e551a.json"
"137467","sparkIndex","dm_index_n.grp_tag_client_is_elig_match_mts","task:137467:statement:0:relation:root.casttable.t5.read.grp_tag_client_is_elig_match_mts","CONFIRMED","LITERAL","E:\02_area\股衍数据-数据cookbook\sql-static-lineage-data\task-projections\tasks\137467\versions\5bd06d19028110692c736d57773ae2e72d373a9dea1dedd01b37ca90006e551a.evidence-v3.json","E:\02_area\股衍数据-数据cookbook\sql-static-lineage-data\task-projections\tasks\137467\versions\5bd06d19028110692c736d57773ae2e72d373a9dea1dedd01b37ca90006e551a.json"
"137467","sparkIndex","dm_index_n.index_grp1_palprop_stkast_hy_nothremark","task:137467:statement:0:relation:root.casttable.t7.t.setop.b0.setop.b0.setop.b0.read.index_grp1_palprop_stkast_hy_nothremark","CONFIRMED","NON_LITERAL_PRESENT","E:\02_area\股衍数据-数据cookbook\sql-static-lineage-data\task-projections\tasks\137467\versions\5bd06d19028110692c736d57773ae2e72d373a9dea1dedd01b37ca90006e551a.evidence-v3.json","E:\02_area\股衍数据-数据cookbook\sql-static-lineage-data\task-projections\tasks\137467\versions\5bd06d19028110692c736d57773ae2e72d373a9dea1dedd01b37ca90006e551a.json"
"137467","sparkIndex","dm_index_n.index_grp1_palprop_stkast_year_nothremark","task:137467:statement:0:relation:root.casttable.t7.t.setop.b0.setop.b0.setop.b1.read.index_grp1_palprop_stkast_year_nothremark","CONFIRMED","NON_LITERAL_PRESENT","E:\02_area\股衍数据-数据cookbook\sql-static-lineage-data\task-projections\tasks\137467\versions\5bd06d19028110692c736d57773ae2e72d373a9dea1dedd01b37ca90006e551a.evidence-v3.json","E:\02_area\股衍数据-数据cookbook\sql-static-lineage-data\task-projections\tasks\137467\versions\5bd06d19028110692c736d57773ae2e72d373a9dea1dedd01b37ca90006e551a.json"
"137467","sparkIndex","dm_index_n.index_grp1_palprop_stkast_treyear_nothremark","task:137467:statement:0:relation:root.casttable.t7.t.setop.b0.setop.b1.read.index_grp1_palprop_stkast_treyear_nothremark","CONFIRMED","NON_LITERAL_PRESENT","E:\02_area\股衍数据-数据cookbook\sql-static-lineage-data\task-projections\tasks\137467\versions\5bd06d19028110692c736d57773ae2e72d373a9dea1dedd01b37ca90006e551a.evidence-v3.json","E:\02_area\股衍数据-数据cookbook\sql-static-lineage-data\task-projections\tasks\137467\versions\5bd06d19028110692c736d57773ae2e72d373a9dea1dedd01b37ca90006e551a.json"
"137467","sparkIndex","dm_index_n.index_grp1_tr_stkfnd_mth_retandorgcntr_recent_1y","task:137467:statement:0:relation:root.casttable.t7.t.setop.b1.read.index_grp1_tr_stkfnd_mth_retandorgcntr_recent_1y","CONFIRMED","NON_LITERAL_PRESENT","E:\02_area\股衍数据-数据cookbook\sql-static-lineage-data\task-projections\tasks\137467\versions\5bd06d19028110692c736d57773ae2e72d373a9dea1dedd01b37ca90006e551a.evidence-v3.json","E:\02_area\股衍数据-数据cookbook\sql-static-lineage-data\task-projections\tasks\137467\versions\5bd06d19028110692c736d57773ae2e72d373a9dea1dedd01b37ca90006e551a.json"
"140633","sparkIndex","pdata_n.t03_intel_cond_ord","task:140633:statement:0:relation:root.casttable.a.read.t03_intel_cond_ord","CONFIRMED","LITERAL","E:\02_area\股衍数据-数据cookbook\sql-static-lineage-data\task-projections\tasks\140633\versions\4fb72f92d0417ee62472436fa44a54574d93e1c957cadeabcd75d998f9ea1c5a.evidence-v3.json","E:\02_area\股衍数据-数据cookbook\sql-static-lineage-data\task-projections\tasks\140633\versions\4fb72f92d0417ee62472436fa44a54574d93e1c957cadeabcd75d998f9ea1c5a.json"
"143497","hive2postgre","dm_om_n.wt_taum_emp_indi_dim_data","task:143497:statement:0:relation:root.k.read.wt_taum_emp_indi_dim_data","CONFIRMED","NON_LITERAL_PRESENT","E:\02_area\股衍数据-数据cookbook\sql-static-lineage-data\task-projections\tasks\143497\versions\be11fdd04a6f68e6ab978c6a1cef48332a294291e4454d53b207bd393d843fca.evidence-v3.json","E:\02_area\股衍数据-数据cookbook\sql-static-lineage-data\task-projections\tasks\143497\versions\be11fdd04a6f68e6ab978c6a1cef48332a294291e4454d53b207bd393d843fca.json"
"144891","sparkIndex","pdata_n.t05_wecom_kyc_auth_evt","task:144891:statement:0:relation:root.(child).a.setop.b0.setop.b0.setop.b0.setop.b0.setop.b0.setop.b0.setop.b0.setop.b0.cwr.read.t05_wecom_kyc_auth_evt","CONFIRMED","NON_LITERAL_PRESENT","E:\02_area\股衍数据-数据cookbook\sql-static-lineage-data\task-projections\tasks\144891\versions\75f7379c0e382e1e94e32568ccc3e37cfdcf27a38b2fda0c754b56b5ea069577.evidence-v3.json","E:\02_area\股衍数据-数据cookbook\sql-static-lineage-data\task-projections\tasks\144891\versions\75f7379c0e382e1e94e32568ccc3e37cfdcf27a38b2fda0c754b56b5ea069577.json"
"144891","sparkIndex","dm_index_n.grp_tag_client_cust_sex","task:144891:statement:0:relation:root.(child).a.setop.b0.setop.b0.setop.b0.setop.b0.setop.b0.setop.b0.setop.b0.setop.b0.khxx.setop.b0.a.setop.b0.setop.b0.setop.b0.setop.b0.setop.b0.setop.b0.setop.b0.setop.b0.setop.b0.setop.b0.setop.b0.setop.b0.setop.b0.setop.b0.setop.b0.setop.b0.setop.b0.setop.b0.setop.b0.setop.b0.setop.b0.setop.b0.setop.b0.setop.b0.setop.b0.setop.b0.setop.b0.setop.b0.setop.b0.setop.b0.setop.b0.setop.b0.setop.b0.setop.b0.read.grp_tag_client_cust_sex","CONFIRMED","NON_LITERAL_PRESENT","E:\02_area\股衍数据-数据cookbook\sql-static-lineage-data\task-projections\tasks\144891\versions\75f7379c0e382e1e94e32568ccc3e37cfdcf27a38b2fda0c754b56b5ea069577.evidence-v3.json","E:\02_area\股衍数据-数据cookbook\sql-static-lineage-data\task-projections\tasks\144891\versions\75f7379c0e382e1e94e32568ccc3e37cfdcf27a38b2fda0c754b56b5ea069577.json"
"144891","sparkIndex","dm_index_n.grp_tag_client_rich_cust_flag","task:144891:statement:0:relation:root.(child).a.setop.b0.setop.b0.setop.b0.setop.b0.setop.b0.setop.b0.setop.b0.setop.b0.khxx.setop.b0.a.setop.b0.setop.b0.setop.b0.setop.b0.setop.b0.setop.b0.setop.b0.setop.b0.setop.b0.setop.b0.setop.b0.setop.b0.setop.b0.setop.b0.setop.b0.setop.b0.setop.b0.setop.b0.setop.b0.setop.b0.setop.b0.setop.b0.setop.b0.setop.b0.setop.b0.setop.b0.setop.b0.setop.b0.setop.b0.setop.b0.setop.b0.setop.b0.setop.b0.setop.b1.read.grp_tag_client_rich_cust_flag","CONFIRMED","NON_LITERAL_PRESENT","E:\02_area\股衍数据-数据cookbook\sql-static-lineage-data\task-projections\tasks\144891\versions\75f7379c0e382e1e94e32568ccc3e37cfdcf27a38b2fda0c754b56b5ea069577.evidence-v3.json","E:\02_area\股衍数据-数据cookbook\sql-static-lineage-data\task-projections\tasks\144891\versions\75f7379c0e382e1e94e32568ccc3e37cfdcf27a38b2fda0c754b56b5ea069577.json"
"144891","sparkIndex","dm_index_n.grp_tag_client_is_open_cash_chrem","task:144891:statement:0:relation:root.(child).a.setop.b0.setop.b0.setop.b0.setop.b0.setop.b0.setop.b0.setop.b0.setop.b0.khxx.setop.b0.a.setop.b0.setop.b0.setop.b0.setop.b0.setop.b0.setop.b0.setop.b0.setop.b0.setop.b0.setop.b0.setop.b0.setop.b0.setop.b0.setop.b0.setop.b0.setop.b0.setop.b0.setop.b0.setop.b0.setop.b0.setop.b0.setop.b0.setop.b0.setop.b0.setop.b0.setop.b0.setop.b0.setop.b0.setop.b0.setop.b0.setop.b0.setop.b0.setop.b1.read.grp_tag_client_is_open_cash_chrem","CONFIRMED","NON_LITERAL_PRESENT","E:\02_area\股衍数据-数据cookbook\sql-static-lineage-data\task-projections\tasks\144891\versions\75f7379c0e382e1e94e32568ccc3e37cfdcf27a38b2fda0c754b56b5ea069577.evidence-v3.json","E:\02_area\股衍数据-数据cookbook\sql-static-lineage-data\task-projections\tasks\144891\versions\75f7379c0e382e1e94e32568ccc3e37cfdcf27a38b2fda0c754b56b5ea069577.json"
"144891","sparkIndex","dm_index_n.grp_tag_client_is_sign_qual_promis","task:144891:statement:0:relation:root.(child).a.setop.b0.setop.b0.setop.b0.setop.b0.setop.b0.setop.b0.setop.b0.setop.b0.khxx.setop.b0.a.setop.b0.setop.b0.setop.b0.setop.b0.setop.b0.setop.b0.setop.b0.setop.b0.setop.b0.setop.b0.setop.b0.setop.b0.setop.b0.setop.b0.setop.b0.setop.b0.setop.b0.setop.b0.setop.b0.setop.b0.setop.b0.setop.b0.setop.b0.setop.b0.setop.b0.setop.b0.setop.b0.setop.b0.setop.b0.setop.b0.setop.b1.read.grp_tag_client_is_sign_qual_promis","CONFIRMED","NON_LITERAL_PRESENT","E:\02_area\股衍数据-数据cookbook\sql-static-lineage-data\task-projections\tasks\144891\versions\75f7379c0e382e1e94e32568ccc3e37cfdcf27a38b2fda0c754b56b5ea069577.evidence-v3.json","E:\02_area\股衍数据-数据cookbook\sql-static-lineage-data\task-projections\tasks\144891\versions\75f7379c0e382e1e94e32568ccc3e37cfdcf27a38b2fda0c754b56b5ea069577.json"
"144891","sparkIndex","dm_index_n.grp_tag_client_cust_whth_open_bse_righ","task:144891:statement:0:relation:root.(child).a.setop.b0.setop.b0.setop.b0.setop.b0.setop.b0.setop.b0.setop.b0.setop.b0.khxx.setop.b0.a.setop.b0.setop.b0.setop.b0.setop.b0.setop.b0.setop.b0.setop.b0.setop.b0.setop.b0.setop.b0.setop.b0.setop.b0.setop.b0.setop.b0.setop.b0.setop.b0.setop.b0.setop.b0.setop.b0.setop.b0.setop.b0.setop.b0.setop.b0.setop.b0.setop.b0.setop.b0.setop.b0.setop.b0.setop.b0.setop.b1.read.grp_tag_client_cust_whth_open_bse_righ","CONFIRMED","NON_LITERAL_PRESENT","E:\02_area\股衍数据-数据cookbook\sql-static-lineage-data\task-projections\tasks\144891\versions\75f7379c0e382e1e94e32568ccc3e37cfdcf27a38b2fda0c754b56b5ea069577.evidence-v3.json","E:\02_area\股衍数据-数据cookbook\sql-static-lineage-data\task-projections\tasks\144891\versions\75f7379c0e382e1e94e32568ccc3e37cfdcf27a38b2fda0c754b56b5ea069577.json"
"144891","sparkIndex","dm_index_n.grp_tag_client_cust_whth_open_opt_ia_nws_busi_righ","task:144891:statement:0:relation:root.(child).a.setop.b0.setop.b0.setop.b0.setop.b0.setop.b0.setop.b0.setop.b0.setop.b0.khxx.setop.b0.a.setop.b0.setop.b0.setop.b0.setop.b0.setop.b0.setop.b0.setop.b0.setop.b0.setop.b0.setop.b0.setop.b0.setop.b0.setop.b0.setop.b0.setop.b0.setop.b0.setop.b0.setop.b0.setop.b0.setop.b0.setop.b0.setop.b0.setop.b0.setop.b0.setop.b0.setop.b0.setop.b0.setop.b0.setop.b1.read.grp_tag_client_cust_whth_open_opt_ia_nws_busi_righ","CONFIRMED","NON_LITERAL_PRESENT","E:\02_area\股衍数据-数据cookbook\sql-static-lineage-data\task-projections\tasks\144891\versions\75f7379c0e382e1e94e32568ccc3e37cfdcf27a38b2fda0c754b56b5ea069577.evidence-v3.json","E:\02_area\股衍数据-数据cookbook\sql-static-lineage-data\task-projections\tasks\144891\versions\75f7379c0e382e1e94e32568ccc3e37cfdcf27a38b2fda0c754b56b5ea069577.json"
"144891","sparkIndex","dm_index_n.grp_cust_open_gem_flag","task:144891:statement:0:relation:root.(child).a.setop.b0.setop.b0.setop.b0.setop.b0.setop.b0.setop.b0.setop.b0.setop.b0.khxx.setop.b0.a.setop.b0.setop.b0.setop.b0.setop.b0.setop.b0.setop.b0.setop.b0.setop.b0.setop.b0.setop.b0.setop.b0.setop.b0.setop.b0.setop.b0.setop.b0.setop.b0.setop.b0.setop.b0.setop.b0.setop.b0.setop.b0.setop.b0.setop.b0.setop.b0.setop.b0.setop.b0.setop.b0.setop.b1.read.grp_cust_open_gem_flag","CONFIRMED","NON_LITERAL_PRESENT","E:\02_area\股衍数据-数据cookbook\sql-static-lineage-data\task-projections\tasks\144891\versions\75f7379c0e382e1e94e32568ccc3e37cfdcf27a38b2fda0c754b56b5ea069577.evidence-v3.json","E:\02_area\股衍数据-数据cookbook\sql-static-lineage-data\task-projections\tasks\144891\versions\75f7379c0e382e1e94e32568ccc3e37cfdcf27a38b2fda0c754b56b5ea069577.json"
"144891","sparkIndex","dm_index_n.grp_tag_client_neeq_right_opend","task:144891:statement:0:relation:root.(child).a.setop.b0.setop.b0.setop.b0.setop.b0.setop.b0.setop.b0.setop.b0.setop.b0.khxx.setop.b0.a.setop.b0.setop.b0.setop.b0.setop.b0.setop.b0.setop.b0.setop.b0.setop.b0.setop.b0.setop.b0.setop.b0.setop.b0.setop.b0.setop.b0.setop.b0.setop.b0.setop.b0.setop.b0.setop.b0.setop.b0.setop.b0.setop.b0.setop.b0.setop.b0.setop.b0.setop.b0.setop.b1.read.grp_tag_client_neeq_right_opend","CONFIRMED","NON_LITERAL_PRESENT","E:\02_area\股衍数据-数据cookbook\sql-static-lineage-data\task-projections\tasks\144891\versions\75f7379c0e382e1e94e32568ccc3e37cfdcf27a38b2fda0c754b56b5ea069577.evidence-v3.json","E:\02_area\股衍数据-数据cookbook\sql-static-lineage-data\task-projections\tasks\144891\versions\75f7379c0e382e1e94e32568ccc3e37cfdcf27a38b2fda0c754b56b5ea069577.json"
"144891","sparkIndex","dm_index_n.grp_tag_client_open_stib","task:144891:statement:0:relation:root.(child).a.setop.b0.setop.b0.setop.b0.setop.b0.setop.b0.setop.b0.setop.b0.setop.b0.khxx.setop.b0.a.setop.b0.setop.b0.setop.b0.setop.b0.setop.b0.setop.b0.setop.b0.setop.b0.setop.b0.setop.b0.setop.b0.setop.b0.setop.b0.setop.b0.setop.b0.setop.b0.setop.b0.setop.b0.setop.b0.setop.b0.setop.b0.setop.b0.setop.b0.setop.b0.setop.b0.setop.b1.read.grp_tag_client_open_stib","CONFIRMED","NON_LITERAL_PRESENT","E:\02_area\股衍数据-数据cookbook\sql-static-lineage-data\task-projections\tasks\144891\versions\75f7379c0e382e1e94e32568ccc3e37cfdcf27a38b2fda0c754b56b5ea069577.evidence-v3.json","E:\02_area\股衍数据-数据cookbook\sql-static-lineage-data\task-projections\tasks\144891\versions\75f7379c0e382e1e94e32568ccc3e37cfdcf27a38b2fda0c754b56b5ea069577.json"
"144891","sparkIndex","dm_index_n.grp_cust_open_marg_flag","task:144891:statement:0:relation:root.(child).a.setop.b0.setop.b0.setop.b0.setop.b0.setop.b0.setop.b0.setop.b0.setop.b0.khxx.setop.b0.a.setop.b0.setop.b0.setop.b0.setop.b0.setop.b0.setop.b0.setop.b0.setop.b0.setop.b0.setop.b0.setop.b0.setop.b0.setop.b0.setop.b0.setop.b0.setop.b0.setop.b0.setop.b0.setop.b0.setop.b0.setop.b0.setop.b0.setop.b0.setop.b0.setop.b1.read.grp_cust_open_marg_flag","CONFIRMED","NON_LITERAL_PRESENT","E:\02_area\股衍数据-数据cookbook\sql-static-lineage-data\task-projections\tasks\144891\versions\75f7379c0e382e1e94e32568ccc3e37cfdcf27a38b2fda0c754b56b5ea069577.evidence-v3.json","E:\02_area\股衍数据-数据cookbook\sql-static-lineage-data\task-projections\tasks\144891\versions\75f7379c0e382e1e94e32568ccc3e37cfdcf27a38b2fda0c754b56b5ea069577.json"
"144891","sparkIndex","dm_index_n.grp_tag_ecif_corp_gf_opt_flag","task:144891:statement:0:relation:root.(child).a.setop.b0.setop.b0.setop.b0.setop.b0.setop.b0.setop.b0.setop.b0.setop.b0.khxx.setop.b0.a.setop.b0.setop.b0.setop.b0.setop.b0.setop.b0.setop.b0.setop.b0.setop.b0.setop.b0.setop.b0.setop.b0.setop.b0.setop.b0.setop.b0.setop.b0.setop.b0.setop.b0.setop.b0.setop.b0.setop.b0.setop.b0.setop.b0.setop.b0.setop.b1.read.grp_tag_ecif_corp_gf_opt_flag","CONFIRMED","NON_LITERAL_PRESENT","E:\02_area\股衍数据-数据cookbook\sql-static-lineage-data\task-projections\tasks\144891\versions\75f7379c0e382e1e94e32568ccc3e37cfdcf27a38b2fda0c754b56b5ea069577.evidence-v3.json","E:\02_area\股衍数据-数据cookbook\sql-static-lineage-data\task-projections\tasks\144891\versions\75f7379c0e382e1e94e32568ccc3e37cfdcf27a38b2fda0c754b56b5ea069577.json"
"144891","sparkIndex","dm_index_n.grp_tag_client_is_open_srp","task:144891:statement:0:relation:root.(child).a.setop.b0.setop.b0.setop.b0.setop.b0.setop.b0.setop.b0.setop.b0.setop.b0.khxx.setop.b0.a.setop.b0.setop.b0.setop.b0.setop.b0.setop.b0.setop.b0.setop.b0.setop.b0.setop.b0.setop.b0.setop.b0.setop.b0.setop.b0.setop.b0.setop.b0.setop.b0.setop.b0.setop.b0.setop.b0.setop.b0.setop.b0.setop.b0.setop.b1.read.grp_tag_client_is_open_srp","CONFIRMED","NON_LITERAL_PRESENT","E:\02_area\股衍数据-数据cookbook\sql-static-lineage-data\task-projections\tasks\144891\versions\75f7379c0e382e1e94e32568ccc3e37cfdcf27a38b2fda0c754b56b5ea069577.evidence-v3.json","E:\02_area\股衍数据-数据cookbook\sql-static-lineage-data\task-projections\tasks\144891\versions\75f7379c0e382e1e94e32568ccc3e37cfdcf27a38b2fda0c754b56b5ea069577.json"
"144891","sparkIndex","dm_index_n.grp_cust_open_sh_mhs_flag","task:144891:statement:0:relation:root.(child).a.setop.b0.setop.b0.setop.b0.setop.b0.setop.b0.setop.b0.setop.b0.setop.b0.khxx.setop.b0.a.setop.b0.setop.b0.setop.b0.setop.b0.setop.b0.setop.b0.setop.b0.setop.b0.setop.b0.setop.b0.setop.b0.setop.b0.setop.b0.setop.b0.setop.b0.setop.b0.setop.b0.setop.b0.setop.b0.setop.b0.setop.b0.setop.b1.read.grp_cust_open_sh_mhs_flag","CONFIRMED","NON_LITERAL_PRESENT","E:\02_area\股衍数据-数据cookbook\sql-static-lineage-data\task-projections\tasks\144891\versions\75f7379c0e382e1e94e32568ccc3e37cfdcf27a38b2fda0c754b56b5ea069577.evidence-v3.json","E:\02_area\股衍数据-数据cookbook\sql-static-lineage-data\task-projections\tasks\144891\versions\75f7379c0e382e1e94e32568ccc3e37cfdcf27a38b2fda0c754b56b5ea069577.json"
"144891","sparkIndex","dm_index_n.grp_cust_open_sz_mhs_flag","task:144891:statement:0:relation:root.(child).a.setop.b0.setop.b0.setop.b0.setop.b0.setop.b0.setop.b0.setop.b0.setop.b0.khxx.setop.b0.a.setop.b0.setop.b0.setop.b0.setop.b0.setop.b0.setop.b0.setop.b0.setop.b0.setop.b0.setop.b0.setop.b0.setop.b0.setop.b0.setop.b0.setop.b0.setop.b0.setop.b0.setop.b0.setop.b0.setop.b0.setop.b1.read.grp_cust_open_sz_mhs_flag","CONFIRMED","NON_LITERAL_PRESENT","E:\02_area\股衍数据-数据cookbook\sql-static-lineage-data\task-projections\tasks\144891\versions\75f7379c0e382e1e94e32568ccc3e37cfdcf27a38b2fda0c754b56b5ea069577.evidence-v3.json","E:\02_area\股衍数据-数据cookbook\sql-static-lineage-data\task-projections\tasks\144891\versions\75f7379c0e382e1e94e32568ccc3e37cfdcf27a38b2fda0c754b56b5ea069577.json"
"144891","sparkIndex","dm_index_n.grp_tag_client_cust_whth_open_fnd_fix_ivst_busi_righ","task:144891:statement:0:relation:root.(child).a.setop.b0.setop.b0.setop.b0.setop.b0.setop.b0.setop.b0.setop.b0.setop.b0.khxx.setop.b0.a.setop.b0.setop.b0.setop.b0.setop.b0.setop.b0.setop.b0.setop.b0.setop.b0.setop.b0.setop.b0.setop.b0.setop.b0.setop.b0.setop.b0.setop.b0.setop.b0.setop.b0.setop.b0.setop.b0.setop.b1.read.grp_tag_client_cust_whth_open_fnd_fix_ivst_busi_righ","CONFIRMED","NON_LITERAL_PRESENT","E:\02_area\股衍数据-数据cookbook\sql-static-lineage-data\task-projections\tasks\144891\versions\75f7379c0e382e1e94e32568ccc3e37cfdcf27a38b2fda0c754b56b5ea069577.evidence-v3.json","E:\02_area\股衍数据-数据cookbook\sql-static-lineage-data\task-projections\tasks\144891\versions\75f7379c0e382e1e94e32568ccc3e37cfdcf27a38b2fda0c754b56b5ea069577.json"
"144891","sparkIndex","dm_index_n.grp_tag_indv_cust_bse_bcust_flag","task:144891:statement:0:relation:root.(child).a.setop.b0.setop.b0.setop.b0.setop.b0.setop.b0.setop.b0.setop.b0.setop.b0.khxx.setop.b0.a.setop.b0.setop.b0.setop.b0.setop.b0.setop.b0.setop.b0.setop.b0.setop.b0.setop.b0.setop.b0.setop.b0.setop.b0.setop.b0.setop.b0.setop.b0.setop.b0.setop.b0.setop.b0.setop.b1.read.grp_tag_indv_cust_bse_bcust_flag","CONFIRMED","NON_LITERAL_PRESENT","E:\02_area\股衍数据-数据cookbook\sql-static-lineage-data\task-projections\tasks\144891\versions\75f7379c0e382e1e94e32568ccc3e37cfdcf27a38b2fda0c754b56b5ea069577.evidence-v3.json","E:\02_area\股衍数据-数据cookbook\sql-static-lineage-data\task-projections\tasks\144891\versions\75f7379c0e382e1e94e32568ccc3e37cfdcf27a38b2fda0c754b56b5ea069577.json"
"144891","sparkIndex","dm_index_n.grp_tag_client_cust_whth_stib_pcus","task:144891:statement:0:relation:root.(child).a.setop.b0.setop.b0.setop.b0.setop.b0.setop.b0.setop.b0.setop.b0.setop.b0.khxx.setop.b0.a.setop.b0.setop.b0.setop.b0.setop.b0.setop.b0.setop.b0.setop.b0.setop.b0.setop.b0.setop.b0.setop.b0.setop.b0.setop.b0.setop.b0.setop.b0.setop.b0.setop.b0.setop.b1.read.grp_tag_client_cust_whth_stib_pcus","CONFIRMED","NON_LITERAL_PRESENT","E:\02_area\股衍数据-数据cookbook\sql-static-lineage-data\task-projections\tasks\144891\versions\75f7379c0e382e1e94e32568ccc3e37cfdcf27a38b2fda0c754b56b5ea069577.evidence-v3.json","E:\02_area\股衍数据-数据cookbook\sql-static-lineage-data\task-projections\tasks\144891\versions\75f7379c0e382e1e94e32568ccc3e37cfdcf27a38b2fda0c754b56b5ea069577.json"
"144891","sparkIndex","dm_index_n.grp_tag_client_potn_flag","task:144891:statement:0:relation:root.(child).a.setop.b0.setop.b0.setop.b0.setop.b0.setop.b0.setop.b0.setop.b0.setop.b0.khxx.setop.b0.a.setop.b0.setop.b0.setop.b0.setop.b0.setop.b0.setop.b0.setop.b0.setop.b0.setop.b0.setop.b0.setop.b0.setop.b0.setop.b0.setop.b0.setop.b0.setop.b0.setop.b1.read.grp_tag_client_potn_flag","CONFIRMED","NON_LITERAL_PRESENT","E:\02_area\股衍数据-数据cookbook\sql-static-lineage-data\task-projections\tasks\144891\versions\75f7379c0e382e1e94e32568ccc3e37cfdcf27a38b2fda0c754b56b5ea069577.evidence-v3.json","E:\02_area\股衍数据-数据cookbook\sql-static-lineage-data\task-projections\tasks\144891\versions\75f7379c0e382e1e94e32568ccc3e37cfdcf27a38b2fda0c754b56b5ea069577.json"
"144891","sparkIndex","dm_index_n.grp_tag_client_potn_gem_cust_flag","task:144891:statement:0:relation:root.(child).a.setop.b0.setop.b0.setop.b0.setop.b0.setop.b0.setop.b0.setop.b0.setop.b0.khxx.setop.b0.a.setop.b0.setop.b0.setop.b0.setop.b0.setop.b0.setop.b0.setop.b0.setop.b0.setop.b0.setop.b0.setop.b0.setop.b0.setop.b0.setop.b0.setop.b0.setop.b1.read.grp_tag_client_potn_gem_cust_flag","CONFIRMED","NON_LITERAL_PRESENT","E:\02_area\股衍数据-数据cookbook\sql-static-lineage-data\task-projections\tasks\144891\versions\75f7379c0e382e1e94e32568ccc3e37cfdcf27a38b2fda0c754b56b5ea069577.evidence-v3.json","E:\02_area\股衍数据-数据cookbook\sql-static-lineage-data\task-projections\tasks\144891\versions\75f7379c0e382e1e94e32568ccc3e37cfdcf27a38b2fda0c754b56b5ea069577.json"
"144891","sparkIndex","dm_index_n.grp_tag_client_cust_whth_leav_actv_pcus","task:144891:statement:0:relation:root.(child).a.setop.b0.setop.b0.setop.b0.setop.b0.setop.b0.setop.b0.setop.b0.setop.b0.khxx.setop.b0.a.setop.b0.setop.b0.setop.b0.setop.b0.setop.b0.setop.b0.setop.b0.setop.b0.setop.b0.setop.b0.setop.b0.setop.b0.setop.b0.setop.b1.read.grp_tag_client_cust_whth_leav_actv_pcus","CONFIRMED","NON_LITERAL_PRESENT","E:\02_area\股衍数据-数据cookbook\sql-static-lineage-data\task-projections\tasks\144891\versions\75f7379c0e382e1e94e32568ccc3e37cfdcf27a38b2fda0c754b56b5ea069577.evidence-v3.json","E:\02_area\股衍数据-数据cookbook\sql-static-lineage-data\task-projections\tasks\144891\versions\75f7379c0e382e1e94e32568ccc3e37cfdcf27a38b2fda0c754b56b5ea069577.json"
"144891","sparkIndex","dm_index_n.grp_tag_client_cust_whth_neeq_pcus","task:144891:statement:0:relation:root.(child).a.setop.b0.setop.b0.setop.b0.setop.b0.setop.b0.setop.b0.setop.b0.setop.b0.khxx.setop.b0.a.setop.b0.setop.b0.setop.b0.setop.b0.setop.b0.setop.b0.setop.b0.setop.b0.setop.b0.setop.b0.setop.b0.setop.b0.setop.b1.read.grp_tag_client_cust_whth_neeq_pcus","CONFIRMED","NON_LITERAL_PRESENT","E:\02_area\股衍数据-数据cookbook\sql-static-lineage-data\task-projections\tasks\144891\versions\75f7379c0e382e1e94e32568ccc3e37cfdcf27a38b2fda0c754b56b5ea069577.evidence-v3.json","E:\02_area\股衍数据-数据cookbook\sql-static-lineage-data\task-projections\tasks\144891\versions\75f7379c0e382e1e94e32568ccc3e37cfdcf27a38b2fda0c754b56b5ea069577.json"
"144891","sparkIndex","dm_index_n.grp_tag_client_is_elig_std_covt_bond","task:144891:statement:0:relation:root.(child).a.setop.b0.setop.b0.setop.b0.setop.b0.setop.b0.setop.b0.setop.b0.setop.b0.khxx.setop.b0.a.setop.b0.setop.b0.setop.b0.setop.b0.setop.b0.setop.b0.setop.b0.setop.b0.setop.b0.setop.b0.setop.b0.setop.b1.read.grp_tag_client_is_elig_std_covt_bond","CONFIRMED","NON_LITERAL_PRESENT","E:\02_area\股衍数据-数据cookbook\sql-static-lineage-data\task-projections\tasks\144891\versions\75f7379c0e382e1e94e32568ccc3e37cfdcf27a38b2fda0c754b56b5ea069577.evidence-v3.json","E:\02_area\股衍数据-数据cookbook\sql-static-lineage-data\task-projections\tasks\144891\versions\75f7379c0e382e1e94e32568ccc3e37cfdcf27a38b2fda0c754b56b5ea069577.json"
"144891","sparkIndex","dm_index_n.grp_tag_client_is_mts_purp","task:144891:statement:0:relation:root.(child).a.setop.b0.setop.b0.setop.b0.setop.b0.setop.b0.setop.b0.setop.b0.setop.b0.khxx.setop.b0.a.setop.b0.setop.b0.setop.b0.setop.b0.setop.b0.setop.b0.setop.b0.setop.b0.setop.b0.setop.b0.setop.b1.read.grp_tag_client_is_mts_purp","CONFIRMED","NON_LITERAL_PRESENT","E:\02_area\股衍数据-数据cookbook\sql-static-lineage-data\task-projections\tasks\144891\versions\75f7379c0e382e1e94e32568ccc3e37cfdcf27a38b2fda0c754b56b5ea069577.evidence-v3.json","E:\02_area\股衍数据-数据cookbook\sql-static-lineage-data\task-projections\tasks\144891\versions\75f7379c0e382e1e94e32568ccc3e37cfdcf27a38b2fda0c754b56b5ea069577.json"
"144891","sparkIndex","dm_index_n.grp_tag_client_cust_mts_type","task:144891:statement:0:relation:root.(child).a.setop.b0.setop.b0.setop.b0.setop.b0.setop.b0.setop.b0.setop.b0.setop.b0.khxx.setop.b0.a.setop.b0.setop.b0.setop.b0.setop.b0.setop.b0.setop.b0.setop.b0.setop.b0.setop.b0.setop.b1.read.grp_tag_client_cust_mts_type","CONFIRMED","NON_LITERAL_PRESENT","E:\02_area\股衍数据-数据cookbook\sql-static-lineage-data\task-projections\tasks\144891\versions\75f7379c0e382e1e94e32568ccc3e37cfdcf27a38b2fda0c754b56b5ea069577.evidence-v3.json","E:\02_area\股衍数据-数据cookbook\sql-static-lineage-data\task-projections\tasks\144891\versions\75f7379c0e382e1e94e32568ccc3e37cfdcf27a38b2fda0c754b56b5ea069577.json"
"144891","sparkIndex","dm_index_n.grp_tag_indv_cust_is_high_age_pty","task:144891:statement:0:relation:root.(child).a.setop.b0.setop.b0.setop.b0.setop.b0.setop.b0.setop.b0.setop.b0.setop.b0.khxx.setop.b0.a.setop.b0.setop.b0.setop.b0.setop.b0.setop.b0.setop.b0.setop.b0.setop.b0.setop.b1.read.grp_tag_indv_cust_is_high_age_pty","CONFIRMED","NON_LITERAL_PRESENT","E:\02_area\股衍数据-数据cookbook\sql-static-lineage-data\task-projections\tasks\144891\versions\75f7379c0e382e1e94e32568ccc3e37cfdcf27a38b2fda0c754b56b5ea069577.evidence-v3.json","E:\02_area\股衍数据-数据cookbook\sql-static-lineage-data\task-projections\tasks\144891\versions\75f7379c0e382e1e94e32568ccc3e37cfdcf27a38b2fda0c754b56b5ea069577.json"
"144891","sparkIndex","dm_index_n.grp_tag_client_corp_busi_cust_type","task:144891:statement:0:relation:root.(child).a.setop.b0.setop.b0.setop.b0.setop.b0.setop.b0.setop.b0.setop.b0.setop.b0.khxx.setop.b0.a.setop.b0.setop.b0.setop.b0.setop.b0.setop.b0.setop.b0.setop.b0.setop.b1.read.grp_tag_client_corp_busi_cust_type","CONFIRMED","NON_LITERAL_PRESENT","E:\02_area\股衍数据-数据cookbook\sql-static-lineage-data\task-projections\tasks\144891\versions\75f7379c0e382e1e94e32568ccc3e37cfdcf27a38b2fda0c754b56b5ea069577.evidence-v3.json","E:\02_area\股衍数据-数据cookbook\sql-static-lineage-data\task-projections\tasks\144891\versions\75f7379c0e382e1e94e32568ccc3e37cfdcf27a38b2fda0c754b56b5ea069577.json"
"144891","sparkIndex","dm_index_n.grp_tag_client_emp_cust_inhr_src","task:144891:statement:0:relation:root.(child).a.setop.b0.setop.b0.setop.b0.setop.b0.setop.b0.setop.b0.setop.b0.setop.b0.khxx.setop.b0.a.setop.b0.setop.b0.setop.b0.setop.b0.setop.b0.setop.b0.setop.b1.read.grp_tag_client_emp_cust_inhr_src","CONFIRMED","NON_LITERAL_PRESENT","E:\02_area\股衍数据-数据cookbook\sql-static-lineage-data\task-projections\tasks\144891\versions\75f7379c0e382e1e94e32568ccc3e37cfdcf27a38b2fda0c754b56b5ea069577.evidence-v3.json","E:\02_area\股衍数据-数据cookbook\sql-static-lineage-data\task-projections\tasks\144891\versions\75f7379c0e382e1e94e32568ccc3e37cfdcf27a38b2fda0c754b56b5ea069577.json"
"144891","sparkIndex","dm_index_n.grp_tag_client_is_long_not_cont","task:144891:statement:0:relation:root.(child).a.setop.b0.setop.b0.setop.b0.setop.b0.setop.b0.setop.b0.setop.b0.setop.b0.khxx.setop.b0.a.setop.b0.setop.b0.setop.b0.setop.b0.setop.b0.setop.b1.read.grp_tag_client_is_long_not_cont","CONFIRMED","NON_LITERAL_PRESENT","E:\02_area\股衍数据-数据cookbook\sql-static-lineage-data\task-projections\tasks\144891\versions\75f7379c0e382e1e94e32568ccc3e37cfdcf27a38b2fda0c754b56b5ea069577.evidence-v3.json","E:\02_area\股衍数据-数据cookbook\sql-static-lineage-data\task-projections\tasks\144891\versions\75f7379c0e382e1e94e32568ccc3e37cfdcf27a38b2fda0c754b56b5ea069577.json"
"144891","sparkIndex","dm_index_n.grp_tag_client_is_wlth_hnw_cust_flag","task:144891:statement:0:relation:root.(child).a.setop.b0.setop.b0.setop.b0.setop.b0.setop.b0.setop.b0.setop.b0.setop.b0.khxx.setop.b0.a.setop.b0.setop.b0.setop.b0.setop.b0.setop.b1.read.grp_tag_client_is_wlth_hnw_cust_flag","CONFIRMED","NON_LITERAL_PRESENT","E:\02_area\股衍数据-数据cookbook\sql-static-lineage-data\task-projections\tasks\144891\versions\75f7379c0e382e1e94e32568ccc3e37cfdcf27a38b2fda0c754b56b5ea069577.evidence-v3.json","E:\02_area\股衍数据-数据cookbook\sql-static-lineage-data\task-projections\tasks\144891\versions\75f7379c0e382e1e94e32568ccc3e37cfdcf27a38b2fda0c754b56b5ea069577.json"
"144891","sparkIndex","dm_index_n.grp_tag_client_is_new_valid","task:144891:statement:0:relation:root.(child).a.setop.b0.setop.b0.setop.b0.setop.b0.setop.b0.setop.b0.setop.b0.setop.b0.khxx.setop.b0.a.setop.b0.setop.b0.setop.b0.setop.b1.read.grp_tag_client_is_new_valid","CONFIRMED","NON_LITERAL_PRESENT","E:\02_area\股衍数据-数据cookbook\sql-static-lineage-data\task-projections\tasks\144891\versions\75f7379c0e382e1e94e32568ccc3e37cfdcf27a38b2fda0c754b56b5ea069577.evidence-v3.json","E:\02_area\股衍数据-数据cookbook\sql-static-lineage-data\task-projections\tasks\144891\versions\75f7379c0e382e1e94e32568ccc3e37cfdcf27a38b2fda0c754b56b5ea069577.json"
"144891","sparkIndex","dm_index_n.grp_tag_client_cust_whth_szhk_sc_pcus","task:144891:statement:0:relation:root.(child).a.setop.b0.setop.b0.setop.b0.setop.b0.setop.b0.setop.b0.setop.b0.setop.b0.khxx.setop.b0.a.setop.b0.setop.b0.setop.b1.read.grp_tag_client_cust_whth_szhk_sc_pcus","CONFIRMED","NON_LITERAL_PRESENT","E:\02_area\股衍数据-数据cookbook\sql-static-lineage-data\task-projections\tasks\144891\versions\75f7379c0e382e1e94e32568ccc3e37cfdcf27a38b2fda0c754b56b5ea069577.evidence-v3.json","E:\02_area\股衍数据-数据cookbook\sql-static-lineage-data\task-projections\tasks\144891\versions\75f7379c0e382e1e94e32568ccc3e37cfdcf27a38b2fda0c754b56b5ea069577.json"
"144891","sparkIndex","dm_index_n.grp_tag_client_cust_whth_shhk_sc_pcus","task:144891:statement:0:relation:root.(child).a.setop.b0.setop.b0.setop.b0.setop.b0.setop.b0.setop.b0.setop.b0.setop.b0.khxx.setop.b0.a.setop.b0.setop.b1.read.grp_tag_client_cust_whth_shhk_sc_pcus","CONFIRMED","NON_LITERAL_PRESENT","E:\02_area\股衍数据-数据cookbook\sql-static-lineage-data\task-projections\tasks\144891\versions\75f7379c0e382e1e94e32568ccc3e37cfdcf27a38b2fda0c754b56b5ea069577.evidence-v3.json","E:\02_area\股衍数据-数据cookbook\sql-static-lineage-data\task-projections\tasks\144891\versions\75f7379c0e382e1e94e32568ccc3e37cfdcf27a38b2fda0c754b56b5ea069577.json"
"144891","sparkIndex","dm_index_n.grp_tag_indv_cust_is_actv","task:144891:statement:0:relation:root.(child).a.setop.b0.setop.b0.setop.b0.setop.b0.setop.b0.setop.b0.setop.b0.setop.b0.khxx.setop.b0.a.setop.b1.read.grp_tag_indv_cust_is_actv","CONFIRMED","NON_LITERAL_PRESENT","E:\02_area\股衍数据-数据cookbook\sql-static-lineage-data\task-projections\tasks\144891\versions\75f7379c0e382e1e94e32568ccc3e37cfdcf27a38b2fda0c754b56b5ea069577.evidence-v3.json","E:\02_area\股衍数据-数据cookbook\sql-static-lineage-data\task-projections\tasks\144891\versions\75f7379c0e382e1e94e32568ccc3e37cfdcf27a38b2fda0c754b56b5ea069577.json"
"144891","sparkIndex","pdata_n.t05_wecom_kyc_auth_evt","task:144891:statement:0:relation:root.(child).a.setop.b0.setop.b0.setop.b0.setop.b0.setop.b0.setop.b0.setop.b0.setop.b1.cwr.read.t05_wecom_kyc_auth_evt","CONFIRMED","NON_LITERAL_PRESENT","E:\02_area\股衍数据-数据cookbook\sql-static-lineage-data\task-projections\tasks\144891\versions\75f7379c0e382e1e94e32568ccc3e37cfdcf27a38b2fda0c754b56b5ea069577.evidence-v3.json","E:\02_area\股衍数据-数据cookbook\sql-static-lineage-data\task-projections\tasks\144891\versions\75f7379c0e382e1e94e32568ccc3e37cfdcf27a38b2fda0c754b56b5ea069577.json"
"144891","sparkIndex","pdata_n.t05_wecom_kyc_auth_evt","task:144891:statement:0:relation:root.(child).a.setop.b0.setop.b0.setop.b0.setop.b0.setop.b0.setop.b0.setop.b1.cwr.read.t05_wecom_kyc_auth_evt","CONFIRMED","NON_LITERAL_PRESENT","E:\02_area\股衍数据-数据cookbook\sql-static-lineage-data\task-projections\tasks\144891\versions\75f7379c0e382e1e94e32568ccc3e37cfdcf27a38b2fda0c754b56b5ea069577.evidence-v3.json","E:\02_area\股衍数据-数据cookbook\sql-static-lineage-data\task-projections\tasks\144891\versions\75f7379c0e382e1e94e32568ccc3e37cfdcf27a38b2fda0c754b56b5ea069577.json"
"144891","sparkIndex","pdata_n.t05_wecom_kyc_auth_evt","task:144891:statement:0:relation:root.(child).a.setop.b0.setop.b0.setop.b0.setop.b0.setop.b0.setop.b1.cwr.read.t05_wecom_kyc_auth_evt","CONFIRMED","NON_LITERAL_PRESENT","E:\02_area\股衍数据-数据cookbook\sql-static-lineage-data\task-projections\tasks\144891\versions\75f7379c0e382e1e94e32568ccc3e37cfdcf27a38b2fda0c754b56b5ea069577.evidence-v3.json","E:\02_area\股衍数据-数据cookbook\sql-static-lineage-data\task-projections\tasks\144891\versions\75f7379c0e382e1e94e32568ccc3e37cfdcf27a38b2fda0c754b56b5ea069577.json"
"144891","sparkIndex","pdata_n.t05_wecom_kyc_auth_evt","task:144891:statement:0:relation:root.(child).a.setop.b0.setop.b0.setop.b0.setop.b0.setop.b1.cwr.read.t05_wecom_kyc_auth_evt","CONFIRMED","NON_LITERAL_PRESENT","E:\02_area\股衍数据-数据cookbook\sql-static-lineage-data\task-projections\tasks\144891\versions\75f7379c0e382e1e94e32568ccc3e37cfdcf27a38b2fda0c754b56b5ea069577.evidence-v3.json","E:\02_area\股衍数据-数据cookbook\sql-static-lineage-data\task-projections\tasks\144891\versions\75f7379c0e382e1e94e32568ccc3e37cfdcf27a38b2fda0c754b56b5ea069577.json"
"144891","sparkIndex","pdata_n.t05_wecom_kyc_auth_evt","task:144891:statement:0:relation:root.(child).a.setop.b0.setop.b0.setop.b0.setop.b1.cwr.read.t05_wecom_kyc_auth_evt","CONFIRMED","NON_LITERAL_PRESENT","E:\02_area\股衍数据-数据cookbook\sql-static-lineage-data\task-projections\tasks\144891\versions\75f7379c0e382e1e94e32568ccc3e37cfdcf27a38b2fda0c754b56b5ea069577.evidence-v3.json","E:\02_area\股衍数据-数据cookbook\sql-static-lineage-data\task-projections\tasks\144891\versions\75f7379c0e382e1e94e32568ccc3e37cfdcf27a38b2fda0c754b56b5ea069577.json"
"144891","sparkIndex","pdata_n.t05_wecom_kyc_auth_evt","task:144891:statement:0:relation:root.(child).a.setop.b0.setop.b0.setop.b1.cwr.read.t05_wecom_kyc_auth_evt","CONFIRMED","NON_LITERAL_PRESENT","E:\02_area\股衍数据-数据cookbook\sql-static-lineage-data\task-projections\tasks\144891\versions\75f7379c0e382e1e94e32568ccc3e37cfdcf27a38b2fda0c754b56b5ea069577.evidence-v3.json","E:\02_area\股衍数据-数据cookbook\sql-static-lineage-data\task-projections\tasks\144891\versions\75f7379c0e382e1e94e32568ccc3e37cfdcf27a38b2fda0c754b56b5ea069577.json"
"144891","sparkIndex","pdata_n.t05_wecom_kyc_auth_evt","task:144891:statement:0:relation:root.(child).a.setop.b0.setop.b1.cwr.read.t05_wecom_kyc_auth_evt","CONFIRMED","NON_LITERAL_PRESENT","E:\02_area\股衍数据-数据cookbook\sql-static-lineage-data\task-projections\tasks\144891\versions\75f7379c0e382e1e94e32568ccc3e37cfdcf27a38b2fda0c754b56b5ea069577.evidence-v3.json","E:\02_area\股衍数据-数据cookbook\sql-static-lineage-data\task-projections\tasks\144891\versions\75f7379c0e382e1e94e32568ccc3e37cfdcf27a38b2fda0c754b56b5ea069577.json"
"144891","sparkIndex","pdata_n.t05_wecom_kyc_auth_evt","task:144891:statement:0:relation:root.(child).a.setop.b1.cwr.read.t05_wecom_kyc_auth_evt","CONFIRMED","NON_LITERAL_PRESENT","E:\02_area\股衍数据-数据cookbook\sql-static-lineage-data\task-projections\tasks\144891\versions\75f7379c0e382e1e94e32568ccc3e37cfdcf27a38b2fda0c754b56b5ea069577.evidence-v3.json","E:\02_area\股衍数据-数据cookbook\sql-static-lineage-data\task-projections\tasks\144891\versions\75f7379c0e382e1e94e32568ccc3e37cfdcf27a38b2fda0c754b56b5ea069577.json"
"144891","sparkIndex","pdata_n.t05_wecom_kyc_auth_evt","task:144891:statement:0:relation:root.(child-1).cwr.read.t05_wecom_kyc_auth_evt","CONFIRMED","NON_LITERAL_PRESENT","E:\02_area\股衍数据-数据cookbook\sql-static-lineage-data\task-projections\tasks\144891\versions\75f7379c0e382e1e94e32568ccc3e37cfdcf27a38b2fda0c754b56b5ea069577.evidence-v3.json","E:\02_area\股衍数据-数据cookbook\sql-static-lineage-data\task-projections\tasks\144891\versions\75f7379c0e382e1e94e32568ccc3e37cfdcf27a38b2fda0c754b56b5ea069577.json"
"144891","sparkIndex","pdata_n.t99_lbl_info","task:144891:statement:0:relation:root.(child-2).setop.b0.t2.b.read.t99_lbl_info","CONFIRMED","NON_LITERAL_PRESENT","E:\02_area\股衍数据-数据cookbook\sql-static-lineage-data\task-projections\tasks\144891\versions\75f7379c0e382e1e94e32568ccc3e37cfdcf27a38b2fda0c754b56b5ea069577.evidence-v3.json","E:\02_area\股衍数据-数据cookbook\sql-static-lineage-data\task-projections\tasks\144891\versions\75f7379c0e382e1e94e32568ccc3e37cfdcf27a38b2fda0c754b56b5ea069577.json"
"144891","sparkIndex","pdata_n.t99_lbl_grp_info","task:144891:statement:0:relation:root.(child-2).setop.b0.t3.read.t99_lbl_grp_info","CONFIRMED","NON_LITERAL_PRESENT","E:\02_area\股衍数据-数据cookbook\sql-static-lineage-data\task-projections\tasks\144891\versions\75f7379c0e382e1e94e32568ccc3e37cfdcf27a38b2fda0c754b56b5ea069577.evidence-v3.json","E:\02_area\股衍数据-数据cookbook\sql-static-lineage-data\task-projections\tasks\144891\versions\75f7379c0e382e1e94e32568ccc3e37cfdcf27a38b2fda0c754b56b5ea069577.json"
"144891","sparkIndex","pdata_n.t99_lbl_info","task:144891:statement:0:relation:root.(child-2).setop.b1.t2.b.read.t99_lbl_info","CONFIRMED","NON_LITERAL_PRESENT","E:\02_area\股衍数据-数据cookbook\sql-static-lineage-data\task-projections\tasks\144891\versions\75f7379c0e382e1e94e32568ccc3e37cfdcf27a38b2fda0c754b56b5ea069577.evidence-v3.json","E:\02_area\股衍数据-数据cookbook\sql-static-lineage-data\task-projections\tasks\144891\versions\75f7379c0e382e1e94e32568ccc3e37cfdcf27a38b2fda0c754b56b5ea069577.json"
"144891","sparkIndex","pdata_n.t99_lbl_grp_info","task:144891:statement:0:relation:root.(child-2).setop.b1.t3.read.t99_lbl_grp_info","CONFIRMED","NON_LITERAL_PRESENT","E:\02_area\股衍数据-数据cookbook\sql-static-lineage-data\task-projections\tasks\144891\versions\75f7379c0e382e1e94e32568ccc3e37cfdcf27a38b2fda0c754b56b5ea069577.evidence-v3.json","E:\02_area\股衍数据-数据cookbook\sql-static-lineage-data\task-projections\tasks\144891\versions\75f7379c0e382e1e94e32568ccc3e37cfdcf27a38b2fda0c754b56b5ea069577.json"
"144891","sparkIndex","pdata_n.t05_wecom_kyc_auth_evt","task:144891:statement:0:relation:root.(child-3).a.b.read.t05_wecom_kyc_auth_evt","CONFIRMED","NON_LITERAL_PRESENT","E:\02_area\股衍数据-数据cookbook\sql-static-lineage-data\task-projections\tasks\144891\versions\75f7379c0e382e1e94e32568ccc3e37cfdcf27a38b2fda0c754b56b5ea069577.evidence-v3.json","E:\02_area\股衍数据-数据cookbook\sql-static-lineage-data\task-projections\tasks\144891\versions\75f7379c0e382e1e94e32568ccc3e37cfdcf27a38b2fda0c754b56b5ea069577.json"
"144891","sparkIndex","pdata_n.t99_lbl_info","task:144891:statement:0:relation:root.(child-3).b.t2.b.read.t99_lbl_info","CONFIRMED","NON_LITERAL_PRESENT","E:\02_area\股衍数据-数据cookbook\sql-static-lineage-data\task-projections\tasks\144891\versions\75f7379c0e382e1e94e32568ccc3e37cfdcf27a38b2fda0c754b56b5ea069577.evidence-v3.json","E:\02_area\股衍数据-数据cookbook\sql-static-lineage-data\task-projections\tasks\144891\versions\75f7379c0e382e1e94e32568ccc3e37cfdcf27a38b2fda0c754b56b5ea069577.json"
"144891","sparkIndex","pdata_n.t99_lbl_grp_info","task:144891:statement:0:relation:root.(child-3).b.t3.read.t99_lbl_grp_info","CONFIRMED","NON_LITERAL_PRESENT","E:\02_area\股衍数据-数据cookbook\sql-static-lineage-data\task-projections\tasks\144891\versions\75f7379c0e382e1e94e32568ccc3e37cfdcf27a38b2fda0c754b56b5ea069577.evidence-v3.json","E:\02_area\股衍数据-数据cookbook\sql-static-lineage-data\task-projections\tasks\144891\versions\75f7379c0e382e1e94e32568ccc3e37cfdcf27a38b2fda0c754b56b5ea069577.json"
"148368","sparkIndex","pdata_n.t01_crm_ofst_oact_cust_div","task:148368:statement:0:relation:root.(child-1).t1.t.setop.b0.temp.t.read.t01_crm_ofst_oact_cust_div","CONFIRMED","NON_LITERAL_PRESENT","E:\02_area\股衍数据-数据cookbook\sql-static-lineage-data\task-projections\tasks\148368\versions\62639a03a56829478206d3d14b2a6471aa0895cd5f3c62abcda00d6a840ff741.evidence-v3.json","E:\02_area\股衍数据-数据cookbook\sql-static-lineage-data\task-projections\tasks\148368\versions\62639a03a56829478206d3d14b2a6471aa0895cd5f3c62abcda00d6a840ff741.json"
"148368","sparkIndex","pdata_n.t01_crm_ofst_oact_cust_div","task:148368:statement:0:relation:root.(child-1).t1.t.setop.b1.temp.t2.read.t01_crm_ofst_oact_cust_div","CONFIRMED","NON_LITERAL_PRESENT","E:\02_area\股衍数据-数据cookbook\sql-static-lineage-data\task-projections\tasks\148368\versions\62639a03a56829478206d3d14b2a6471aa0895cd5f3c62abcda00d6a840ff741.evidence-v3.json","E:\02_area\股衍数据-数据cookbook\sql-static-lineage-data\task-projections\tasks\148368\versions\62639a03a56829478206d3d14b2a6471aa0895cd5f3c62abcda00d6a840ff741.json"
"148368","sparkIndex","dm_index_n.index_grp2_cust_org_asset_std_mthaccum_all","task:148368:statement:0:relation:root.(child-2).a.setop.b0.setop.b0.setop.b0.setop.b0.setop.b0.a.s1.t1.read.index_grp2_cust_org_asset_std_mthaccum_all","CONFIRMED","NON_LITERAL_PRESENT","E:\02_area\股衍数据-数据cookbook\sql-static-lineage-data\task-projections\tasks\148368\versions\62639a03a56829478206d3d14b2a6471aa0895cd5f3c62abcda00d6a840ff741.evidence-v3.json","E:\02_area\股衍数据-数据cookbook\sql-static-lineage-data\task-projections\tasks\148368\versions\62639a03a56829478206d3d14b2a6471aa0895cd5f3c62abcda00d6a840ff741.json"
"148368","sparkIndex","dm_index_n.index_grp1_lvrgastprop_prdcust_mth","task:148368:statement:0:relation:root.(child-2).a.setop.b0.setop.b0.setop.b0.setop.b0.setop.b0.a.s2.setop.b0.t1.a.read.index_grp1_lvrgastprop_prdcust_mth","CONFIRMED","NON_LITERAL_PRESENT","E:\02_area\股衍数据-数据cookbook\sql-static-lineage-data\task-projections\tasks\148368\versions\62639a03a56829478206d3d14b2a6471aa0895cd5f3c62abcda00d6a840ff741.evidence-v3.json","E:\02_area\股衍数据-数据cookbook\sql-static-lineage-data\task-projections\tasks\148368\versions\62639a03a56829478206d3d14b2a6471aa0895cd5f3c62abcda00d6a840ff741.json"
"148368","sparkIndex","dm_index_n.index_grp2_tnrprop_prdcust_mth","task:148368:statement:0:relation:root.(child-2).a.setop.b0.setop.b0.setop.b0.setop.b0.setop.b0.a.s2.setop.b0.t1.b.read.index_grp2_tnrprop_prdcust_mth","CONFIRMED","NON_LITERAL_PRESENT","E:\02_area\股衍数据-数据cookbook\sql-static-lineage-data\task-projections\tasks\148368\versions\62639a03a56829478206d3d14b2a6471aa0895cd5f3c62abcda00d6a840ff741.evidence-v3.json","E:\02_area\股衍数据-数据cookbook\sql-static-lineage-data\task-projections\tasks\148368\versions\62639a03a56829478206d3d14b2a6471aa0895cd5f3c62abcda00d6a840ff741.json"
"148368","sparkIndex","dm_index_n.index_grp2_apdtnramt_2026yearaumexamcali_mthapd","task:148368:statement:0:relation:root.(child-2).a.setop.b0.setop.b0.setop.b0.setop.b0.setop.b1.read.index_grp2_apdtnramt_2026yearaumexamcali_mthapd","CONFIRMED","NON_LITERAL_PRESENT","E:\02_area\股衍数据-数据cookbook\sql-static-lineage-data\task-projections\tasks\148368\versions\62639a03a56829478206d3d14b2a6471aa0895cd5f3c62abcda00d6a840ff741.evidence-v3.json","E:\02_area\股衍数据-数据cookbook\sql-static-lineage-data\task-projections\tasks\148368\versions\62639a03a56829478206d3d14b2a6471aa0895cd5f3c62abcda00d6a840ff741.json"
"148368","sparkIndex","dm_index_n.index_grp3_org_emp_cstdprd_avgast_aum_mon","task:148368:statement:0:relation:root.(child-2).a.setop.b0.setop.b0.setop.b1.read.index_grp3_org_emp_cstdprd_avgast_aum_mon","CONFIRMED","NON_LITERAL_PRESENT","E:\02_area\股衍数据-数据cookbook\sql-static-lineage-data\task-projections\tasks\148368\versions\62639a03a56829478206d3d14b2a6471aa0895cd5f3c62abcda00d6a840ff741.evidence-v3.json","E:\02_area\股衍数据-数据cookbook\sql-static-lineage-data\task-projections\tasks\148368\versions\62639a03a56829478206d3d14b2a6471aa0895cd5f3c62abcda00d6a840ff741.json"
"148368","sparkIndex","pdata_nds.aum_asset_ast_style_cd","task:148368:statement:0:relation:root.(child-2).b.read.aum_asset_ast_style_cd","CONFIRMED","NON_LITERAL_PRESENT","E:\02_area\股衍数据-数据cookbook\sql-static-lineage-data\task-projections\tasks\148368\versions\62639a03a56829478206d3d14b2a6471aa0895cd5f3c62abcda00d6a840ff741.evidence-v3.json","E:\02_area\股衍数据-数据cookbook\sql-static-lineage-data\task-projections\tasks\148368\versions\62639a03a56829478206d3d14b2a6471aa0895cd5f3c62abcda00d6a840ff741.json"
"148368","sparkIndex","dm_index_n.grp_tag_client_is_aum_exam_del","task:148368:statement:0:relation:root.index.b.t.setop.b0.a.read.grp_tag_client_is_aum_exam_del","CONFIRMED","NON_LITERAL_PRESENT","E:\02_area\股衍数据-数据cookbook\sql-static-lineage-data\task-projections\tasks\148368\versions\62639a03a56829478206d3d14b2a6471aa0895cd5f3c62abcda00d6a840ff741.evidence-v3.json","E:\02_area\股衍数据-数据cookbook\sql-static-lineage-data\task-projections\tasks\148368\versions\62639a03a56829478206d3d14b2a6471aa0895cd5f3c62abcda00d6a840ff741.json"
"148368","sparkIndex","dm_index_n.grp_tag_client_is_cust_judic_frz","task:148368:statement:0:relation:root.index.b.t.setop.b1.read.grp_tag_client_is_cust_judic_frz","CONFIRMED","NON_LITERAL_PRESENT","E:\02_area\股衍数据-数据cookbook\sql-static-lineage-data\task-projections\tasks\148368\versions\62639a03a56829478206d3d14b2a6471aa0895cd5f3c62abcda00d6a840ff741.evidence-v3.json","E:\02_area\股衍数据-数据cookbook\sql-static-lineage-data\task-projections\tasks\148368\versions\62639a03a56829478206d3d14b2a6471aa0895cd5f3c62abcda00d6a840ff741.json"
"148419","sparkIndex","dm_index_n.index_grp3_org_emp_cstdprd_avgast_aum_year","task:148419:statement:0:relation:root.(child).setop.b1.read.index_grp3_org_emp_cstdprd_avgast_aum_year","CONFIRMED","LITERAL","E:\02_area\股衍数据-数据cookbook\sql-static-lineage-data\task-projections\tasks\148419\versions\df56664ac9422c0ce09b530a1f0d0a97508267f2d8a958597d41764025f4c21b.evidence-v3.json","E:\02_area\股衍数据-数据cookbook\sql-static-lineage-data\task-projections\tasks\148419\versions\df56664ac9422c0ce09b530a1f0d0a97508267f2d8a958597d41764025f4c21b.json"
"148419","sparkIndex","dm_index_n.index_grp3_org_emp_cstdprd_avgast_aum_year","task:148419:statement:0:relation:root.(child-1).setop.b1.read.index_grp3_org_emp_cstdprd_avgast_aum_year","CONFIRMED","NON_LITERAL_PRESENT","E:\02_area\股衍数据-数据cookbook\sql-static-lineage-data\task-projections\tasks\148419\versions\df56664ac9422c0ce09b530a1f0d0a97508267f2d8a958597d41764025f4c21b.evidence-v3.json","E:\02_area\股衍数据-数据cookbook\sql-static-lineage-data\task-projections\tasks\148419\versions\df56664ac9422c0ce09b530a1f0d0a97508267f2d8a958597d41764025f4c21b.json"
"148763","sparkIndex","dm_index_n.grp_tag_client_corp_busi_cust_type","task:148763:statement:0:relation:root.(child).t.setop.b0.setop.b0.a2.a.setop.b0.a.read.grp_tag_client_corp_busi_cust_type","CONFIRMED","NON_LITERAL_PRESENT","E:\02_area\股衍数据-数据cookbook\sql-static-lineage-data\task-projections\tasks\148763\versions\7bbb95ba863319c92c841ee28a57fb3806b1182519daa89b5ecb249cfac4d24d.evidence-v3.json","E:\02_area\股衍数据-数据cookbook\sql-static-lineage-data\task-projections\tasks\148763\versions\7bbb95ba863319c92c841ee28a57fb3806b1182519daa89b5ecb249cfac4d24d.json"
"148763","sparkIndex","dm_index_n.grp_tag_client_corp_busi_cust_type","task:148763:statement:0:relation:root.(child).t.setop.b0.setop.b0.a2.a.setop.b1.a.read.grp_tag_client_corp_busi_cust_type","CONFIRMED","NON_LITERAL_PRESENT","E:\02_area\股衍数据-数据cookbook\sql-static-lineage-data\task-projections\tasks\148763\versions\7bbb95ba863319c92c841ee28a57fb3806b1182519daa89b5ecb249cfac4d24d.evidence-v3.json","E:\02_area\股衍数据-数据cookbook\sql-static-lineage-data\task-projections\tasks\148763\versions\7bbb95ba863319c92c841ee28a57fb3806b1182519daa89b5ecb249cfac4d24d.json"
"148763","sparkIndex","dm_index_n.index_grp_corp_cust_in_type","task:148763:statement:0:relation:root.(child).t.setop.b0.setop.b1.a.read.index_grp_corp_cust_in_type","CONFIRMED","NON_LITERAL_PRESENT","E:\02_area\股衍数据-数据cookbook\sql-static-lineage-data\task-projections\tasks\148763\versions\7bbb95ba863319c92c841ee28a57fb3806b1182519daa89b5ecb249cfac4d24d.evidence-v3.json","E:\02_area\股衍数据-数据cookbook\sql-static-lineage-data\task-projections\tasks\148763\versions\7bbb95ba863319c92c841ee28a57fb3806b1182519daa89b5ecb249cfac4d24d.json"
"148763","sparkIndex","dm_index_n.grp_tag_client_corp_busi_cust_type","task:148763:statement:0:relation:root.(child-1).a.setop.b0.setop.b0.a.read.grp_tag_client_corp_busi_cust_type","CONFIRMED","NON_LITERAL_PRESENT","E:\02_area\股衍数据-数据cookbook\sql-static-lineage-data\task-projections\tasks\148763\versions\7bbb95ba863319c92c841ee28a57fb3806b1182519daa89b5ecb249cfac4d24d.evidence-v3.json","E:\02_area\股衍数据-数据cookbook\sql-static-lineage-data\task-projections\tasks\148763\versions\7bbb95ba863319c92c841ee28a57fb3806b1182519daa89b5ecb249cfac4d24d.json"
"148763","sparkIndex","dm_index_n.grp_tag_client_corp_busi_cust_type","task:148763:statement:0:relation:root.(child-1).a.setop.b0.setop.b1.a.read.grp_tag_client_corp_busi_cust_type","CONFIRMED","NON_LITERAL_PRESENT","E:\02_area\股衍数据-数据cookbook\sql-static-lineage-data\task-projections\tasks\148763\versions\7bbb95ba863319c92c841ee28a57fb3806b1182519daa89b5ecb249cfac4d24d.evidence-v3.json","E:\02_area\股衍数据-数据cookbook\sql-static-lineage-data\task-projections\tasks\148763\versions\7bbb95ba863319c92c841ee28a57fb3806b1182519daa89b5ecb249cfac4d24d.json"
"148763","sparkIndex","pdata_n.t01_crm_ofst_oact_cust_div","task:148763:statement:0:relation:root.(child-3).t1.t.setop.b0.temp.t.read.t01_crm_ofst_oact_cust_div","CONFIRMED","NON_LITERAL_PRESENT","E:\02_area\股衍数据-数据cookbook\sql-static-lineage-data\task-projections\tasks\148763\versions\7bbb95ba863319c92c841ee28a57fb3806b1182519daa89b5ecb249cfac4d24d.evidence-v3.json","E:\02_area\股衍数据-数据cookbook\sql-static-lineage-data\task-projections\tasks\148763\versions\7bbb95ba863319c92c841ee28a57fb3806b1182519daa89b5ecb249cfac4d24d.json"
"148763","sparkIndex","pdata_n.t01_crm_ofst_oact_cust_div","task:148763:statement:0:relation:root.(child-3).t1.t.setop.b1.temp.t2.read.t01_crm_ofst_oact_cust_div","CONFIRMED","NON_LITERAL_PRESENT","E:\02_area\股衍数据-数据cookbook\sql-static-lineage-data\task-projections\tasks\148763\versions\7bbb95ba863319c92c841ee28a57fb3806b1182519daa89b5ecb249cfac4d24d.evidence-v3.json","E:\02_area\股衍数据-数据cookbook\sql-static-lineage-data\task-projections\tasks\148763\versions\7bbb95ba863319c92c841ee28a57fb3806b1182519daa89b5ecb249cfac4d24d.json"
"148763","sparkIndex","dm_index_n.pcav_hold_index","task:148763:statement:0:relation:root.(child-4).t.setop.b0.a.mkt.setop.b0.t.a.t1.t11.read.pcav_hold_index","CONFIRMED","NON_LITERAL_PRESENT","E:\02_area\股衍数据-数据cookbook\sql-static-lineage-data\task-projections\tasks\148763\versions\7bbb95ba863319c92c841ee28a57fb3806b1182519daa89b5ecb249cfac4d24d.evidence-v3.json","E:\02_area\股衍数据-数据cookbook\sql-static-lineage-data\task-projections\tasks\148763\versions\7bbb95ba863319c92c841ee28a57fb3806b1182519daa89b5ecb249cfac4d24d.json"
"148763","sparkIndex","dm_index_n.pcav_hold_index","task:148763:statement:0:relation:root.(child-4).t.setop.b0.a.mkt.setop.b0.t.a.t2.read.pcav_hold_index","CONFIRMED","NON_LITERAL_PRESENT","E:\02_area\股衍数据-数据cookbook\sql-static-lineage-data\task-projections\tasks\148763\versions\7bbb95ba863319c92c841ee28a57fb3806b1182519daa89b5ecb249cfac4d24d.evidence-v3.json","E:\02_area\股衍数据-数据cookbook\sql-static-lineage-data\task-projections\tasks\148763\versions\7bbb95ba863319c92c841ee28a57fb3806b1182519daa89b5ecb249cfac4d24d.json"
"148763","sparkIndex","dm_index_n.hold_tag_relation","task:148763:statement:0:relation:root.(child-4).t.setop.b0.a.mkt.setop.b0.t.a.t3.read.hold_tag_relation","CONFIRMED","NON_LITERAL_PRESENT","E:\02_area\股衍数据-数据cookbook\sql-static-lineage-data\task-projections\tasks\148763\versions\7bbb95ba863319c92c841ee28a57fb3806b1182519daa89b5ecb249cfac4d24d.evidence-v3.json","E:\02_area\股衍数据-数据cookbook\sql-static-lineage-data\task-projections\tasks\148763\versions\7bbb95ba863319c92c841ee28a57fb3806b1182519daa89b5ecb249cfac4d24d.json"
"148763","sparkIndex","dm_index_n.index_grp1_ast_apptredpbusi_guar_tdy","task:148763:statement:0:relation:root.(child-4).t.setop.b0.a.mkt.setop.b1.b.read.index_grp1_ast_apptredpbusi_guar_tdy","CONFIRMED","NON_LITERAL_PRESENT","E:\02_area\股衍数据-数据cookbook\sql-static-lineage-data\task-projections\tasks\148763\versions\7bbb95ba863319c92c841ee28a57fb3806b1182519daa89b5ecb249cfac4d24d.evidence-v3.json","E:\02_area\股衍数据-数据cookbook\sql-static-lineage-data\task-projections\tasks\148763\versions\7bbb95ba863319c92c841ee28a57fb3806b1182519daa89b5ecb249cfac4d24d.json"
"148763","sparkIndex","dm_index_n.index_grp1_cust_divd_avg_lend_scal","task:148763:statement:0:relation:root.(child-4).t.setop.b1.b.read.index_grp1_cust_divd_avg_lend_scal","CONFIRMED","NON_LITERAL_PRESENT","E:\02_area\股衍数据-数据cookbook\sql-static-lineage-data\task-projections\tasks\148763\versions\7bbb95ba863319c92c841ee28a57fb3806b1182519daa89b5ecb249cfac4d24d.evidence-v3.json","E:\02_area\股衍数据-数据cookbook\sql-static-lineage-data\task-projections\tasks\148763\versions\7bbb95ba863319c92c841ee28a57fb3806b1182519daa89b5ecb249cfac4d24d.json"
"148763","sparkIndex","dm_index_n.dm_co_t0_trd_prnt_stmt_perf","task:148763:statement:0:relation:root.(child-5).a1.t2.read.dm_co_t0_trd_prnt_stmt_perf","CONFIRMED","NON_LITERAL_PRESENT","E:\02_area\股衍数据-数据cookbook\sql-static-lineage-data\task-projections\tasks\148763\versions\7bbb95ba863319c92c841ee28a57fb3806b1182519daa89b5ecb249cfac4d24d.evidence-v3.json","E:\02_area\股衍数据-数据cookbook\sql-static-lineage-data\task-projections\tasks\148763\versions\7bbb95ba863319c92c841ee28a57fb3806b1182519daa89b5ecb249cfac4d24d.json"
"148763","sparkIndex","dm_index_n.index_grp2_cust_org_asset_std_mthaccum_all","task:148763:statement:0:relation:root.(child-6).s1.setop.b0.setop.b0.setop.b0.t1.setop.b0.t1.read.index_grp2_cust_org_asset_std_mthaccum_all","CONFIRMED","NON_LITERAL_PRESENT","E:\02_area\股衍数据-数据cookbook\sql-static-lineage-data\task-projections\tasks\148763\versions\7bbb95ba863319c92c841ee28a57fb3806b1182519daa89b5ecb249cfac4d24d.evidence-v3.json","E:\02_area\股衍数据-数据cookbook\sql-static-lineage-data\task-projections\tasks\148763\versions\7bbb95ba863319c92c841ee28a57fb3806b1182519daa89b5ecb249cfac4d24d.json"
"148763","sparkIndex","dm_index_n.index_grp1_net_ast","task:148763:statement:0:relation:root.(child-6).s1.setop.b0.setop.b0.setop.b1.t1.a.opt.a.read.index_grp1_net_ast","CONFIRMED","NON_LITERAL_PRESENT","E:\02_area\股衍数据-数据cookbook\sql-static-lineage-data\task-projections\tasks\148763\versions\7bbb95ba863319c92c841ee28a57fb3806b1182519daa89b5ecb249cfac4d24d.evidence-v3.json","E:\02_area\股衍数据-数据cookbook\sql-static-lineage-data\task-projections\tasks\148763\versions\7bbb95ba863319c92c841ee28a57fb3806b1182519daa89b5ecb249cfac4d24d.json"
"148763","sparkIndex","dm_index_n.index_grp1_net_ast","task:148763:statement:0:relation:root.(child-6).s1.setop.b0.setop.b0.setop.b1.t1.b.t.a.a.read.index_grp1_net_ast","CONFIRMED","NON_LITERAL_PRESENT","E:\02_area\股衍数据-数据cookbook\sql-static-lineage-data\task-projections\tasks\148763\versions\7bbb95ba863319c92c841ee28a57fb3806b1182519daa89b5ecb249cfac4d24d.evidence-v3.json","E:\02_area\股衍数据-数据cookbook\sql-static-lineage-data\task-projections\tasks\148763\versions\7bbb95ba863319c92c841ee28a57fb3806b1182519daa89b5ecb249cfac4d24d.json"
"148763","sparkIndex","dm_index_n.index_grp1_lvrgastprop_prdcust_mth","task:148763:statement:0:relation:root.(child-6).s2.setop.b0.t1.a.read.index_grp1_lvrgastprop_prdcust_mth","CONFIRMED","NON_LITERAL_PRESENT","E:\02_area\股衍数据-数据cookbook\sql-static-lineage-data\task-projections\tasks\148763\versions\7bbb95ba863319c92c841ee28a57fb3806b1182519daa89b5ecb249cfac4d24d.evidence-v3.json","E:\02_area\股衍数据-数据cookbook\sql-static-lineage-data\task-projections\tasks\148763\versions\7bbb95ba863319c92c841ee28a57fb3806b1182519daa89b5ecb249cfac4d24d.json"
"148763","sparkIndex","dm_index_n.index_grp2_tnrprop_prdcust_mth","task:148763:statement:0:relation:root.(child-6).s2.setop.b0.t1.b.read.index_grp2_tnrprop_prdcust_mth","CONFIRMED","NON_LITERAL_PRESENT","E:\02_area\股衍数据-数据cookbook\sql-static-lineage-data\task-projections\tasks\148763\versions\7bbb95ba863319c92c841ee28a57fb3806b1182519daa89b5ecb249cfac4d24d.evidence-v3.json","E:\02_area\股衍数据-数据cookbook\sql-static-lineage-data\task-projections\tasks\148763\versions\7bbb95ba863319c92c841ee28a57fb3806b1182519daa89b5ecb249cfac4d24d.json"
"148763","sparkIndex","pdata_nds.aum_asset_ast_style_cd","task:148763:statement:0:relation:root.(child-7).setop.b0.setop.b0.t.read.aum_asset_ast_style_cd","CONFIRMED","NON_LITERAL_PRESENT","E:\02_area\股衍数据-数据cookbook\sql-static-lineage-data\task-projections\tasks\148763\versions\7bbb95ba863319c92c841ee28a57fb3806b1182519daa89b5ecb249cfac4d24d.evidence-v3.json","E:\02_area\股衍数据-数据cookbook\sql-static-lineage-data\task-projections\tasks\148763\versions\7bbb95ba863319c92c841ee28a57fb3806b1182519daa89b5ecb249cfac4d24d.json"
"148763","sparkIndex","dm_index_n.index_grp1_ast","task:148763:statement:0:relation:root.(child-7).setop.b1.a4.t.a.read.index_grp1_ast","CONFIRMED","NON_LITERAL_PRESENT","E:\02_area\股衍数据-数据cookbook\sql-static-lineage-data\task-projections\tasks\148763\versions\7bbb95ba863319c92c841ee28a57fb3806b1182519daa89b5ecb249cfac4d24d.evidence-v3.json","E:\02_area\股衍数据-数据cookbook\sql-static-lineage-data\task-projections\tasks\148763\versions\7bbb95ba863319c92c841ee28a57fb3806b1182519daa89b5ecb249cfac4d24d.json"
"148763","sparkIndex","dm_index_n.index_grp1_net_ast","task:148763:statement:0:relation:root.(child-7).setop.b1.a4.t.b.read.index_grp1_net_ast","CONFIRMED","NON_LITERAL_PRESENT","E:\02_area\股衍数据-数据cookbook\sql-static-lineage-data\task-projections\tasks\148763\versions\7bbb95ba863319c92c841ee28a57fb3806b1182519daa89b5ecb249cfac4d24d.evidence-v3.json","E:\02_area\股衍数据-数据cookbook\sql-static-lineage-data\task-projections\tasks\148763\versions\7bbb95ba863319c92c841ee28a57fb3806b1182519daa89b5ecb249cfac4d24d.json"
"148763","sparkIndex","dm_index_n.grp_tag_client_is_aum_exam_del","task:148763:statement:0:relation:root.index.b.t.setop.b0.a.read.grp_tag_client_is_aum_exam_del","CONFIRMED","NON_LITERAL_PRESENT","E:\02_area\股衍数据-数据cookbook\sql-static-lineage-data\task-projections\tasks\148763\versions\7bbb95ba863319c92c841ee28a57fb3806b1182519daa89b5ecb249cfac4d24d.evidence-v3.json","E:\02_area\股衍数据-数据cookbook\sql-static-lineage-data\task-projections\tasks\148763\versions\7bbb95ba863319c92c841ee28a57fb3806b1182519daa89b5ecb249cfac4d24d.json"
"148763","sparkIndex","dm_index_n.grp_tag_client_is_cust_judic_frz","task:148763:statement:0:relation:root.index.b.t.setop.b1.read.grp_tag_client_is_cust_judic_frz","CONFIRMED","NON_LITERAL_PRESENT","E:\02_area\股衍数据-数据cookbook\sql-static-lineage-data\task-projections\tasks\148763\versions\7bbb95ba863319c92c841ee28a57fb3806b1182519daa89b5ecb249cfac4d24d.evidence-v3.json","E:\02_area\股衍数据-数据cookbook\sql-static-lineage-data\task-projections\tasks\148763\versions\7bbb95ba863319c92c841ee28a57fb3806b1182519daa89b5ecb249cfac4d24d.json"
"149001","sparkIndex","pdata_nds.aum_asset_ast_style_cd","task:149001:statement:0:relation:root.casttable.a.setop.b0.t3.read.aum_asset_ast_style_cd","CONFIRMED","NON_LITERAL_PRESENT","E:\02_area\股衍数据-数据cookbook\sql-static-lineage-data\task-projections\tasks\149001\versions\a9b1f4e52e94a2799d3c32bb7bc42e62b91bc547416c39d33ef98cb29e8b7383.evidence-v3.json","E:\02_area\股衍数据-数据cookbook\sql-static-lineage-data\task-projections\tasks\149001\versions\a9b1f4e52e94a2799d3c32bb7bc42e62b91bc547416c39d33ef98cb29e8b7383.json"
"149001","sparkIndex","pdata_nds.aum_asset_ast_style_cd","task:149001:statement:0:relation:root.casttable.a.setop.b1.a.read.aum_asset_ast_style_cd","CONFIRMED","NON_LITERAL_PRESENT","E:\02_area\股衍数据-数据cookbook\sql-static-lineage-data\task-projections\tasks\149001\versions\a9b1f4e52e94a2799d3c32bb7bc42e62b91bc547416c39d33ef98cb29e8b7383.evidence-v3.json","E:\02_area\股衍数据-数据cookbook\sql-static-lineage-data\task-projections\tasks\149001\versions\a9b1f4e52e94a2799d3c32bb7bc42e62b91bc547416c39d33ef98cb29e8b7383.json"
"149048","sparkIndex","dm_index_n.index_grp3_org_emp_cstdprd_avgast_aum_year","task:149048:statement:0:relation:root.(child).setop.b1.read.index_grp3_org_emp_cstdprd_avgast_aum_year","CONFIRMED","LITERAL","E:\02_area\股衍数据-数据cookbook\sql-static-lineage-data\task-projections\tasks\149048\versions\eae1286993af9c7d62f3dc41e84098bc70e72e162bbc759759b5b5016d4cc44f.evidence-v3.json","E:\02_area\股衍数据-数据cookbook\sql-static-lineage-data\task-projections\tasks\149048\versions\eae1286993af9c7d62f3dc41e84098bc70e72e162bbc759759b5b5016d4cc44f.json"
"149048","sparkIndex","dm_index_n.index_grp3_org_emp_cstdprd_avgast_aum_year","task:149048:statement:0:relation:root.(child-1).setop.b1.read.index_grp3_org_emp_cstdprd_avgast_aum_year","CONFIRMED","NON_LITERAL_PRESENT","E:\02_area\股衍数据-数据cookbook\sql-static-lineage-data\task-projections\tasks\149048\versions\eae1286993af9c7d62f3dc41e84098bc70e72e162bbc759759b5b5016d4cc44f.evidence-v3.json","E:\02_area\股衍数据-数据cookbook\sql-static-lineage-data\task-projections\tasks\149048\versions\eae1286993af9c7d62f3dc41e84098bc70e72e162bbc759759b5b5016d4cc44f.json"
"149236","sparkIndex","dm_index_n.index_grp3_org_emp_cstdprd_avgast_aum_year","task:149236:statement:0:relation:root.(child).setop.b1.read.index_grp3_org_emp_cstdprd_avgast_aum_year","CONFIRMED","LITERAL","E:\02_area\股衍数据-数据cookbook\sql-static-lineage-data\task-projections\tasks\149236\versions\6de39e59210b1dc6c378f071ab7f480295704237f56d7143af7581a59f22432e.evidence-v3.json","E:\02_area\股衍数据-数据cookbook\sql-static-lineage-data\task-projections\tasks\149236\versions\6de39e59210b1dc6c378f071ab7f480295704237f56d7143af7581a59f22432e.json"
"149841","sparkIndex","pdata_nds.aum_asset_ast_style_cd","task:149841:statement:0:relation:root.casttable.a.setop.b0.t3.read.aum_asset_ast_style_cd","CONFIRMED","NON_LITERAL_PRESENT","E:\02_area\股衍数据-数据cookbook\sql-static-lineage-data\task-projections\tasks\149841\versions\9a7cb7c3e983a087a1570ae98c4cc6d143d72ba20d5c20b69c6eb97950e6d972.evidence-v3.json","E:\02_area\股衍数据-数据cookbook\sql-static-lineage-data\task-projections\tasks\149841\versions\9a7cb7c3e983a087a1570ae98c4cc6d143d72ba20d5c20b69c6eb97950e6d972.json"
"149841","sparkIndex","pdata_nds.aum_asset_ast_style_cd","task:149841:statement:0:relation:root.casttable.a.setop.b1.a.read.aum_asset_ast_style_cd","CONFIRMED","NON_LITERAL_PRESENT","E:\02_area\股衍数据-数据cookbook\sql-static-lineage-data\task-projections\tasks\149841\versions\9a7cb7c3e983a087a1570ae98c4cc6d143d72ba20d5c20b69c6eb97950e6d972.evidence-v3.json","E:\02_area\股衍数据-数据cookbook\sql-static-lineage-data\task-projections\tasks\149841\versions\9a7cb7c3e983a087a1570ae98c4cc6d143d72ba20d5c20b69c6eb97950e6d972.json"
"149951","sparkIndex","dm_index_n.index_grp3_org_emp_cstdprd_avgast_aum_year","task:149951:statement:0:relation:root.(child).setop.b1.read.index_grp3_org_emp_cstdprd_avgast_aum_year","CONFIRMED","LITERAL","E:\02_area\股衍数据-数据cookbook\sql-static-lineage-data\task-projections\tasks\149951\versions\3b37531b43423a6a5b560a83d34381b75a4288b13c032811419afcf41f5c7be7.evidence-v3.json","E:\02_area\股衍数据-数据cookbook\sql-static-lineage-data\task-projections\tasks\149951\versions\3b37531b43423a6a5b560a83d34381b75a4288b13c032811419afcf41f5c7be7.json"
"150023","sparkIndex","dm_index_n.grp_tag_client_is_pvt_org_prd_cust","task:150023:statement:0:relation:root.casttable.idx.a.setop.b0.setop.b0.setop.b0.setop.b0.setop.b0.setop.b0.setop.b0.setop.b0.setop.b0.setop.b0.setop.b0.setop.b0.setop.b0.setop.b0.setop.b0.setop.b0.setop.b0.setop.b0.setop.b0.setop.b0.setop.b0.setop.b0.setop.b0.setop.b0.setop.b0.setop.b0.setop.b0.setop.b0.setop.b0.setop.b0.setop.b0.setop.b0.setop.b0.setop.b0.setop.b0.setop.b0.read.grp_tag_client_is_pvt_org_prd_cust","CONFIRMED","NON_LITERAL_PRESENT","E:\02_area\股衍数据-数据cookbook\sql-static-lineage-data\task-projections\tasks\150023\versions\e4d437a9f16837ceec08952110653afeacfccdee8ab861dc73a084d42cd02d0a.evidence-v3.json","E:\02_area\股衍数据-数据cookbook\sql-static-lineage-data\task-projections\tasks\150023\versions\e4d437a9f16837ceec08952110653afeacfccdee8ab861dc73a084d42cd02d0a.json"
"150023","sparkIndex","dm_index_n.grp_tag_client_is_bank_prd_cust","task:150023:statement:0:relation:root.casttable.idx.a.setop.b0.setop.b0.setop.b0.setop.b0.setop.b0.setop.b0.setop.b0.setop.b0.setop.b0.setop.b0.setop.b0.setop.b0.setop.b0.setop.b0.setop.b0.setop.b0.setop.b0.setop.b0.setop.b0.setop.b0.setop.b0.setop.b0.setop.b0.setop.b0.setop.b0.setop.b0.setop.b0.setop.b0.setop.b0.setop.b0.setop.b0.setop.b0.setop.b0.setop.b0.setop.b0.setop.b1.read.grp_tag_client_is_bank_prd_cust","CONFIRMED","NON_LITERAL_PRESENT","E:\02_area\股衍数据-数据cookbook\sql-static-lineage-data\task-projections\tasks\150023\versions\e4d437a9f16837ceec08952110653afeacfccdee8ab861dc73a084d42cd02d0a.evidence-v3.json","E:\02_area\股衍数据-数据cookbook\sql-static-lineage-data\task-projections\tasks\150023\versions\e4d437a9f16837ceec08952110653afeacfccdee8ab861dc73a084d42cd02d0a.json"
"150023","sparkIndex","dm_index_n.grp_tag_client_is_custd_org_cust","task:150023:statement:0:relation:root.casttable.idx.a.setop.b0.setop.b0.setop.b0.setop.b0.setop.b0.setop.b0.setop.b0.setop.b0.setop.b0.setop.b0.setop.b0.setop.b0.setop.b0.setop.b0.setop.b0.setop.b0.setop.b0.setop.b0.setop.b0.setop.b0.setop.b0.setop.b0.setop.b0.setop.b0.setop.b0.setop.b0.setop.b0.setop.b0.setop.b0.setop.b0.setop.b0.setop.b0.setop.b0.setop.b0.setop.b1.read.grp_tag_client_is_custd_org_cust","CONFIRMED","NON_LITERAL_PRESENT","E:\02_area\股衍数据-数据cookbook\sql-static-lineage-data\task-projections\tasks\150023\versions\e4d437a9f16837ceec08952110653afeacfccdee8ab861dc73a084d42cd02d0a.evidence-v3.json","E:\02_area\股衍数据-数据cookbook\sql-static-lineage-data\task-projections\tasks\150023\versions\e4d437a9f16837ceec08952110653afeacfccdee8ab861dc73a084d42cd02d0a.json"
"150023","sparkIndex","dm_index_n.grp_tag_client_is_brok_sett_cust","task:150023:statement:0:relation:root.casttable.idx.a.setop.b0.setop.b0.setop.b0.setop.b0.setop.b0.setop.b0.setop.b0.setop.b0.setop.b0.setop.b0.setop.b0.setop.b0.setop.b0.setop.b0.setop.b0.setop.b0.setop.b0.setop.b0.setop.b0.setop.b0.setop.b0.setop.b0.setop.b0.setop.b0.setop.b0.setop.b0.setop.b0.setop.b0.setop.b0.setop.b0.setop.b0.setop.b0.setop.b0.setop.b1.read.grp_tag_client_is_brok_sett_cust","CONFIRMED","NON_LITERAL_PRESENT","E:\02_area\股衍数据-数据cookbook\sql-static-lineage-data\task-projections\tasks\150023\versions\e4d437a9f16837ceec08952110653afeacfccdee8ab861dc73a084d42cd02d0a.evidence-v3.json","E:\02_area\股衍数据-数据cookbook\sql-static-lineage-data\task-projections\tasks\150023\versions\e4d437a9f16837ceec08952110653afeacfccdee8ab861dc73a084d42cd02d0a.json"
"150023","sparkIndex","dm_index_n.grp_tag_client_is_serv_cstd_cust","task:150023:statement:0:relation:root.casttable.idx.a.setop.b0.setop.b0.setop.b0.setop.b0.setop.b0.setop.b0.setop.b0.setop.b0.setop.b0.setop.b0.setop.b0.setop.b0.setop.b0.setop.b0.setop.b0.setop.b0.setop.b0.setop.b0.setop.b0.setop.b0.setop.b0.setop.b0.setop.b0.setop.b0.setop.b0.setop.b0.setop.b0.setop.b0.setop.b0.setop.b0.setop.b0.setop.b0.setop.b1.read.grp_tag_client_is_serv_cstd_cust","CONFIRMED","NON_LITERAL_PRESENT","E:\02_area\股衍数据-数据cookbook\sql-static-lineage-data\task-projections\tasks\150023\versions\e4d437a9f16837ceec08952110653afeacfccdee8ab861dc73a084d42cd02d0a.evidence-v3.json","E:\02_area\股衍数据-数据cookbook\sql-static-lineage-data\task-projections\tasks\150023\versions\e4d437a9f16837ceec08952110653afeacfccdee8ab861dc73a084d42cd02d0a.json"
"150023","sparkIndex","dm_index_n.grp_tag_client_is_tyt_cust","task:150023:statement:0:relation:root.casttable.idx.a.setop.b0.setop.b0.setop.b0.setop.b0.setop.b0.setop.b0.setop.b0.setop.b0.setop.b0.setop.b0.setop.b0.setop.b0.setop.b0.setop.b0.setop.b0.setop.b0.setop.b0.setop.b0.setop.b0.setop.b0.setop.b0.setop.b0.setop.b0.setop.b0.setop.b0.setop.b0.setop.b0.setop.b0.setop.b0.setop.b0.setop.b0.setop.b1.read.grp_tag_client_is_tyt_cust","CONFIRMED","NON_LITERAL_PRESENT","E:\02_area\股衍数据-数据cookbook\sql-static-lineage-data\task-projections\tasks\150023\versions\e4d437a9f16837ceec08952110653afeacfccdee8ab861dc73a084d42cd02d0a.evidence-v3.json","E:\02_area\股衍数据-数据cookbook\sql-static-lineage-data\task-projections\tasks\150023\versions\e4d437a9f16837ceec08952110653afeacfccdee8ab861dc73a084d42cd02d0a.json"
"150023","sparkIndex","dm_index_n.grp_tag_client_gpb_cust_type","task:150023:statement:0:relation:root.casttable.idx.a.setop.b0.setop.b0.setop.b0.setop.b0.setop.b0.setop.b0.setop.b0.setop.b0.setop.b0.setop.b0.setop.b0.setop.b0.setop.b0.setop.b0.setop.b0.setop.b0.setop.b0.setop.b0.setop.b0.setop.b0.setop.b0.setop.b0.setop.b0.setop.b0.setop.b0.setop.b0.setop.b0.setop.b0.setop.b0.setop.b0.setop.b1.read.grp_tag_client_gpb_cust_type","CONFIRMED","LITERAL","E:\02_area\股衍数据-数据cookbook\sql-static-lineage-data\task-projections\tasks\150023\versions\e4d437a9f16837ceec08952110653afeacfccdee8ab861dc73a084d42cd02d0a.evidence-v3.json","E:\02_area\股衍数据-数据cookbook\sql-static-lineage-data\task-projections\tasks\150023\versions\e4d437a9f16837ceec08952110653afeacfccdee8ab861dc73a084d42cd02d0a.json"
"150023","sparkIndex","dm_index_n.index_grp1_ast","task:150023:statement:0:relation:root.casttable.idx.a.setop.b0.setop.b0.setop.b0.setop.b0.setop.b0.setop.b0.setop.b0.setop.b0.setop.b0.setop.b0.setop.b0.setop.b0.setop.b0.setop.b0.setop.b0.setop.b0.setop.b0.setop.b0.setop.b0.setop.b0.setop.b0.setop.b0.setop.b0.setop.b0.setop.b0.setop.b0.setop.b0.setop.b0.setop.b0.setop.b1.read.index_grp1_ast","CONFIRMED","LITERAL","E:\02_area\股衍数据-数据cookbook\sql-static-lineage-data\task-projections\tasks\150023\versions\e4d437a9f16837ceec08952110653afeacfccdee8ab861dc73a084d42cd02d0a.evidence-v3.json","E:\02_area\股衍数据-数据cookbook\sql-static-lineage-data\task-projections\tasks\150023\versions\e4d437a9f16837ceec08952110653afeacfccdee8ab861dc73a084d42cd02d0a.json"
"150023","sparkIndex","dm_index_n.index_grp1_ast","task:150023:statement:0:relation:root.casttable.idx.a.setop.b0.setop.b0.setop.b0.setop.b0.setop.b0.setop.b0.setop.b0.setop.b0.setop.b0.setop.b0.setop.b0.setop.b0.setop.b0.setop.b0.setop.b0.setop.b0.setop.b0.setop.b0.setop.b0.setop.b0.setop.b0.setop.b0.setop.b0.setop.b0.setop.b0.setop.b0.setop.b0.setop.b0.setop.b1.read.index_grp1_ast","CONFIRMED","LITERAL","E:\02_area\股衍数据-数据cookbook\sql-static-lineage-data\task-projections\tasks\150023\versions\e4d437a9f16837ceec08952110653afeacfccdee8ab861dc73a084d42cd02d0a.evidence-v3.json","E:\02_area\股衍数据-数据cookbook\sql-static-lineage-data\task-projections\tasks\150023\versions\e4d437a9f16837ceec08952110653afeacfccdee8ab861dc73a084d42cd02d0a.json"
"150023","sparkIndex","dm_index_n.index_grp1_ast","task:150023:statement:0:relation:root.casttable.idx.a.setop.b0.setop.b0.setop.b0.setop.b0.setop.b0.setop.b0.setop.b0.setop.b0.setop.b0.setop.b0.setop.b0.setop.b0.setop.b0.setop.b0.setop.b0.setop.b0.setop.b0.setop.b0.setop.b0.setop.b0.setop.b0.setop.b0.setop.b0.setop.b0.setop.b0.setop.b0.setop.b0.setop.b1.read.index_grp1_ast","CONFIRMED","LITERAL","E:\02_area\股衍数据-数据cookbook\sql-static-lineage-data\task-projections\tasks\150023\versions\e4d437a9f16837ceec08952110653afeacfccdee8ab861dc73a084d42cd02d0a.evidence-v3.json","E:\02_area\股衍数据-数据cookbook\sql-static-lineage-data\task-projections\tasks\150023\versions\e4d437a9f16837ceec08952110653afeacfccdee8ab861dc73a084d42cd02d0a.json"
"150023","sparkIndex","dm_index_n.index_grp1_ast","task:150023:statement:0:relation:root.casttable.idx.a.setop.b0.setop.b0.setop.b0.setop.b0.setop.b0.setop.b0.setop.b0.setop.b0.setop.b0.setop.b0.setop.b0.setop.b0.setop.b0.setop.b0.setop.b0.setop.b0.setop.b0.setop.b0.setop.b0.setop.b0.setop.b0.setop.b0.setop.b0.setop.b0.setop.b0.setop.b0.setop.b1.read.index_grp1_ast","CONFIRMED","LITERAL","E:\02_area\股衍数据-数据cookbook\sql-static-lineage-data\task-projections\tasks\150023\versions\e4d437a9f16837ceec08952110653afeacfccdee8ab861dc73a084d42cd02d0a.evidence-v3.json","E:\02_area\股衍数据-数据cookbook\sql-static-lineage-data\task-projections\tasks\150023\versions\e4d437a9f16837ceec08952110653afeacfccdee8ab861dc73a084d42cd02d0a.json"
"150023","sparkIndex","dm_index_n.index_grp1_ast","task:150023:statement:0:relation:root.casttable.idx.a.setop.b0.setop.b0.setop.b0.setop.b0.setop.b0.setop.b0.setop.b0.setop.b0.setop.b0.setop.b0.setop.b0.setop.b0.setop.b0.setop.b0.setop.b0.setop.b0.setop.b0.setop.b0.setop.b0.setop.b0.setop.b0.setop.b0.setop.b0.setop.b0.setop.b0.setop.b1.read.index_grp1_ast","CONFIRMED","LITERAL","E:\02_area\股衍数据-数据cookbook\sql-static-lineage-data\task-projections\tasks\150023\versions\e4d437a9f16837ceec08952110653afeacfccdee8ab861dc73a084d42cd02d0a.evidence-v3.json","E:\02_area\股衍数据-数据cookbook\sql-static-lineage-data\task-projections\tasks\150023\versions\e4d437a9f16837ceec08952110653afeacfccdee8ab861dc73a084d42cd02d0a.json"
"150023","sparkIndex","dm_index_n.index_grp1_ast","task:150023:statement:0:relation:root.casttable.idx.a.setop.b0.setop.b0.setop.b0.setop.b0.setop.b0.setop.b0.setop.b0.setop.b0.setop.b0.setop.b0.setop.b0.setop.b0.setop.b0.setop.b0.setop.b0.setop.b0.setop.b0.setop.b0.setop.b0.setop.b0.setop.b0.setop.b0.setop.b0.setop.b0.setop.b1.read.index_grp1_ast","CONFIRMED","LITERAL","E:\02_area\股衍数据-数据cookbook\sql-static-lineage-data\task-projections\tasks\150023\versions\e4d437a9f16837ceec08952110653afeacfccdee8ab861dc73a084d42cd02d0a.evidence-v3.json","E:\02_area\股衍数据-数据cookbook\sql-static-lineage-data\task-projections\tasks\150023\versions\e4d437a9f16837ceec08952110653afeacfccdee8ab861dc73a084d42cd02d0a.json"
"150023","sparkIndex","dm_index_n.index_grp1_ast","task:150023:statement:0:relation:root.casttable.idx.a.setop.b0.setop.b0.setop.b0.setop.b0.setop.b0.setop.b0.setop.b0.setop.b0.setop.b0.setop.b0.setop.b0.setop.b0.setop.b0.setop.b0.setop.b0.setop.b0.setop.b0.setop.b0.setop.b0.setop.b0.setop.b0.setop.b0.setop.b0.setop.b1.read.index_grp1_ast","CONFIRMED","LITERAL","E:\02_area\股衍数据-数据cookbook\sql-static-lineage-data\task-projections\tasks\150023\versions\e4d437a9f16837ceec08952110653afeacfccdee8ab861dc73a084d42cd02d0a.evidence-v3.json","E:\02_area\股衍数据-数据cookbook\sql-static-lineage-data\task-projections\tasks\150023\versions\e4d437a9f16837ceec08952110653afeacfccdee8ab861dc73a084d42cd02d0a.json"
"150023","sparkIndex","dm_index_n.index_grp_trade_amt_exch","task:150023:statement:0:relation:root.casttable.idx.a.setop.b0.setop.b0.setop.b0.setop.b0.setop.b0.setop.b0.setop.b0.setop.b0.setop.b0.setop.b0.setop.b0.setop.b0.setop.b0.setop.b0.setop.b0.setop.b0.setop.b0.setop.b0.setop.b0.setop.b0.setop.b0.setop.b0.setop.b1.read.index_grp_trade_amt_exch","CONFIRMED","LITERAL","E:\02_area\股衍数据-数据cookbook\sql-static-lineage-data\task-projections\tasks\150023\versions\e4d437a9f16837ceec08952110653afeacfccdee8ab861dc73a084d42cd02d0a.evidence-v3.json","E:\02_area\股衍数据-数据cookbook\sql-static-lineage-data\task-projections\tasks\150023\versions\e4d437a9f16837ceec08952110653afeacfccdee8ab861dc73a084d42cd02d0a.json"
"150023","sparkIndex","dm_index_n.index_grp_trade_amt_exch_mon","task:150023:statement:0:relation:root.casttable.idx.a.setop.b0.setop.b0.setop.b0.setop.b0.setop.b0.setop.b0.setop.b0.setop.b0.setop.b0.setop.b0.setop.b0.setop.b0.setop.b0.setop.b0.setop.b0.setop.b0.setop.b0.setop.b0.setop.b0.setop.b1.read.index_grp_trade_amt_exch_mon","CONFIRMED","LITERAL","E:\02_area\股衍数据-数据cookbook\sql-static-lineage-data\task-projections\tasks\150023\versions\e4d437a9f16837ceec08952110653afeacfccdee8ab861dc73a084d42cd02d0a.evidence-v3.json","E:\02_area\股衍数据-数据cookbook\sql-static-lineage-data\task-projections\tasks\150023\versions\e4d437a9f16837ceec08952110653afeacfccdee8ab861dc73a084d42cd02d0a.json"
"150023","sparkIndex","dm_index_n.index_grp_opt_trd_amt_mth_rcc","task:150023:statement:0:relation:root.casttable.idx.a.setop.b0.setop.b0.setop.b0.setop.b0.setop.b0.setop.b0.setop.b0.setop.b0.setop.b0.setop.b0.setop.b0.setop.b0.setop.b0.setop.b0.setop.b0.setop.b0.setop.b0.setop.b0.setop.b1.read.index_grp_opt_trd_amt_mth_rcc","CONFIRMED","LITERAL","E:\02_area\股衍数据-数据cookbook\sql-static-lineage-data\task-projections\tasks\150023\versions\e4d437a9f16837ceec08952110653afeacfccdee8ab861dc73a084d42cd02d0a.evidence-v3.json","E:\02_area\股衍数据-数据cookbook\sql-static-lineage-data\task-projections\tasks\150023\versions\e4d437a9f16837ceec08952110653afeacfccdee8ab861dc73a084d42cd02d0a.json"
"150023","sparkIndex","dm_index_n.index_grp_trade_amt_exch_mon","task:150023:statement:0:relation:root.casttable.idx.a.setop.b0.setop.b0.setop.b0.setop.b0.setop.b0.setop.b0.setop.b0.setop.b0.setop.b0.setop.b0.setop.b0.setop.b0.setop.b0.setop.b0.setop.b0.setop.b0.setop.b0.setop.b1.read.index_grp_trade_amt_exch_mon","CONFIRMED","LITERAL","E:\02_area\股衍数据-数据cookbook\sql-static-lineage-data\task-projections\tasks\150023\versions\e4d437a9f16837ceec08952110653afeacfccdee8ab861dc73a084d42cd02d0a.evidence-v3.json","E:\02_area\股衍数据-数据cookbook\sql-static-lineage-data\task-projections\tasks\150023\versions\e4d437a9f16837ceec08952110653afeacfccdee8ab861dc73a084d42cd02d0a.json"
"150023","sparkIndex","dm_index_n.index_grp_trade_amt_exch_mon","task:150023:statement:0:relation:root.casttable.idx.a.setop.b0.setop.b0.setop.b0.setop.b0.setop.b0.setop.b0.setop.b0.setop.b0.setop.b0.setop.b0.setop.b0.setop.b0.setop.b0.setop.b0.setop.b0.setop.b0.setop.b1.read.index_grp_trade_amt_exch_mon","CONFIRMED","LITERAL","E:\02_area\股衍数据-数据cookbook\sql-static-lineage-data\task-projections\tasks\150023\versions\e4d437a9f16837ceec08952110653afeacfccdee8ab861dc73a084d42cd02d0a.evidence-v3.json","E:\02_area\股衍数据-数据cookbook\sql-static-lineage-data\task-projections\tasks\150023\versions\e4d437a9f16837ceec08952110653afeacfccdee8ab861dc73a084d42cd02d0a.json"
"150023","sparkIndex","dm_index_n.index_grp_trade_amt_exch_mon","task:150023:statement:0:relation:root.casttable.idx.a.setop.b0.setop.b0.setop.b0.setop.b0.setop.b0.setop.b0.setop.b0.setop.b0.setop.b0.setop.b0.setop.b0.setop.b0.setop.b0.setop.b0.setop.b0.setop.b1.read.index_grp_trade_amt_exch_mon","CONFIRMED","LITERAL","E:\02_area\股衍数据-数据cookbook\sql-static-lineage-data\task-projections\tasks\150023\versions\e4d437a9f16837ceec08952110653afeacfccdee8ab861dc73a084d42cd02d0a.evidence-v3.json","E:\02_area\股衍数据-数据cookbook\sql-static-lineage-data\task-projections\tasks\150023\versions\e4d437a9f16837ceec08952110653afeacfccdee8ab861dc73a084d42cd02d0a.json"
"150023","sparkIndex","dm_index_n.index_grp_trade_amt_exch_mon","task:150023:statement:0:relation:root.casttable.idx.a.setop.b0.setop.b0.setop.b0.setop.b0.setop.b0.setop.b0.setop.b0.setop.b0.setop.b0.setop.b0.setop.b0.setop.b0.setop.b0.setop.b0.setop.b1.read.index_grp_trade_amt_exch_mon","CONFIRMED","LITERAL","E:\02_area\股衍数据-数据cookbook\sql-static-lineage-data\task-projections\tasks\150023\versions\e4d437a9f16837ceec08952110653afeacfccdee8ab861dc73a084d42cd02d0a.evidence-v3.json","E:\02_area\股衍数据-数据cookbook\sql-static-lineage-data\task-projections\tasks\150023\versions\e4d437a9f16837ceec08952110653afeacfccdee8ab861dc73a084d42cd02d0a.json"
"150023","sparkIndex","dm_index_n.index_grp_trade_amt_exch_mon","task:150023:statement:0:relation:root.casttable.idx.a.setop.b0.setop.b0.setop.b0.setop.b0.setop.b0.setop.b0.setop.b0.setop.b0.setop.b0.setop.b0.setop.b0.setop.b0.setop.b0.setop.b1.read.index_grp_trade_amt_exch_mon","CONFIRMED","LITERAL","E:\02_area\股衍数据-数据cookbook\sql-static-lineage-data\task-projections\tasks\150023\versions\e4d437a9f16837ceec08952110653afeacfccdee8ab861dc73a084d42cd02d0a.evidence-v3.json","E:\02_area\股衍数据-数据cookbook\sql-static-lineage-data\task-projections\tasks\150023\versions\e4d437a9f16837ceec08952110653afeacfccdee8ab861dc73a084d42cd02d0a.json"
"150023","sparkIndex","dm_index_n.index_grp_opt_trd_amt_mth_rcc","task:150023:statement:0:relation:root.casttable.idx.a.setop.b0.setop.b0.setop.b0.setop.b0.setop.b0.setop.b0.setop.b0.setop.b0.setop.b0.setop.b0.setop.b0.setop.b0.setop.b1.read.index_grp_opt_trd_amt_mth_rcc","CONFIRMED","LITERAL","E:\02_area\股衍数据-数据cookbook\sql-static-lineage-data\task-projections\tasks\150023\versions\e4d437a9f16837ceec08952110653afeacfccdee8ab861dc73a084d42cd02d0a.evidence-v3.json","E:\02_area\股衍数据-数据cookbook\sql-static-lineage-data\task-projections\tasks\150023\versions\e4d437a9f16837ceec08952110653afeacfccdee8ab861dc73a084d42cd02d0a.json"
"150023","sparkIndex","dm_index_n.index_grp_tramt_mon_rcc","task:150023:statement:0:relation:root.casttable.idx.a.setop.b0.setop.b0.setop.b0.setop.b0.setop.b0.setop.b0.setop.b0.setop.b0.setop.b0.setop.b0.setop.b0.setop.b1.read.index_grp_tramt_mon_rcc","CONFIRMED","LITERAL","E:\02_area\股衍数据-数据cookbook\sql-static-lineage-data\task-projections\tasks\150023\versions\e4d437a9f16837ceec08952110653afeacfccdee8ab861dc73a084d42cd02d0a.evidence-v3.json","E:\02_area\股衍数据-数据cookbook\sql-static-lineage-data\task-projections\tasks\150023\versions\e4d437a9f16837ceec08952110653afeacfccdee8ab861dc73a084d42cd02d0a.json"
"150023","sparkIndex","dm_index_n.index_grp_tramt_mon_icc","task:150023:statement:0:relation:root.casttable.idx.a.setop.b0.setop.b0.setop.b0.setop.b0.setop.b0.setop.b0.setop.b0.setop.b0.setop.b0.setop.b0.setop.b1.read.index_grp_tramt_mon_icc","CONFIRMED","LITERAL","E:\02_area\股衍数据-数据cookbook\sql-static-lineage-data\task-projections\tasks\150023\versions\e4d437a9f16837ceec08952110653afeacfccdee8ab861dc73a084d42cd02d0a.evidence-v3.json","E:\02_area\股衍数据-数据cookbook\sql-static-lineage-data\task-projections\tasks\150023\versions\e4d437a9f16837ceec08952110653afeacfccdee8ab861dc73a084d42cd02d0a.json"
"150023","sparkIndex","dm_index_n.index_grp1_all_entr_num_mon","task:150023:statement:0:relation:root.casttable.idx.a.setop.b0.setop.b0.setop.b0.setop.b0.setop.b0.setop.b0.setop.b0.setop.b0.setop.b0.setop.b1.read.index_grp1_all_entr_num_mon","CONFIRMED","LITERAL","E:\02_area\股衍数据-数据cookbook\sql-static-lineage-data\task-projections\tasks\150023\versions\e4d437a9f16837ceec08952110653afeacfccdee8ab861dc73a084d42cd02d0a.evidence-v3.json","E:\02_area\股衍数据-数据cookbook\sql-static-lineage-data\task-projections\tasks\150023\versions\e4d437a9f16837ceec08952110653afeacfccdee8ab861dc73a084d42cd02d0a.json"
"150023","sparkIndex","dm_index_n.index_grp_trade_amt_exch_year","task:150023:statement:0:relation:root.casttable.idx.a.setop.b0.setop.b0.setop.b0.setop.b0.setop.b0.setop.b0.setop.b0.setop.b0.setop.b1.read.index_grp_trade_amt_exch_year","CONFIRMED","LITERAL","E:\02_area\股衍数据-数据cookbook\sql-static-lineage-data\task-projections\tasks\150023\versions\e4d437a9f16837ceec08952110653afeacfccdee8ab861dc73a084d42cd02d0a.evidence-v3.json","E:\02_area\股衍数据-数据cookbook\sql-static-lineage-data\task-projections\tasks\150023\versions\e4d437a9f16837ceec08952110653afeacfccdee8ab861dc73a084d42cd02d0a.json"
"150023","sparkIndex","dm_index_n.index_grp1_grp_opt_trd_amt_year_rcc","task:150023:statement:0:relation:root.casttable.idx.a.setop.b0.setop.b0.setop.b0.setop.b0.setop.b0.setop.b0.setop.b0.setop.b1.read.index_grp1_grp_opt_trd_amt_year_rcc","CONFIRMED","LITERAL","E:\02_area\股衍数据-数据cookbook\sql-static-lineage-data\task-projections\tasks\150023\versions\e4d437a9f16837ceec08952110653afeacfccdee8ab861dc73a084d42cd02d0a.evidence-v3.json","E:\02_area\股衍数据-数据cookbook\sql-static-lineage-data\task-projections\tasks\150023\versions\e4d437a9f16837ceec08952110653afeacfccdee8ab861dc73a084d42cd02d0a.json"
"150023","sparkIndex","dm_index_n.index_grp_trade_amt_exch_year","task:150023:statement:0:relation:root.casttable.idx.a.setop.b0.setop.b0.setop.b0.setop.b0.setop.b0.setop.b0.setop.b1.read.index_grp_trade_amt_exch_year","CONFIRMED","LITERAL","E:\02_area\股衍数据-数据cookbook\sql-static-lineage-data\task-projections\tasks\150023\versions\e4d437a9f16837ceec08952110653afeacfccdee8ab861dc73a084d42cd02d0a.evidence-v3.json","E:\02_area\股衍数据-数据cookbook\sql-static-lineage-data\task-projections\tasks\150023\versions\e4d437a9f16837ceec08952110653afeacfccdee8ab861dc73a084d42cd02d0a.json"
"150023","sparkIndex","dm_index_n.index_grp_trade_amt_exch_year","task:150023:statement:0:relation:root.casttable.idx.a.setop.b0.setop.b0.setop.b0.setop.b0.setop.b0.setop.b1.read.index_grp_trade_amt_exch_year","CONFIRMED","LITERAL","E:\02_area\股衍数据-数据cookbook\sql-static-lineage-data\task-projections\tasks\150023\versions\e4d437a9f16837ceec08952110653afeacfccdee8ab861dc73a084d42cd02d0a.evidence-v3.json","E:\02_area\股衍数据-数据cookbook\sql-static-lineage-data\task-projections\tasks\150023\versions\e4d437a9f16837ceec08952110653afeacfccdee8ab861dc73a084d42cd02d0a.json"
"150023","sparkIndex","dm_index_n.index_grp_trade_amt_exch_year","task:150023:statement:0:relation:root.casttable.idx.a.setop.b0.setop.b0.setop.b0.setop.b0.setop.b1.read.index_grp_trade_amt_exch_year","CONFIRMED","LITERAL","E:\02_area\股衍数据-数据cookbook\sql-static-lineage-data\task-projections\tasks\150023\versions\e4d437a9f16837ceec08952110653afeacfccdee8ab861dc73a084d42cd02d0a.evidence-v3.json","E:\02_area\股衍数据-数据cookbook\sql-static-lineage-data\task-projections\tasks\150023\versions\e4d437a9f16837ceec08952110653afeacfccdee8ab861dc73a084d42cd02d0a.json"
"150023","sparkIndex","dm_index_n.index_grp_trade_amt_exch_year","task:150023:statement:0:relation:root.casttable.idx.a.setop.b0.setop.b0.setop.b0.setop.b1.read.index_grp_trade_amt_exch_year","CONFIRMED","LITERAL","E:\02_area\股衍数据-数据cookbook\sql-static-lineage-data\task-projections\tasks\150023\versions\e4d437a9f16837ceec08952110653afeacfccdee8ab861dc73a084d42cd02d0a.evidence-v3.json","E:\02_area\股衍数据-数据cookbook\sql-static-lineage-data\task-projections\tasks\150023\versions\e4d437a9f16837ceec08952110653afeacfccdee8ab861dc73a084d42cd02d0a.json"
"150023","sparkIndex","dm_index_n.index_grp_trade_amt_exch_year","task:150023:statement:0:relation:root.casttable.idx.a.setop.b0.setop.b0.setop.b1.read.index_grp_trade_amt_exch_year","CONFIRMED","LITERAL","E:\02_area\股衍数据-数据cookbook\sql-static-lineage-data\task-projections\tasks\150023\versions\e4d437a9f16837ceec08952110653afeacfccdee8ab861dc73a084d42cd02d0a.evidence-v3.json","E:\02_area\股衍数据-数据cookbook\sql-static-lineage-data\task-projections\tasks\150023\versions\e4d437a9f16837ceec08952110653afeacfccdee8ab861dc73a084d42cd02d0a.json"
"150023","sparkIndex","dm_index_n.index_grp1_grp_opt_trd_amt_year_rcc","task:150023:statement:0:relation:root.casttable.idx.a.setop.b0.setop.b1.read.index_grp1_grp_opt_trd_amt_year_rcc","CONFIRMED","LITERAL","E:\02_area\股衍数据-数据cookbook\sql-static-lineage-data\task-projections\tasks\150023\versions\e4d437a9f16837ceec08952110653afeacfccdee8ab861dc73a084d42cd02d0a.evidence-v3.json","E:\02_area\股衍数据-数据cookbook\sql-static-lineage-data\task-projections\tasks\150023\versions\e4d437a9f16837ceec08952110653afeacfccdee8ab861dc73a084d42cd02d0a.json"
"150023","sparkIndex","dm_index_n.index_grp1_all_entr_num_recentyear","task:150023:statement:0:relation:root.casttable.idx.a.setop.b1.read.index_grp1_all_entr_num_recentyear","CONFIRMED","LITERAL","E:\02_area\股衍数据-数据cookbook\sql-static-lineage-data\task-projections\tasks\150023\versions\e4d437a9f16837ceec08952110653afeacfccdee8ab861dc73a084d42cd02d0a.evidence-v3.json","E:\02_area\股衍数据-数据cookbook\sql-static-lineage-data\task-projections\tasks\150023\versions\e4d437a9f16837ceec08952110653afeacfccdee8ab861dc73a084d42cd02d0a.json"
"152234","sparkIndex","pdata_nds.aum_asset_ast_style_cd","task:152234:statement:0:relation:root.casttable.a.t5.read.aum_asset_ast_style_cd","CONFIRMED","NON_LITERAL_PRESENT","E:\02_area\股衍数据-数据cookbook\sql-static-lineage-data\task-projections\tasks\152234\versions\3849e34e12d112cc922a95ad581a4904d5e72ae418f9e84f24dcbfcab4954820.evidence-v3.json","E:\02_area\股衍数据-数据cookbook\sql-static-lineage-data\task-projections\tasks\152234\versions\3849e34e12d112cc922a95ad581a4904d5e72ae418f9e84f24dcbfcab4954820.json"
"152257","sparkIndex","pdata_nds.aum_asset_ast_style_cd","task:152257:statement:0:relation:root.casttable.a.t5.read.aum_asset_ast_style_cd","CONFIRMED","NON_LITERAL_PRESENT","E:\02_area\股衍数据-数据cookbook\sql-static-lineage-data\task-projections\tasks\152257\versions\f621fe9e29a6d669b787a3beac8766d07509376124db054403bab3487f52a604.evidence-v3.json","E:\02_area\股衍数据-数据cookbook\sql-static-lineage-data\task-projections\tasks\152257\versions\f621fe9e29a6d669b787a3beac8766d07509376124db054403bab3487f52a604.json"
"153126","sparkIndex","dm_index_n.grp_tag_client_aum_perf_exam","task:153126:statement:0:relation:root.(child-3).read.a","CONFIRMED","NON_LITERAL_PRESENT","E:\02_area\股衍数据-数据cookbook\sql-static-lineage-data\task-projections\tasks\153126\versions\b6d6fb2521e9a3dd65a69cd53d33dd2b920ab4be4968ffbf82c9e54eb1008725.evidence-v3.json","E:\02_area\股衍数据-数据cookbook\sql-static-lineage-data\task-projections\tasks\153126\versions\b6d6fb2521e9a3dd65a69cd53d33dd2b920ab4be4968ffbf82c9e54eb1008725.json"
"153126","sparkIndex","dm_index_n.grp_tag_client_corp_busi_cust_type","task:153126:statement:0:relation:root.(child-4).setop.b0.setop.b0.setop.b0.setop.b0.setop.b1.read.g","CONFIRMED","NON_LITERAL_PRESENT","E:\02_area\股衍数据-数据cookbook\sql-static-lineage-data\task-projections\tasks\153126\versions\b6d6fb2521e9a3dd65a69cd53d33dd2b920ab4be4968ffbf82c9e54eb1008725.evidence-v3.json","E:\02_area\股衍数据-数据cookbook\sql-static-lineage-data\task-projections\tasks\153126\versions\b6d6fb2521e9a3dd65a69cd53d33dd2b920ab4be4968ffbf82c9e54eb1008725.json"
"153126","sparkIndex","dm_index_n.grp_tag_client_corp_busi_cust_type","task:153126:statement:0:relation:root.(child-4).setop.b0.setop.b0.setop.b0.setop.b1.read.g","CONFIRMED","NON_LITERAL_PRESENT","E:\02_area\股衍数据-数据cookbook\sql-static-lineage-data\task-projections\tasks\153126\versions\b6d6fb2521e9a3dd65a69cd53d33dd2b920ab4be4968ffbf82c9e54eb1008725.evidence-v3.json","E:\02_area\股衍数据-数据cookbook\sql-static-lineage-data\task-projections\tasks\153126\versions\b6d6fb2521e9a3dd65a69cd53d33dd2b920ab4be4968ffbf82c9e54eb1008725.json"
"153126","sparkIndex","dm_index_n.index_grp_corp_cust_in_type","task:153126:statement:0:relation:root.(child-4).setop.b0.setop.b0.setop.b1.read.g","CONFIRMED","NON_LITERAL_PRESENT","E:\02_area\股衍数据-数据cookbook\sql-static-lineage-data\task-projections\tasks\153126\versions\b6d6fb2521e9a3dd65a69cd53d33dd2b920ab4be4968ffbf82c9e54eb1008725.evidence-v3.json","E:\02_area\股衍数据-数据cookbook\sql-static-lineage-data\task-projections\tasks\153126\versions\b6d6fb2521e9a3dd65a69cd53d33dd2b920ab4be4968ffbf82c9e54eb1008725.json"
"153126","sparkIndex","dm_index_n.index_grp2_cust_org_asset_std_mthaccum_all","task:153126:statement:0:relation:root.(child-4).setop.b0.setop.b1.t.t1.read.index_grp2_cust_org_asset_std_mthaccum_all","CONFIRMED","NON_LITERAL_PRESENT","E:\02_area\股衍数据-数据cookbook\sql-static-lineage-data\task-projections\tasks\153126\versions\b6d6fb2521e9a3dd65a69cd53d33dd2b920ab4be4968ffbf82c9e54eb1008725.evidence-v3.json","E:\02_area\股衍数据-数据cookbook\sql-static-lineage-data\task-projections\tasks\153126\versions\b6d6fb2521e9a3dd65a69cd53d33dd2b920ab4be4968ffbf82c9e54eb1008725.json"
"153126","sparkIndex","dm_index_n.grp_tag_client_is_cust_judic_frz","task:153126:statement:0:relation:root.(child-4).setop.b1.a.read.grp_tag_client_is_cust_judic_frz","CONFIRMED","NON_LITERAL_PRESENT","E:\02_area\股衍数据-数据cookbook\sql-static-lineage-data\task-projections\tasks\153126\versions\b6d6fb2521e9a3dd65a69cd53d33dd2b920ab4be4968ffbf82c9e54eb1008725.evidence-v3.json","E:\02_area\股衍数据-数据cookbook\sql-static-lineage-data\task-projections\tasks\153126\versions\b6d6fb2521e9a3dd65a69cd53d33dd2b920ab4be4968ffbf82c9e54eb1008725.json"
"153126","sparkIndex","dm_index_n.grp_tag_client_aum_perf_exam","task:153126:statement:0:relation:root.(child-7).read.a","CONFIRMED","NON_LITERAL_PRESENT","E:\02_area\股衍数据-数据cookbook\sql-static-lineage-data\task-projections\tasks\153126\versions\b6d6fb2521e9a3dd65a69cd53d33dd2b920ab4be4968ffbf82c9e54eb1008725.evidence-v3.json","E:\02_area\股衍数据-数据cookbook\sql-static-lineage-data\task-projections\tasks\153126\versions\b6d6fb2521e9a3dd65a69cd53d33dd2b920ab4be4968ffbf82c9e54eb1008725.json"
"153126","sparkIndex","dm_index_n.grp_tag_client_corp_busi_cust_type","task:153126:statement:0:relation:root.(child-8).setop.b0.setop.b0.setop.b0.setop.b0.setop.b1.read.g","CONFIRMED","NON_LITERAL_PRESENT","E:\02_area\股衍数据-数据cookbook\sql-static-lineage-data\task-projections\tasks\153126\versions\b6d6fb2521e9a3dd65a69cd53d33dd2b920ab4be4968ffbf82c9e54eb1008725.evidence-v3.json","E:\02_area\股衍数据-数据cookbook\sql-static-lineage-data\task-projections\tasks\153126\versions\b6d6fb2521e9a3dd65a69cd53d33dd2b920ab4be4968ffbf82c9e54eb1008725.json"
"153126","sparkIndex","dm_index_n.grp_tag_client_corp_busi_cust_type","task:153126:statement:0:relation:root.(child-8).setop.b0.setop.b0.setop.b0.setop.b1.read.g","CONFIRMED","NON_LITERAL_PRESENT","E:\02_area\股衍数据-数据cookbook\sql-static-lineage-data\task-projections\tasks\153126\versions\b6d6fb2521e9a3dd65a69cd53d33dd2b920ab4be4968ffbf82c9e54eb1008725.evidence-v3.json","E:\02_area\股衍数据-数据cookbook\sql-static-lineage-data\task-projections\tasks\153126\versions\b6d6fb2521e9a3dd65a69cd53d33dd2b920ab4be4968ffbf82c9e54eb1008725.json"
"153126","sparkIndex","dm_index_n.index_grp_corp_cust_in_type","task:153126:statement:0:relation:root.(child-8).setop.b0.setop.b0.setop.b1.read.g","CONFIRMED","NON_LITERAL_PRESENT","E:\02_area\股衍数据-数据cookbook\sql-static-lineage-data\task-projections\tasks\153126\versions\b6d6fb2521e9a3dd65a69cd53d33dd2b920ab4be4968ffbf82c9e54eb1008725.evidence-v3.json","E:\02_area\股衍数据-数据cookbook\sql-static-lineage-data\task-projections\tasks\153126\versions\b6d6fb2521e9a3dd65a69cd53d33dd2b920ab4be4968ffbf82c9e54eb1008725.json"
"153126","sparkIndex","dm_index_n.index_grp2_cust_org_asset_std_mthaccum_all","task:153126:statement:0:relation:root.(child-8).setop.b0.setop.b1.t.t1.read.index_grp2_cust_org_asset_std_mthaccum_all","CONFIRMED","NON_LITERAL_PRESENT","E:\02_area\股衍数据-数据cookbook\sql-static-lineage-data\task-projections\tasks\153126\versions\b6d6fb2521e9a3dd65a69cd53d33dd2b920ab4be4968ffbf82c9e54eb1008725.evidence-v3.json","E:\02_area\股衍数据-数据cookbook\sql-static-lineage-data\task-projections\tasks\153126\versions\b6d6fb2521e9a3dd65a69cd53d33dd2b920ab4be4968ffbf82c9e54eb1008725.json"
"153126","sparkIndex","dm_index_n.grp_tag_client_is_cust_judic_frz","task:153126:statement:0:relation:root.(child-8).setop.b1.a.read.grp_tag_client_is_cust_judic_frz","CONFIRMED","NON_LITERAL_PRESENT","E:\02_area\股衍数据-数据cookbook\sql-static-lineage-data\task-projections\tasks\153126\versions\b6d6fb2521e9a3dd65a69cd53d33dd2b920ab4be4968ffbf82c9e54eb1008725.evidence-v3.json","E:\02_area\股衍数据-数据cookbook\sql-static-lineage-data\task-projections\tasks\153126\versions\b6d6fb2521e9a3dd65a69cd53d33dd2b920ab4be4968ffbf82c9e54eb1008725.json"
"155612","sparkIndex","pdata_nds.aum_asset_ast_style_cd","task:155612:statement:0:relation:root.casttable.t3.read.aum_asset_ast_style_cd","CONFIRMED","NON_LITERAL_PRESENT","E:\02_area\股衍数据-数据cookbook\sql-static-lineage-data\task-projections\tasks\155612\versions\7d6736d9e11ca26db9cd71ae58d5b2451ee51fa8f47f7ad828ceb23fa7351fc7.evidence-v3.json","E:\02_area\股衍数据-数据cookbook\sql-static-lineage-data\task-projections\tasks\155612\versions\7d6736d9e11ca26db9cd71ae58d5b2451ee51fa8f47f7ad828ceb23fa7351fc7.json"
"155612","sparkIndex","dm_index_n.grp_tag_client_aum_asset_cbs_cust","task:155612:statement:0:relation:root.casttable.t6.a.read.grp_tag_client_aum_asset_cbs_cust","CONFIRMED","NON_LITERAL_PRESENT","E:\02_area\股衍数据-数据cookbook\sql-static-lineage-data\task-projections\tasks\155612\versions\7d6736d9e11ca26db9cd71ae58d5b2451ee51fa8f47f7ad828ceb23fa7351fc7.evidence-v3.json","E:\02_area\股衍数据-数据cookbook\sql-static-lineage-data\task-projections\tasks\155612\versions\7d6736d9e11ca26db9cd71ae58d5b2451ee51fa8f47f7ad828ceb23fa7351fc7.json"
"158480","sparkIndex","dm_index_n.grp_tag_client_aum_perf_exam","task:158480:statement:0:relation:root.(child-13).read.a","CONFIRMED","NON_LITERAL_PRESENT","E:\02_area\股衍数据-数据cookbook\sql-static-lineage-data\task-projections\tasks\158480\versions\2034620682b139cb1459fe03e2f5b1b139ae40b03cc066d7d7fc63d3fda52a54.evidence-v3.json","E:\02_area\股衍数据-数据cookbook\sql-static-lineage-data\task-projections\tasks\158480\versions\2034620682b139cb1459fe03e2f5b1b139ae40b03cc066d7d7fc63d3fda52a54.json"
"158480","sparkIndex","dm_index_n.index_grp1_cust_incm_allcali_mth_all","task:158480:statement:0:relation:root.(child-14).read.a","CONFIRMED","NON_LITERAL_PRESENT","E:\02_area\股衍数据-数据cookbook\sql-static-lineage-data\task-projections\tasks\158480\versions\2034620682b139cb1459fe03e2f5b1b139ae40b03cc066d7d7fc63d3fda52a54.evidence-v3.json","E:\02_area\股衍数据-数据cookbook\sql-static-lineage-data\task-projections\tasks\158480\versions\2034620682b139cb1459fe03e2f5b1b139ae40b03cc066d7d7fc63d3fda52a54.json"
"158480","sparkIndex","dm_index_n.index_grp2_emp_inr_incm_spaseat_mth","task:158480:statement:0:relation:root.(child-15).setop.b0.setop.b0.setop.b0.setop.b0.setop.b0.setop.b0.setop.b0.setop.b0.read.a","CONFIRMED","NON_LITERAL_PRESENT","E:\02_area\股衍数据-数据cookbook\sql-static-lineage-data\task-projections\tasks\158480\versions\2034620682b139cb1459fe03e2f5b1b139ae40b03cc066d7d7fc63d3fda52a54.evidence-v3.json","E:\02_area\股衍数据-数据cookbook\sql-static-lineage-data\task-projections\tasks\158480\versions\2034620682b139cb1459fe03e2f5b1b139ae40b03cc066d7d7fc63d3fda52a54.json"
"158480","sparkIndex","dm_index_n.index_grp3_cust_prd_emp_income_nwsincome_aumdevrela_tdy","task:158480:statement:0:relation:root.(child-15).setop.b0.setop.b0.setop.b0.setop.b1.read.a","CONFIRMED","NON_LITERAL_PRESENT","E:\02_area\股衍数据-数据cookbook\sql-static-lineage-data\task-projections\tasks\158480\versions\2034620682b139cb1459fe03e2f5b1b139ae40b03cc066d7d7fc63d3fda52a54.evidence-v3.json","E:\02_area\股衍数据-数据cookbook\sql-static-lineage-data\task-projections\tasks\158480\versions\2034620682b139cb1459fe03e2f5b1b139ae40b03cc066d7d7fc63d3fda52a54.json"
"158480","sparkIndex","dm_index_n.index_grp2_cust_emp_incm_plfmvabusi_aum_tdy_all","task:158480:statement:0:relation:root.(child-15).setop.b0.setop.b0.setop.b1.t.read.a","CONFIRMED","NON_LITERAL_PRESENT","E:\02_area\股衍数据-数据cookbook\sql-static-lineage-data\task-projections\tasks\158480\versions\2034620682b139cb1459fe03e2f5b1b139ae40b03cc066d7d7fc63d3fda52a54.evidence-v3.json","E:\02_area\股衍数据-数据cookbook\sql-static-lineage-data\task-projections\tasks\158480\versions\2034620682b139cb1459fe03e2f5b1b139ae40b03cc066d7d7fc63d3fda52a54.json"
"158480","sparkIndex","dm_index_n.grp_tag_client_aum_perf_exam","task:158480:statement:0:relation:root.(child-4).read.a","CONFIRMED","NON_LITERAL_PRESENT","E:\02_area\股衍数据-数据cookbook\sql-static-lineage-data\task-projections\tasks\158480\versions\2034620682b139cb1459fe03e2f5b1b139ae40b03cc066d7d7fc63d3fda52a54.evidence-v3.json","E:\02_area\股衍数据-数据cookbook\sql-static-lineage-data\task-projections\tasks\158480\versions\2034620682b139cb1459fe03e2f5b1b139ae40b03cc066d7d7fc63d3fda52a54.json"
"158480","sparkIndex","dm_index_n.index_grp1_cust_incm_allcali_mth_all","task:158480:statement:0:relation:root.(child-5).read.a","CONFIRMED","LITERAL","E:\02_area\股衍数据-数据cookbook\sql-static-lineage-data\task-projections\tasks\158480\versions\2034620682b139cb1459fe03e2f5b1b139ae40b03cc066d7d7fc63d3fda52a54.evidence-v3.json","E:\02_area\股衍数据-数据cookbook\sql-static-lineage-data\task-projections\tasks\158480\versions\2034620682b139cb1459fe03e2f5b1b139ae40b03cc066d7d7fc63d3fda52a54.json"
"158480","sparkIndex","dm_index_n.index_grp2_emp_inr_incm_spaseat_mth","task:158480:statement:0:relation:root.(child-6).setop.b0.setop.b0.setop.b0.setop.b0.setop.b0.setop.b0.setop.b0.setop.b0.read.a","CONFIRMED","LITERAL","E:\02_area\股衍数据-数据cookbook\sql-static-lineage-data\task-projections\tasks\158480\versions\2034620682b139cb1459fe03e2f5b1b139ae40b03cc066d7d7fc63d3fda52a54.evidence-v3.json","E:\02_area\股衍数据-数据cookbook\sql-static-lineage-data\task-projections\tasks\158480\versions\2034620682b139cb1459fe03e2f5b1b139ae40b03cc066d7d7fc63d3fda52a54.json"
"158480","sparkIndex","dm_index_n.index_grp3_cust_prd_emp_income_nwsincome_aumdevrela_tdy","task:158480:statement:0:relation:root.(child-6).setop.b0.setop.b0.setop.b0.setop.b1.read.a","CONFIRMED","NON_LITERAL_PRESENT","E:\02_area\股衍数据-数据cookbook\sql-static-lineage-data\task-projections\tasks\158480\versions\2034620682b139cb1459fe03e2f5b1b139ae40b03cc066d7d7fc63d3fda52a54.evidence-v3.json","E:\02_area\股衍数据-数据cookbook\sql-static-lineage-data\task-projections\tasks\158480\versions\2034620682b139cb1459fe03e2f5b1b139ae40b03cc066d7d7fc63d3fda52a54.json"
"158480","sparkIndex","dm_index_n.index_grp2_cust_emp_incm_plfmvabusi_aum_tdy_all","task:158480:statement:0:relation:root.(child-6).setop.b0.setop.b0.setop.b1.t.setop.b0.read.a","CONFIRMED","NON_LITERAL_PRESENT","E:\02_area\股衍数据-数据cookbook\sql-static-lineage-data\task-projections\tasks\158480\versions\2034620682b139cb1459fe03e2f5b1b139ae40b03cc066d7d7fc63d3fda52a54.evidence-v3.json","E:\02_area\股衍数据-数据cookbook\sql-static-lineage-data\task-projections\tasks\158480\versions\2034620682b139cb1459fe03e2f5b1b139ae40b03cc066d7d7fc63d3fda52a54.json"
"158972","sparkIndex","dm_index_n.index_grp1_ast","task:158972:statement:0:relation:root.(child-1).t6.a.read.index_grp1_ast","CONFIRMED","NON_LITERAL_PRESENT","E:\02_area\股衍数据-数据cookbook\sql-static-lineage-data\task-projections\tasks\158972\versions\f5bd25f450be8ddccc00f01f92ea15b50f466c5c6c96dfb354cd2681196b64ac.evidence-v3.json","E:\02_area\股衍数据-数据cookbook\sql-static-lineage-data\task-projections\tasks\158972\versions\f5bd25f450be8ddccc00f01f92ea15b50f466c5c6c96dfb354cd2681196b64ac.json"
"159756","sparkIndex","dm_index_n.index_grp1_cust_incm_allcali_mth_all","task:159756:statement:0:relation:root.(child-11).read.a","CONFIRMED","LITERAL","E:\02_area\股衍数据-数据cookbook\sql-static-lineage-data\task-projections\tasks\159756\versions\f11c942a5074ff52848f11a51900dd073a1b24dda5e7b78edc614403764cb622.evidence-v3.json","E:\02_area\股衍数据-数据cookbook\sql-static-lineage-data\task-projections\tasks\159756\versions\f11c942a5074ff52848f11a51900dd073a1b24dda5e7b78edc614403764cb622.json"
"160518","sparkIndex","dm_index_n.index_grp1_10to25apd_net_ast_aft_fst_pos","task:160518:statement:0:relation:root.(child).a.setop.b0.read.index_grp1_10to25apd_net_ast_aft_fst_pos","CONFIRMED","LITERAL","E:\02_area\股衍数据-数据cookbook\sql-static-lineage-data\task-projections\tasks\160518\versions\e95f0d1b0dfa50331a8d045505faa29c5e6542834bf94e82234fe9df3b660241.evidence-v3.json","E:\02_area\股衍数据-数据cookbook\sql-static-lineage-data\task-projections\tasks\160518\versions\e95f0d1b0dfa50331a8d045505faa29c5e6542834bf94e82234fe9df3b660241.json"
"160518","sparkIndex","dm_index_n.index_grp1_net_ast","task:160518:statement:0:relation:root.(child).a.setop.b1.read.index_grp1_net_ast","CONFIRMED","NON_LITERAL_PRESENT","E:\02_area\股衍数据-数据cookbook\sql-static-lineage-data\task-projections\tasks\160518\versions\e95f0d1b0dfa50331a8d045505faa29c5e6542834bf94e82234fe9df3b660241.evidence-v3.json","E:\02_area\股衍数据-数据cookbook\sql-static-lineage-data\task-projections\tasks\160518\versions\e95f0d1b0dfa50331a8d045505faa29c5e6542834bf94e82234fe9df3b660241.json"
"160518","sparkIndex","dm_index_n.index_grp2_cust_ast_algo_open_date","task:160518:statement:0:relation:root.(child-1).sfkh.a.c1.read.index_grp2_cust_ast_algo_open_date","CONFIRMED","LITERAL","E:\02_area\股衍数据-数据cookbook\sql-static-lineage-data\task-projections\tasks\160518\versions\e95f0d1b0dfa50331a8d045505faa29c5e6542834bf94e82234fe9df3b660241.evidence-v3.json","E:\02_area\股衍数据-数据cookbook\sql-static-lineage-data\task-projections\tasks\160518\versions\e95f0d1b0dfa50331a8d045505faa29c5e6542834bf94e82234fe9df3b660241.json"
"160518","sparkIndex","dm_index_n.index_grp2_cust_astacct_algo_trd_amt_day","task:160518:statement:0:relation:root.(child-1).sfkh.a.c2.read.index_grp2_cust_astacct_algo_trd_amt_day","CONFIRMED","NON_LITERAL_PRESENT","E:\02_area\股衍数据-数据cookbook\sql-static-lineage-data\task-projections\tasks\160518\versions\e95f0d1b0dfa50331a8d045505faa29c5e6542834bf94e82234fe9df3b660241.evidence-v3.json","E:\02_area\股衍数据-数据cookbook\sql-static-lineage-data\task-projections\tasks\160518\versions\e95f0d1b0dfa50331a8d045505faa29c5e6542834bf94e82234fe9df3b660241.json"
"160518","sparkIndex","dm_index_n.index_grp2_cust_astacct_tramt_mulplr_mkt_vwap_slip","task:160518:statement:0:relation:root.(child-3).idx1.idx0.setop.b0.setop.b0.setop.b0.setop.b0.setop.b0.setop.b0.setop.b0.setop.b0.setop.b0.read.index_grp2_cust_astacct_tramt_mulplr_mkt_vwap_slip","CONFIRMED","NON_LITERAL_PRESENT","E:\02_area\股衍数据-数据cookbook\sql-static-lineage-data\task-projections\tasks\160518\versions\e95f0d1b0dfa50331a8d045505faa29c5e6542834bf94e82234fe9df3b660241.evidence-v3.json","E:\02_area\股衍数据-数据cookbook\sql-static-lineage-data\task-projections\tasks\160518\versions\e95f0d1b0dfa50331a8d045505faa29c5e6542834bf94e82234fe9df3b660241.json"
"160518","sparkIndex","dm_index_n.index_grp2_cust_astacct_tramt_mulplr_mkt_strk","task:160518:statement:0:relation:root.(child-3).idx1.idx0.setop.b0.setop.b0.setop.b0.setop.b0.setop.b0.setop.b0.setop.b0.setop.b0.setop.b1.read.index_grp2_cust_astacct_tramt_mulplr_mkt_strk","CONFIRMED","NON_LITERAL_PRESENT","E:\02_area\股衍数据-数据cookbook\sql-static-lineage-data\task-projections\tasks\160518\versions\e95f0d1b0dfa50331a8d045505faa29c5e6542834bf94e82234fe9df3b660241.evidence-v3.json","E:\02_area\股衍数据-数据cookbook\sql-static-lineage-data\task-projections\tasks\160518\versions\e95f0d1b0dfa50331a8d045505faa29c5e6542834bf94e82234fe9df3b660241.json"
"160518","sparkIndex","dm_index_n.index_grp2_cust_astacct_entr_qty","task:160518:statement:0:relation:root.(child-3).idx1.idx0.setop.b0.setop.b0.setop.b0.setop.b0.setop.b0.setop.b0.setop.b0.setop.b1.read.index_grp2_cust_astacct_entr_qty","CONFIRMED","NON_LITERAL_PRESENT","E:\02_area\股衍数据-数据cookbook\sql-static-lineage-data\task-projections\tasks\160518\versions\e95f0d1b0dfa50331a8d045505faa29c5e6542834bf94e82234fe9df3b660241.evidence-v3.json","E:\02_area\股衍数据-数据cookbook\sql-static-lineage-data\task-projections\tasks\160518\versions\e95f0d1b0dfa50331a8d045505faa29c5e6542834bf94e82234fe9df3b660241.json"
"160518","sparkIndex","dm_index_n.index_grp2_cust_astacct_trd_qty","task:160518:statement:0:relation:root.(child-3).idx1.idx0.setop.b0.setop.b0.setop.b0.setop.b0.setop.b0.setop.b0.setop.b1.read.index_grp2_cust_astacct_trd_qty","CONFIRMED","NON_LITERAL_PRESENT","E:\02_area\股衍数据-数据cookbook\sql-static-lineage-data\task-projections\tasks\160518\versions\e95f0d1b0dfa50331a8d045505faa29c5e6542834bf94e82234fe9df3b660241.evidence-v3.json","E:\02_area\股衍数据-数据cookbook\sql-static-lineage-data\task-projections\tasks\160518\versions\e95f0d1b0dfa50331a8d045505faa29c5e6542834bf94e82234fe9df3b660241.json"
"160518","sparkIndex","dm_index_n.index_grp2_cust_astacct_algo_trd_amt_day","task:160518:statement:0:relation:root.(child-3).idx1.idx0.setop.b0.setop.b0.setop.b0.setop.b0.setop.b0.setop.b1.read.index_grp2_cust_astacct_algo_trd_amt_day","CONFIRMED","NON_LITERAL_PRESENT","E:\02_area\股衍数据-数据cookbook\sql-static-lineage-data\task-projections\tasks\160518\versions\e95f0d1b0dfa50331a8d045505faa29c5e6542834bf94e82234fe9df3b660241.evidence-v3.json","E:\02_area\股衍数据-数据cookbook\sql-static-lineage-data\task-projections\tasks\160518\versions\e95f0d1b0dfa50331a8d045505faa29c5e6542834bf94e82234fe9df3b660241.json"
"160518","sparkIndex","dm_index_n.index_grp2_cust_astacct_algo_trd_net_cms","task:160518:statement:0:relation:root.(child-3).idx1.idx0.setop.b0.setop.b0.setop.b0.setop.b0.setop.b1.read.index_grp2_cust_astacct_algo_trd_net_cms","CONFIRMED","NON_LITERAL_PRESENT","E:\02_area\股衍数据-数据cookbook\sql-static-lineage-data\task-projections\tasks\160518\versions\e95f0d1b0dfa50331a8d045505faa29c5e6542834bf94e82234fe9df3b660241.evidence-v3.json","E:\02_area\股衍数据-数据cookbook\sql-static-lineage-data\task-projections\tasks\160518\versions\e95f0d1b0dfa50331a8d045505faa29c5e6542834bf94e82234fe9df3b660241.json"
"160518","sparkIndex","dm_index_n.index_grp2_cust_astacct_algo_net_cms_income","task:160518:statement:0:relation:root.(child-3).idx1.idx0.setop.b0.setop.b0.setop.b0.setop.b1.read.index_grp2_cust_astacct_algo_net_cms_income","CONFIRMED","NON_LITERAL_PRESENT","E:\02_area\股衍数据-数据cookbook\sql-static-lineage-data\task-projections\tasks\160518\versions\e95f0d1b0dfa50331a8d045505faa29c5e6542834bf94e82234fe9df3b660241.evidence-v3.json","E:\02_area\股衍数据-数据cookbook\sql-static-lineage-data\task-projections\tasks\160518\versions\e95f0d1b0dfa50331a8d045505faa29c5e6542834bf94e82234fe9df3b660241.json"
"160518","sparkIndex","dm_index_n.index_grp2_cust_astacct_algo_flow_fee","task:160518:statement:0:relation:root.(child-3).idx1.idx0.setop.b0.setop.b0.setop.b1.read.index_grp2_cust_astacct_algo_flow_fee","CONFIRMED","NON_LITERAL_PRESENT","E:\02_area\股衍数据-数据cookbook\sql-static-lineage-data\task-projections\tasks\160518\versions\e95f0d1b0dfa50331a8d045505faa29c5e6542834bf94e82234fe9df3b660241.evidence-v3.json","E:\02_area\股衍数据-数据cookbook\sql-static-lineage-data\task-projections\tasks\160518\versions\e95f0d1b0dfa50331a8d045505faa29c5e6542834bf94e82234fe9df3b660241.json"
"160518","sparkIndex","dm_index_n.index_grp2_cust_astacct_algo_value_added_cms","task:160518:statement:0:relation:root.(child-3).idx1.idx0.setop.b0.setop.b1.read.index_grp2_cust_astacct_algo_value_added_cms","CONFIRMED","NON_LITERAL_PRESENT","E:\02_area\股衍数据-数据cookbook\sql-static-lineage-data\task-projections\tasks\160518\versions\e95f0d1b0dfa50331a8d045505faa29c5e6542834bf94e82234fe9df3b660241.evidence-v3.json","E:\02_area\股衍数据-数据cookbook\sql-static-lineage-data\task-projections\tasks\160518\versions\e95f0d1b0dfa50331a8d045505faa29c5e6542834bf94e82234fe9df3b660241.json"
"160518","sparkIndex","dm_index_n.index_grp2_cust_astacct_algo_vendor_fee","task:160518:statement:0:relation:root.(child-3).idx1.idx0.setop.b1.read.index_grp2_cust_astacct_algo_vendor_fee","CONFIRMED","NON_LITERAL_PRESENT","E:\02_area\股衍数据-数据cookbook\sql-static-lineage-data\task-projections\tasks\160518\versions\e95f0d1b0dfa50331a8d045505faa29c5e6542834bf94e82234fe9df3b660241.evidence-v3.json","E:\02_area\股衍数据-数据cookbook\sql-static-lineage-data\task-projections\tasks\160518\versions\e95f0d1b0dfa50331a8d045505faa29c5e6542834bf94e82234fe9df3b660241.json"
"160773","sparkIndex","dm_index_n.index_grp3_org_emp_cstdprd_avgast_aum_mon","task:160773:statement:0:relation:root.(child).setop.b0.setop.b1.read.index_grp3_org_emp_cstdprd_avgast_aum_mon","CONFIRMED","NON_LITERAL_PRESENT","E:\02_area\股衍数据-数据cookbook\sql-static-lineage-data\task-projections\tasks\160773\versions\d27144c8d3b6823b9794762f8b67d9d5d86d2f6ed6a2c31a69f16896bee4709f.evidence-v3.json","E:\02_area\股衍数据-数据cookbook\sql-static-lineage-data\task-projections\tasks\160773\versions\d27144c8d3b6823b9794762f8b67d9d5d86d2f6ed6a2c31a69f16896bee4709f.json"
"160780","sparkIndex","dm_index_n.index_grp3_org_emp_cstdprd_avgast_aum_mon","task:160780:statement:0:relation:root.(child).setop.b0.setop.b1.read.index_grp3_org_emp_cstdprd_avgast_aum_mon","CONFIRMED","NON_LITERAL_PRESENT","E:\02_area\股衍数据-数据cookbook\sql-static-lineage-data\task-projections\tasks\160780\versions\2ea1bac4e7601020752b1a5c1800babbd80559344d2324b0a18864f2a1672380.evidence-v3.json","E:\02_area\股衍数据-数据cookbook\sql-static-lineage-data\task-projections\tasks\160780\versions\2ea1bac4e7601020752b1a5c1800babbd80559344d2324b0a18864f2a1672380.json"
"161054","sparkIndex","dm_index_n.index_grp3_org_emp_cstdprd_avgast_aum_year","task:161054:statement:0:relation:root.(child).setop.b1.read.index_grp3_org_emp_cstdprd_avgast_aum_year","CONFIRMED","LITERAL","E:\02_area\股衍数据-数据cookbook\sql-static-lineage-data\task-projections\tasks\161054\versions\61dd2396a634405deb2d2af8fc745eec2c086b352414a47cf58bad6ad2806567.evidence-v3.json","E:\02_area\股衍数据-数据cookbook\sql-static-lineage-data\task-projections\tasks\161054\versions\61dd2396a634405deb2d2af8fc745eec2c086b352414a47cf58bad6ad2806567.json"
"161054","sparkIndex","dm_index_n.index_grp3_org_emp_cstdprd_avgast_aum_year","task:161054:statement:0:relation:root.(child-3).setop.b1.read.index_grp3_org_emp_cstdprd_avgast_aum_year","CONFIRMED","NON_LITERAL_PRESENT","E:\02_area\股衍数据-数据cookbook\sql-static-lineage-data\task-projections\tasks\161054\versions\61dd2396a634405deb2d2af8fc745eec2c086b352414a47cf58bad6ad2806567.evidence-v3.json","E:\02_area\股衍数据-数据cookbook\sql-static-lineage-data\task-projections\tasks\161054\versions\61dd2396a634405deb2d2af8fc745eec2c086b352414a47cf58bad6ad2806567.json"
"161152","sparkIndex","dm_index_n.index_grp3_org_emp_cstdprd_avgast_aum_year","task:161152:statement:0:relation:root.(child).setop.b1.read.index_grp3_org_emp_cstdprd_avgast_aum_year","CONFIRMED","LITERAL","E:\02_area\股衍数据-数据cookbook\sql-static-lineage-data\task-projections\tasks\161152\versions\7c4d3decfe8f599b38ebb5d4972bc82367bdc490194adcc4459f3442f8dca8fb.evidence-v3.json","E:\02_area\股衍数据-数据cookbook\sql-static-lineage-data\task-projections\tasks\161152\versions\7c4d3decfe8f599b38ebb5d4972bc82367bdc490194adcc4459f3442f8dca8fb.json"
"161152","sparkIndex","dm_index_n.index_grp3_org_emp_cstdprd_avgast_aum_year","task:161152:statement:0:relation:root.(child-3).setop.b1.read.index_grp3_org_emp_cstdprd_avgast_aum_year","CONFIRMED","NON_LITERAL_PRESENT","E:\02_area\股衍数据-数据cookbook\sql-static-lineage-data\task-projections\tasks\161152\versions\7c4d3decfe8f599b38ebb5d4972bc82367bdc490194adcc4459f3442f8dca8fb.evidence-v3.json","E:\02_area\股衍数据-数据cookbook\sql-static-lineage-data\task-projections\tasks\161152\versions\7c4d3decfe8f599b38ebb5d4972bc82367bdc490194adcc4459f3442f8dca8fb.json"
"162676","sparkIndex","dm_index_n.gfhk_currency_hkd_usd_rate","task:162676:statement:0:relation:root.casttable.r.n.read.gfhk_currency_hkd_usd_rate","CONFIRMED","NON_LITERAL_PRESENT","E:\02_area\股衍数据-数据cookbook\sql-static-lineage-data\task-projections\tasks\162676\versions\b8318b96b2e40ffb0b1c7e18634d1698fa7865acf76a3c5f1b9f07c30dd09d7a.evidence-v3.json","E:\02_area\股衍数据-数据cookbook\sql-static-lineage-data\task-projections\tasks\162676\versions\b8318b96b2e40ffb0b1c7e18634d1698fa7865acf76a3c5f1b9f07c30dd09d7a.json"
"163640","sparkIndex","dm_index_n.gfhk_currency_hkd_usd_rate","task:163640:statement:0:relation:root.casttable.r.n.read.gfhk_currency_hkd_usd_rate","CONFIRMED","NON_LITERAL_PRESENT","E:\02_area\股衍数据-数据cookbook\sql-static-lineage-data\task-projections\tasks\163640\versions\c50d266e9c5788d6d3a251e25df923d8f8ce2882a60ad058f20cc28c4ccda606.evidence-v3.json","E:\02_area\股衍数据-数据cookbook\sql-static-lineage-data\task-projections\tasks\163640\versions\c50d266e9c5788d6d3a251e25df923d8f8ce2882a60ad058f20cc28c4ccda606.json"
"165154","sparkIndex","dm_index_n.index_grp3_org_emp_cstdprd_avgast_aum_mon","task:165154:statement:0:relation:root.(child-2).a.setop.b0.setop.b1.read.index_grp3_org_emp_cstdprd_avgast_aum_mon","CONFIRMED","NON_LITERAL_PRESENT","E:\02_area\股衍数据-数据cookbook\sql-static-lineage-data\task-projections\tasks\165154\versions\2db0cc12da0ffcff32afd5c1fb6592f16d676a465d660deaed092aecbd95395b.evidence-v3.json","E:\02_area\股衍数据-数据cookbook\sql-static-lineage-data\task-projections\tasks\165154\versions\2db0cc12da0ffcff32afd5c1fb6592f16d676a465d660deaed092aecbd95395b.json"
"165154","sparkIndex","dm_index_n.index_grp3_apdtnramt_2026yearaumexamcali_mthapd","task:165154:statement:0:relation:root.(child-2).a.setop.b1.read.index_grp3_apdtnramt_2026yearaumexamcali_mthapd","CONFIRMED","NON_LITERAL_PRESENT","E:\02_area\股衍数据-数据cookbook\sql-static-lineage-data\task-projections\tasks\165154\versions\2db0cc12da0ffcff32afd5c1fb6592f16d676a465d660deaed092aecbd95395b.evidence-v3.json","E:\02_area\股衍数据-数据cookbook\sql-static-lineage-data\task-projections\tasks\165154\versions\2db0cc12da0ffcff32afd5c1fb6592f16d676a465d660deaed092aecbd95395b.json"
"165154","sparkIndex","pdata_nds.aum_asset_ast_style_cd","task:165154:statement:0:relation:root.(child-2).b.read.aum_asset_ast_style_cd","CONFIRMED","NON_LITERAL_PRESENT","E:\02_area\股衍数据-数据cookbook\sql-static-lineage-data\task-projections\tasks\165154\versions\2db0cc12da0ffcff32afd5c1fb6592f16d676a465d660deaed092aecbd95395b.evidence-v3.json","E:\02_area\股衍数据-数据cookbook\sql-static-lineage-data\task-projections\tasks\165154\versions\2db0cc12da0ffcff32afd5c1fb6592f16d676a465d660deaed092aecbd95395b.json"
"165154","sparkIndex","pdata_nds.aum_asset_ast_style_cd","task:165154:statement:0:relation:root.(child-3).b.read.aum_asset_ast_style_cd","CONFIRMED","NON_LITERAL_PRESENT","E:\02_area\股衍数据-数据cookbook\sql-static-lineage-data\task-projections\tasks\165154\versions\2db0cc12da0ffcff32afd5c1fb6592f16d676a465d660deaed092aecbd95395b.evidence-v3.json","E:\02_area\股衍数据-数据cookbook\sql-static-lineage-data\task-projections\tasks\165154\versions\2db0cc12da0ffcff32afd5c1fb6592f16d676a465d660deaed092aecbd95395b.json"
"165154","sparkIndex","dm_index_n.grp_tag_client_is_aum_exam_del","task:165154:statement:0:relation:root.index.b.t.setop.b0.a.read.grp_tag_client_is_aum_exam_del","CONFIRMED","NON_LITERAL_PRESENT","E:\02_area\股衍数据-数据cookbook\sql-static-lineage-data\task-projections\tasks\165154\versions\2db0cc12da0ffcff32afd5c1fb6592f16d676a465d660deaed092aecbd95395b.evidence-v3.json","E:\02_area\股衍数据-数据cookbook\sql-static-lineage-data\task-projections\tasks\165154\versions\2db0cc12da0ffcff32afd5c1fb6592f16d676a465d660deaed092aecbd95395b.json"
"165154","sparkIndex","dm_index_n.grp_tag_client_is_cust_judic_frz","task:165154:statement:0:relation:root.index.b.t.setop.b1.read.grp_tag_client_is_cust_judic_frz","CONFIRMED","NON_LITERAL_PRESENT","E:\02_area\股衍数据-数据cookbook\sql-static-lineage-data\task-projections\tasks\165154\versions\2db0cc12da0ffcff32afd5c1fb6592f16d676a465d660deaed092aecbd95395b.evidence-v3.json","E:\02_area\股衍数据-数据cookbook\sql-static-lineage-data\task-projections\tasks\165154\versions\2db0cc12da0ffcff32afd5c1fb6592f16d676a465d660deaed092aecbd95395b.json"
"167299","sparkIndex","pdata_n.t98_brok_imp_cust_list","task:167299:statement:0:relation:root.casttable.setop.b1.t.setop.b0.setop.b0.setop.b0.setop.b0.qywx_weekly_report_com.c.read.t98_brok_imp_cust_list","CONFIRMED","NON_LITERAL_PRESENT","E:\02_area\股衍数据-数据cookbook\sql-static-lineage-data\task-projections\tasks\167299\versions\98fe084c296d3dea02beeeac32fd9b1b6553ce4202ad7d1f43fd7f1644e1a000.evidence-v3.json","E:\02_area\股衍数据-数据cookbook\sql-static-lineage-data\task-projections\tasks\167299\versions\98fe084c296d3dea02beeeac32fd9b1b6553ce4202ad7d1f43fd7f1644e1a000.json"
"167299","sparkIndex","pdata_n.t98_brok_imp_cust_list","task:167299:statement:0:relation:root.casttable.setop.b1.t.setop.b0.setop.b0.setop.b0.setop.b1.qywx_weekly_report_dept.t1.c.read.t98_brok_imp_cust_list","CONFIRMED","NON_LITERAL_PRESENT","E:\02_area\股衍数据-数据cookbook\sql-static-lineage-data\task-projections\tasks\167299\versions\98fe084c296d3dea02beeeac32fd9b1b6553ce4202ad7d1f43fd7f1644e1a000.evidence-v3.json","E:\02_area\股衍数据-数据cookbook\sql-static-lineage-data\task-projections\tasks\167299\versions\98fe084c296d3dea02beeeac32fd9b1b6553ce4202ad7d1f43fd7f1644e1a000.json"
"167299","sparkIndex","pdata_n.t05_wecom_kyc_auth_evt","task:167299:statement:0:relation:root.casttable.setop.b1.t.setop.b0.setop.b0.setop.b1.qywx_weekly_report_org.a.t4.read.a","CONFIRMED","NON_LITERAL_PRESENT","E:\02_area\股衍数据-数据cookbook\sql-static-lineage-data\task-projections\tasks\167299\versions\98fe084c296d3dea02beeeac32fd9b1b6553ce4202ad7d1f43fd7f1644e1a000.evidence-v3.json","E:\02_area\股衍数据-数据cookbook\sql-static-lineage-data\task-projections\tasks\167299\versions\98fe084c296d3dea02beeeac32fd9b1b6553ce4202ad7d1f43fd7f1644e1a000.json"
"167299","sparkIndex","pdata_n.t98_brok_imp_cust_list","task:167299:statement:0:relation:root.casttable.setop.b1.t.setop.b0.setop.b0.setop.b1.qywx_weekly_report_org.a.t5.read.t98_brok_imp_cust_list","CONFIRMED","NON_LITERAL_PRESENT","E:\02_area\股衍数据-数据cookbook\sql-static-lineage-data\task-projections\tasks\167299\versions\98fe084c296d3dea02beeeac32fd9b1b6553ce4202ad7d1f43fd7f1644e1a000.evidence-v3.json","E:\02_area\股衍数据-数据cookbook\sql-static-lineage-data\task-projections\tasks\167299\versions\98fe084c296d3dea02beeeac32fd9b1b6553ce4202ad7d1f43fd7f1644e1a000.json"
"167299","sparkIndex","pdata_n.t98_brok_imp_cust_list","task:167299:statement:0:relation:root.casttable.setop.b1.t.setop.b0.setop.b0.setop.b1.qywx_weekly_report_org.e.read.t98_brok_imp_cust_list","CONFIRMED","NON_LITERAL_PRESENT","E:\02_area\股衍数据-数据cookbook\sql-static-lineage-data\task-projections\tasks\167299\versions\98fe084c296d3dea02beeeac32fd9b1b6553ce4202ad7d1f43fd7f1644e1a000.evidence-v3.json","E:\02_area\股衍数据-数据cookbook\sql-static-lineage-data\task-projections\tasks\167299\versions\98fe084c296d3dea02beeeac32fd9b1b6553ce4202ad7d1f43fd7f1644e1a000.json"
"168458","sparkIndex","dm_index_n.grp_tag_client_rich_cust_flag","task:168458:statement:0:relation:root.(child).typ.read.grp_tag_client_rich_cust_flag","CONFIRMED","NON_LITERAL_PRESENT","E:\02_area\股衍数据-数据cookbook\sql-static-lineage-data\task-projections\tasks\168458\versions\e12d103a5d988ad009e1141aa4e2c5b976f8c396a777a6bf194e02cc5db7e696.evidence-v3.json","E:\02_area\股衍数据-数据cookbook\sql-static-lineage-data\task-projections\tasks\168458\versions\e12d103a5d988ad009e1141aa4e2c5b976f8c396a777a6bf194e02cc5db7e696.json"
"168458","sparkIndex","dm_index_n.grp_tag_client_whth_valid_flag","task:168458:statement:0:relation:root.(child).vld.read.grp_tag_client_whth_valid_flag","CONFIRMED","NON_LITERAL_PRESENT","E:\02_area\股衍数据-数据cookbook\sql-static-lineage-data\task-projections\tasks\168458\versions\e12d103a5d988ad009e1141aa4e2c5b976f8c396a777a6bf194e02cc5db7e696.evidence-v3.json","E:\02_area\股衍数据-数据cookbook\sql-static-lineage-data\task-projections\tasks\168458\versions\e12d103a5d988ad009e1141aa4e2c5b976f8c396a777a6bf194e02cc5db7e696.json"
"168458","sparkIndex","dm_index_n.index_grp1_ast","task:168458:statement:0:relation:root.casttable.setop.b0.setop.b0.setop.b0.setop.b0.ast.read.index_grp1_ast","CONFIRMED","NON_LITERAL_PRESENT","E:\02_area\股衍数据-数据cookbook\sql-static-lineage-data\task-projections\tasks\168458\versions\e12d103a5d988ad009e1141aa4e2c5b976f8c396a777a6bf194e02cc5db7e696.evidence-v3.json","E:\02_area\股衍数据-数据cookbook\sql-static-lineage-data\task-projections\tasks\168458\versions\e12d103a5d988ad009e1141aa4e2c5b976f8c396a777a6bf194e02cc5db7e696.json"
"168458","sparkIndex","dm_index_n.index_grp1_net_ast_net_in_amt_year","task:168458:statement:0:relation:root.casttable.setop.b0.setop.b0.setop.b0.setop.b0.ymt.read.index_grp1_net_ast_net_in_amt_year","CONFIRMED","NON_LITERAL_PRESENT","E:\02_area\股衍数据-数据cookbook\sql-static-lineage-data\task-projections\tasks\168458\versions\e12d103a5d988ad009e1141aa4e2c5b976f8c396a777a6bf194e02cc5db7e696.evidence-v3.json","E:\02_area\股衍数据-数据cookbook\sql-static-lineage-data\task-projections\tasks\168458\versions\e12d103a5d988ad009e1141aa4e2c5b976f8c396a777a6bf194e02cc5db7e696.json"
"168458","sparkIndex","dm_index_n.index_grp1_yield_fullacct_year_retandorgcntr","task:168458:statement:0:relation:root.casttable.setop.b0.setop.b0.setop.b0.setop.b0.ypo.read.index_grp1_yield_fullacct_year_retandorgcntr","CONFIRMED","LITERAL","E:\02_area\股衍数据-数据cookbook\sql-static-lineage-data\task-projections\tasks\168458\versions\e12d103a5d988ad009e1141aa4e2c5b976f8c396a777a6bf194e02cc5db7e696.evidence-v3.json","E:\02_area\股衍数据-数据cookbook\sql-static-lineage-data\task-projections\tasks\168458\versions\e12d103a5d988ad009e1141aa4e2c5b976f8c396a777a6bf194e02cc5db7e696.json"
"168458","sparkIndex","dm_index_n.index_grp1_yieldamt_fullacct_year_retandorgcntr","task:168458:statement:0:relation:root.casttable.setop.b0.setop.b0.setop.b0.setop.b0.yqr.read.index_grp1_yieldamt_fullacct_year_retandorgcntr","CONFIRMED","LITERAL","E:\02_area\股衍数据-数据cookbook\sql-static-lineage-data\task-projections\tasks\168458\versions\e12d103a5d988ad009e1141aa4e2c5b976f8c396a777a6bf194e02cc5db7e696.evidence-v3.json","E:\02_area\股衍数据-数据cookbook\sql-static-lineage-data\task-projections\tasks\168458\versions\e12d103a5d988ad009e1141aa4e2c5b976f8c396a777a6bf194e02cc5db7e696.json"
"168458","sparkIndex","dm_index_n.index_grp1_ast","task:168458:statement:0:relation:root.casttable.setop.b0.setop.b0.setop.b0.setop.b1.ast.read.index_grp1_ast","CONFIRMED","NON_LITERAL_PRESENT","E:\02_area\股衍数据-数据cookbook\sql-static-lineage-data\task-projections\tasks\168458\versions\e12d103a5d988ad009e1141aa4e2c5b976f8c396a777a6bf194e02cc5db7e696.evidence-v3.json","E:\02_area\股衍数据-数据cookbook\sql-static-lineage-data\task-projections\tasks\168458\versions\e12d103a5d988ad009e1141aa4e2c5b976f8c396a777a6bf194e02cc5db7e696.json"
"168458","sparkIndex","dm_index_n.index_grp1_net_ast_net_in_amt_year","task:168458:statement:0:relation:root.casttable.setop.b0.setop.b0.setop.b0.setop.b1.ymt.read.index_grp1_net_ast_net_in_amt_year","CONFIRMED","NON_LITERAL_PRESENT","E:\02_area\股衍数据-数据cookbook\sql-static-lineage-data\task-projections\tasks\168458\versions\e12d103a5d988ad009e1141aa4e2c5b976f8c396a777a6bf194e02cc5db7e696.evidence-v3.json","E:\02_area\股衍数据-数据cookbook\sql-static-lineage-data\task-projections\tasks\168458\versions\e12d103a5d988ad009e1141aa4e2c5b976f8c396a777a6bf194e02cc5db7e696.json"
"168458","sparkIndex","dm_index_n.index_grp1_yield_fullacct_year_retandorgcntr","task:168458:statement:0:relation:root.casttable.setop.b0.setop.b0.setop.b0.setop.b1.ypo.read.index_grp1_yield_fullacct_year_retandorgcntr","CONFIRMED","LITERAL","E:\02_area\股衍数据-数据cookbook\sql-static-lineage-data\task-projections\tasks\168458\versions\e12d103a5d988ad009e1141aa4e2c5b976f8c396a777a6bf194e02cc5db7e696.evidence-v3.json","E:\02_area\股衍数据-数据cookbook\sql-static-lineage-data\task-projections\tasks\168458\versions\e12d103a5d988ad009e1141aa4e2c5b976f8c396a777a6bf194e02cc5db7e696.json"
"168458","sparkIndex","dm_index_n.index_grp1_yieldamt_fullacct_year_retandorgcntr","task:168458:statement:0:relation:root.casttable.setop.b0.setop.b0.setop.b0.setop.b1.yqr.read.index_grp1_yieldamt_fullacct_year_retandorgcntr","CONFIRMED","LITERAL","E:\02_area\股衍数据-数据cookbook\sql-static-lineage-data\task-projections\tasks\168458\versions\e12d103a5d988ad009e1141aa4e2c5b976f8c396a777a6bf194e02cc5db7e696.evidence-v3.json","E:\02_area\股衍数据-数据cookbook\sql-static-lineage-data\task-projections\tasks\168458\versions\e12d103a5d988ad009e1141aa4e2c5b976f8c396a777a6bf194e02cc5db7e696.json"
"168458","sparkIndex","dm_index_n.index_grp1_ast","task:168458:statement:0:relation:root.casttable.setop.b0.setop.b0.setop.b1.ast.read.index_grp1_ast","CONFIRMED","NON_LITERAL_PRESENT","E:\02_area\股衍数据-数据cookbook\sql-static-lineage-data\task-projections\tasks\168458\versions\e12d103a5d988ad009e1141aa4e2c5b976f8c396a777a6bf194e02cc5db7e696.evidence-v3.json","E:\02_area\股衍数据-数据cookbook\sql-static-lineage-data\task-projections\tasks\168458\versions\e12d103a5d988ad009e1141aa4e2c5b976f8c396a777a6bf194e02cc5db7e696.json"
"168458","sparkIndex","dm_index_n.index_grp1_net_ast_net_in_amt_year","task:168458:statement:0:relation:root.casttable.setop.b0.setop.b0.setop.b1.ymt.read.index_grp1_net_ast_net_in_amt_year","CONFIRMED","NON_LITERAL_PRESENT","E:\02_area\股衍数据-数据cookbook\sql-static-lineage-data\task-projections\tasks\168458\versions\e12d103a5d988ad009e1141aa4e2c5b976f8c396a777a6bf194e02cc5db7e696.evidence-v3.json","E:\02_area\股衍数据-数据cookbook\sql-static-lineage-data\task-projections\tasks\168458\versions\e12d103a5d988ad009e1141aa4e2c5b976f8c396a777a6bf194e02cc5db7e696.json"
"168458","sparkIndex","dm_index_n.index_grp1_yield_fullacct_year_retandorgcntr","task:168458:statement:0:relation:root.casttable.setop.b0.setop.b0.setop.b1.ypo.read.index_grp1_yield_fullacct_year_retandorgcntr","CONFIRMED","LITERAL","E:\02_area\股衍数据-数据cookbook\sql-static-lineage-data\task-projections\tasks\168458\versions\e12d103a5d988ad009e1141aa4e2c5b976f8c396a777a6bf194e02cc5db7e696.evidence-v3.json","E:\02_area\股衍数据-数据cookbook\sql-static-lineage-data\task-projections\tasks\168458\versions\e12d103a5d988ad009e1141aa4e2c5b976f8c396a777a6bf194e02cc5db7e696.json"
"168458","sparkIndex","dm_index_n.index_grp1_yieldamt_fullacct_year_retandorgcntr","task:168458:statement:0:relation:root.casttable.setop.b0.setop.b0.setop.b1.yqr.read.index_grp1_yieldamt_fullacct_year_retandorgcntr","CONFIRMED","LITERAL","E:\02_area\股衍数据-数据cookbook\sql-static-lineage-data\task-projections\tasks\168458\versions\e12d103a5d988ad009e1141aa4e2c5b976f8c396a777a6bf194e02cc5db7e696.evidence-v3.json","E:\02_area\股衍数据-数据cookbook\sql-static-lineage-data\task-projections\tasks\168458\versions\e12d103a5d988ad009e1141aa4e2c5b976f8c396a777a6bf194e02cc5db7e696.json"
"168458","sparkIndex","dm_index_n.index_grp1_ast","task:168458:statement:0:relation:root.casttable.setop.b0.setop.b1.ast.read.index_grp1_ast","CONFIRMED","NON_LITERAL_PRESENT","E:\02_area\股衍数据-数据cookbook\sql-static-lineage-data\task-projections\tasks\168458\versions\e12d103a5d988ad009e1141aa4e2c5b976f8c396a777a6bf194e02cc5db7e696.evidence-v3.json","E:\02_area\股衍数据-数据cookbook\sql-static-lineage-data\task-projections\tasks\168458\versions\e12d103a5d988ad009e1141aa4e2c5b976f8c396a777a6bf194e02cc5db7e696.json"
"168458","sparkIndex","dm_index_n.index_grp1_net_ast_net_in_amt_year","task:168458:statement:0:relation:root.casttable.setop.b0.setop.b1.ymt.read.index_grp1_net_ast_net_in_amt_year","CONFIRMED","NON_LITERAL_PRESENT","E:\02_area\股衍数据-数据cookbook\sql-static-lineage-data\task-projections\tasks\168458\versions\e12d103a5d988ad009e1141aa4e2c5b976f8c396a777a6bf194e02cc5db7e696.evidence-v3.json","E:\02_area\股衍数据-数据cookbook\sql-static-lineage-data\task-projections\tasks\168458\versions\e12d103a5d988ad009e1141aa4e2c5b976f8c396a777a6bf194e02cc5db7e696.json"
"168458","sparkIndex","dm_index_n.index_grp1_yield_fullacct_year_retandorgcntr","task:168458:statement:0:relation:root.casttable.setop.b0.setop.b1.ypo.read.index_grp1_yield_fullacct_year_retandorgcntr","CONFIRMED","LITERAL","E:\02_area\股衍数据-数据cookbook\sql-static-lineage-data\task-projections\tasks\168458\versions\e12d103a5d988ad009e1141aa4e2c5b976f8c396a777a6bf194e02cc5db7e696.evidence-v3.json","E:\02_area\股衍数据-数据cookbook\sql-static-lineage-data\task-projections\tasks\168458\versions\e12d103a5d988ad009e1141aa4e2c5b976f8c396a777a6bf194e02cc5db7e696.json"
"168458","sparkIndex","dm_index_n.index_grp1_yieldamt_fullacct_year_retandorgcntr","task:168458:statement:0:relation:root.casttable.setop.b0.setop.b1.yqr.read.index_grp1_yieldamt_fullacct_year_retandorgcntr","CONFIRMED","LITERAL","E:\02_area\股衍数据-数据cookbook\sql-static-lineage-data\task-projections\tasks\168458\versions\e12d103a5d988ad009e1141aa4e2c5b976f8c396a777a6bf194e02cc5db7e696.evidence-v3.json","E:\02_area\股衍数据-数据cookbook\sql-static-lineage-data\task-projections\tasks\168458\versions\e12d103a5d988ad009e1141aa4e2c5b976f8c396a777a6bf194e02cc5db7e696.json"
"168458","sparkIndex","dm_index_n.index_grp1_ast","task:168458:statement:0:relation:root.casttable.setop.b1.ast.read.index_grp1_ast","CONFIRMED","NON_LITERAL_PRESENT","E:\02_area\股衍数据-数据cookbook\sql-static-lineage-data\task-projections\tasks\168458\versions\e12d103a5d988ad009e1141aa4e2c5b976f8c396a777a6bf194e02cc5db7e696.evidence-v3.json","E:\02_area\股衍数据-数据cookbook\sql-static-lineage-data\task-projections\tasks\168458\versions\e12d103a5d988ad009e1141aa4e2c5b976f8c396a777a6bf194e02cc5db7e696.json"
"168458","sparkIndex","dm_index_n.index_grp1_net_ast_net_in_amt_year","task:168458:statement:0:relation:root.casttable.setop.b1.ymt.read.index_grp1_net_ast_net_in_amt_year","CONFIRMED","NON_LITERAL_PRESENT","E:\02_area\股衍数据-数据cookbook\sql-static-lineage-data\task-projections\tasks\168458\versions\e12d103a5d988ad009e1141aa4e2c5b976f8c396a777a6bf194e02cc5db7e696.evidence-v3.json","E:\02_area\股衍数据-数据cookbook\sql-static-lineage-data\task-projections\tasks\168458\versions\e12d103a5d988ad009e1141aa4e2c5b976f8c396a777a6bf194e02cc5db7e696.json"
"168458","sparkIndex","dm_index_n.index_grp1_yield_fullacct_year_retandorgcntr","task:168458:statement:0:relation:root.casttable.setop.b1.ypo.read.index_grp1_yield_fullacct_year_retandorgcntr","CONFIRMED","LITERAL","E:\02_area\股衍数据-数据cookbook\sql-static-lineage-data\task-projections\tasks\168458\versions\e12d103a5d988ad009e1141aa4e2c5b976f8c396a777a6bf194e02cc5db7e696.evidence-v3.json","E:\02_area\股衍数据-数据cookbook\sql-static-lineage-data\task-projections\tasks\168458\versions\e12d103a5d988ad009e1141aa4e2c5b976f8c396a777a6bf194e02cc5db7e696.json"
"168458","sparkIndex","dm_index_n.index_grp1_yieldamt_fullacct_year_retandorgcntr","task:168458:statement:0:relation:root.casttable.setop.b1.yqr.read.index_grp1_yieldamt_fullacct_year_retandorgcntr","CONFIRMED","LITERAL","E:\02_area\股衍数据-数据cookbook\sql-static-lineage-data\task-projections\tasks\168458\versions\e12d103a5d988ad009e1141aa4e2c5b976f8c396a777a6bf194e02cc5db7e696.evidence-v3.json","E:\02_area\股衍数据-数据cookbook\sql-static-lineage-data\task-projections\tasks\168458\versions\e12d103a5d988ad009e1141aa4e2c5b976f8c396a777a6bf194e02cc5db7e696.json"
"173057","sparkIndex","dm_index_n.index_grp1_ast","task:173057:statement:0:relation:root.(child).ast.read.index_grp1_ast","CONFIRMED","NON_LITERAL_PRESENT","E:\02_area\股衍数据-数据cookbook\sql-static-lineage-data\task-projections\tasks\173057\versions\82a24be315135c924a02585e174b226450a2a8445fb7d9f0e96e0a41fc3d1738.evidence-v3.json","E:\02_area\股衍数据-数据cookbook\sql-static-lineage-data\task-projections\tasks\173057\versions\82a24be315135c924a02585e174b226450a2a8445fb7d9f0e96e0a41fc3d1738.json"
"173057","sparkIndex","dm_index_n.grp_tag_client_whth_valid_flag","task:173057:statement:0:relation:root.(child).vld.read.grp_tag_client_whth_valid_flag","CONFIRMED","NON_LITERAL_PRESENT","E:\02_area\股衍数据-数据cookbook\sql-static-lineage-data\task-projections\tasks\173057\versions\82a24be315135c924a02585e174b226450a2a8445fb7d9f0e96e0a41fc3d1738.evidence-v3.json","E:\02_area\股衍数据-数据cookbook\sql-static-lineage-data\task-projections\tasks\173057\versions\82a24be315135c924a02585e174b226450a2a8445fb7d9f0e96e0a41fc3d1738.json"
"174041","hive2postgre","dm_om_n.wt_cust_comm_incm_mon","task:174041:statement:0:relation:root.read.wt_cust_comm_incm_mon","CONFIRMED","NON_LITERAL_PRESENT","E:\02_area\股衍数据-数据cookbook\sql-static-lineage-data\task-projections\tasks\174041\versions\8b351c9328a5cf789e6b6c0a8086a8ee6431a9cfaa92ccf81cc78a563ec00bcc.evidence-v3.json","E:\02_area\股衍数据-数据cookbook\sql-static-lineage-data\task-projections\tasks\174041\versions\8b351c9328a5cf789e6b6c0a8086a8ee6431a9cfaa92ccf81cc78a563ec00bcc.json"
"174129","hive2postgre","dm_om_n.wt_cust_oth_incm_mon","task:174129:statement:0:relation:root.read.wt_cust_oth_incm_mon","CONFIRMED","NON_LITERAL_PRESENT","E:\02_area\股衍数据-数据cookbook\sql-static-lineage-data\task-projections\tasks\174129\versions\ab0b36ef9867f10f2fd5f06da6bf8425207714390c7292f9aefb5cf9aaf0c76d.evidence-v3.json","E:\02_area\股衍数据-数据cookbook\sql-static-lineage-data\task-projections\tasks\174129\versions\ab0b36ef9867f10f2fd5f06da6bf8425207714390c7292f9aefb5cf9aaf0c76d.json"
"174163","hive2postgre","dm_om_n.wt_cust_opt_incm_mon","task:174163:statement:0:relation:root.read.wt_cust_opt_incm_mon","CONFIRMED","NON_LITERAL_PRESENT","E:\02_area\股衍数据-数据cookbook\sql-static-lineage-data\task-projections\tasks\174163\versions\d535428a95b53324bcc11075ee6332fa8ea3a1818d9a73d987f2186cc1479b23.evidence-v3.json","E:\02_area\股衍数据-数据cookbook\sql-static-lineage-data\task-projections\tasks\174163\versions\d535428a95b53324bcc11075ee6332fa8ea3a1818d9a73d987f2186cc1479b23.json"
"174164","hive2postgre","dm_om_n.wt_cust_csfc_incm_mon","task:174164:statement:0:relation:root.read.wt_cust_csfc_incm_mon","CONFIRMED","NON_LITERAL_PRESENT","E:\02_area\股衍数据-数据cookbook\sql-static-lineage-data\task-projections\tasks\174164\versions\593e3d02761b32c07f06e6b79b5d00e0a1f92322a76e37e757ccfb1d5909f67b.evidence-v3.json","E:\02_area\股衍数据-数据cookbook\sql-static-lineage-data\task-projections\tasks\174164\versions\593e3d02761b32c07f06e6b79b5d00e0a1f92322a76e37e757ccfb1d5909f67b.json"
"174370","sparkIndex","dm_index_n.index_grp1_ast","task:174370:statement:0:relation:root.(child).ast.read.index_grp1_ast","CONFIRMED","NON_LITERAL_PRESENT","E:\02_area\股衍数据-数据cookbook\sql-static-lineage-data\task-projections\tasks\174370\versions\675bc512e62c8d9111ba11941c0da1be733d663d7ca05d443f82fd64c458f567.evidence-v3.json","E:\02_area\股衍数据-数据cookbook\sql-static-lineage-data\task-projections\tasks\174370\versions\675bc512e62c8d9111ba11941c0da1be733d663d7ca05d443f82fd64c458f567.json"
"174370","sparkIndex","dm_index_n.grp_tag_client_whth_valid_flag","task:174370:statement:0:relation:root.(child).vld.read.grp_tag_client_whth_valid_flag","CONFIRMED","NON_LITERAL_PRESENT","E:\02_area\股衍数据-数据cookbook\sql-static-lineage-data\task-projections\tasks\174370\versions\675bc512e62c8d9111ba11941c0da1be733d663d7ca05d443f82fd64c458f567.evidence-v3.json","E:\02_area\股衍数据-数据cookbook\sql-static-lineage-data\task-projections\tasks\174370\versions\675bc512e62c8d9111ba11941c0da1be733d663d7ca05d443f82fd64c458f567.json"
"174537","sparkIndex","dm_index_n.grp_tag_client_whth_valid_flag","task:174537:statement:0:relation:root.(child).vld.read.grp_tag_client_whth_valid_flag","CONFIRMED","NON_LITERAL_PRESENT","E:\02_area\股衍数据-数据cookbook\sql-static-lineage-data\task-projections\tasks\174537\versions\2c70dc9f0e6c04980af5422e7a0aad2b524e99bea1ff5088371880accd48212a.evidence-v3.json","E:\02_area\股衍数据-数据cookbook\sql-static-lineage-data\task-projections\tasks\174537\versions\2c70dc9f0e6c04980af5422e7a0aad2b524e99bea1ff5088371880accd48212a.json"
"174537","sparkIndex","dm_index_n.index_grp1_net_ast_net_in_amt_year","task:174537:statement:0:relation:root.(child).ymt.read.index_grp1_net_ast_net_in_amt_year","CONFIRMED","NON_LITERAL_PRESENT","E:\02_area\股衍数据-数据cookbook\sql-static-lineage-data\task-projections\tasks\174537\versions\2c70dc9f0e6c04980af5422e7a0aad2b524e99bea1ff5088371880accd48212a.evidence-v3.json","E:\02_area\股衍数据-数据cookbook\sql-static-lineage-data\task-projections\tasks\174537\versions\2c70dc9f0e6c04980af5422e7a0aad2b524e99bea1ff5088371880accd48212a.json"
"174918","sparkIndex","dm_index_n.grp_tag_client_whth_valid_flag","task:174918:statement:0:relation:root.(child).vld.read.grp_tag_client_whth_valid_flag","CONFIRMED","NON_LITERAL_PRESENT","E:\02_area\股衍数据-数据cookbook\sql-static-lineage-data\task-projections\tasks\174918\versions\fcf77ef6a1dcf49ddd4b6e8cb33419891f396e364ab8ed56b2a502470ccdc468.evidence-v3.json","E:\02_area\股衍数据-数据cookbook\sql-static-lineage-data\task-projections\tasks\174918\versions\fcf77ef6a1dcf49ddd4b6e8cb33419891f396e364ab8ed56b2a502470ccdc468.json"
"174918","sparkIndex","dm_index_n.index_grp1_yield_fullacct_year_retandorgcntr","task:174918:statement:0:relation:root.(child).ypo.read.index_grp1_yield_fullacct_year_retandorgcntr","CONFIRMED","LITERAL","E:\02_area\股衍数据-数据cookbook\sql-static-lineage-data\task-projections\tasks\174918\versions\fcf77ef6a1dcf49ddd4b6e8cb33419891f396e364ab8ed56b2a502470ccdc468.evidence-v3.json","E:\02_area\股衍数据-数据cookbook\sql-static-lineage-data\task-projections\tasks\174918\versions\fcf77ef6a1dcf49ddd4b6e8cb33419891f396e364ab8ed56b2a502470ccdc468.json"
"174918","sparkIndex","dm_index_n.index_grp1_yieldamt_fullacct_year_retandorgcntr","task:174918:statement:0:relation:root.(child).yqr.read.index_grp1_yieldamt_fullacct_year_retandorgcntr","CONFIRMED","LITERAL","E:\02_area\股衍数据-数据cookbook\sql-static-lineage-data\task-projections\tasks\174918\versions\fcf77ef6a1dcf49ddd4b6e8cb33419891f396e364ab8ed56b2a502470ccdc468.evidence-v3.json","E:\02_area\股衍数据-数据cookbook\sql-static-lineage-data\task-projections\tasks\174918\versions\fcf77ef6a1dcf49ddd4b6e8cb33419891f396e364ab8ed56b2a502470ccdc468.json"
"174933","sparkIndex","dm_index_n.grp_tag_client_whth_valid_flag","task:174933:statement:0:relation:root.(child).vld.read.grp_tag_client_whth_valid_flag","CONFIRMED","NON_LITERAL_PRESENT","E:\02_area\股衍数据-数据cookbook\sql-static-lineage-data\task-projections\tasks\174933\versions\ef9dcec4ccac3ff1cfd43f9cd47715a0973cfcfcf1421b7d3c8b93be4984263d.evidence-v3.json","E:\02_area\股衍数据-数据cookbook\sql-static-lineage-data\task-projections\tasks\174933\versions\ef9dcec4ccac3ff1cfd43f9cd47715a0973cfcfcf1421b7d3c8b93be4984263d.json"
"174933","sparkIndex","dm_index_n.index_grp1_yield_fullacct_year_retandorgcntr","task:174933:statement:0:relation:root.(child).ypo.read.index_grp1_yield_fullacct_year_retandorgcntr","CONFIRMED","LITERAL","E:\02_area\股衍数据-数据cookbook\sql-static-lineage-data\task-projections\tasks\174933\versions\ef9dcec4ccac3ff1cfd43f9cd47715a0973cfcfcf1421b7d3c8b93be4984263d.evidence-v3.json","E:\02_area\股衍数据-数据cookbook\sql-static-lineage-data\task-projections\tasks\174933\versions\ef9dcec4ccac3ff1cfd43f9cd47715a0973cfcfcf1421b7d3c8b93be4984263d.json"
"175419","sparkIndex","dm_index_n.index_grp1_cust_docbkamt_covtrmb_tdy_all","task:175419:statement:0:relation:root.casttable.covt.a.setop.b0.read.index_grp1_cust_docbkamt_covtrmb_tdy_all","CONFIRMED","NON_LITERAL_PRESENT","E:\02_area\股衍数据-数据cookbook\sql-static-lineage-data\task-projections\tasks\175419\versions\f6a9e25c95e83346d8fbe4f2942e8550bcb24c519db3b0263aa8ef23812b35ae.evidence-v3.json","E:\02_area\股衍数据-数据cookbook\sql-static-lineage-data\task-projections\tasks\175419\versions\f6a9e25c95e83346d8fbe4f2942e8550bcb24c519db3b0263aa8ef23812b35ae.json"
"175419","sparkIndex","dm_index_n.index_grp1_cust_doctranoamt_covtrmb_tdy_all","task:175419:statement:0:relation:root.casttable.covt.a.setop.b1.read.index_grp1_cust_doctranoamt_covtrmb_tdy_all","CONFIRMED","NON_LITERAL_PRESENT","E:\02_area\股衍数据-数据cookbook\sql-static-lineage-data\task-projections\tasks\175419\versions\f6a9e25c95e83346d8fbe4f2942e8550bcb24c519db3b0263aa8ef23812b35ae.evidence-v3.json","E:\02_area\股衍数据-数据cookbook\sql-static-lineage-data\task-projections\tasks\175419\versions\f6a9e25c95e83346d8fbe4f2942e8550bcb24c519db3b0263aa8ef23812b35ae.json"
"175419","sparkIndex","dm_index_n.index_grp1_cust_incm_allcali_tdy_all","task:175419:statement:0:relation:root.casttable.incm.a.read.index_grp1_cust_incm_allcali_tdy_all","CONFIRMED","NON_LITERAL_PRESENT","E:\02_area\股衍数据-数据cookbook\sql-static-lineage-data\task-projections\tasks\175419\versions\f6a9e25c95e83346d8fbe4f2942e8550bcb24c519db3b0263aa8ef23812b35ae.evidence-v3.json","E:\02_area\股衍数据-数据cookbook\sql-static-lineage-data\task-projections\tasks\175419\versions\f6a9e25c95e83346d8fbe4f2942e8550bcb24c519db3b0263aa8ef23812b35ae.json"
"175419","sparkIndex","dm_index_n.index_grp_total_asset_avg_mon","task:175419:statement:0:relation:root.casttable.total.a.read.index_grp_total_asset_avg_mon","CONFIRMED","NON_LITERAL_PRESENT","E:\02_area\股衍数据-数据cookbook\sql-static-lineage-data\task-projections\tasks\175419\versions\f6a9e25c95e83346d8fbe4f2942e8550bcb24c519db3b0263aa8ef23812b35ae.evidence-v3.json","E:\02_area\股衍数据-数据cookbook\sql-static-lineage-data\task-projections\tasks\175419\versions\f6a9e25c95e83346d8fbe4f2942e8550bcb24c519db3b0263aa8ef23812b35ae.json"
"175419","sparkIndex","dm_index_n.index_grp_trade_amt_exch","task:175419:statement:0:relation:root.casttable.trade.a.read.index_grp_trade_amt_exch","CONFIRMED","NON_LITERAL_PRESENT","E:\02_area\股衍数据-数据cookbook\sql-static-lineage-data\task-projections\tasks\175419\versions\f6a9e25c95e83346d8fbe4f2942e8550bcb24c519db3b0263aa8ef23812b35ae.evidence-v3.json","E:\02_area\股衍数据-数据cookbook\sql-static-lineage-data\task-projections\tasks\175419\versions\f6a9e25c95e83346d8fbe4f2942e8550bcb24c519db3b0263aa8ef23812b35ae.json"
"175427","sparkIndex","dm_index_n.index_grp1_cust_docbkamt_covtrmb_tdy_all","task:175427:statement:0:relation:root.casttable.covt.a.setop.b0.read.index_grp1_cust_docbkamt_covtrmb_tdy_all","CONFIRMED","NON_LITERAL_PRESENT","E:\02_area\股衍数据-数据cookbook\sql-static-lineage-data\task-projections\tasks\175427\versions\3547ebe109d4778002caeb296da2f534292fbf959140b77189aeaf278f56416b.evidence-v3.json","E:\02_area\股衍数据-数据cookbook\sql-static-lineage-data\task-projections\tasks\175427\versions\3547ebe109d4778002caeb296da2f534292fbf959140b77189aeaf278f56416b.json"
"175427","sparkIndex","dm_index_n.index_grp1_cust_doctranoamt_covtrmb_tdy_all","task:175427:statement:0:relation:root.casttable.covt.a.setop.b1.read.index_grp1_cust_doctranoamt_covtrmb_tdy_all","CONFIRMED","NON_LITERAL_PRESENT","E:\02_area\股衍数据-数据cookbook\sql-static-lineage-data\task-projections\tasks\175427\versions\3547ebe109d4778002caeb296da2f534292fbf959140b77189aeaf278f56416b.evidence-v3.json","E:\02_area\股衍数据-数据cookbook\sql-static-lineage-data\task-projections\tasks\175427\versions\3547ebe109d4778002caeb296da2f534292fbf959140b77189aeaf278f56416b.json"
"175427","sparkIndex","dm_index_n.index_grp1_cust_incm_allcali_tdy_all","task:175427:statement:0:relation:root.casttable.incm.a.read.index_grp1_cust_incm_allcali_tdy_all","CONFIRMED","NON_LITERAL_PRESENT","E:\02_area\股衍数据-数据cookbook\sql-static-lineage-data\task-projections\tasks\175427\versions\3547ebe109d4778002caeb296da2f534292fbf959140b77189aeaf278f56416b.evidence-v3.json","E:\02_area\股衍数据-数据cookbook\sql-static-lineage-data\task-projections\tasks\175427\versions\3547ebe109d4778002caeb296da2f534292fbf959140b77189aeaf278f56416b.json"
"175427","sparkIndex","dm_index_n.index_grp_total_asset_avg_mon","task:175427:statement:0:relation:root.casttable.total.a.read.index_grp_total_asset_avg_mon","CONFIRMED","NON_LITERAL_PRESENT","E:\02_area\股衍数据-数据cookbook\sql-static-lineage-data\task-projections\tasks\175427\versions\3547ebe109d4778002caeb296da2f534292fbf959140b77189aeaf278f56416b.evidence-v3.json","E:\02_area\股衍数据-数据cookbook\sql-static-lineage-data\task-projections\tasks\175427\versions\3547ebe109d4778002caeb296da2f534292fbf959140b77189aeaf278f56416b.json"
"175427","sparkIndex","dm_index_n.index_grp_trade_amt_exch","task:175427:statement:0:relation:root.casttable.trade.a.read.index_grp_trade_amt_exch","CONFIRMED","NON_LITERAL_PRESENT","E:\02_area\股衍数据-数据cookbook\sql-static-lineage-data\task-projections\tasks\175427\versions\3547ebe109d4778002caeb296da2f534292fbf959140b77189aeaf278f56416b.evidence-v3.json","E:\02_area\股衍数据-数据cookbook\sql-static-lineage-data\task-projections\tasks\175427\versions\3547ebe109d4778002caeb296da2f534292fbf959140b77189aeaf278f56416b.json"
"176693","sparkIndex","dm_index_n.index_grp1_cust_docbkamt_covtrmb_tdy_all","task:176693:statement:0:relation:root.casttable.covt.a.setop.b0.read.index_grp1_cust_docbkamt_covtrmb_tdy_all","CONFIRMED","NON_LITERAL_PRESENT","E:\02_area\股衍数据-数据cookbook\sql-static-lineage-data\task-projections\tasks\176693\versions\06a35c0ca4baaa34e6a01bd624f015edd396f9647294a54b00dbbb958c05f531.evidence-v3.json","E:\02_area\股衍数据-数据cookbook\sql-static-lineage-data\task-projections\tasks\176693\versions\06a35c0ca4baaa34e6a01bd624f015edd396f9647294a54b00dbbb958c05f531.json"
"176693","sparkIndex","dm_index_n.index_grp1_cust_doctranoamt_covtrmb_tdy_all","task:176693:statement:0:relation:root.casttable.covt.a.setop.b1.read.index_grp1_cust_doctranoamt_covtrmb_tdy_all","CONFIRMED","NON_LITERAL_PRESENT","E:\02_area\股衍数据-数据cookbook\sql-static-lineage-data\task-projections\tasks\176693\versions\06a35c0ca4baaa34e6a01bd624f015edd396f9647294a54b00dbbb958c05f531.evidence-v3.json","E:\02_area\股衍数据-数据cookbook\sql-static-lineage-data\task-projections\tasks\176693\versions\06a35c0ca4baaa34e6a01bd624f015edd396f9647294a54b00dbbb958c05f531.json"
"176693","sparkIndex","dm_index_n.index_grp1_cust_incm_allcali_tdy_all","task:176693:statement:0:relation:root.casttable.incm.a.read.index_grp1_cust_incm_allcali_tdy_all","CONFIRMED","NON_LITERAL_PRESENT","E:\02_area\股衍数据-数据cookbook\sql-static-lineage-data\task-projections\tasks\176693\versions\06a35c0ca4baaa34e6a01bd624f015edd396f9647294a54b00dbbb958c05f531.evidence-v3.json","E:\02_area\股衍数据-数据cookbook\sql-static-lineage-data\task-projections\tasks\176693\versions\06a35c0ca4baaa34e6a01bd624f015edd396f9647294a54b00dbbb958c05f531.json"
"176693","sparkIndex","dm_index_n.index_grp_total_asset_avg_mon","task:176693:statement:0:relation:root.casttable.total.a.read.index_grp_total_asset_avg_mon","CONFIRMED","NON_LITERAL_PRESENT","E:\02_area\股衍数据-数据cookbook\sql-static-lineage-data\task-projections\tasks\176693\versions\06a35c0ca4baaa34e6a01bd624f015edd396f9647294a54b00dbbb958c05f531.evidence-v3.json","E:\02_area\股衍数据-数据cookbook\sql-static-lineage-data\task-projections\tasks\176693\versions\06a35c0ca4baaa34e6a01bd624f015edd396f9647294a54b00dbbb958c05f531.json"
"176693","sparkIndex","dm_index_n.index_grp_trade_amt_exch","task:176693:statement:0:relation:root.casttable.trade.a.read.index_grp_trade_amt_exch","CONFIRMED","NON_LITERAL_PRESENT","E:\02_area\股衍数据-数据cookbook\sql-static-lineage-data\task-projections\tasks\176693\versions\06a35c0ca4baaa34e6a01bd624f015edd396f9647294a54b00dbbb958c05f531.evidence-v3.json","E:\02_area\股衍数据-数据cookbook\sql-static-lineage-data\task-projections\tasks\176693\versions\06a35c0ca4baaa34e6a01bd624f015edd396f9647294a54b00dbbb958c05f531.json"
"176826","hive2postgre","dm_om_n.wt_taum_cust_stat_rela_incm_mon","task:176826:statement:0:relation:root.setop.b0.k1.read.wt_taum_cust_stat_rela_incm_mon","CONFIRMED","NON_LITERAL_PRESENT","E:\02_area\股衍数据-数据cookbook\sql-static-lineage-data\task-projections\tasks\176826\versions\a80189a283ef71e939db596f2cf8ce2fb1c9d1cc4efbd6e604acf75887502964.evidence-v3.json","E:\02_area\股衍数据-数据cookbook\sql-static-lineage-data\task-projections\tasks\176826\versions\a80189a283ef71e939db596f2cf8ce2fb1c9d1cc4efbd6e604acf75887502964.json"
"176826","hive2postgre","dm_om_n.wt_taum_cust_stat_rela_incm_mon","task:176826:statement:0:relation:root.setop.b1.k.read.wt_taum_cust_stat_rela_incm_mon","CONFIRMED","NON_LITERAL_PRESENT","E:\02_area\股衍数据-数据cookbook\sql-static-lineage-data\task-projections\tasks\176826\versions\a80189a283ef71e939db596f2cf8ce2fb1c9d1cc4efbd6e604acf75887502964.evidence-v3.json","E:\02_area\股衍数据-数据cookbook\sql-static-lineage-data\task-projections\tasks\176826\versions\a80189a283ef71e939db596f2cf8ce2fb1c9d1cc4efbd6e604acf75887502964.json"
"176826","hive2postgre","dm_om_n.wt_aum_temployee","task:176826:statement:0:relation:root.setop.b1.read.c","CONFIRMED","NON_LITERAL_PRESENT","E:\02_area\股衍数据-数据cookbook\sql-static-lineage-data\task-projections\tasks\176826\versions\a80189a283ef71e939db596f2cf8ce2fb1c9d1cc4efbd6e604acf75887502964.evidence-v3.json","E:\02_area\股衍数据-数据cookbook\sql-static-lineage-data\task-projections\tasks\176826\versions\a80189a283ef71e939db596f2cf8ce2fb1c9d1cc4efbd6e604acf75887502964.json"
"177390","sparkIndex","spdata_n.t01_pty_idty_info","task:177390:statement:0:relation:root.casttable.setop.b0.t1.read.t01_pty_idty_info","CONFIRMED","NON_LITERAL_PRESENT","E:\02_area\股衍数据-数据cookbook\sql-static-lineage-data\task-projections\tasks\177390\versions\19d874d8bb5670755312be866bc8dc058d504f94cdc9f9ead8a2ef1a9e79f3a0.evidence-v3.json","E:\02_area\股衍数据-数据cookbook\sql-static-lineage-data\task-projections\tasks\177390\versions\19d874d8bb5670755312be866bc8dc058d504f94cdc9f9ead8a2ef1a9e79f3a0.json"
"177390","sparkIndex","spdata_n.t01_pty_idty_info","task:177390:statement:0:relation:root.casttable.setop.b0.t2.read.t01_pty_idty_info","CONFIRMED","NON_LITERAL_PRESENT","E:\02_area\股衍数据-数据cookbook\sql-static-lineage-data\task-projections\tasks\177390\versions\19d874d8bb5670755312be866bc8dc058d504f94cdc9f9ead8a2ef1a9e79f3a0.evidence-v3.json","E:\02_area\股衍数据-数据cookbook\sql-static-lineage-data\task-projections\tasks\177390\versions\19d874d8bb5670755312be866bc8dc058d504f94cdc9f9ead8a2ef1a9e79f3a0.json"
"177390","sparkIndex","spdata_n.t01_pty_idty_info","task:177390:statement:0:relation:root.casttable.setop.b0.t3.read.t01_pty_idty_info","CONFIRMED","NON_LITERAL_PRESENT","E:\02_area\股衍数据-数据cookbook\sql-static-lineage-data\task-projections\tasks\177390\versions\19d874d8bb5670755312be866bc8dc058d504f94cdc9f9ead8a2ef1a9e79f3a0.evidence-v3.json","E:\02_area\股衍数据-数据cookbook\sql-static-lineage-data\task-projections\tasks\177390\versions\19d874d8bb5670755312be866bc8dc058d504f94cdc9f9ead8a2ef1a9e79f3a0.json"
"177390","sparkIndex","spdata_n.t01_pty_addr_info","task:177390:statement:0:relation:root.casttable.setop.b0.t6.read.t01_pty_addr_info","CONFIRMED","NON_LITERAL_PRESENT","E:\02_area\股衍数据-数据cookbook\sql-static-lineage-data\task-projections\tasks\177390\versions\19d874d8bb5670755312be866bc8dc058d504f94cdc9f9ead8a2ef1a9e79f3a0.evidence-v3.json","E:\02_area\股衍数据-数据cookbook\sql-static-lineage-data\task-projections\tasks\177390\versions\19d874d8bb5670755312be866bc8dc058d504f94cdc9f9ead8a2ef1a9e79f3a0.json"
"177390","sparkIndex","spdata_n.t01_pty_name","task:177390:statement:0:relation:root.casttable.setop.b0.t7.read.t01_pty_name","CONFIRMED","NON_LITERAL_PRESENT","E:\02_area\股衍数据-数据cookbook\sql-static-lineage-data\task-projections\tasks\177390\versions\19d874d8bb5670755312be866bc8dc058d504f94cdc9f9ead8a2ef1a9e79f3a0.evidence-v3.json","E:\02_area\股衍数据-数据cookbook\sql-static-lineage-data\task-projections\tasks\177390\versions\19d874d8bb5670755312be866bc8dc058d504f94cdc9f9ead8a2ef1a9e79f3a0.json"
"177395","sparkIndex","dm_index_n.index_grp1_cust_incm_allcali_mth_all","task:177395:statement:0:relation:root.(child).a.incm.a.read.index_grp1_cust_incm_allcali_mth_all","CONFIRMED","NON_LITERAL_PRESENT","E:\02_area\股衍数据-数据cookbook\sql-static-lineage-data\task-projections\tasks\177395\versions\66d001ecd7dff4537521f9224bffdb6670dfe4a4ddde3b652fd3789184ea4fd4.evidence-v3.json","E:\02_area\股衍数据-数据cookbook\sql-static-lineage-data\task-projections\tasks\177395\versions\66d001ecd7dff4537521f9224bffdb6670dfe4a4ddde3b652fd3789184ea4fd4.json"
"177395","sparkIndex","dm_index_n.index_grp_apd_net_asset","task:177395:statement:0:relation:root.(child).a.net.b.read.index_grp_apd_net_asset","CONFIRMED","NON_LITERAL_PRESENT","E:\02_area\股衍数据-数据cookbook\sql-static-lineage-data\task-projections\tasks\177395\versions\66d001ecd7dff4537521f9224bffdb6670dfe4a4ddde3b652fd3789184ea4fd4.evidence-v3.json","E:\02_area\股衍数据-数据cookbook\sql-static-lineage-data\task-projections\tasks\177395\versions\66d001ecd7dff4537521f9224bffdb6670dfe4a4ddde3b652fd3789184ea4fd4.json"
"177395","sparkIndex","dm_index_n.index_grp_apd_net_asset","task:177395:statement:0:relation:root.(child).a.the_net.b.read.index_grp_apd_net_asset","CONFIRMED","NON_LITERAL_PRESENT","E:\02_area\股衍数据-数据cookbook\sql-static-lineage-data\task-projections\tasks\177395\versions\66d001ecd7dff4537521f9224bffdb6670dfe4a4ddde3b652fd3789184ea4fd4.evidence-v3.json","E:\02_area\股衍数据-数据cookbook\sql-static-lineage-data\task-projections\tasks\177395\versions\66d001ecd7dff4537521f9224bffdb6670dfe4a4ddde3b652fd3789184ea4fd4.json"
"177395","sparkIndex","dm_index_n.index_grp_total_asset_avg_mon","task:177395:statement:0:relation:root.(child).a.totl.a.read.index_grp_total_asset_avg_mon","CONFIRMED","NON_LITERAL_PRESENT","E:\02_area\股衍数据-数据cookbook\sql-static-lineage-data\task-projections\tasks\177395\versions\66d001ecd7dff4537521f9224bffdb6670dfe4a4ddde3b652fd3789184ea4fd4.evidence-v3.json","E:\02_area\股衍数据-数据cookbook\sql-static-lineage-data\task-projections\tasks\177395\versions\66d001ecd7dff4537521f9224bffdb6670dfe4a4ddde3b652fd3789184ea4fd4.json"
"177407","sparkIndex","dm_index_n.index_grp1_cust_incm_allcali_mth_all","task:177407:statement:0:relation:root.(child).a.incm.a.read.index_grp1_cust_incm_allcali_mth_all","CONFIRMED","NON_LITERAL_PRESENT","E:\02_area\股衍数据-数据cookbook\sql-static-lineage-data\task-projections\tasks\177407\versions\f410ff4da19773822e2a64c0e456bc5d71bd2b658a3e45f6eb3c1bce85a24c5e.evidence-v3.json","E:\02_area\股衍数据-数据cookbook\sql-static-lineage-data\task-projections\tasks\177407\versions\f410ff4da19773822e2a64c0e456bc5d71bd2b658a3e45f6eb3c1bce85a24c5e.json"
"177407","sparkIndex","dm_index_n.index_grp_apd_net_asset","task:177407:statement:0:relation:root.(child).a.net.b.read.index_grp_apd_net_asset","CONFIRMED","NON_LITERAL_PRESENT","E:\02_area\股衍数据-数据cookbook\sql-static-lineage-data\task-projections\tasks\177407\versions\f410ff4da19773822e2a64c0e456bc5d71bd2b658a3e45f6eb3c1bce85a24c5e.evidence-v3.json","E:\02_area\股衍数据-数据cookbook\sql-static-lineage-data\task-projections\tasks\177407\versions\f410ff4da19773822e2a64c0e456bc5d71bd2b658a3e45f6eb3c1bce85a24c5e.json"
"177407","sparkIndex","dm_index_n.index_grp_apd_net_asset","task:177407:statement:0:relation:root.(child).a.the_net.b.read.index_grp_apd_net_asset","CONFIRMED","NON_LITERAL_PRESENT","E:\02_area\股衍数据-数据cookbook\sql-static-lineage-data\task-projections\tasks\177407\versions\f410ff4da19773822e2a64c0e456bc5d71bd2b658a3e45f6eb3c1bce85a24c5e.evidence-v3.json","E:\02_area\股衍数据-数据cookbook\sql-static-lineage-data\task-projections\tasks\177407\versions\f410ff4da19773822e2a64c0e456bc5d71bd2b658a3e45f6eb3c1bce85a24c5e.json"
"177407","sparkIndex","dm_index_n.index_grp_total_asset_avg_mon","task:177407:statement:0:relation:root.(child).a.totl.a.read.index_grp_total_asset_avg_mon","CONFIRMED","NON_LITERAL_PRESENT","E:\02_area\股衍数据-数据cookbook\sql-static-lineage-data\task-projections\tasks\177407\versions\f410ff4da19773822e2a64c0e456bc5d71bd2b658a3e45f6eb3c1bce85a24c5e.evidence-v3.json","E:\02_area\股衍数据-数据cookbook\sql-static-lineage-data\task-projections\tasks\177407\versions\f410ff4da19773822e2a64c0e456bc5d71bd2b658a3e45f6eb3c1bce85a24c5e.json"
"177585","hive2postgre","dm_om_n.aum_org_base_info","task:177585:statement:0:relation:root.(child-2).read.aum_org_base_info","CONFIRMED","NON_LITERAL_PRESENT","E:\02_area\股衍数据-数据cookbook\sql-static-lineage-data\task-projections\tasks\177585\versions\cfce42ed19440e36709c3496c1087790742c78b023539ceff2228ecdb3fe4da2.evidence-v3.json","E:\02_area\股衍数据-数据cookbook\sql-static-lineage-data\task-projections\tasks\177585\versions\cfce42ed19440e36709c3496c1087790742c78b023539ceff2228ecdb3fe4da2.json"
"177585","hive2postgre","dm_om_n.aum_emp_base_info","task:177585:statement:0:relation:root.(child-3).b.read.aum_emp_base_info","CONFIRMED","NON_LITERAL_PRESENT","E:\02_area\股衍数据-数据cookbook\sql-static-lineage-data\task-projections\tasks\177585\versions\cfce42ed19440e36709c3496c1087790742c78b023539ceff2228ecdb3fe4da2.evidence-v3.json","E:\02_area\股衍数据-数据cookbook\sql-static-lineage-data\task-projections\tasks\177585\versions\cfce42ed19440e36709c3496c1087790742c78b023539ceff2228ecdb3fe4da2.json"
"177585","hive2postgre","dm_om_n.wt_taum_emp_indi_data","task:177585:statement:0:relation:root.(child-4).b.n.setop.b0.setop.b0.read.wt_taum_emp_indi_data","CONFIRMED","NON_LITERAL_PRESENT","E:\02_area\股衍数据-数据cookbook\sql-static-lineage-data\task-projections\tasks\177585\versions\cfce42ed19440e36709c3496c1087790742c78b023539ceff2228ecdb3fe4da2.evidence-v3.json","E:\02_area\股衍数据-数据cookbook\sql-static-lineage-data\task-projections\tasks\177585\versions\cfce42ed19440e36709c3496c1087790742c78b023539ceff2228ecdb3fe4da2.json"
"177585","hive2postgre","dm_om_n.wt_taum_emp_indi_dim_data","task:177585:statement:0:relation:root.(child-4).b.n.setop.b1.read.wt_taum_emp_indi_dim_data","CONFIRMED","NON_LITERAL_PRESENT","E:\02_area\股衍数据-数据cookbook\sql-static-lineage-data\task-projections\tasks\177585\versions\cfce42ed19440e36709c3496c1087790742c78b023539ceff2228ecdb3fe4da2.evidence-v3.json","E:\02_area\股衍数据-数据cookbook\sql-static-lineage-data\task-projections\tasks\177585\versions\cfce42ed19440e36709c3496c1087790742c78b023539ceff2228ecdb3fe4da2.json"
"177585","hive2postgre","dm_om_n.aum_org_base_info","task:177585:statement:0:relation:root.t1.setop.b0.setop.b0.setop.b0.a.setop.b0.read.aum_org_base_info","CONFIRMED","NON_LITERAL_PRESENT","E:\02_area\股衍数据-数据cookbook\sql-static-lineage-data\task-projections\tasks\177585\versions\cfce42ed19440e36709c3496c1087790742c78b023539ceff2228ecdb3fe4da2.evidence-v3.json","E:\02_area\股衍数据-数据cookbook\sql-static-lineage-data\task-projections\tasks\177585\versions\cfce42ed19440e36709c3496c1087790742c78b023539ceff2228ecdb3fe4da2.json"
"177585","hive2postgre","dm_om_n.aum_org_base_info","task:177585:statement:0:relation:root.t1.setop.b0.setop.b0.setop.b0.a.setop.b1.read.aum_org_base_info","CONFIRMED","NON_LITERAL_PRESENT","E:\02_area\股衍数据-数据cookbook\sql-static-lineage-data\task-projections\tasks\177585\versions\cfce42ed19440e36709c3496c1087790742c78b023539ceff2228ecdb3fe4da2.evidence-v3.json","E:\02_area\股衍数据-数据cookbook\sql-static-lineage-data\task-projections\tasks\177585\versions\cfce42ed19440e36709c3496c1087790742c78b023539ceff2228ecdb3fe4da2.json"
"177585","hive2postgre","dm_om_n.wt_ins_indi_data_others","task:177585:statement:0:relation:root.t1.setop.b0.setop.b0.setop.b0.b.k.setop.b1.read.wt_ins_indi_data_others","CONFIRMED","NON_LITERAL_PRESENT","E:\02_area\股衍数据-数据cookbook\sql-static-lineage-data\task-projections\tasks\177585\versions\cfce42ed19440e36709c3496c1087790742c78b023539ceff2228ecdb3fe4da2.evidence-v3.json","E:\02_area\股衍数据-数据cookbook\sql-static-lineage-data\task-projections\tasks\177585\versions\cfce42ed19440e36709c3496c1087790742c78b023539ceff2228ecdb3fe4da2.json"
"177585","hive2postgre","dm_om_n.wt_ins_indi_data","task:177585:statement:0:relation:root.t1.setop.b0.setop.b0.setop.b1.read.wt_ins_indi_data","CONFIRMED","NON_LITERAL_PRESENT","E:\02_area\股衍数据-数据cookbook\sql-static-lineage-data\task-projections\tasks\177585\versions\cfce42ed19440e36709c3496c1087790742c78b023539ceff2228ecdb3fe4da2.evidence-v3.json","E:\02_area\股衍数据-数据cookbook\sql-static-lineage-data\task-projections\tasks\177585\versions\cfce42ed19440e36709c3496c1087790742c78b023539ceff2228ecdb3fe4da2.json"
"177585","hive2postgre","dm_om_n.wt_ins_indi_data_others","task:177585:statement:0:relation:root.t1.setop.b0.setop.b1.read.wt_ins_indi_data_others","CONFIRMED","NON_LITERAL_PRESENT","E:\02_area\股衍数据-数据cookbook\sql-static-lineage-data\task-projections\tasks\177585\versions\cfce42ed19440e36709c3496c1087790742c78b023539ceff2228ecdb3fe4da2.evidence-v3.json","E:\02_area\股衍数据-数据cookbook\sql-static-lineage-data\task-projections\tasks\177585\versions\cfce42ed19440e36709c3496c1087790742c78b023539ceff2228ecdb3fe4da2.json"
"177677","sparkIndex","dm_index_n.index_grp1_cust_incm_allcali_mth_all","task:177677:statement:0:relation:root.casttable.a.incm.a.read.index_grp1_cust_incm_allcali_mth_all","CONFIRMED","LITERAL","E:\02_area\股衍数据-数据cookbook\sql-static-lineage-data\task-projections\tasks\177677\versions\e95193efef6546ab748f787db233ec6c411b20a2ed7c11836165db0bf42454a4.evidence-v3.json","E:\02_area\股衍数据-数据cookbook\sql-static-lineage-data\task-projections\tasks\177677\versions\e95193efef6546ab748f787db233ec6c411b20a2ed7c11836165db0bf42454a4.json"
"177677","sparkIndex","dm_index_n.index_grp_apd_net_asset","task:177677:statement:0:relation:root.casttable.a.net.b.read.index_grp_apd_net_asset","CONFIRMED","NON_LITERAL_PRESENT","E:\02_area\股衍数据-数据cookbook\sql-static-lineage-data\task-projections\tasks\177677\versions\e95193efef6546ab748f787db233ec6c411b20a2ed7c11836165db0bf42454a4.evidence-v3.json","E:\02_area\股衍数据-数据cookbook\sql-static-lineage-data\task-projections\tasks\177677\versions\e95193efef6546ab748f787db233ec6c411b20a2ed7c11836165db0bf42454a4.json"
"177677","sparkIndex","dm_index_n.index_grp_total_asset_avg_mon","task:177677:statement:0:relation:root.casttable.a.totl.a.read.index_grp_total_asset_avg_mon","CONFIRMED","NON_LITERAL_PRESENT","E:\02_area\股衍数据-数据cookbook\sql-static-lineage-data\task-projections\tasks\177677\versions\e95193efef6546ab748f787db233ec6c411b20a2ed7c11836165db0bf42454a4.evidence-v3.json","E:\02_area\股衍数据-数据cookbook\sql-static-lineage-data\task-projections\tasks\177677\versions\e95193efef6546ab748f787db233ec6c411b20a2ed7c11836165db0bf42454a4.json"
"177677","sparkIndex","dm_index_n.index_grp1_cust_incm_allcali_mth_all","task:177677:statement:0:relation:root.casttable.b.incm.a.read.index_grp1_cust_incm_allcali_mth_all","CONFIRMED","NON_LITERAL_PRESENT","E:\02_area\股衍数据-数据cookbook\sql-static-lineage-data\task-projections\tasks\177677\versions\e95193efef6546ab748f787db233ec6c411b20a2ed7c11836165db0bf42454a4.evidence-v3.json","E:\02_area\股衍数据-数据cookbook\sql-static-lineage-data\task-projections\tasks\177677\versions\e95193efef6546ab748f787db233ec6c411b20a2ed7c11836165db0bf42454a4.json"
"177677","sparkIndex","dm_index_n.index_grp_total_asset_avg_mon","task:177677:statement:0:relation:root.casttable.b.totl.a.read.index_grp_total_asset_avg_mon","CONFIRMED","NON_LITERAL_PRESENT","E:\02_area\股衍数据-数据cookbook\sql-static-lineage-data\task-projections\tasks\177677\versions\e95193efef6546ab748f787db233ec6c411b20a2ed7c11836165db0bf42454a4.evidence-v3.json","E:\02_area\股衍数据-数据cookbook\sql-static-lineage-data\task-projections\tasks\177677\versions\e95193efef6546ab748f787db233ec6c411b20a2ed7c11836165db0bf42454a4.json"
"177681","sparkIndex","dm_index_n.index_grp1_cust_incm_allcali_mth_all","task:177681:statement:0:relation:root.casttable.a.incm.a.read.index_grp1_cust_incm_allcali_mth_all","CONFIRMED","LITERAL","E:\02_area\股衍数据-数据cookbook\sql-static-lineage-data\task-projections\tasks\177681\versions\d6041d558771982490291a2cf33bc647b6051eeeab2fdb055ef279e6cb26c676.evidence-v3.json","E:\02_area\股衍数据-数据cookbook\sql-static-lineage-data\task-projections\tasks\177681\versions\d6041d558771982490291a2cf33bc647b6051eeeab2fdb055ef279e6cb26c676.json"
"177681","sparkIndex","dm_index_n.index_grp_apd_net_asset","task:177681:statement:0:relation:root.casttable.a.net.b.read.index_grp_apd_net_asset","CONFIRMED","NON_LITERAL_PRESENT","E:\02_area\股衍数据-数据cookbook\sql-static-lineage-data\task-projections\tasks\177681\versions\d6041d558771982490291a2cf33bc647b6051eeeab2fdb055ef279e6cb26c676.evidence-v3.json","E:\02_area\股衍数据-数据cookbook\sql-static-lineage-data\task-projections\tasks\177681\versions\d6041d558771982490291a2cf33bc647b6051eeeab2fdb055ef279e6cb26c676.json"
"177681","sparkIndex","dm_index_n.index_grp_apd_net_asset","task:177681:statement:0:relation:root.casttable.a.the_net.b.read.index_grp_apd_net_asset","CONFIRMED","NON_LITERAL_PRESENT","E:\02_area\股衍数据-数据cookbook\sql-static-lineage-data\task-projections\tasks\177681\versions\d6041d558771982490291a2cf33bc647b6051eeeab2fdb055ef279e6cb26c676.evidence-v3.json","E:\02_area\股衍数据-数据cookbook\sql-static-lineage-data\task-projections\tasks\177681\versions\d6041d558771982490291a2cf33bc647b6051eeeab2fdb055ef279e6cb26c676.json"
"177681","sparkIndex","dm_index_n.index_grp_total_asset_avg_mon","task:177681:statement:0:relation:root.casttable.a.totl.a.read.index_grp_total_asset_avg_mon","CONFIRMED","NON_LITERAL_PRESENT","E:\02_area\股衍数据-数据cookbook\sql-static-lineage-data\task-projections\tasks\177681\versions\d6041d558771982490291a2cf33bc647b6051eeeab2fdb055ef279e6cb26c676.evidence-v3.json","E:\02_area\股衍数据-数据cookbook\sql-static-lineage-data\task-projections\tasks\177681\versions\d6041d558771982490291a2cf33bc647b6051eeeab2fdb055ef279e6cb26c676.json"
"178667","hive2postgre","dm_om_n.wt_taum_emp_indi_dim_data","task:178667:statement:0:relation:root.k.setop.b0.setop.b0.setop.b0.b.k.setop.b1.read.wt_taum_emp_indi_dim_data","CONFIRMED","NON_LITERAL_PRESENT","E:\02_area\股衍数据-数据cookbook\sql-static-lineage-data\task-projections\tasks\178667\versions\3a1361505fc09fc0aa36a904ab47c329665b49f21d62d9591f33518884f10349.evidence-v3.json","E:\02_area\股衍数据-数据cookbook\sql-static-lineage-data\task-projections\tasks\178667\versions\3a1361505fc09fc0aa36a904ab47c329665b49f21d62d9591f33518884f10349.json"
"178667","hive2postgre","dm_om_n.aum_emp_base_info","task:178667:statement:0:relation:root.k.setop.b0.setop.b0.setop.b0.c.read.aum_emp_base_info","CONFIRMED","NON_LITERAL_PRESENT","E:\02_area\股衍数据-数据cookbook\sql-static-lineage-data\task-projections\tasks\178667\versions\3a1361505fc09fc0aa36a904ab47c329665b49f21d62d9591f33518884f10349.evidence-v3.json","E:\02_area\股衍数据-数据cookbook\sql-static-lineage-data\task-projections\tasks\178667\versions\3a1361505fc09fc0aa36a904ab47c329665b49f21d62d9591f33518884f10349.json"
"178667","hive2postgre","dm_om_n.wt_taum_emp_indi_data","task:178667:statement:0:relation:root.k.setop.b0.setop.b0.setop.b1.read.wt_taum_emp_indi_data","CONFIRMED","NON_LITERAL_PRESENT","E:\02_area\股衍数据-数据cookbook\sql-static-lineage-data\task-projections\tasks\178667\versions\3a1361505fc09fc0aa36a904ab47c329665b49f21d62d9591f33518884f10349.evidence-v3.json","E:\02_area\股衍数据-数据cookbook\sql-static-lineage-data\task-projections\tasks\178667\versions\3a1361505fc09fc0aa36a904ab47c329665b49f21d62d9591f33518884f10349.json"
"178667","hive2postgre","dm_om_n.wt_taum_emp_indi_dim_data","task:178667:statement:0:relation:root.k.setop.b1.read.wt_taum_emp_indi_dim_data","CONFIRMED","NON_LITERAL_PRESENT","E:\02_area\股衍数据-数据cookbook\sql-static-lineage-data\task-projections\tasks\178667\versions\3a1361505fc09fc0aa36a904ab47c329665b49f21d62d9591f33518884f10349.evidence-v3.json","E:\02_area\股衍数据-数据cookbook\sql-static-lineage-data\task-projections\tasks\178667\versions\3a1361505fc09fc0aa36a904ab47c329665b49f21d62d9591f33518884f10349.json"
"178833","sparkIndex","pdata_n.t98_ficc_prd_cust_info_ecr","task:178833:statement:0:relation:root.casttable.setop.b0.setop.b1.read.t98_ficc_prd_cust_info_ecr","CONFIRMED","NONE","E:\02_area\股衍数据-数据cookbook\sql-static-lineage-data\task-projections\tasks\178833\versions\a140c05d03ded717ccc9cdce632deb7c062ac3bf81e158ab43774bd066ff3c72.evidence-v3.json","E:\02_area\股衍数据-数据cookbook\sql-static-lineage-data\task-projections\tasks\178833\versions\a140c05d03ded717ccc9cdce632deb7c062ac3bf81e158ab43774bd066ff3c72.json"
"184973","sparkIndex","dm_index_n.grp_tag_client_aum_perf_exam","task:184973:statement:0:relation:root.index.t2.read.grp_tag_client_aum_perf_exam","CONFIRMED","LITERAL","E:\02_area\股衍数据-数据cookbook\sql-static-lineage-data\task-projections\tasks\184973\versions\dddbdc8528f071751c8c1106bc318ed3e6b77fba8c8cfee836e14dfe0a8dd9d4.evidence-v3.json","E:\02_area\股衍数据-数据cookbook\sql-static-lineage-data\task-projections\tasks\184973\versions\dddbdc8528f071751c8c1106bc318ed3e6b77fba8c8cfee836e14dfe0a8dd9d4.json"
"184974","sparkIndex","dm_index_n.grp_tag_client_aum_perf_exam","task:184974:statement:0:relation:root.index.t2.read.grp_tag_client_aum_perf_exam","CONFIRMED","LITERAL","E:\02_area\股衍数据-数据cookbook\sql-static-lineage-data\task-projections\tasks\184974\versions\2bd559f269b8f1261e5890752d208107e7b6dbdbe22536a6f354c998e4accd14.evidence-v3.json","E:\02_area\股衍数据-数据cookbook\sql-static-lineage-data\task-projections\tasks\184974\versions\2bd559f269b8f1261e5890752d208107e7b6dbdbe22536a6f354c998e4accd14.json"
"185515","sparkIndex","dm_opt_n.doten_covt_exch_list","task:185515:statement:0:relation:root.casttable.t0.read.a","CONFIRMED","NON_LITERAL_PRESENT","E:\02_area\股衍数据-数据cookbook\sql-static-lineage-data\task-projections\tasks\185515\versions\9b253a2ac699205447ca5944d7e66eaf5510701f07e1ee1545afde31a3596aaf.evidence-v3.json","E:\02_area\股衍数据-数据cookbook\sql-static-lineage-data\task-projections\tasks\185515\versions\9b253a2ac699205447ca5944d7e66eaf5510701f07e1ee1545afde31a3596aaf.json"
"187687","sparkIndex","pdata_n.t98_info_emp_base_ecr","task:187687:statement:0:relation:root.casttable.setop.b0.setop.b0.setop.b0.setop.b0.setop.b0.setop.b0.setop.b0.setop.b0.setop.b0.setop.b0.setop.b1.read.emp","CONFIRMED","NONE","E:\02_area\股衍数据-数据cookbook\sql-static-lineage-data\task-projections\tasks\187687\versions\ac19c19e8c2f9fd1ee08d22792afecf4cc82cb6089b1b596856478e791600fb6.evidence-v3.json","E:\02_area\股衍数据-数据cookbook\sql-static-lineage-data\task-projections\tasks\187687\versions\ac19c19e8c2f9fd1ee08d22792afecf4cc82cb6089b1b596856478e791600fb6.json"
"187687","sparkIndex","pdata_n.t98_cust_info_of_res_serv_ecr","task:187687:statement:0:relation:root.casttable.setop.b0.setop.b0.setop.b0.setop.b0.setop.b0.setop.b0.setop.b1.read.t98_cust_info_of_res_serv_ecr","CONFIRMED","NONE","E:\02_area\股衍数据-数据cookbook\sql-static-lineage-data\task-projections\tasks\187687\versions\ac19c19e8c2f9fd1ee08d22792afecf4cc82cb6089b1b596856478e791600fb6.evidence-v3.json","E:\02_area\股衍数据-数据cookbook\sql-static-lineage-data\task-projections\tasks\187687\versions\ac19c19e8c2f9fd1ee08d22792afecf4cc82cb6089b1b596856478e791600fb6.json"
"187687","sparkIndex","pdata_n.t00_proj_mem_info","task:187687:statement:0:relation:root.casttable.setop.b0.setop.b0.setop.b0.setop.b0.setop.b0.setop.b1.read.a","CONFIRMED","LITERAL","E:\02_area\股衍数据-数据cookbook\sql-static-lineage-data\task-projections\tasks\187687\versions\ac19c19e8c2f9fd1ee08d22792afecf4cc82cb6089b1b596856478e791600fb6.evidence-v3.json","E:\02_area\股衍数据-数据cookbook\sql-static-lineage-data\task-projections\tasks\187687\versions\ac19c19e8c2f9fd1ee08d22792afecf4cc82cb6089b1b596856478e791600fb6.json"
"187687","sparkIndex","pdata_n.t98_info_emp_base_ecr","task:187687:statement:0:relation:root.casttable.setop.b0.setop.b0.setop.b0.setop.b0.setop.b1.read.t4","CONFIRMED","LITERAL","E:\02_area\股衍数据-数据cookbook\sql-static-lineage-data\task-projections\tasks\187687\versions\ac19c19e8c2f9fd1ee08d22792afecf4cc82cb6089b1b596856478e791600fb6.evidence-v3.json","E:\02_area\股衍数据-数据cookbook\sql-static-lineage-data\task-projections\tasks\187687\versions\ac19c19e8c2f9fd1ee08d22792afecf4cc82cb6089b1b596856478e791600fb6.json"
"187687","sparkIndex","pdata_nds.s_bg_acs_rel_emp_v","task:187687:statement:0:relation:root.casttable.setop.b0.setop.b0.setop.b0.setop.b1.rel.read.s_bg_acs_rel_emp_v","CONFIRMED","NONE","E:\02_area\股衍数据-数据cookbook\sql-static-lineage-data\task-projections\tasks\187687\versions\ac19c19e8c2f9fd1ee08d22792afecf4cc82cb6089b1b596856478e791600fb6.evidence-v3.json","E:\02_area\股衍数据-数据cookbook\sql-static-lineage-data\task-projections\tasks\187687\versions\ac19c19e8c2f9fd1ee08d22792afecf4cc82cb6089b1b596856478e791600fb6.json"
"187687","sparkIndex","pdata_nds.s_bg_acs_rel_emp_v","task:187687:statement:0:relation:root.casttable.setop.b0.setop.b0.setop.b1.rel.read.s_bg_acs_rel_emp_v","CONFIRMED","NONE","E:\02_area\股衍数据-数据cookbook\sql-static-lineage-data\task-projections\tasks\187687\versions\ac19c19e8c2f9fd1ee08d22792afecf4cc82cb6089b1b596856478e791600fb6.evidence-v3.json","E:\02_area\股衍数据-数据cookbook\sql-static-lineage-data\task-projections\tasks\187687\versions\ac19c19e8c2f9fd1ee08d22792afecf4cc82cb6089b1b596856478e791600fb6.json"
"187687","sparkIndex","pdata_nds.f_view_act_pe_xm","task:187687:statement:0:relation:root.casttable.setop.b1.read.f_view_act_pe_xm","CONFIRMED","LITERAL","E:\02_area\股衍数据-数据cookbook\sql-static-lineage-data\task-projections\tasks\187687\versions\ac19c19e8c2f9fd1ee08d22792afecf4cc82cb6089b1b596856478e791600fb6.evidence-v3.json","E:\02_area\股衍数据-数据cookbook\sql-static-lineage-data\task-projections\tasks\187687\versions\ac19c19e8c2f9fd1ee08d22792afecf4cc82cb6089b1b596856478e791600fb6.json"
"189181","sparkIndex","dm_index_n.grp_tag_client_aum_perf_exam","task:189181:statement:0:relation:root.(child-2).read.a","CONFIRMED","NON_LITERAL_PRESENT","E:\02_area\股衍数据-数据cookbook\sql-static-lineage-data\task-projections\tasks\189181\versions\3617b82eb758659948a907d92b4f6e342e0f03feb290f0f474ddd2885aba4ec1.evidence-v3.json","E:\02_area\股衍数据-数据cookbook\sql-static-lineage-data\task-projections\tasks\189181\versions\3617b82eb758659948a907d92b4f6e342e0f03feb290f0f474ddd2885aba4ec1.json"
"189181","sparkIndex","dm_index_n.index_grp1_cust_incm_allcali_mth_all","task:189181:statement:0:relation:root.(child-3).read.a","CONFIRMED","LITERAL","E:\02_area\股衍数据-数据cookbook\sql-static-lineage-data\task-projections\tasks\189181\versions\3617b82eb758659948a907d92b4f6e342e0f03feb290f0f474ddd2885aba4ec1.evidence-v3.json","E:\02_area\股衍数据-数据cookbook\sql-static-lineage-data\task-projections\tasks\189181\versions\3617b82eb758659948a907d92b4f6e342e0f03feb290f0f474ddd2885aba4ec1.json"
"189181","sparkIndex","dm_index_n.index_grp2_emp_inr_incm_spaseat_mth","task:189181:statement:0:relation:root.(child-4).setop.b0.setop.b0.setop.b0.setop.b0.setop.b0.setop.b0.setop.b0.setop.b0.read.index_grp2_emp_inr_incm_spaseat_mth","CONFIRMED","LITERAL","E:\02_area\股衍数据-数据cookbook\sql-static-lineage-data\task-projections\tasks\189181\versions\3617b82eb758659948a907d92b4f6e342e0f03feb290f0f474ddd2885aba4ec1.evidence-v3.json","E:\02_area\股衍数据-数据cookbook\sql-static-lineage-data\task-projections\tasks\189181\versions\3617b82eb758659948a907d92b4f6e342e0f03feb290f0f474ddd2885aba4ec1.json"
"189181","sparkIndex","dm_index_n.index_grp3_cust_prd_emp_income_nwsincome_aumdevrela_tdy","task:189181:statement:0:relation:root.(child-4).setop.b0.setop.b0.setop.b0.setop.b1.read.a","CONFIRMED","NON_LITERAL_PRESENT","E:\02_area\股衍数据-数据cookbook\sql-static-lineage-data\task-projections\tasks\189181\versions\3617b82eb758659948a907d92b4f6e342e0f03feb290f0f474ddd2885aba4ec1.evidence-v3.json","E:\02_area\股衍数据-数据cookbook\sql-static-lineage-data\task-projections\tasks\189181\versions\3617b82eb758659948a907d92b4f6e342e0f03feb290f0f474ddd2885aba4ec1.json"
"189181","sparkIndex","dm_index_n.index_grp2_cust_emp_incm_plfmvabusi_aum_tdy_all","task:189181:statement:0:relation:root.(child-4).setop.b0.setop.b0.setop.b1.t.setop.b0.read.a","CONFIRMED","NON_LITERAL_PRESENT","E:\02_area\股衍数据-数据cookbook\sql-static-lineage-data\task-projections\tasks\189181\versions\3617b82eb758659948a907d92b4f6e342e0f03feb290f0f474ddd2885aba4ec1.evidence-v3.json","E:\02_area\股衍数据-数据cookbook\sql-static-lineage-data\task-projections\tasks\189181\versions\3617b82eb758659948a907d92b4f6e342e0f03feb290f0f474ddd2885aba4ec1.json"
"189181","sparkIndex","dm_index_n.grp_tag_client_aum_perf_exam","task:189181:statement:0:relation:root.(child-7).read.a","CONFIRMED","NON_LITERAL_PRESENT","E:\02_area\股衍数据-数据cookbook\sql-static-lineage-data\task-projections\tasks\189181\versions\3617b82eb758659948a907d92b4f6e342e0f03feb290f0f474ddd2885aba4ec1.evidence-v3.json","E:\02_area\股衍数据-数据cookbook\sql-static-lineage-data\task-projections\tasks\189181\versions\3617b82eb758659948a907d92b4f6e342e0f03feb290f0f474ddd2885aba4ec1.json"
"189181","sparkIndex","dm_index_n.index_grp1_cust_incm_allcali_mth_all","task:189181:statement:0:relation:root.(child-8).read.a","CONFIRMED","NON_LITERAL_PRESENT","E:\02_area\股衍数据-数据cookbook\sql-static-lineage-data\task-projections\tasks\189181\versions\3617b82eb758659948a907d92b4f6e342e0f03feb290f0f474ddd2885aba4ec1.evidence-v3.json","E:\02_area\股衍数据-数据cookbook\sql-static-lineage-data\task-projections\tasks\189181\versions\3617b82eb758659948a907d92b4f6e342e0f03feb290f0f474ddd2885aba4ec1.json"
"189181","sparkIndex","dm_index_n.index_grp2_emp_inr_incm_spaseat_mth","task:189181:statement:0:relation:root.(child-9).setop.b0.setop.b0.setop.b0.setop.b0.setop.b0.setop.b0.setop.b0.setop.b0.read.index_grp2_emp_inr_incm_spaseat_mth","CONFIRMED","NON_LITERAL_PRESENT","E:\02_area\股衍数据-数据cookbook\sql-static-lineage-data\task-projections\tasks\189181\versions\3617b82eb758659948a907d92b4f6e342e0f03feb290f0f474ddd2885aba4ec1.evidence-v3.json","E:\02_area\股衍数据-数据cookbook\sql-static-lineage-data\task-projections\tasks\189181\versions\3617b82eb758659948a907d92b4f6e342e0f03feb290f0f474ddd2885aba4ec1.json"
"189181","sparkIndex","dm_index_n.index_grp3_cust_prd_emp_income_nwsincome_aumdevrela_tdy","task:189181:statement:0:relation:root.(child-9).setop.b0.setop.b0.setop.b0.setop.b1.read.a","CONFIRMED","NON_LITERAL_PRESENT","E:\02_area\股衍数据-数据cookbook\sql-static-lineage-data\task-projections\tasks\189181\versions\3617b82eb758659948a907d92b4f6e342e0f03feb290f0f474ddd2885aba4ec1.evidence-v3.json","E:\02_area\股衍数据-数据cookbook\sql-static-lineage-data\task-projections\tasks\189181\versions\3617b82eb758659948a907d92b4f6e342e0f03feb290f0f474ddd2885aba4ec1.json"
"189181","sparkIndex","dm_index_n.index_grp2_cust_emp_incm_plfmvabusi_aum_tdy_all","task:189181:statement:0:relation:root.(child-9).setop.b0.setop.b0.setop.b1.t.setop.b0.read.a","CONFIRMED","NON_LITERAL_PRESENT","E:\02_area\股衍数据-数据cookbook\sql-static-lineage-data\task-projections\tasks\189181\versions\3617b82eb758659948a907d92b4f6e342e0f03feb290f0f474ddd2885aba4ec1.evidence-v3.json","E:\02_area\股衍数据-数据cookbook\sql-static-lineage-data\task-projections\tasks\189181\versions\3617b82eb758659948a907d92b4f6e342e0f03feb290f0f474ddd2885aba4ec1.json"
"190435","sparkIndex","dm_index_n.grp_tag_client_aum_perf_exam","task:190435:statement:0:relation:root.(child-6).read.a","CONFIRMED","LITERAL","E:\02_area\股衍数据-数据cookbook\sql-static-lineage-data\task-projections\tasks\190435\versions\0c3fde995c765bd36a2dc4fd9e2cf29fb154bfe61cedddaff882d001728c7276.evidence-v3.json","E:\02_area\股衍数据-数据cookbook\sql-static-lineage-data\task-projections\tasks\190435\versions\0c3fde995c765bd36a2dc4fd9e2cf29fb154bfe61cedddaff882d001728c7276.json"
"190435","sparkIndex","dm_index_n.index_grp1_cust_incm_allcali_mth_all","task:190435:statement:0:relation:root.(child-7).a.read.a","CONFIRMED","LITERAL","E:\02_area\股衍数据-数据cookbook\sql-static-lineage-data\task-projections\tasks\190435\versions\0c3fde995c765bd36a2dc4fd9e2cf29fb154bfe61cedddaff882d001728c7276.evidence-v3.json","E:\02_area\股衍数据-数据cookbook\sql-static-lineage-data\task-projections\tasks\190435\versions\0c3fde995c765bd36a2dc4fd9e2cf29fb154bfe61cedddaff882d001728c7276.json"
"190435","sparkIndex","dm_index_n.index_grp2_emp_inr_incm_spaseat_mth","task:190435:statement:0:relation:root.(child-8).setop.b0.setop.b0.setop.b0.setop.b0.setop.b0.setop.b0.setop.b0.setop.b0.read.index_grp2_emp_inr_incm_spaseat_mth","CONFIRMED","LITERAL","E:\02_area\股衍数据-数据cookbook\sql-static-lineage-data\task-projections\tasks\190435\versions\0c3fde995c765bd36a2dc4fd9e2cf29fb154bfe61cedddaff882d001728c7276.evidence-v3.json","E:\02_area\股衍数据-数据cookbook\sql-static-lineage-data\task-projections\tasks\190435\versions\0c3fde995c765bd36a2dc4fd9e2cf29fb154bfe61cedddaff882d001728c7276.json"
"190435","sparkIndex","dm_index_n.index_grp3_cust_prd_emp_income_nwsincome_aumdevrela_tdy","task:190435:statement:0:relation:root.(child-8).setop.b0.setop.b0.setop.b0.setop.b1.read.a","CONFIRMED","NON_LITERAL_PRESENT","E:\02_area\股衍数据-数据cookbook\sql-static-lineage-data\task-projections\tasks\190435\versions\0c3fde995c765bd36a2dc4fd9e2cf29fb154bfe61cedddaff882d001728c7276.evidence-v3.json","E:\02_area\股衍数据-数据cookbook\sql-static-lineage-data\task-projections\tasks\190435\versions\0c3fde995c765bd36a2dc4fd9e2cf29fb154bfe61cedddaff882d001728c7276.json"
"190435","sparkIndex","dm_index_n.index_grp2_cust_emp_incm_plfmvabusi_aum_tdy_all","task:190435:statement:0:relation:root.(child-8).setop.b0.setop.b0.setop.b1.t.setop.b0.read.a","CONFIRMED","NON_LITERAL_PRESENT","E:\02_area\股衍数据-数据cookbook\sql-static-lineage-data\task-projections\tasks\190435\versions\0c3fde995c765bd36a2dc4fd9e2cf29fb154bfe61cedddaff882d001728c7276.evidence-v3.json","E:\02_area\股衍数据-数据cookbook\sql-static-lineage-data\task-projections\tasks\190435\versions\0c3fde995c765bd36a2dc4fd9e2cf29fb154bfe61cedddaff882d001728c7276.json"
"190435","sparkIndex","dm_index_n.grp_tag_client_corp_busi_cust_type","task:190435:statement:0:relation:root.(child-9).setop.b0.setop.b0.setop.b0.setop.b0.setop.b1.read.g","CONFIRMED","NON_LITERAL_PRESENT","E:\02_area\股衍数据-数据cookbook\sql-static-lineage-data\task-projections\tasks\190435\versions\0c3fde995c765bd36a2dc4fd9e2cf29fb154bfe61cedddaff882d001728c7276.evidence-v3.json","E:\02_area\股衍数据-数据cookbook\sql-static-lineage-data\task-projections\tasks\190435\versions\0c3fde995c765bd36a2dc4fd9e2cf29fb154bfe61cedddaff882d001728c7276.json"
"190435","sparkIndex","dm_index_n.grp_tag_client_corp_busi_cust_type","task:190435:statement:0:relation:root.(child-9).setop.b0.setop.b0.setop.b0.setop.b1.read.g","CONFIRMED","NON_LITERAL_PRESENT","E:\02_area\股衍数据-数据cookbook\sql-static-lineage-data\task-projections\tasks\190435\versions\0c3fde995c765bd36a2dc4fd9e2cf29fb154bfe61cedddaff882d001728c7276.evidence-v3.json","E:\02_area\股衍数据-数据cookbook\sql-static-lineage-data\task-projections\tasks\190435\versions\0c3fde995c765bd36a2dc4fd9e2cf29fb154bfe61cedddaff882d001728c7276.json"
"190435","sparkIndex","dm_index_n.index_grp_corp_cust_in_type","task:190435:statement:0:relation:root.(child-9).setop.b0.setop.b0.setop.b1.read.g","CONFIRMED","LITERAL","E:\02_area\股衍数据-数据cookbook\sql-static-lineage-data\task-projections\tasks\190435\versions\0c3fde995c765bd36a2dc4fd9e2cf29fb154bfe61cedddaff882d001728c7276.evidence-v3.json","E:\02_area\股衍数据-数据cookbook\sql-static-lineage-data\task-projections\tasks\190435\versions\0c3fde995c765bd36a2dc4fd9e2cf29fb154bfe61cedddaff882d001728c7276.json"
"190435","sparkIndex","dm_index_n.index_grp2_cust_org_asset_std_mthaccum_all","task:190435:statement:0:relation:root.(child-9).setop.b0.setop.b1.t.t1.read.index_grp2_cust_org_asset_std_mthaccum_all","CONFIRMED","NON_LITERAL_PRESENT","E:\02_area\股衍数据-数据cookbook\sql-static-lineage-data\task-projections\tasks\190435\versions\0c3fde995c765bd36a2dc4fd9e2cf29fb154bfe61cedddaff882d001728c7276.evidence-v3.json","E:\02_area\股衍数据-数据cookbook\sql-static-lineage-data\task-projections\tasks\190435\versions\0c3fde995c765bd36a2dc4fd9e2cf29fb154bfe61cedddaff882d001728c7276.json"
"190435","sparkIndex","dm_index_n.grp_tag_client_is_cust_judic_frz","task:190435:statement:0:relation:root.(child-9).setop.b1.a.read.grp_tag_client_is_cust_judic_frz","CONFIRMED","LITERAL","E:\02_area\股衍数据-数据cookbook\sql-static-lineage-data\task-projections\tasks\190435\versions\0c3fde995c765bd36a2dc4fd9e2cf29fb154bfe61cedddaff882d001728c7276.evidence-v3.json","E:\02_area\股衍数据-数据cookbook\sql-static-lineage-data\task-projections\tasks\190435\versions\0c3fde995c765bd36a2dc4fd9e2cf29fb154bfe61cedddaff882d001728c7276.json"
"192442","sparkIndex","dm_index_n.index_grp1_cust_docbkamt_covtrmb_tdy_all","task:192442:statement:0:relation:root.casttable.covt.a.setop.b0.read.index_grp1_cust_docbkamt_covtrmb_tdy_all","CONFIRMED","NON_LITERAL_PRESENT","E:\02_area\股衍数据-数据cookbook\sql-static-lineage-data\task-projections\tasks\192442\versions\22a4e13cfcc6098ab914e4ae7364a12553d71cc030a2ef2325b82309a254de1d.evidence-v3.json","E:\02_area\股衍数据-数据cookbook\sql-static-lineage-data\task-projections\tasks\192442\versions\22a4e13cfcc6098ab914e4ae7364a12553d71cc030a2ef2325b82309a254de1d.json"
"192442","sparkIndex","dm_index_n.index_grp1_cust_doctranoamt_covtrmb_tdy_all","task:192442:statement:0:relation:root.casttable.covt.a.setop.b1.read.index_grp1_cust_doctranoamt_covtrmb_tdy_all","CONFIRMED","NON_LITERAL_PRESENT","E:\02_area\股衍数据-数据cookbook\sql-static-lineage-data\task-projections\tasks\192442\versions\22a4e13cfcc6098ab914e4ae7364a12553d71cc030a2ef2325b82309a254de1d.evidence-v3.json","E:\02_area\股衍数据-数据cookbook\sql-static-lineage-data\task-projections\tasks\192442\versions\22a4e13cfcc6098ab914e4ae7364a12553d71cc030a2ef2325b82309a254de1d.json"
"192442","sparkIndex","dm_index_n.index_grp1_cust_incm_allcali_tdy_all","task:192442:statement:0:relation:root.casttable.incm.a.read.index_grp1_cust_incm_allcali_tdy_all","CONFIRMED","NON_LITERAL_PRESENT","E:\02_area\股衍数据-数据cookbook\sql-static-lineage-data\task-projections\tasks\192442\versions\22a4e13cfcc6098ab914e4ae7364a12553d71cc030a2ef2325b82309a254de1d.evidence-v3.json","E:\02_area\股衍数据-数据cookbook\sql-static-lineage-data\task-projections\tasks\192442\versions\22a4e13cfcc6098ab914e4ae7364a12553d71cc030a2ef2325b82309a254de1d.json"
"192442","sparkIndex","dm_index_n.index_grp_total_asset_avg_mon","task:192442:statement:0:relation:root.casttable.total.a.read.index_grp_total_asset_avg_mon","CONFIRMED","NON_LITERAL_PRESENT","E:\02_area\股衍数据-数据cookbook\sql-static-lineage-data\task-projections\tasks\192442\versions\22a4e13cfcc6098ab914e4ae7364a12553d71cc030a2ef2325b82309a254de1d.evidence-v3.json","E:\02_area\股衍数据-数据cookbook\sql-static-lineage-data\task-projections\tasks\192442\versions\22a4e13cfcc6098ab914e4ae7364a12553d71cc030a2ef2325b82309a254de1d.json"
"192442","sparkIndex","dm_index_n.index_grp_trade_amt_exch","task:192442:statement:0:relation:root.casttable.trade.a.read.index_grp_trade_amt_exch","CONFIRMED","NON_LITERAL_PRESENT","E:\02_area\股衍数据-数据cookbook\sql-static-lineage-data\task-projections\tasks\192442\versions\22a4e13cfcc6098ab914e4ae7364a12553d71cc030a2ef2325b82309a254de1d.evidence-v3.json","E:\02_area\股衍数据-数据cookbook\sql-static-lineage-data\task-projections\tasks\192442\versions\22a4e13cfcc6098ab914e4ae7364a12553d71cc030a2ef2325b82309a254de1d.json"
"193642","sparkIndex","dm_index_n.grp_tag_client_aum_perf_exam","task:193642:statement:0:relation:root.(child-6).read.a","CONFIRMED","LITERAL","E:\02_area\股衍数据-数据cookbook\sql-static-lineage-data\task-projections\tasks\193642\versions\f73717cab08fd3dcf5c52fd04fea913e304df916b4893ad95a4463c75f90e197.evidence-v3.json","E:\02_area\股衍数据-数据cookbook\sql-static-lineage-data\task-projections\tasks\193642\versions\f73717cab08fd3dcf5c52fd04fea913e304df916b4893ad95a4463c75f90e197.json"
"193671","sparkIndex","dm_index_n.grp_tag_client_aum_perf_exam","task:193671:statement:0:relation:root.(child-6).read.a","CONFIRMED","LITERAL","E:\02_area\股衍数据-数据cookbook\sql-static-lineage-data\task-projections\tasks\193671\versions\cff2b46d5668a61c74f19ec52789461751c879359837977f8721836e0d9a37dc.evidence-v3.json","E:\02_area\股衍数据-数据cookbook\sql-static-lineage-data\task-projections\tasks\193671\versions\cff2b46d5668a61c74f19ec52789461751c879359837977f8721836e0d9a37dc.json"
"193686","sparkIndex","dm_index_n.grp_tag_client_aum_perf_exam","task:193686:statement:0:relation:root.(child-4).read.a","CONFIRMED","LITERAL","E:\02_area\股衍数据-数据cookbook\sql-static-lineage-data\task-projections\tasks\193686\versions\9931180dede4cbd9192c12f1c1beb4181e0e844335d8b7e8853f61f14bdfd5bb.evidence-v3.json","E:\02_area\股衍数据-数据cookbook\sql-static-lineage-data\task-projections\tasks\193686\versions\9931180dede4cbd9192c12f1c1beb4181e0e844335d8b7e8853f61f14bdfd5bb.json"
"193691","sparkIndex","dm_index_n.grp_tag_client_aum_perf_exam","task:193691:statement:0:relation:root.(child-4).read.a","CONFIRMED","LITERAL","E:\02_area\股衍数据-数据cookbook\sql-static-lineage-data\task-projections\tasks\193691\versions\a6e409d9dcf2b1ab30396a8904c5c9501ae4f1db2cb5ba3e6a7272444e34c93d.evidence-v3.json","E:\02_area\股衍数据-数据cookbook\sql-static-lineage-data\task-projections\tasks\193691\versions\a6e409d9dcf2b1ab30396a8904c5c9501ae4f1db2cb5ba3e6a7272444e34c93d.json"
"193766","sparkIndex","dm_index_n.grp_tag_client_aum_perf_exam","task:193766:statement:0:relation:root.(child-3).read.a","CONFIRMED","LITERAL","E:\02_area\股衍数据-数据cookbook\sql-static-lineage-data\task-projections\tasks\193766\versions\b6dd3339e5736431ead9dbd9f6ec898b19f43f50e0c788d22aaae02f8a2482f3.evidence-v3.json","E:\02_area\股衍数据-数据cookbook\sql-static-lineage-data\task-projections\tasks\193766\versions\b6dd3339e5736431ead9dbd9f6ec898b19f43f50e0c788d22aaae02f8a2482f3.json"
"193770","sparkIndex","dm_index_n.grp_tag_client_aum_perf_exam","task:193770:statement:0:relation:root.(child-3).read.a","CONFIRMED","LITERAL","E:\02_area\股衍数据-数据cookbook\sql-static-lineage-data\task-projections\tasks\193770\versions\f2c987bd6faafb03b5cf40d53bd50b66ce1fe9d79c7346554e64d90ba13a6f91.evidence-v3.json","E:\02_area\股衍数据-数据cookbook\sql-static-lineage-data\task-projections\tasks\193770\versions\f2c987bd6faafb03b5cf40d53bd50b66ce1fe9d79c7346554e64d90ba13a6f91.json"
"193799","sparkIndex","dm_index_n.grp_tag_client_aum_perf_exam","task:193799:statement:0:relation:root.(child-3).read.a","CONFIRMED","LITERAL","E:\02_area\股衍数据-数据cookbook\sql-static-lineage-data\task-projections\tasks\193799\versions\12335297fce27b6128f577dcd165193c3981b0d921615d33f882bb71b9ac5358.evidence-v3.json","E:\02_area\股衍数据-数据cookbook\sql-static-lineage-data\task-projections\tasks\193799\versions\12335297fce27b6128f577dcd165193c3981b0d921615d33f882bb71b9ac5358.json"
"193800","sparkIndex","dm_index_n.grp_tag_client_aum_perf_exam","task:193800:statement:0:relation:root.(child-3).read.a","CONFIRMED","LITERAL","E:\02_area\股衍数据-数据cookbook\sql-static-lineage-data\task-projections\tasks\193800\versions\c7d652465ed4a406357ae3242e322328cad04374b30a6e9a7efccd89255c0c87.evidence-v3.json","E:\02_area\股衍数据-数据cookbook\sql-static-lineage-data\task-projections\tasks\193800\versions\c7d652465ed4a406357ae3242e322328cad04374b30a6e9a7efccd89255c0c87.json"
"193805","sparkIndex","dm_index_n.grp_tag_client_aum_perf_exam","task:193805:statement:0:relation:root.(child-1).read.a","CONFIRMED","LITERAL","E:\02_area\股衍数据-数据cookbook\sql-static-lineage-data\task-projections\tasks\193805\versions\8f633d143ab010e1c1fe4271597827c618a4a8613edbceac84b6875502eeb193.evidence-v3.json","E:\02_area\股衍数据-数据cookbook\sql-static-lineage-data\task-projections\tasks\193805\versions\8f633d143ab010e1c1fe4271597827c618a4a8613edbceac84b6875502eeb193.json"
"193806","sparkIndex","dm_index_n.grp_tag_client_aum_perf_exam","task:193806:statement:0:relation:root.(child-1).read.a","CONFIRMED","LITERAL","E:\02_area\股衍数据-数据cookbook\sql-static-lineage-data\task-projections\tasks\193806\versions\12afbc54ae0c2f994e9e0cc500b652cbea841f4ca6edf44704633b7702962667.evidence-v3.json","E:\02_area\股衍数据-数据cookbook\sql-static-lineage-data\task-projections\tasks\193806\versions\12afbc54ae0c2f994e9e0cc500b652cbea841f4ca6edf44704633b7702962667.json"
"196245","sparkIndex","dm_index_n.index_grp_apd_net_asset","task:196245:statement:0:relation:root.(child).d.setop.b0.setop.b0.setop.b0.setop.b0.net.b.read.index_grp_apd_net_asset","CONFIRMED","NON_LITERAL_PRESENT","E:\02_area\股衍数据-数据cookbook\sql-static-lineage-data\task-projections\tasks\196245\versions\bce60a8fc1b45371a4ab65099500a8e4d188ec70d7de42791b01378918e7b5d0.evidence-v3.json","E:\02_area\股衍数据-数据cookbook\sql-static-lineage-data\task-projections\tasks\196245\versions\bce60a8fc1b45371a4ab65099500a8e4d188ec70d7de42791b01378918e7b5d0.json"
"196245","sparkIndex","dm_index_n.index_grp1_cust_incm_allcali_mth_all","task:196245:statement:0:relation:root.(child).incm.a.read.index_grp1_cust_incm_allcali_mth_all","CONFIRMED","NON_LITERAL_PRESENT","E:\02_area\股衍数据-数据cookbook\sql-static-lineage-data\task-projections\tasks\196245\versions\bce60a8fc1b45371a4ab65099500a8e4d188ec70d7de42791b01378918e7b5d0.evidence-v3.json","E:\02_area\股衍数据-数据cookbook\sql-static-lineage-data\task-projections\tasks\196245\versions\bce60a8fc1b45371a4ab65099500a8e4d188ec70d7de42791b01378918e7b5d0.json"
"196245","sparkIndex","dm_index_n.index_grp_total_asset_avg_mon","task:196245:statement:0:relation:root.(child).totl.a.read.index_grp_total_asset_avg_mon","CONFIRMED","NON_LITERAL_PRESENT","E:\02_area\股衍数据-数据cookbook\sql-static-lineage-data\task-projections\tasks\196245\versions\bce60a8fc1b45371a4ab65099500a8e4d188ec70d7de42791b01378918e7b5d0.evidence-v3.json","E:\02_area\股衍数据-数据cookbook\sql-static-lineage-data\task-projections\tasks\196245\versions\bce60a8fc1b45371a4ab65099500a8e4d188ec70d7de42791b01378918e7b5d0.json"
"196245","sparkIndex","dm_index_n.index_grp1_cust_incm_allcali_mth_all","task:196245:statement:0:relation:root.(child).totl_incm_year.a.read.index_grp1_cust_incm_allcali_mth_all","CONFIRMED","NON_LITERAL_PRESENT","E:\02_area\股衍数据-数据cookbook\sql-static-lineage-data\task-projections\tasks\196245\versions\bce60a8fc1b45371a4ab65099500a8e4d188ec70d7de42791b01378918e7b5d0.evidence-v3.json","E:\02_area\股衍数据-数据cookbook\sql-static-lineage-data\task-projections\tasks\196245\versions\bce60a8fc1b45371a4ab65099500a8e4d188ec70d7de42791b01378918e7b5d0.json"
"196248","sparkIndex","dm_index_n.index_grp_apd_net_asset","task:196248:statement:0:relation:root.(child).d.setop.b0.setop.b0.setop.b0.setop.b0.net.b.read.index_grp_apd_net_asset","CONFIRMED","NON_LITERAL_PRESENT","E:\02_area\股衍数据-数据cookbook\sql-static-lineage-data\task-projections\tasks\196248\versions\9845a55ef958a2cafd01dc9206e7694db1ead06810e8a8ac57f83f1f67d7c583.evidence-v3.json","E:\02_area\股衍数据-数据cookbook\sql-static-lineage-data\task-projections\tasks\196248\versions\9845a55ef958a2cafd01dc9206e7694db1ead06810e8a8ac57f83f1f67d7c583.json"
"196248","sparkIndex","dm_index_n.index_grp1_cust_incm_allcali_mth_all","task:196248:statement:0:relation:root.(child).incm.a.read.index_grp1_cust_incm_allcali_mth_all","CONFIRMED","NON_LITERAL_PRESENT","E:\02_area\股衍数据-数据cookbook\sql-static-lineage-data\task-projections\tasks\196248\versions\9845a55ef958a2cafd01dc9206e7694db1ead06810e8a8ac57f83f1f67d7c583.evidence-v3.json","E:\02_area\股衍数据-数据cookbook\sql-static-lineage-data\task-projections\tasks\196248\versions\9845a55ef958a2cafd01dc9206e7694db1ead06810e8a8ac57f83f1f67d7c583.json"
"196248","sparkIndex","dm_index_n.index_grp_total_asset_avg_mon","task:196248:statement:0:relation:root.(child).totl.a.read.index_grp_total_asset_avg_mon","CONFIRMED","NON_LITERAL_PRESENT","E:\02_area\股衍数据-数据cookbook\sql-static-lineage-data\task-projections\tasks\196248\versions\9845a55ef958a2cafd01dc9206e7694db1ead06810e8a8ac57f83f1f67d7c583.evidence-v3.json","E:\02_area\股衍数据-数据cookbook\sql-static-lineage-data\task-projections\tasks\196248\versions\9845a55ef958a2cafd01dc9206e7694db1ead06810e8a8ac57f83f1f67d7c583.json"
"196248","sparkIndex","dm_index_n.index_grp1_cust_incm_allcali_mth_all","task:196248:statement:0:relation:root.(child).totl_incm_year.a.read.index_grp1_cust_incm_allcali_mth_all","CONFIRMED","NON_LITERAL_PRESENT","E:\02_area\股衍数据-数据cookbook\sql-static-lineage-data\task-projections\tasks\196248\versions\9845a55ef958a2cafd01dc9206e7694db1ead06810e8a8ac57f83f1f67d7c583.evidence-v3.json","E:\02_area\股衍数据-数据cookbook\sql-static-lineage-data\task-projections\tasks\196248\versions\9845a55ef958a2cafd01dc9206e7694db1ead06810e8a8ac57f83f1f67d7c583.json"
"196465","sparkIndex","dm_index_n.index_grp_apd_net_asset","task:196465:statement:0:relation:root.casttable.a.d.setop.b0.setop.b0.setop.b0.setop.b0.net.b.read.index_grp_apd_net_asset","CONFIRMED","NON_LITERAL_PRESENT","E:\02_area\股衍数据-数据cookbook\sql-static-lineage-data\task-projections\tasks\196465\versions\83b5860141faf0e56a0001fa6d102d0cc9b5dddd582393635b4302b211238f37.evidence-v3.json","E:\02_area\股衍数据-数据cookbook\sql-static-lineage-data\task-projections\tasks\196465\versions\83b5860141faf0e56a0001fa6d102d0cc9b5dddd582393635b4302b211238f37.json"
"196465","sparkIndex","dm_index_n.index_grp1_cust_incm_allcali_mth_all","task:196465:statement:0:relation:root.casttable.a.incm.a.read.index_grp1_cust_incm_allcali_mth_all","CONFIRMED","LITERAL","E:\02_area\股衍数据-数据cookbook\sql-static-lineage-data\task-projections\tasks\196465\versions\83b5860141faf0e56a0001fa6d102d0cc9b5dddd582393635b4302b211238f37.evidence-v3.json","E:\02_area\股衍数据-数据cookbook\sql-static-lineage-data\task-projections\tasks\196465\versions\83b5860141faf0e56a0001fa6d102d0cc9b5dddd582393635b4302b211238f37.json"
"196465","sparkIndex","dm_index_n.index_grp1_emp_nav_aum_tdy_all","task:196465:statement:0:relation:root.casttable.a.nav.b.read.index_grp1_emp_nav_aum_tdy_all","CONFIRMED","NON_LITERAL_PRESENT","E:\02_area\股衍数据-数据cookbook\sql-static-lineage-data\task-projections\tasks\196465\versions\83b5860141faf0e56a0001fa6d102d0cc9b5dddd582393635b4302b211238f37.evidence-v3.json","E:\02_area\股衍数据-数据cookbook\sql-static-lineage-data\task-projections\tasks\196465\versions\83b5860141faf0e56a0001fa6d102d0cc9b5dddd582393635b4302b211238f37.json"
"196465","sparkIndex","dm_index_n.index_grp1_emp_shr_aum_tdy_all","task:196465:statement:0:relation:root.casttable.a.shr.b.read.index_grp1_emp_shr_aum_tdy_all","CONFIRMED","NON_LITERAL_PRESENT","E:\02_area\股衍数据-数据cookbook\sql-static-lineage-data\task-projections\tasks\196465\versions\83b5860141faf0e56a0001fa6d102d0cc9b5dddd582393635b4302b211238f37.evidence-v3.json","E:\02_area\股衍数据-数据cookbook\sql-static-lineage-data\task-projections\tasks\196465\versions\83b5860141faf0e56a0001fa6d102d0cc9b5dddd582393635b4302b211238f37.json"
"196465","sparkIndex","dm_index_n.index_grp_total_asset_avg_mon","task:196465:statement:0:relation:root.casttable.a.totl.a.read.index_grp_total_asset_avg_mon","CONFIRMED","NON_LITERAL_PRESENT","E:\02_area\股衍数据-数据cookbook\sql-static-lineage-data\task-projections\tasks\196465\versions\83b5860141faf0e56a0001fa6d102d0cc9b5dddd582393635b4302b211238f37.evidence-v3.json","E:\02_area\股衍数据-数据cookbook\sql-static-lineage-data\task-projections\tasks\196465\versions\83b5860141faf0e56a0001fa6d102d0cc9b5dddd582393635b4302b211238f37.json"
"196465","sparkIndex","dm_index_n.index_grp1_cust_incm_allcali_mth_all","task:196465:statement:0:relation:root.casttable.a.year_incm.a.read.index_grp1_cust_incm_allcali_mth_all","CONFIRMED","NON_LITERAL_PRESENT","E:\02_area\股衍数据-数据cookbook\sql-static-lineage-data\task-projections\tasks\196465\versions\83b5860141faf0e56a0001fa6d102d0cc9b5dddd582393635b4302b211238f37.evidence-v3.json","E:\02_area\股衍数据-数据cookbook\sql-static-lineage-data\task-projections\tasks\196465\versions\83b5860141faf0e56a0001fa6d102d0cc9b5dddd582393635b4302b211238f37.json"
"197534","sparkIndex","dm_index_n.index_grp_apd_net_asset","task:197534:statement:0:relation:root.casttable.d.setop.b0.net.b.read.index_grp_apd_net_asset","CONFIRMED","NON_LITERAL_PRESENT","E:\02_area\股衍数据-数据cookbook\sql-static-lineage-data\task-projections\tasks\197534\versions\6d5e4c356a03bb3d61bf309e855139bd1d7e1c693531cf1e55051d46713dc67a.evidence-v3.json","E:\02_area\股衍数据-数据cookbook\sql-static-lineage-data\task-projections\tasks\197534\versions\6d5e4c356a03bb3d61bf309e855139bd1d7e1c693531cf1e55051d46713dc67a.json"
"197534","sparkIndex","dm_index_n.index_grp1_slp_emt_actv_date_appr_pst","task:197534:statement:0:relation:root.casttable.d.setop.b1.c.read.index_grp1_slp_emt_actv_date_appr_pst","CONFIRMED","NON_LITERAL_PRESENT","E:\02_area\股衍数据-数据cookbook\sql-static-lineage-data\task-projections\tasks\197534\versions\6d5e4c356a03bb3d61bf309e855139bd1d7e1c693531cf1e55051d46713dc67a.evidence-v3.json","E:\02_area\股衍数据-数据cookbook\sql-static-lineage-data\task-projections\tasks\197534\versions\6d5e4c356a03bb3d61bf309e855139bd1d7e1c693531cf1e55051d46713dc67a.json"
"197534","sparkIndex","dm_index_n.index_grp1_cust_incm_allcali_mth_all","task:197534:statement:0:relation:root.casttable.incm.a.read.index_grp1_cust_incm_allcali_mth_all","CONFIRMED","LITERAL","E:\02_area\股衍数据-数据cookbook\sql-static-lineage-data\task-projections\tasks\197534\versions\6d5e4c356a03bb3d61bf309e855139bd1d7e1c693531cf1e55051d46713dc67a.evidence-v3.json","E:\02_area\股衍数据-数据cookbook\sql-static-lineage-data\task-projections\tasks\197534\versions\6d5e4c356a03bb3d61bf309e855139bd1d7e1c693531cf1e55051d46713dc67a.json"
"197534","sparkIndex","dm_index_n.index_grp1_cust_nav_aum_tdy_all","task:197534:statement:0:relation:root.casttable.nav.b.read.index_grp1_cust_nav_aum_tdy_all","CONFIRMED","NON_LITERAL_PRESENT","E:\02_area\股衍数据-数据cookbook\sql-static-lineage-data\task-projections\tasks\197534\versions\6d5e4c356a03bb3d61bf309e855139bd1d7e1c693531cf1e55051d46713dc67a.evidence-v3.json","E:\02_area\股衍数据-数据cookbook\sql-static-lineage-data\task-projections\tasks\197534\versions\6d5e4c356a03bb3d61bf309e855139bd1d7e1c693531cf1e55051d46713dc67a.json"
"197534","sparkIndex","dm_index_n.index_grp_total_asset_avg_mon","task:197534:statement:0:relation:root.casttable.totl.a.read.index_grp_total_asset_avg_mon","CONFIRMED","NON_LITERAL_PRESENT","E:\02_area\股衍数据-数据cookbook\sql-static-lineage-data\task-projections\tasks\197534\versions\6d5e4c356a03bb3d61bf309e855139bd1d7e1c693531cf1e55051d46713dc67a.evidence-v3.json","E:\02_area\股衍数据-数据cookbook\sql-static-lineage-data\task-projections\tasks\197534\versions\6d5e4c356a03bb3d61bf309e855139bd1d7e1c693531cf1e55051d46713dc67a.json"
"197534","sparkIndex","dm_index_n.index_grp1_cust_incm_allcali_mth_all","task:197534:statement:0:relation:root.casttable.totl_incm_year.a.read.index_grp1_cust_incm_allcali_mth_all","CONFIRMED","NON_LITERAL_PRESENT","E:\02_area\股衍数据-数据cookbook\sql-static-lineage-data\task-projections\tasks\197534\versions\6d5e4c356a03bb3d61bf309e855139bd1d7e1c693531cf1e55051d46713dc67a.evidence-v3.json","E:\02_area\股衍数据-数据cookbook\sql-static-lineage-data\task-projections\tasks\197534\versions\6d5e4c356a03bb3d61bf309e855139bd1d7e1c693531cf1e55051d46713dc67a.json"
"197653","sparkIndex","dm_index_n.index_grp1_net_ast","task:197653:statement:0:relation:root.casttable.a.t.net_ast.read.index_grp1_net_ast","CONFIRMED","LITERAL","E:\02_area\股衍数据-数据cookbook\sql-static-lineage-data\task-projections\tasks\197653\versions\fbe3518bd8970b788a2a17c4c459b06f55de64cf72011f9bb4f1ead8f9b92ff8.evidence-v3.json","E:\02_area\股衍数据-数据cookbook\sql-static-lineage-data\task-projections\tasks\197653\versions\fbe3518bd8970b788a2a17c4c459b06f55de64cf72011f9bb4f1ead8f9b92ff8.json"
"197653","sparkIndex","dm_index_n.index_grp2_cust_ast_algo_open_date","task:197653:statement:0:relation:root.casttable.a.t.t0_cust.a.read.index_grp2_cust_ast_algo_open_date","CONFIRMED","LITERAL","E:\02_area\股衍数据-数据cookbook\sql-static-lineage-data\task-projections\tasks\197653\versions\fbe3518bd8970b788a2a17c4c459b06f55de64cf72011f9bb4f1ead8f9b92ff8.evidence-v3.json","E:\02_area\股衍数据-数据cookbook\sql-static-lineage-data\task-projections\tasks\197653\versions\fbe3518bd8970b788a2a17c4c459b06f55de64cf72011f9bb4f1ead8f9b92ff8.json"
"197653","sparkIndex","dm_index_n.dm_co_t0_trd_prnt_stmt_perf","task:197653:statement:0:relation:root.casttable.a.t.t0_cust.trd.trd.read.dm_co_t0_trd_prnt_stmt_perf","CONFIRMED","NON_LITERAL_PRESENT","E:\02_area\股衍数据-数据cookbook\sql-static-lineage-data\task-projections\tasks\197653\versions\fbe3518bd8970b788a2a17c4c459b06f55de64cf72011f9bb4f1ead8f9b92ff8.evidence-v3.json","E:\02_area\股衍数据-数据cookbook\sql-static-lineage-data\task-projections\tasks\197653\versions\fbe3518bd8970b788a2a17c4c459b06f55de64cf72011f9bb4f1ead8f9b92ff8.json"
"197653","sparkIndex","dm_index_n.dm_co_t0_trd_prnt_stmt_perf","task:197653:statement:0:relation:root.casttable.task.read.dm_co_t0_trd_prnt_stmt_perf","CONFIRMED","LITERAL","E:\02_area\股衍数据-数据cookbook\sql-static-lineage-data\task-projections\tasks\197653\versions\fbe3518bd8970b788a2a17c4c459b06f55de64cf72011f9bb4f1ead8f9b92ff8.evidence-v3.json","E:\02_area\股衍数据-数据cookbook\sql-static-lineage-data\task-projections\tasks\197653\versions\fbe3518bd8970b788a2a17c4c459b06f55de64cf72011f9bb4f1ead8f9b92ff8.json"
"197760","sparkIndex","dm_index_n.index_grp1_cust_incm_allcali_mth_all","task:197760:statement:0:relation:root.(child).incm.a.read.index_grp1_cust_incm_allcali_mth_all","CONFIRMED","NON_LITERAL_PRESENT","E:\02_area\股衍数据-数据cookbook\sql-static-lineage-data\task-projections\tasks\197760\versions\0876bdeb7b6d1f4c8344d53a832f15e622f418f8518b6ea8ce0292096c627736.evidence-v3.json","E:\02_area\股衍数据-数据cookbook\sql-static-lineage-data\task-projections\tasks\197760\versions\0876bdeb7b6d1f4c8344d53a832f15e622f418f8518b6ea8ce0292096c627736.json"
"197760","sparkIndex","dm_index_n.index_grp_total_asset_avg_mon","task:197760:statement:0:relation:root.(child).totl.a.read.index_grp_total_asset_avg_mon","CONFIRMED","NON_LITERAL_PRESENT","E:\02_area\股衍数据-数据cookbook\sql-static-lineage-data\task-projections\tasks\197760\versions\0876bdeb7b6d1f4c8344d53a832f15e622f418f8518b6ea8ce0292096c627736.evidence-v3.json","E:\02_area\股衍数据-数据cookbook\sql-static-lineage-data\task-projections\tasks\197760\versions\0876bdeb7b6d1f4c8344d53a832f15e622f418f8518b6ea8ce0292096c627736.json"
"197997","sparkIndex","pdata_n.t01_crm_ofst_oact_cust_div","task:197997:statement:0:relation:root.(child-1).t.setop.b0.temp.t1.read.t01_crm_ofst_oact_cust_div","CONFIRMED","NON_LITERAL_PRESENT","E:\02_area\股衍数据-数据cookbook\sql-static-lineage-data\task-projections\tasks\197997\versions\11fcd527a9844453605eb3eaf9c9b13e00ed8eb68abdf3df597ed5c4db2e5521.evidence-v3.json","E:\02_area\股衍数据-数据cookbook\sql-static-lineage-data\task-projections\tasks\197997\versions\11fcd527a9844453605eb3eaf9c9b13e00ed8eb68abdf3df597ed5c4db2e5521.json"
"197997","sparkIndex","pdata_n.t01_crm_ofst_oact_cust_div","task:197997:statement:0:relation:root.(child-1).t.setop.b1.te.t2.read.t01_crm_ofst_oact_cust_div","CONFIRMED","NON_LITERAL_PRESENT","E:\02_area\股衍数据-数据cookbook\sql-static-lineage-data\task-projections\tasks\197997\versions\11fcd527a9844453605eb3eaf9c9b13e00ed8eb68abdf3df597ed5c4db2e5521.evidence-v3.json","E:\02_area\股衍数据-数据cookbook\sql-static-lineage-data\task-projections\tasks\197997\versions\11fcd527a9844453605eb3eaf9c9b13e00ed8eb68abdf3df597ed5c4db2e5521.json"
"197997","sparkIndex","dm_index_n.grp_tag_client_rich_cust_flag","task:197997:statement:0:relation:root.(child-3).a1.setop.b0.b.read.grp_tag_client_rich_cust_flag","CONFIRMED","NON_LITERAL_PRESENT","E:\02_area\股衍数据-数据cookbook\sql-static-lineage-data\task-projections\tasks\197997\versions\11fcd527a9844453605eb3eaf9c9b13e00ed8eb68abdf3df597ed5c4db2e5521.evidence-v3.json","E:\02_area\股衍数据-数据cookbook\sql-static-lineage-data\task-projections\tasks\197997\versions\11fcd527a9844453605eb3eaf9c9b13e00ed8eb68abdf3df597ed5c4db2e5521.json"
"197997","sparkIndex","dm_index_n.index_grp1_ast","task:197997:statement:0:relation:root.casttable.setop.b0.b.b2.read.index_grp1_ast","CONFIRMED","NON_LITERAL_PRESENT","E:\02_area\股衍数据-数据cookbook\sql-static-lineage-data\task-projections\tasks\197997\versions\11fcd527a9844453605eb3eaf9c9b13e00ed8eb68abdf3df597ed5c4db2e5521.evidence-v3.json","E:\02_area\股衍数据-数据cookbook\sql-static-lineage-data\task-projections\tasks\197997\versions\11fcd527a9844453605eb3eaf9c9b13e00ed8eb68abdf3df597ed5c4db2e5521.json"
"197997","sparkIndex","dm_index_n.index_grp1_tbbbamt_srp_civ_tdy_retandorgcntr","task:197997:statement:0:relation:root.casttable.setop.b0.b.b3.read.index_grp1_tbbbamt_srp_civ_tdy_retandorgcntr","CONFIRMED","NON_LITERAL_PRESENT","E:\02_area\股衍数据-数据cookbook\sql-static-lineage-data\task-projections\tasks\197997\versions\11fcd527a9844453605eb3eaf9c9b13e00ed8eb68abdf3df597ed5c4db2e5521.evidence-v3.json","E:\02_area\股衍数据-数据cookbook\sql-static-lineage-data\task-projections\tasks\197997\versions\11fcd527a9844453605eb3eaf9c9b13e00ed8eb68abdf3df597ed5c4db2e5521.json"
"197997","sparkIndex","dm_index_n.index_grp_whl_prd_ret_amt","task:197997:statement:0:relation:root.casttable.setop.b0.b.b5.read.index_grp_whl_prd_ret_amt","CONFIRMED","NON_LITERAL_PRESENT","E:\02_area\股衍数据-数据cookbook\sql-static-lineage-data\task-projections\tasks\197997\versions\11fcd527a9844453605eb3eaf9c9b13e00ed8eb68abdf3df597ed5c4db2e5521.evidence-v3.json","E:\02_area\股衍数据-数据cookbook\sql-static-lineage-data\task-projections\tasks\197997\versions\11fcd527a9844453605eb3eaf9c9b13e00ed8eb68abdf3df597ed5c4db2e5521.json"
"197997","sparkIndex","pdata_n.t01_crm_ofst_oact_cust_div","task:197997:statement:0:relation:root.casttable.setop.b0.c.read.t01_crm_ofst_oact_cust_div","CONFIRMED","NON_LITERAL_PRESENT","E:\02_area\股衍数据-数据cookbook\sql-static-lineage-data\task-projections\tasks\197997\versions\11fcd527a9844453605eb3eaf9c9b13e00ed8eb68abdf3df597ed5c4db2e5521.evidence-v3.json","E:\02_area\股衍数据-数据cookbook\sql-static-lineage-data\task-projections\tasks\197997\versions\11fcd527a9844453605eb3eaf9c9b13e00ed8eb68abdf3df597ed5c4db2e5521.json"
"197997","sparkIndex","dm_index_n.grp_tag_client_is_mts_qual_pcus","task:197997:statement:0:relation:root.casttable.setop.b0.e.read.grp_tag_client_is_mts_qual_pcus","CONFIRMED","NON_LITERAL_PRESENT","E:\02_area\股衍数据-数据cookbook\sql-static-lineage-data\task-projections\tasks\197997\versions\11fcd527a9844453605eb3eaf9c9b13e00ed8eb68abdf3df597ed5c4db2e5521.evidence-v3.json","E:\02_area\股衍数据-数据cookbook\sql-static-lineage-data\task-projections\tasks\197997\versions\11fcd527a9844453605eb3eaf9c9b13e00ed8eb68abdf3df597ed5c4db2e5521.json"
"198806","sparkIndex","pdata_nds.y_bd_acc_fi_int","task:198806:statement:0:relation:root.casttable.acc.read.y_bd_acc_fi_int","CONFIRMED","NON_LITERAL_PRESENT","E:\02_area\股衍数据-数据cookbook\sql-static-lineage-data\task-projections\tasks\198806\versions\f34edaf161f4ee83f9acb1b91da19926895a6d657dd690c0aef9a2716bfcf99c.evidence-v3.json","E:\02_area\股衍数据-数据cookbook\sql-static-lineage-data\task-projections\tasks\198806\versions\f34edaf161f4ee83f9acb1b91da19926895a6d657dd690c0aef9a2716bfcf99c.json"
"198929","sparkIndex","pdata_nds.y_bd_acc_fi_int","task:198929:statement:0:relation:root.casttable.acc.read.y_bd_acc_fi_int","CONFIRMED","NON_LITERAL_PRESENT","E:\02_area\股衍数据-数据cookbook\sql-static-lineage-data\task-projections\tasks\198929\versions\a7a54844ef29018b6bb12983aa362bcbd9b2630561c7f7c1277aef1d6294224c.evidence-v3.json","E:\02_area\股衍数据-数据cookbook\sql-static-lineage-data\task-projections\tasks\198929\versions\a7a54844ef29018b6bb12983aa362bcbd9b2630561c7f7c1277aef1d6294224c.json"
"200199","sparkIndex","pdata_nds.y_bd_acc_fi_int","task:200199:statement:0:relation:root.casttable.acc.read.y_bd_acc_fi_int","CONFIRMED","NON_LITERAL_PRESENT","E:\02_area\股衍数据-数据cookbook\sql-static-lineage-data\task-projections\tasks\200199\versions\5081f36bc2faf55db3c011dc44b41612479c72dab27cb3329b717f0589be0267.evidence-v3.json","E:\02_area\股衍数据-数据cookbook\sql-static-lineage-data\task-projections\tasks\200199\versions\5081f36bc2faf55db3c011dc44b41612479c72dab27cb3329b717f0589be0267.json"
"201133","sparkIndex","pdata_nds.y_bd_acc_fi_int","task:201133:statement:0:relation:root.casttable.acc.read.y_bd_acc_fi_int","CONFIRMED","NON_LITERAL_PRESENT","E:\02_area\股衍数据-数据cookbook\sql-static-lineage-data\task-projections\tasks\201133\versions\b333c45fed66077157e2c800eac7dadd6c37555628b185e986bcec2b7c7aa8ca.evidence-v3.json","E:\02_area\股衍数据-数据cookbook\sql-static-lineage-data\task-projections\tasks\201133\versions\b333c45fed66077157e2c800eac7dadd6c37555628b185e986bcec2b7c7aa8ca.json"
"201626","sparkIndex","pdata_n.t01_crm_ofst_oact_cust_div","task:201626:statement:0:relation:root.(child-1).t.setop.b0.temp.t1.read.t01_crm_ofst_oact_cust_div","CONFIRMED","NON_LITERAL_PRESENT","E:\02_area\股衍数据-数据cookbook\sql-static-lineage-data\task-projections\tasks\201626\versions\9903ef55baf0f0fe7eb6a36cc716ab4442ca1663bc12ac427d91685940487f30.evidence-v3.json","E:\02_area\股衍数据-数据cookbook\sql-static-lineage-data\task-projections\tasks\201626\versions\9903ef55baf0f0fe7eb6a36cc716ab4442ca1663bc12ac427d91685940487f30.json"
"201626","sparkIndex","pdata_n.t01_crm_ofst_oact_cust_div","task:201626:statement:0:relation:root.(child-1).t.setop.b1.te.t2.read.t01_crm_ofst_oact_cust_div","CONFIRMED","NON_LITERAL_PRESENT","E:\02_area\股衍数据-数据cookbook\sql-static-lineage-data\task-projections\tasks\201626\versions\9903ef55baf0f0fe7eb6a36cc716ab4442ca1663bc12ac427d91685940487f30.evidence-v3.json","E:\02_area\股衍数据-数据cookbook\sql-static-lineage-data\task-projections\tasks\201626\versions\9903ef55baf0f0fe7eb6a36cc716ab4442ca1663bc12ac427d91685940487f30.json"
"201626","sparkIndex","dm_index_n.grp_tag_client_rich_cust_flag","task:201626:statement:0:relation:root.(child-3).a1.setop.b0.b.read.grp_tag_client_rich_cust_flag","CONFIRMED","NON_LITERAL_PRESENT","E:\02_area\股衍数据-数据cookbook\sql-static-lineage-data\task-projections\tasks\201626\versions\9903ef55baf0f0fe7eb6a36cc716ab4442ca1663bc12ac427d91685940487f30.evidence-v3.json","E:\02_area\股衍数据-数据cookbook\sql-static-lineage-data\task-projections\tasks\201626\versions\9903ef55baf0f0fe7eb6a36cc716ab4442ca1663bc12ac427d91685940487f30.json"
"201626","sparkIndex","dm_index_n.index_grp1_ast","task:201626:statement:0:relation:root.(child-4).setop.b0.b.b2.read.index_grp1_ast","CONFIRMED","NON_LITERAL_PRESENT","E:\02_area\股衍数据-数据cookbook\sql-static-lineage-data\task-projections\tasks\201626\versions\9903ef55baf0f0fe7eb6a36cc716ab4442ca1663bc12ac427d91685940487f30.evidence-v3.json","E:\02_area\股衍数据-数据cookbook\sql-static-lineage-data\task-projections\tasks\201626\versions\9903ef55baf0f0fe7eb6a36cc716ab4442ca1663bc12ac427d91685940487f30.json"
"201626","sparkIndex","dm_index_n.index_grp1_tbbbamt_srp_civ_tdy_retandorgcntr","task:201626:statement:0:relation:root.(child-4).setop.b0.b.b3.read.index_grp1_tbbbamt_srp_civ_tdy_retandorgcntr","CONFIRMED","NON_LITERAL_PRESENT","E:\02_area\股衍数据-数据cookbook\sql-static-lineage-data\task-projections\tasks\201626\versions\9903ef55baf0f0fe7eb6a36cc716ab4442ca1663bc12ac427d91685940487f30.evidence-v3.json","E:\02_area\股衍数据-数据cookbook\sql-static-lineage-data\task-projections\tasks\201626\versions\9903ef55baf0f0fe7eb6a36cc716ab4442ca1663bc12ac427d91685940487f30.json"
"201626","sparkIndex","dm_index_n.index_grp_whl_prd_ret_amt","task:201626:statement:0:relation:root.(child-4).setop.b0.b.b5.read.index_grp_whl_prd_ret_amt","CONFIRMED","NON_LITERAL_PRESENT","E:\02_area\股衍数据-数据cookbook\sql-static-lineage-data\task-projections\tasks\201626\versions\9903ef55baf0f0fe7eb6a36cc716ab4442ca1663bc12ac427d91685940487f30.evidence-v3.json","E:\02_area\股衍数据-数据cookbook\sql-static-lineage-data\task-projections\tasks\201626\versions\9903ef55baf0f0fe7eb6a36cc716ab4442ca1663bc12ac427d91685940487f30.json"
"201626","sparkIndex","pdata_n.t01_crm_ofst_oact_cust_div","task:201626:statement:0:relation:root.(child-4).setop.b0.c.read.t01_crm_ofst_oact_cust_div","CONFIRMED","NON_LITERAL_PRESENT","E:\02_area\股衍数据-数据cookbook\sql-static-lineage-data\task-projections\tasks\201626\versions\9903ef55baf0f0fe7eb6a36cc716ab4442ca1663bc12ac427d91685940487f30.evidence-v3.json","E:\02_area\股衍数据-数据cookbook\sql-static-lineage-data\task-projections\tasks\201626\versions\9903ef55baf0f0fe7eb6a36cc716ab4442ca1663bc12ac427d91685940487f30.json"
"201626","sparkIndex","dm_index_n.grp_tag_client_is_mts_qual_pcus","task:201626:statement:0:relation:root.(child-4).setop.b0.e.read.grp_tag_client_is_mts_qual_pcus","CONFIRMED","NON_LITERAL_PRESENT","E:\02_area\股衍数据-数据cookbook\sql-static-lineage-data\task-projections\tasks\201626\versions\9903ef55baf0f0fe7eb6a36cc716ab4442ca1663bc12ac427d91685940487f30.evidence-v3.json","E:\02_area\股衍数据-数据cookbook\sql-static-lineage-data\task-projections\tasks\201626\versions\9903ef55baf0f0fe7eb6a36cc716ab4442ca1663bc12ac427d91685940487f30.json"
"202091","sparkIndex","dm_index_n.index_grp1_emp_totincome_devrela_teamleader_mth","task:202091:statement:0:relation:root.casttable.t3.setop.b0.setop.b0.setop.b0.setop.b0.setop.b0.setop.b0.setop.b0.setop.b0.setop.b0.setop.b0.setop.b0.setop.b0.setop.b0.setop.b0.setop.b0.setop.b0.setop.b0.setop.b1.read.index_grp1_emp_totincome_devrela_teamleader_mth","CONFIRMED","LITERAL","E:\02_area\股衍数据-数据cookbook\sql-static-lineage-data\task-projections\tasks\202091\versions\fa3d10a385e5c29bd20be3df23cb69c0448339f55ca2381a5d26c16141766459.evidence-v3.json","E:\02_area\股衍数据-数据cookbook\sql-static-lineage-data\task-projections\tasks\202091\versions\fa3d10a385e5c29bd20be3df23cb69c0448339f55ca2381a5d26c16141766459.json"
"202091","sparkIndex","dm_index_n.index_grp1_emp_totincome_devrela_teamleader_mth","task:202091:statement:0:relation:root.casttable.t3.setop.b0.setop.b0.setop.b0.setop.b0.setop.b0.setop.b0.setop.b0.setop.b0.setop.b0.setop.b0.setop.b0.setop.b0.setop.b0.setop.b0.setop.b0.setop.b0.setop.b1.read.index_grp1_emp_totincome_devrela_teamleader_mth","CONFIRMED","NON_LITERAL_PRESENT","E:\02_area\股衍数据-数据cookbook\sql-static-lineage-data\task-projections\tasks\202091\versions\fa3d10a385e5c29bd20be3df23cb69c0448339f55ca2381a5d26c16141766459.evidence-v3.json","E:\02_area\股衍数据-数据cookbook\sql-static-lineage-data\task-projections\tasks\202091\versions\fa3d10a385e5c29bd20be3df23cb69c0448339f55ca2381a5d26c16141766459.json"
"202091","sparkIndex","dm_index_n.index_grp1_emp_totincome_devrela_teamleader_mth","task:202091:statement:0:relation:root.casttable.t3.setop.b0.setop.b0.setop.b0.setop.b0.setop.b0.setop.b0.setop.b0.setop.b0.setop.b0.setop.b0.setop.b0.setop.b0.setop.b0.setop.b0.setop.b0.setop.b1.read.index_grp1_emp_totincome_devrela_teamleader_mth","CONFIRMED","NON_LITERAL_PRESENT","E:\02_area\股衍数据-数据cookbook\sql-static-lineage-data\task-projections\tasks\202091\versions\fa3d10a385e5c29bd20be3df23cb69c0448339f55ca2381a5d26c16141766459.evidence-v3.json","E:\02_area\股衍数据-数据cookbook\sql-static-lineage-data\task-projections\tasks\202091\versions\fa3d10a385e5c29bd20be3df23cb69c0448339f55ca2381a5d26c16141766459.json"
"202091","sparkIndex","dm_index_n.index_grp1_income_fullcali_devrela_delredpfee_3mthavg","task:202091:statement:0:relation:root.casttable.t3.setop.b0.setop.b0.setop.b0.setop.b0.setop.b0.setop.b0.setop.b0.setop.b0.setop.b0.setop.b1.read.index_grp1_income_fullcali_devrela_delredpfee_3mthavg","CONFIRMED","LITERAL","E:\02_area\股衍数据-数据cookbook\sql-static-lineage-data\task-projections\tasks\202091\versions\fa3d10a385e5c29bd20be3df23cb69c0448339f55ca2381a5d26c16141766459.evidence-v3.json","E:\02_area\股衍数据-数据cookbook\sql-static-lineage-data\task-projections\tasks\202091\versions\fa3d10a385e5c29bd20be3df23cb69c0448339f55ca2381a5d26c16141766459.json"
"202091","sparkIndex","dm_index_n.index_grp1_emp_manp_activity_mth","task:202091:statement:0:relation:root.casttable.t3.setop.b0.setop.b0.setop.b0.setop.b0.setop.b0.setop.b0.setop.b1.read.index_grp1_emp_manp_activity_mth","CONFIRMED","LITERAL","E:\02_area\股衍数据-数据cookbook\sql-static-lineage-data\task-projections\tasks\202091\versions\fa3d10a385e5c29bd20be3df23cb69c0448339f55ca2381a5d26c16141766459.evidence-v3.json","E:\02_area\股衍数据-数据cookbook\sql-static-lineage-data\task-projections\tasks\202091\versions\fa3d10a385e5c29bd20be3df23cb69c0448339f55ca2381a5d26c16141766459.json"
"202091","sparkIndex","dm_index_n.grp_tag_staff_human_efficiency_standard","task:202091:statement:0:relation:root.casttable.t3.setop.b0.setop.b0.setop.b0.setop.b0.setop.b0.setop.b1.read.grp_tag_staff_human_efficiency_standard","CONFIRMED","LITERAL","E:\02_area\股衍数据-数据cookbook\sql-static-lineage-data\task-projections\tasks\202091\versions\fa3d10a385e5c29bd20be3df23cb69c0448339f55ca2381a5d26c16141766459.evidence-v3.json","E:\02_area\股衍数据-数据cookbook\sql-static-lineage-data\task-projections\tasks\202091\versions\fa3d10a385e5c29bd20be3df23cb69c0448339f55ca2381a5d26c16141766459.json"
"202091","sparkIndex","dm_index_n.index_grp1_emp_manp_qualrate_delnotprtcexamprsn_qtrmthavg","task:202091:statement:0:relation:root.casttable.t3.setop.b0.setop.b0.setop.b0.setop.b0.setop.b1.read.index_grp1_emp_manp_qualrate_delnotprtcexamprsn_qtrmthavg","CONFIRMED","LITERAL","E:\02_area\股衍数据-数据cookbook\sql-static-lineage-data\task-projections\tasks\202091\versions\fa3d10a385e5c29bd20be3df23cb69c0448339f55ca2381a5d26c16141766459.evidence-v3.json","E:\02_area\股衍数据-数据cookbook\sql-static-lineage-data\task-projections\tasks\202091\versions\fa3d10a385e5c29bd20be3df23cb69c0448339f55ca2381a5d26c16141766459.json"
"202091","sparkIndex","dm_index_n.index_grp1_emp_addnetast_normdevrela_qtrmthavg","task:202091:statement:0:relation:root.casttable.t3.setop.b0.setop.b0.setop.b0.setop.b1.read.index_grp1_emp_addnetast_normdevrela_qtrmthavg","CONFIRMED","LITERAL","E:\02_area\股衍数据-数据cookbook\sql-static-lineage-data\task-projections\tasks\202091\versions\fa3d10a385e5c29bd20be3df23cb69c0448339f55ca2381a5d26c16141766459.evidence-v3.json","E:\02_area\股衍数据-数据cookbook\sql-static-lineage-data\task-projections\tasks\202091\versions\fa3d10a385e5c29bd20be3df23cb69c0448339f55ca2381a5d26c16141766459.json"
"202091","sparkIndex","dm_index_n.index_grp1_addnetast_normdevrela_teamleader_delnotprtcexamprsn_qtrmthavg","task:202091:statement:0:relation:root.casttable.t3.setop.b0.setop.b0.setop.b1.read.index_grp1_addnetast_normdevrela_teamleader_delnotprtcexamprsn_qtrmthavg","CONFIRMED","LITERAL","E:\02_area\股衍数据-数据cookbook\sql-static-lineage-data\task-projections\tasks\202091\versions\fa3d10a385e5c29bd20be3df23cb69c0448339f55ca2381a5d26c16141766459.evidence-v3.json","E:\02_area\股衍数据-数据cookbook\sql-static-lineage-data\task-projections\tasks\202091\versions\fa3d10a385e5c29bd20be3df23cb69c0448339f55ca2381a5d26c16141766459.json"
"202091","sparkIndex","dm_index_n.index_grp1_emp_manpcost_accotteamrelasum_mth","task:202091:statement:0:relation:root.casttable.t3.setop.b0.setop.b1.read.index_grp1_emp_manpcost_accotteamrelasum_mth","CONFIRMED","LITERAL","E:\02_area\股衍数据-数据cookbook\sql-static-lineage-data\task-projections\tasks\202091\versions\fa3d10a385e5c29bd20be3df23cb69c0448339f55ca2381a5d26c16141766459.evidence-v3.json","E:\02_area\股衍数据-数据cookbook\sql-static-lineage-data\task-projections\tasks\202091\versions\fa3d10a385e5c29bd20be3df23cb69c0448339f55ca2381a5d26c16141766459.json"
"202091","sparkIndex","dm_index_n.index_grp1_emp_totincome_devrela_teamleader_ninclteamleader_mth","task:202091:statement:0:relation:root.casttable.t3.setop.b1.read.index_grp1_emp_totincome_devrela_teamleader_ninclteamleader_mth","CONFIRMED","LITERAL","E:\02_area\股衍数据-数据cookbook\sql-static-lineage-data\task-projections\tasks\202091\versions\fa3d10a385e5c29bd20be3df23cb69c0448339f55ca2381a5d26c16141766459.evidence-v3.json","E:\02_area\股衍数据-数据cookbook\sql-static-lineage-data\task-projections\tasks\202091\versions\fa3d10a385e5c29bd20be3df23cb69c0448339f55ca2381a5d26c16141766459.json"
"202286","sparkIndex","dm_index_n.index_grp1_cust_income_fullcali_mth_ricc","task:202286:statement:0:relation:root.index.a.setop.b0.read.index_grp1_cust_income_fullcali_mth_ricc","CONFIRMED","NON_LITERAL_PRESENT","E:\02_area\股衍数据-数据cookbook\sql-static-lineage-data\task-projections\tasks\202286\versions\94f88fb6ecfee7bcd38f3dcbf2eb81a402ccbdec5e364d68b8928a63d614b3db.evidence-v3.json","E:\02_area\股衍数据-数据cookbook\sql-static-lineage-data\task-projections\tasks\202286\versions\94f88fb6ecfee7bcd38f3dcbf2eb81a402ccbdec5e364d68b8928a63d614b3db.json"
"202510","sparkIndex","pdata_nds.y_bd_acc_fi_int","task:202510:statement:0:relation:root.casttable.acc.read.y_bd_acc_fi_int","CONFIRMED","NON_LITERAL_PRESENT","E:\02_area\股衍数据-数据cookbook\sql-static-lineage-data\task-projections\tasks\202510\versions\50f9b38cb4b7d66de912839417e06f6fce89adb458202340b26902b6d0b7f718.evidence-v3.json","E:\02_area\股衍数据-数据cookbook\sql-static-lineage-data\task-projections\tasks\202510\versions\50f9b38cb4b7d66de912839417e06f6fce89adb458202340b26902b6d0b7f718.json"
"202861","sparkIndex","spdata_n.t01_pty_idty_info","task:202861:statement:0:relation:root.casttable.aaa.c.d.read.t01_pty_idty_info","CONFIRMED","NON_LITERAL_PRESENT","E:\02_area\股衍数据-数据cookbook\sql-static-lineage-data\task-projections\tasks\202861\versions\c37044242036252df1b39c8b86160cd62eddf03fad00d7ef7bcf7e06c3c15dfa.evidence-v3.json","E:\02_area\股衍数据-数据cookbook\sql-static-lineage-data\task-projections\tasks\202861\versions\c37044242036252df1b39c8b86160cd62eddf03fad00d7ef7bcf7e06c3c15dfa.json"
"203119","sparkIndex","dm_index_n.grp_tag_client_is_net_hnw_cust","task:203119:statement:0:relation:root.(child).a1.a.read.grp_tag_client_is_net_hnw_cust","CONFIRMED","NON_LITERAL_PRESENT","E:\02_area\股衍数据-数据cookbook\sql-static-lineage-data\task-projections\tasks\203119\versions\51d35eb9b8b0d01312fd3810819f5a7d355b9394babedc9d4c52d24c12af18a5.evidence-v3.json","E:\02_area\股衍数据-数据cookbook\sql-static-lineage-data\task-projections\tasks\203119\versions\51d35eb9b8b0d01312fd3810819f5a7d355b9394babedc9d4c52d24c12af18a5.json"
"203119","sparkIndex","pdata_n.t01_pty_inr_list_det","task:203119:statement:0:relation:root.(child).a9.read.t01_pty_inr_list_det","CONFIRMED","LITERAL","E:\02_area\股衍数据-数据cookbook\sql-static-lineage-data\task-projections\tasks\203119\versions\51d35eb9b8b0d01312fd3810819f5a7d355b9394babedc9d4c52d24c12af18a5.evidence-v3.json","E:\02_area\股衍数据-数据cookbook\sql-static-lineage-data\task-projections\tasks\203119\versions\51d35eb9b8b0d01312fd3810819f5a7d355b9394babedc9d4c52d24c12af18a5.json"
"203119","sparkIndex","dm_index_n.index_grp1_cust_qtrapd_incomeincrsrate_fullcali_mth_all","task:203119:statement:0:relation:root.(child).t1.a.setop.b0.setop.b0.setop.b0.setop.b0.setop.b0.setop.b0.setop.b0.setop.b0.setop.b0.setop.b0.setop.b0.setop.b0.setop.b0.setop.b0.setop.b0.setop.b0.setop.b0.setop.b0.setop.b0.setop.b0.setop.b0.setop.b0.setop.b0.setop.b0.setop.b0.setop.b0.setop.b0.setop.b1.read.index_grp1_cust_qtrapd_incomeincrsrate_fullcali_mth_all","CONFIRMED","LITERAL","E:\02_area\股衍数据-数据cookbook\sql-static-lineage-data\task-projections\tasks\203119\versions\51d35eb9b8b0d01312fd3810819f5a7d355b9394babedc9d4c52d24c12af18a5.evidence-v3.json","E:\02_area\股衍数据-数据cookbook\sql-static-lineage-data\task-projections\tasks\203119\versions\51d35eb9b8b0d01312fd3810819f5a7d355b9394babedc9d4c52d24c12af18a5.json"
"203119","sparkIndex","dm_index_n.index_grp1_cust_incm_allcali_mth_all","task:203119:statement:0:relation:root.(child).t1.a.setop.b0.setop.b0.setop.b0.setop.b0.setop.b0.setop.b0.setop.b0.setop.b0.setop.b0.setop.b0.setop.b0.setop.b0.setop.b0.setop.b0.setop.b0.setop.b0.setop.b0.setop.b0.setop.b0.setop.b0.setop.b0.setop.b0.setop.b0.setop.b0.setop.b0.setop.b0.setop.b1.a.setop.b0.read.index_grp1_cust_incm_allcali_mth_all","CONFIRMED","NON_LITERAL_PRESENT","E:\02_area\股衍数据-数据cookbook\sql-static-lineage-data\task-projections\tasks\203119\versions\51d35eb9b8b0d01312fd3810819f5a7d355b9394babedc9d4c52d24c12af18a5.evidence-v3.json","E:\02_area\股衍数据-数据cookbook\sql-static-lineage-data\task-projections\tasks\203119\versions\51d35eb9b8b0d01312fd3810819f5a7d355b9394babedc9d4c52d24c12af18a5.json"
"203119","sparkIndex","dm_index_n.index_grp1_cust_incm_allcali_mth_all","task:203119:statement:0:relation:root.(child).t1.a.setop.b0.setop.b0.setop.b0.setop.b0.setop.b0.setop.b0.setop.b0.setop.b0.setop.b0.setop.b0.setop.b0.setop.b0.setop.b0.setop.b0.setop.b0.setop.b0.setop.b0.setop.b0.setop.b0.setop.b0.setop.b0.setop.b0.setop.b0.setop.b0.setop.b0.setop.b0.setop.b1.a.setop.b1.read.index_grp1_cust_incm_allcali_mth_all","CONFIRMED","NON_LITERAL_PRESENT","E:\02_area\股衍数据-数据cookbook\sql-static-lineage-data\task-projections\tasks\203119\versions\51d35eb9b8b0d01312fd3810819f5a7d355b9394babedc9d4c52d24c12af18a5.evidence-v3.json","E:\02_area\股衍数据-数据cookbook\sql-static-lineage-data\task-projections\tasks\203119\versions\51d35eb9b8b0d01312fd3810819f5a7d355b9394babedc9d4c52d24c12af18a5.json"
"203119","sparkIndex","dm_index_n.index_grp1_cust_incm_allcali_mth_all","task:203119:statement:0:relation:root.(child).t1.a.setop.b0.setop.b0.setop.b0.setop.b0.setop.b0.setop.b0.setop.b0.setop.b0.setop.b0.setop.b0.setop.b0.setop.b0.setop.b0.setop.b0.setop.b0.setop.b0.setop.b0.setop.b0.setop.b0.setop.b0.setop.b1.read.index_grp1_cust_incm_allcali_mth_all","CONFIRMED","LITERAL","E:\02_area\股衍数据-数据cookbook\sql-static-lineage-data\task-projections\tasks\203119\versions\51d35eb9b8b0d01312fd3810819f5a7d355b9394babedc9d4c52d24c12af18a5.evidence-v3.json","E:\02_area\股衍数据-数据cookbook\sql-static-lineage-data\task-projections\tasks\203119\versions\51d35eb9b8b0d01312fd3810819f5a7d355b9394babedc9d4c52d24c12af18a5.json"
"203119","sparkIndex","dm_index_n.index_grp1_cust_propincrsrate_fullcali_mth_ricc","task:203119:statement:0:relation:root.(child).t1.a.setop.b0.setop.b0.setop.b0.setop.b0.setop.b0.setop.b0.setop.b0.setop.b0.setop.b0.setop.b0.setop.b0.setop.b0.setop.b0.setop.b0.setop.b0.setop.b0.setop.b0.setop.b0.setop.b0.setop.b1.read.index_grp1_cust_propincrsrate_fullcali_mth_ricc","CONFIRMED","LITERAL","E:\02_area\股衍数据-数据cookbook\sql-static-lineage-data\task-projections\tasks\203119\versions\51d35eb9b8b0d01312fd3810819f5a7d355b9394babedc9d4c52d24c12af18a5.evidence-v3.json","E:\02_area\股衍数据-数据cookbook\sql-static-lineage-data\task-projections\tasks\203119\versions\51d35eb9b8b0d01312fd3810819f5a7d355b9394babedc9d4c52d24c12af18a5.json"
"203119","sparkIndex","dm_index_n.index_grp1_cust_nav_aum_tdy_all","task:203119:statement:0:relation:root.(child).t1.a.setop.b0.setop.b0.setop.b0.setop.b0.setop.b0.setop.b0.setop.b0.setop.b0.setop.b0.setop.b0.setop.b0.setop.b0.setop.b0.setop.b0.setop.b0.setop.b0.setop.b0.setop.b1.read.index_grp1_cust_nav_aum_tdy_all","CONFIRMED","NON_LITERAL_PRESENT","E:\02_area\股衍数据-数据cookbook\sql-static-lineage-data\task-projections\tasks\203119\versions\51d35eb9b8b0d01312fd3810819f5a7d355b9394babedc9d4c52d24c12af18a5.evidence-v3.json","E:\02_area\股衍数据-数据cookbook\sql-static-lineage-data\task-projections\tasks\203119\versions\51d35eb9b8b0d01312fd3810819f5a7d355b9394babedc9d4c52d24c12af18a5.json"
"203119","sparkIndex","dm_index_n.index_grp1_cust_newmvalprop_mth_ricc","task:203119:statement:0:relation:root.(child).t1.a.setop.b0.setop.b0.setop.b0.setop.b0.setop.b0.setop.b0.setop.b0.setop.b0.setop.b0.setop.b0.setop.b0.setop.b0.setop.b0.setop.b0.setop.b0.setop.b0.setop.b1.read.index_grp1_cust_newmvalprop_mth_ricc","CONFIRMED","LITERAL","E:\02_area\股衍数据-数据cookbook\sql-static-lineage-data\task-projections\tasks\203119\versions\51d35eb9b8b0d01312fd3810819f5a7d355b9394babedc9d4c52d24c12af18a5.evidence-v3.json","E:\02_area\股衍数据-数据cookbook\sql-static-lineage-data\task-projections\tasks\203119\versions\51d35eb9b8b0d01312fd3810819f5a7d355b9394babedc9d4c52d24c12af18a5.json"
"203119","sparkIndex","dm_index_n.index_grp_apd_net_asset","task:203119:statement:0:relation:root.(child).t1.a.setop.b0.setop.b0.setop.b0.setop.b0.setop.b0.setop.b0.setop.b0.setop.b0.setop.b0.setop.b0.setop.b0.setop.b0.setop.b0.setop.b0.setop.b0.setop.b1.read.index_grp_apd_net_asset","CONFIRMED","NON_LITERAL_PRESENT","E:\02_area\股衍数据-数据cookbook\sql-static-lineage-data\task-projections\tasks\203119\versions\51d35eb9b8b0d01312fd3810819f5a7d355b9394babedc9d4c52d24c12af18a5.evidence-v3.json","E:\02_area\股衍数据-数据cookbook\sql-static-lineage-data\task-projections\tasks\203119\versions\51d35eb9b8b0d01312fd3810819f5a7d355b9394babedc9d4c52d24c12af18a5.json"
"203119","sparkIndex","dm_index_n.grp_hold_relation","task:203119:statement:0:relation:root.(child).t1.a.setop.b0.setop.b0.setop.b0.setop.b0.setop.b0.setop.b0.setop.b0.setop.b0.setop.b0.setop.b0.setop.b0.setop.b0.setop.b0.setop.b0.setop.b1.grp.read.grp_hold_relation","CONFIRMED","NON_LITERAL_PRESENT","E:\02_area\股衍数据-数据cookbook\sql-static-lineage-data\task-projections\tasks\203119\versions\51d35eb9b8b0d01312fd3810819f5a7d355b9394babedc9d4c52d24c12af18a5.evidence-v3.json","E:\02_area\股衍数据-数据cookbook\sql-static-lineage-data\task-projections\tasks\203119\versions\51d35eb9b8b0d01312fd3810819f5a7d355b9394babedc9d4c52d24c12af18a5.json"
"203119","sparkIndex","dm_index_n.hold_tag_relation","task:203119:statement:0:relation:root.(child).t1.a.setop.b0.setop.b0.setop.b0.setop.b0.setop.b0.setop.b0.setop.b0.setop.b0.setop.b0.setop.b0.setop.b0.setop.b0.setop.b0.setop.b0.setop.b1.hh.read.hold_tag_relation","CONFIRMED","NON_LITERAL_PRESENT","E:\02_area\股衍数据-数据cookbook\sql-static-lineage-data\task-projections\tasks\203119\versions\51d35eb9b8b0d01312fd3810819f5a7d355b9394babedc9d4c52d24c12af18a5.evidence-v3.json","E:\02_area\股衍数据-数据cookbook\sql-static-lineage-data\task-projections\tasks\203119\versions\51d35eb9b8b0d01312fd3810819f5a7d355b9394babedc9d4c52d24c12af18a5.json"
"203119","sparkIndex","dm_index_n.grp_tag_client_is_all_user_wecon_auth","task:203119:statement:0:relation:root.(child).t1.a.setop.b0.setop.b0.setop.b0.setop.b0.setop.b0.setop.b0.setop.b0.setop.b0.setop.b0.setop.b0.setop.b0.setop.b0.setop.b0.setop.b1.read.grp_tag_client_is_all_user_wecon_auth","CONFIRMED","LITERAL","E:\02_area\股衍数据-数据cookbook\sql-static-lineage-data\task-projections\tasks\203119\versions\51d35eb9b8b0d01312fd3810819f5a7d355b9394babedc9d4c52d24c12af18a5.evidence-v3.json","E:\02_area\股衍数据-数据cookbook\sql-static-lineage-data\task-projections\tasks\203119\versions\51d35eb9b8b0d01312fd3810819f5a7d355b9394babedc9d4c52d24c12af18a5.json"
"203119","sparkIndex","dm_index_n.grp_cust_open_gem_flag","task:203119:statement:0:relation:root.(child).t1.a.setop.b0.setop.b0.setop.b0.setop.b0.setop.b0.setop.b0.setop.b0.setop.b0.setop.b0.setop.b0.setop.b0.setop.b0.setop.b1.read.grp_cust_open_gem_flag","CONFIRMED","LITERAL","E:\02_area\股衍数据-数据cookbook\sql-static-lineage-data\task-projections\tasks\203119\versions\51d35eb9b8b0d01312fd3810819f5a7d355b9394babedc9d4c52d24c12af18a5.evidence-v3.json","E:\02_area\股衍数据-数据cookbook\sql-static-lineage-data\task-projections\tasks\203119\versions\51d35eb9b8b0d01312fd3810819f5a7d355b9394babedc9d4c52d24c12af18a5.json"
"203119","sparkIndex","dm_index_n.grp_tag_client_open_stib","task:203119:statement:0:relation:root.(child).t1.a.setop.b0.setop.b0.setop.b0.setop.b0.setop.b0.setop.b0.setop.b0.setop.b0.setop.b0.setop.b0.setop.b0.setop.b1.read.grp_tag_client_open_stib","CONFIRMED","LITERAL","E:\02_area\股衍数据-数据cookbook\sql-static-lineage-data\task-projections\tasks\203119\versions\51d35eb9b8b0d01312fd3810819f5a7d355b9394babedc9d4c52d24c12af18a5.evidence-v3.json","E:\02_area\股衍数据-数据cookbook\sql-static-lineage-data\task-projections\tasks\203119\versions\51d35eb9b8b0d01312fd3810819f5a7d355b9394babedc9d4c52d24c12af18a5.json"
"203119","sparkIndex","dm_index_n.grp_tag_client_cust_whth_open_bse_righ","task:203119:statement:0:relation:root.(child).t1.a.setop.b0.setop.b0.setop.b0.setop.b0.setop.b0.setop.b0.setop.b0.setop.b0.setop.b0.setop.b0.setop.b1.read.grp_tag_client_cust_whth_open_bse_righ","CONFIRMED","NON_LITERAL_PRESENT","E:\02_area\股衍数据-数据cookbook\sql-static-lineage-data\task-projections\tasks\203119\versions\51d35eb9b8b0d01312fd3810819f5a7d355b9394babedc9d4c52d24c12af18a5.evidence-v3.json","E:\02_area\股衍数据-数据cookbook\sql-static-lineage-data\task-projections\tasks\203119\versions\51d35eb9b8b0d01312fd3810819f5a7d355b9394babedc9d4c52d24c12af18a5.json"
"203119","sparkIndex","dm_index_n.grp_cust_open_sz_mhs_flag","task:203119:statement:0:relation:root.(child).t1.a.setop.b0.setop.b0.setop.b0.setop.b0.setop.b0.setop.b0.setop.b0.setop.b0.setop.b0.setop.b1.read.grp_cust_open_sz_mhs_flag","CONFIRMED","LITERAL","E:\02_area\股衍数据-数据cookbook\sql-static-lineage-data\task-projections\tasks\203119\versions\51d35eb9b8b0d01312fd3810819f5a7d355b9394babedc9d4c52d24c12af18a5.evidence-v3.json","E:\02_area\股衍数据-数据cookbook\sql-static-lineage-data\task-projections\tasks\203119\versions\51d35eb9b8b0d01312fd3810819f5a7d355b9394babedc9d4c52d24c12af18a5.json"
"203119","sparkIndex","dm_index_n.grp_cust_open_sh_mhs_flag","task:203119:statement:0:relation:root.(child).t1.a.setop.b0.setop.b0.setop.b0.setop.b0.setop.b0.setop.b0.setop.b0.setop.b0.setop.b1.read.grp_cust_open_sh_mhs_flag","CONFIRMED","LITERAL","E:\02_area\股衍数据-数据cookbook\sql-static-lineage-data\task-projections\tasks\203119\versions\51d35eb9b8b0d01312fd3810819f5a7d355b9394babedc9d4c52d24c12af18a5.evidence-v3.json","E:\02_area\股衍数据-数据cookbook\sql-static-lineage-data\task-projections\tasks\203119\versions\51d35eb9b8b0d01312fd3810819f5a7d355b9394babedc9d4c52d24c12af18a5.json"
"203119","sparkIndex","dm_index_n.grp_cust_open_marg_flag","task:203119:statement:0:relation:root.(child).t1.a.setop.b0.setop.b0.setop.b0.setop.b0.setop.b0.setop.b0.setop.b0.setop.b1.read.grp_cust_open_marg_flag","CONFIRMED","NON_LITERAL_PRESENT","E:\02_area\股衍数据-数据cookbook\sql-static-lineage-data\task-projections\tasks\203119\versions\51d35eb9b8b0d01312fd3810819f5a7d355b9394babedc9d4c52d24c12af18a5.evidence-v3.json","E:\02_area\股衍数据-数据cookbook\sql-static-lineage-data\task-projections\tasks\203119\versions\51d35eb9b8b0d01312fd3810819f5a7d355b9394babedc9d4c52d24c12af18a5.json"
"203119","sparkIndex","dm_index_n.grp_tag_client_whth_pvt_qual_ivstr","task:203119:statement:0:relation:root.(child).t1.a.setop.b0.setop.b0.setop.b0.setop.b0.setop.b0.setop.b0.setop.b1.read.grp_tag_client_whth_pvt_qual_ivstr","CONFIRMED","NON_LITERAL_PRESENT","E:\02_area\股衍数据-数据cookbook\sql-static-lineage-data\task-projections\tasks\203119\versions\51d35eb9b8b0d01312fd3810819f5a7d355b9394babedc9d4c52d24c12af18a5.evidence-v3.json","E:\02_area\股衍数据-数据cookbook\sql-static-lineage-data\task-projections\tasks\203119\versions\51d35eb9b8b0d01312fd3810819f5a7d355b9394babedc9d4c52d24c12af18a5.json"
"203119","sparkIndex","dm_index_n.grp_tag_client_cust_year_product_tenure","task:203119:statement:0:relation:root.(child).t1.a.setop.b0.setop.b0.setop.b0.setop.b0.setop.b1.read.grp_tag_client_cust_year_product_tenure","CONFIRMED","LITERAL","E:\02_area\股衍数据-数据cookbook\sql-static-lineage-data\task-projections\tasks\203119\versions\51d35eb9b8b0d01312fd3810819f5a7d355b9394babedc9d4c52d24c12af18a5.evidence-v3.json","E:\02_area\股衍数据-数据cookbook\sql-static-lineage-data\task-projections\tasks\203119\versions\51d35eb9b8b0d01312fd3810819f5a7d355b9394babedc9d4c52d24c12af18a5.json"
"203119","sparkIndex","dm_index_n.grp_tag_client_cust_year_ia_nws_new_addsign","task:203119:statement:0:relation:root.(child).t1.a.setop.b0.setop.b0.setop.b0.setop.b1.read.grp_tag_client_cust_year_ia_nws_new_addsign","CONFIRMED","LITERAL","E:\02_area\股衍数据-数据cookbook\sql-static-lineage-data\task-projections\tasks\203119\versions\51d35eb9b8b0d01312fd3810819f5a7d355b9394babedc9d4c52d24c12af18a5.evidence-v3.json","E:\02_area\股衍数据-数据cookbook\sql-static-lineage-data\task-projections\tasks\203119\versions\51d35eb9b8b0d01312fd3810819f5a7d355b9394babedc9d4c52d24c12af18a5.json"
"203119","sparkIndex","dm_index_n.grp_tag_indv_cust_cust_year_buyria_newadd","task:203119:statement:0:relation:root.(child).t1.a.setop.b0.setop.b0.setop.b1.read.grp_tag_indv_cust_cust_year_buyria_newadd","CONFIRMED","LITERAL","E:\02_area\股衍数据-数据cookbook\sql-static-lineage-data\task-projections\tasks\203119\versions\51d35eb9b8b0d01312fd3810819f5a7d355b9394babedc9d4c52d24c12af18a5.evidence-v3.json","E:\02_area\股衍数据-数据cookbook\sql-static-lineage-data\task-projections\tasks\203119\versions\51d35eb9b8b0d01312fd3810819f5a7d355b9394babedc9d4c52d24c12af18a5.json"
"203119","sparkIndex","dm_index_n.grp_tag_client_cust_year_marg_permeation","task:203119:statement:0:relation:root.(child).t1.a.setop.b0.setop.b1.read.grp_tag_client_cust_year_marg_permeation","CONFIRMED","LITERAL","E:\02_area\股衍数据-数据cookbook\sql-static-lineage-data\task-projections\tasks\203119\versions\51d35eb9b8b0d01312fd3810819f5a7d355b9394babedc9d4c52d24c12af18a5.evidence-v3.json","E:\02_area\股衍数据-数据cookbook\sql-static-lineage-data\task-projections\tasks\203119\versions\51d35eb9b8b0d01312fd3810819f5a7d355b9394babedc9d4c52d24c12af18a5.json"
"203119","sparkIndex","dm_index_n.grp_tag_client_is_net_hnw_cust","task:203119:statement:0:relation:root.(child-1).a.a1.a.read.grp_tag_client_is_net_hnw_cust","CONFIRMED","NON_LITERAL_PRESENT","E:\02_area\股衍数据-数据cookbook\sql-static-lineage-data\task-projections\tasks\203119\versions\51d35eb9b8b0d01312fd3810819f5a7d355b9394babedc9d4c52d24c12af18a5.evidence-v3.json","E:\02_area\股衍数据-数据cookbook\sql-static-lineage-data\task-projections\tasks\203119\versions\51d35eb9b8b0d01312fd3810819f5a7d355b9394babedc9d4c52d24c12af18a5.json"
"203384","sparkIndex","dm_co_test.co_emp_seqc_csincome","task:203384:statement:0:relation:root.casttable.c.read.co_emp_seqc_csincome","CONFIRMED","LITERAL","E:\02_area\股衍数据-数据cookbook\sql-static-lineage-data\task-projections\tasks\203384\versions\34e11a05987f18fb822bb011f7d790a2916004dd993f4c3812aca9c48cd6871d.evidence-v3.json","E:\02_area\股衍数据-数据cookbook\sql-static-lineage-data\task-projections\tasks\203384\versions\34e11a05987f18fb822bb011f7d790a2916004dd993f4c3812aca9c48cd6871d.json"
"203384","sparkIndex","dm_co_n.co_cust_addamtindx_brchexam","task:203384:statement:0:relation:root.casttable.u.setop.b0.setop.b0.setop.b0.setop.b0.setop.b0.setop.b0.setop.b0.setop.b0.setop.b0.setop.b0.read.co_cust_addamtindx_brchexam","CONFIRMED","LITERAL","E:\02_area\股衍数据-数据cookbook\sql-static-lineage-data\task-projections\tasks\203384\versions\34e11a05987f18fb822bb011f7d790a2916004dd993f4c3812aca9c48cd6871d.evidence-v3.json","E:\02_area\股衍数据-数据cookbook\sql-static-lineage-data\task-projections\tasks\203384\versions\34e11a05987f18fb822bb011f7d790a2916004dd993f4c3812aca9c48cd6871d.json"
"203384","sparkIndex","dm_co_n.co_cust_addamtindx_brchexam","task:203384:statement:0:relation:root.casttable.u.setop.b0.setop.b0.setop.b0.setop.b0.setop.b0.setop.b0.setop.b0.setop.b0.setop.b0.setop.b1.read.co_cust_addamtindx_brchexam","CONFIRMED","LITERAL","E:\02_area\股衍数据-数据cookbook\sql-static-lineage-data\task-projections\tasks\203384\versions\34e11a05987f18fb822bb011f7d790a2916004dd993f4c3812aca9c48cd6871d.evidence-v3.json","E:\02_area\股衍数据-数据cookbook\sql-static-lineage-data\task-projections\tasks\203384\versions\34e11a05987f18fb822bb011f7d790a2916004dd993f4c3812aca9c48cd6871d.json"
"203384","sparkIndex","dm_co_n.co_listcorp_eff_empvstevt_brchexam","task:203384:statement:0:relation:root.casttable.u.setop.b0.setop.b0.setop.b0.setop.b0.setop.b0.setop.b0.setop.b0.setop.b0.setop.b1.read.co_listcorp_eff_empvstevt_brchexam","CONFIRMED","LITERAL","E:\02_area\股衍数据-数据cookbook\sql-static-lineage-data\task-projections\tasks\203384\versions\34e11a05987f18fb822bb011f7d790a2916004dd993f4c3812aca9c48cd6871d.evidence-v3.json","E:\02_area\股衍数据-数据cookbook\sql-static-lineage-data\task-projections\tasks\203384\versions\34e11a05987f18fb822bb011f7d790a2916004dd993f4c3812aca9c48cd6871d.json"
"203384","sparkIndex","dm_co_n.co_seqan_exam_busiprojcnt","task:203384:statement:0:relation:root.casttable.u.setop.b0.setop.b0.setop.b0.setop.b0.setop.b0.setop.b0.setop.b0.setop.b1.read.co_seqan_exam_busiprojcnt","CONFIRMED","NON_LITERAL_PRESENT","E:\02_area\股衍数据-数据cookbook\sql-static-lineage-data\task-projections\tasks\203384\versions\34e11a05987f18fb822bb011f7d790a2916004dd993f4c3812aca9c48cd6871d.evidence-v3.json","E:\02_area\股衍数据-数据cookbook\sql-static-lineage-data\task-projections\tasks\203384\versions\34e11a05987f18fb822bb011f7d790a2916004dd993f4c3812aca9c48cd6871d.json"
"203384","sparkIndex","dm_co_n.co_seqan_exam_busiprojcnt","task:203384:statement:0:relation:root.casttable.u.setop.b0.setop.b0.setop.b0.setop.b0.setop.b0.setop.b0.setop.b1.read.co_seqan_exam_busiprojcnt","CONFIRMED","NON_LITERAL_PRESENT","E:\02_area\股衍数据-数据cookbook\sql-static-lineage-data\task-projections\tasks\203384\versions\34e11a05987f18fb822bb011f7d790a2916004dd993f4c3812aca9c48cd6871d.evidence-v3.json","E:\02_area\股衍数据-数据cookbook\sql-static-lineage-data\task-projections\tasks\203384\versions\34e11a05987f18fb822bb011f7d790a2916004dd993f4c3812aca9c48cd6871d.json"
"203384","sparkIndex","dm_co_n.co_seqan_exam_busiprojcnt","task:203384:statement:0:relation:root.casttable.u.setop.b0.setop.b0.setop.b0.setop.b0.setop.b0.setop.b1.read.co_seqan_exam_busiprojcnt","CONFIRMED","NON_LITERAL_PRESENT","E:\02_area\股衍数据-数据cookbook\sql-static-lineage-data\task-projections\tasks\203384\versions\34e11a05987f18fb822bb011f7d790a2916004dd993f4c3812aca9c48cd6871d.evidence-v3.json","E:\02_area\股衍数据-数据cookbook\sql-static-lineage-data\task-projections\tasks\203384\versions\34e11a05987f18fb822bb011f7d790a2916004dd993f4c3812aca9c48cd6871d.json"
"203384","sparkIndex","dm_co_n.co_seqan_exam_busiprojcnt","task:203384:statement:0:relation:root.casttable.u.setop.b0.setop.b0.setop.b0.setop.b0.setop.b1.read.co_seqan_exam_busiprojcnt","CONFIRMED","NON_LITERAL_PRESENT","E:\02_area\股衍数据-数据cookbook\sql-static-lineage-data\task-projections\tasks\203384\versions\34e11a05987f18fb822bb011f7d790a2916004dd993f4c3812aca9c48cd6871d.evidence-v3.json","E:\02_area\股衍数据-数据cookbook\sql-static-lineage-data\task-projections\tasks\203384\versions\34e11a05987f18fb822bb011f7d790a2916004dd993f4c3812aca9c48cd6871d.json"
"203384","sparkIndex","dm_co_n.co_seqb2_exam_csincome","task:203384:statement:0:relation:root.casttable.u.setop.b0.setop.b0.setop.b0.setop.b1.read.co_seqb2_exam_csincome","CONFIRMED","NON_LITERAL_PRESENT","E:\02_area\股衍数据-数据cookbook\sql-static-lineage-data\task-projections\tasks\203384\versions\34e11a05987f18fb822bb011f7d790a2916004dd993f4c3812aca9c48cd6871d.evidence-v3.json","E:\02_area\股衍数据-数据cookbook\sql-static-lineage-data\task-projections\tasks\203384\versions\34e11a05987f18fb822bb011f7d790a2916004dd993f4c3812aca9c48cd6871d.json"
"203384","sparkIndex","dm_co_n.recmd_dir_ivst_emp_brchexam","task:203384:statement:0:relation:root.casttable.u.setop.b0.setop.b0.setop.b1.read.recmd_dir_ivst_emp_brchexam","CONFIRMED","NON_LITERAL_PRESENT","E:\02_area\股衍数据-数据cookbook\sql-static-lineage-data\task-projections\tasks\203384\versions\34e11a05987f18fb822bb011f7d790a2916004dd993f4c3812aca9c48cd6871d.evidence-v3.json","E:\02_area\股衍数据-数据cookbook\sql-static-lineage-data\task-projections\tasks\203384\versions\34e11a05987f18fb822bb011f7d790a2916004dd993f4c3812aca9c48cd6871d.json"
"203384","sparkIndex","dm_co_n.co_cust_futrib_brchexam","task:203384:statement:0:relation:root.casttable.u.setop.b0.setop.b1.read.co_cust_futrib_brchexam","CONFIRMED","NON_LITERAL_PRESENT","E:\02_area\股衍数据-数据cookbook\sql-static-lineage-data\task-projections\tasks\203384\versions\34e11a05987f18fb822bb011f7d790a2916004dd993f4c3812aca9c48cd6871d.evidence-v3.json","E:\02_area\股衍数据-数据cookbook\sql-static-lineage-data\task-projections\tasks\203384\versions\34e11a05987f18fb822bb011f7d790a2916004dd993f4c3812aca9c48cd6871d.json"
"203384","sparkIndex","dm_index_n.index_grp_divd_avg_lend_scal","task:203384:statement:0:relation:root.casttable.u.setop.b1.val.setop.b0.setop.b0.setop.b0.setop.b0.setop.b0.setop.b0.setop.b0.setop.b0.read.index_grp_divd_avg_lend_scal","CONFIRMED","LITERAL","E:\02_area\股衍数据-数据cookbook\sql-static-lineage-data\task-projections\tasks\203384\versions\34e11a05987f18fb822bb011f7d790a2916004dd993f4c3812aca9c48cd6871d.evidence-v3.json","E:\02_area\股衍数据-数据cookbook\sql-static-lineage-data\task-projections\tasks\203384\versions\34e11a05987f18fb822bb011f7d790a2916004dd993f4c3812aca9c48cd6871d.json"
"203384","sparkIndex","dm_index_n.index_grp1_margbalincrsval_margdevrela_orgseqempkpiexam_yearapd","task:203384:statement:0:relation:root.casttable.u.setop.b1.val.setop.b0.setop.b0.setop.b0.setop.b0.setop.b0.setop.b0.setop.b0.setop.b1.read.index_grp1_margbalincrsval_margdevrela_orgseqempkpiexam_yearapd","CONFIRMED","LITERAL","E:\02_area\股衍数据-数据cookbook\sql-static-lineage-data\task-projections\tasks\203384\versions\34e11a05987f18fb822bb011f7d790a2916004dd993f4c3812aca9c48cd6871d.evidence-v3.json","E:\02_area\股衍数据-数据cookbook\sql-static-lineage-data\task-projections\tasks\203384\versions\34e11a05987f18fb822bb011f7d790a2916004dd993f4c3812aca9c48cd6871d.json"
"203384","sparkIndex","dm_index_n.index_grp1_staff_apd_net_asset_adj","task:203384:statement:0:relation:root.casttable.u.setop.b1.val.setop.b0.setop.b0.setop.b0.setop.b0.setop.b0.setop.b0.setop.b1.read.index_grp1_staff_apd_net_asset_adj","CONFIRMED","NON_LITERAL_PRESENT","E:\02_area\股衍数据-数据cookbook\sql-static-lineage-data\task-projections\tasks\203384\versions\34e11a05987f18fb822bb011f7d790a2916004dd993f4c3812aca9c48cd6871d.evidence-v3.json","E:\02_area\股衍数据-数据cookbook\sql-static-lineage-data\task-projections\tasks\203384\versions\34e11a05987f18fb822bb011f7d790a2916004dd993f4c3812aca9c48cd6871d.json"
"203384","sparkIndex","dm_index_n.index_grp1_newintroprdqty_astcstdprd_mon","task:203384:statement:0:relation:root.casttable.u.setop.b1.val.setop.b0.setop.b0.setop.b0.setop.b0.setop.b0.setop.b1.read.index_grp1_newintroprdqty_astcstdprd_mon","CONFIRMED","LITERAL","E:\02_area\股衍数据-数据cookbook\sql-static-lineage-data\task-projections\tasks\203384\versions\34e11a05987f18fb822bb011f7d790a2916004dd993f4c3812aca9c48cd6871d.evidence-v3.json","E:\02_area\股衍数据-数据cookbook\sql-static-lineage-data\task-projections\tasks\203384\versions\34e11a05987f18fb822bb011f7d790a2916004dd993f4c3812aca9c48cd6871d.json"
"203384","sparkIndex","dm_index_n.index_grp_staff_opt_corp_qual_cnt_year","task:203384:statement:0:relation:root.casttable.u.setop.b1.val.setop.b0.setop.b0.setop.b0.setop.b1.read.index_grp_staff_opt_corp_qual_cnt_year","CONFIRMED","LITERAL","E:\02_area\股衍数据-数据cookbook\sql-static-lineage-data\task-projections\tasks\203384\versions\34e11a05987f18fb822bb011f7d790a2916004dd993f4c3812aca9c48cd6871d.evidence-v3.json","E:\02_area\股衍数据-数据cookbook\sql-static-lineage-data\task-projections\tasks\203384\versions\34e11a05987f18fb822bb011f7d790a2916004dd993f4c3812aca9c48cd6871d.json"
"203384","sparkIndex","dm_index_n.index_grp_staff_corp_bond_prof_qual_cnt_year","task:203384:statement:0:relation:root.casttable.u.setop.b1.val.setop.b0.setop.b0.setop.b1.read.index_grp_staff_corp_bond_prof_qual_cnt_year","CONFIRMED","LITERAL","E:\02_area\股衍数据-数据cookbook\sql-static-lineage-data\task-projections\tasks\203384\versions\34e11a05987f18fb822bb011f7d790a2916004dd993f4c3812aca9c48cd6871d.evidence-v3.json","E:\02_area\股衍数据-数据cookbook\sql-static-lineage-data\task-projections\tasks\203384\versions\34e11a05987f18fb822bb011f7d790a2916004dd993f4c3812aca9c48cd6871d.json"
"203384","sparkIndex","dm_index_n.index_grp1_saleamt_finprd_delcash_pvtibcorp_clmrela_year","task:203384:statement:0:relation:root.casttable.u.setop.b1.val.setop.b0.setop.b1.read.index_grp1_saleamt_finprd_delcash_pvtibcorp_clmrela_year","CONFIRMED","NON_LITERAL_PRESENT","E:\02_area\股衍数据-数据cookbook\sql-static-lineage-data\task-projections\tasks\203384\versions\34e11a05987f18fb822bb011f7d790a2916004dd993f4c3812aca9c48cd6871d.evidence-v3.json","E:\02_area\股衍数据-数据cookbook\sql-static-lineage-data\task-projections\tasks\203384\versions\34e11a05987f18fb822bb011f7d790a2916004dd993f4c3812aca9c48cd6871d.json"
"203384","sparkIndex","dm_index_n.index_grp1_newintroprdscal_astcstdprd_mon","task:203384:statement:0:relation:root.casttable.u.setop.b1.val.setop.b1.read.index_grp1_newintroprdscal_astcstdprd_mon","CONFIRMED","LITERAL","E:\02_area\股衍数据-数据cookbook\sql-static-lineage-data\task-projections\tasks\203384\versions\34e11a05987f18fb822bb011f7d790a2916004dd993f4c3812aca9c48cd6871d.evidence-v3.json","E:\02_area\股衍数据-数据cookbook\sql-static-lineage-data\task-projections\tasks\203384\versions\34e11a05987f18fb822bb011f7d790a2916004dd993f4c3812aca9c48cd6871d.json"
"203407","sparkIndex","dm_co_test.co_emp_seqc_csincome","task:203407:statement:0:relation:root.casttable.c.read.co_emp_seqc_csincome","CONFIRMED","LITERAL","E:\02_area\股衍数据-数据cookbook\sql-static-lineage-data\task-projections\tasks\203407\versions\5619552dd15f8b07ed5cf79cad2def5ebcd564a45277bd5c6f5767901e4224f6.evidence-v3.json","E:\02_area\股衍数据-数据cookbook\sql-static-lineage-data\task-projections\tasks\203407\versions\5619552dd15f8b07ed5cf79cad2def5ebcd564a45277bd5c6f5767901e4224f6.json"
"203407","sparkIndex","dm_co_test.co_emp_seqc_csincome","task:203407:statement:0:relation:root.casttable.m.c.read.co_emp_seqc_csincome","CONFIRMED","LITERAL","E:\02_area\股衍数据-数据cookbook\sql-static-lineage-data\task-projections\tasks\203407\versions\5619552dd15f8b07ed5cf79cad2def5ebcd564a45277bd5c6f5767901e4224f6.evidence-v3.json","E:\02_area\股衍数据-数据cookbook\sql-static-lineage-data\task-projections\tasks\203407\versions\5619552dd15f8b07ed5cf79cad2def5ebcd564a45277bd5c6f5767901e4224f6.json"
"203958","sparkIndex","pdata_nds.aum_org_base_info","task:203958:statement:0:relation:root.casttable.t1.read.aum_org_base_info","CONFIRMED","LITERAL","E:\02_area\股衍数据-数据cookbook\sql-static-lineage-data\task-projections\tasks\203958\versions\d6d63cfc55d459db88182f304db630ed6316fb4a4a7c91fd35acc4ce7a99170c.evidence-v3.json","E:\02_area\股衍数据-数据cookbook\sql-static-lineage-data\task-projections\tasks\203958\versions\d6d63cfc55d459db88182f304db630ed6316fb4a4a7c91fd35acc4ce7a99170c.json"
"203958","sparkIndex","dm_index_n.index_grp1_org_propincrsval_fullcali_oactrela_mth_ricc","task:203958:statement:0:relation:root.casttable.t3.setop.b0.setop.b0.setop.b0.setop.b0.setop.b0.setop.b0.setop.b0.setop.b0.setop.b0.setop.b0.setop.b0.setop.b0.setop.b0.setop.b0.setop.b0.setop.b0.setop.b0.setop.b0.setop.b0.setop.b0.setop.b0.setop.b0.setop.b0.setop.b0.setop.b0.setop.b0.setop.b0.setop.b0.setop.b0.setop.b0.setop.b0.setop.b0.setop.b0.setop.b0.setop.b0.setop.b0.setop.b0.setop.b0.setop.b0.setop.b0.setop.b0.setop.b0.setop.b0.setop.b0.setop.b0.setop.b0.setop.b0.setop.b0.setop.b0.setop.b1.read.index_grp1_org_propincrsval_fullcali_oactrela_mth_ricc","CONFIRMED","LITERAL","E:\02_area\股衍数据-数据cookbook\sql-static-lineage-data\task-projections\tasks\203958\versions\d6d63cfc55d459db88182f304db630ed6316fb4a4a7c91fd35acc4ce7a99170c.evidence-v3.json","E:\02_area\股衍数据-数据cookbook\sql-static-lineage-data\task-projections\tasks\203958\versions\d6d63cfc55d459db88182f304db630ed6316fb4a4a7c91fd35acc4ce7a99170c.json"
"203958","sparkIndex","dm_index_n.index_grp1_org_propincrsval_fullcali_oactrela_mth_ricc","task:203958:statement:0:relation:root.casttable.t3.setop.b0.setop.b0.setop.b0.setop.b0.setop.b0.setop.b0.setop.b0.setop.b0.setop.b0.setop.b0.setop.b0.setop.b0.setop.b0.setop.b0.setop.b0.setop.b0.setop.b0.setop.b0.setop.b0.setop.b0.setop.b0.setop.b0.setop.b0.setop.b0.setop.b0.setop.b0.setop.b0.setop.b0.setop.b0.setop.b0.setop.b0.setop.b0.setop.b0.setop.b0.setop.b0.setop.b0.setop.b0.setop.b0.setop.b0.setop.b0.setop.b0.setop.b0.setop.b0.setop.b0.setop.b0.setop.b0.setop.b0.setop.b0.setop.b1.read.index_grp1_org_propincrsval_fullcali_oactrela_mth_ricc","CONFIRMED","LITERAL","E:\02_area\股衍数据-数据cookbook\sql-static-lineage-data\task-projections\tasks\203958\versions\d6d63cfc55d459db88182f304db630ed6316fb4a4a7c91fd35acc4ce7a99170c.evidence-v3.json","E:\02_area\股衍数据-数据cookbook\sql-static-lineage-data\task-projections\tasks\203958\versions\d6d63cfc55d459db88182f304db630ed6316fb4a4a7c91fd35acc4ce7a99170c.json"
"203958","sparkIndex","dm_index_n.index_grp1_org_propincrsval_fullcali_oactrela_mth_ricc","task:203958:statement:0:relation:root.casttable.t3.setop.b0.setop.b0.setop.b0.setop.b0.setop.b0.setop.b0.setop.b0.setop.b0.setop.b0.setop.b0.setop.b0.setop.b0.setop.b0.setop.b0.setop.b0.setop.b0.setop.b0.setop.b0.setop.b0.setop.b0.setop.b0.setop.b0.setop.b0.setop.b0.setop.b0.setop.b0.setop.b0.setop.b0.setop.b0.setop.b0.setop.b0.setop.b0.setop.b0.setop.b0.setop.b0.setop.b0.setop.b0.setop.b0.setop.b0.setop.b0.setop.b0.setop.b0.setop.b0.setop.b0.setop.b0.setop.b0.setop.b0.setop.b1.read.index_grp1_org_propincrsval_fullcali_oactrela_mth_ricc","CONFIRMED","LITERAL","E:\02_area\股衍数据-数据cookbook\sql-static-lineage-data\task-projections\tasks\203958\versions\d6d63cfc55d459db88182f304db630ed6316fb4a4a7c91fd35acc4ce7a99170c.evidence-v3.json","E:\02_area\股衍数据-数据cookbook\sql-static-lineage-data\task-projections\tasks\203958\versions\d6d63cfc55d459db88182f304db630ed6316fb4a4a7c91fd35acc4ce7a99170c.json"
"203958","sparkIndex","dm_index_n.index_grp1_org_propincrsrate_fullcali_oactrela_mth_ricc","task:203958:statement:0:relation:root.casttable.t3.setop.b0.setop.b0.setop.b0.setop.b0.setop.b0.setop.b0.setop.b0.setop.b0.setop.b0.setop.b0.setop.b0.setop.b0.setop.b0.setop.b0.setop.b0.setop.b0.setop.b0.setop.b0.setop.b0.setop.b0.setop.b0.setop.b0.setop.b0.setop.b0.setop.b0.setop.b0.setop.b0.setop.b0.setop.b0.setop.b0.setop.b0.setop.b0.setop.b0.setop.b0.setop.b0.setop.b0.setop.b0.setop.b0.setop.b0.setop.b0.setop.b0.setop.b0.setop.b0.setop.b0.setop.b0.setop.b0.setop.b1.read.index_grp1_org_propincrsrate_fullcali_oactrela_mth_ricc","CONFIRMED","LITERAL","E:\02_area\股衍数据-数据cookbook\sql-static-lineage-data\task-projections\tasks\203958\versions\d6d63cfc55d459db88182f304db630ed6316fb4a4a7c91fd35acc4ce7a99170c.evidence-v3.json","E:\02_area\股衍数据-数据cookbook\sql-static-lineage-data\task-projections\tasks\203958\versions\d6d63cfc55d459db88182f304db630ed6316fb4a4a7c91fd35acc4ce7a99170c.json"
"203958","sparkIndex","dm_index_n.index_grp1_org_propincrsrate_fullcali_oactrela_mth_ricc","task:203958:statement:0:relation:root.casttable.t3.setop.b0.setop.b0.setop.b0.setop.b0.setop.b0.setop.b0.setop.b0.setop.b0.setop.b0.setop.b0.setop.b0.setop.b0.setop.b0.setop.b0.setop.b0.setop.b0.setop.b0.setop.b0.setop.b0.setop.b0.setop.b0.setop.b0.setop.b0.setop.b0.setop.b0.setop.b0.setop.b0.setop.b0.setop.b0.setop.b0.setop.b0.setop.b0.setop.b0.setop.b0.setop.b0.setop.b0.setop.b0.setop.b0.setop.b0.setop.b0.setop.b0.setop.b0.setop.b0.setop.b0.setop.b0.setop.b1.read.index_grp1_org_propincrsrate_fullcali_oactrela_mth_ricc","CONFIRMED","LITERAL","E:\02_area\股衍数据-数据cookbook\sql-static-lineage-data\task-projections\tasks\203958\versions\d6d63cfc55d459db88182f304db630ed6316fb4a4a7c91fd35acc4ce7a99170c.evidence-v3.json","E:\02_area\股衍数据-数据cookbook\sql-static-lineage-data\task-projections\tasks\203958\versions\d6d63cfc55d459db88182f304db630ed6316fb4a4a7c91fd35acc4ce7a99170c.json"
"203958","sparkIndex","dm_index_n.index_grp1_org_propincrsrate_fullcali_oactrela_mth_ricc","task:203958:statement:0:relation:root.casttable.t3.setop.b0.setop.b0.setop.b0.setop.b0.setop.b0.setop.b0.setop.b0.setop.b0.setop.b0.setop.b0.setop.b0.setop.b0.setop.b0.setop.b0.setop.b0.setop.b0.setop.b0.setop.b0.setop.b0.setop.b0.setop.b0.setop.b0.setop.b0.setop.b0.setop.b0.setop.b0.setop.b0.setop.b0.setop.b0.setop.b0.setop.b0.setop.b0.setop.b0.setop.b0.setop.b0.setop.b0.setop.b0.setop.b0.setop.b0.setop.b0.setop.b0.setop.b0.setop.b0.setop.b0.setop.b1.read.index_grp1_org_propincrsrate_fullcali_oactrela_mth_ricc","CONFIRMED","LITERAL","E:\02_area\股衍数据-数据cookbook\sql-static-lineage-data\task-projections\tasks\203958\versions\d6d63cfc55d459db88182f304db630ed6316fb4a4a7c91fd35acc4ce7a99170c.evidence-v3.json","E:\02_area\股衍数据-数据cookbook\sql-static-lineage-data\task-projections\tasks\203958\versions\d6d63cfc55d459db88182f304db630ed6316fb4a4a7c91fd35acc4ce7a99170c.json"
"203958","sparkIndex","dm_index_n.index_grp1_org_aumnetast_muyield_oactrela_mth_all","task:203958:statement:0:relation:root.casttable.t3.setop.b0.setop.b0.setop.b0.setop.b0.setop.b0.setop.b0.setop.b0.setop.b0.setop.b0.setop.b0.setop.b0.setop.b0.setop.b0.setop.b0.setop.b0.setop.b0.setop.b0.setop.b0.setop.b0.setop.b0.setop.b0.setop.b0.setop.b0.setop.b0.setop.b0.setop.b0.setop.b0.setop.b0.setop.b0.setop.b0.setop.b0.setop.b0.setop.b0.setop.b0.setop.b0.setop.b0.setop.b0.setop.b0.setop.b0.setop.b0.setop.b1.read.index_grp1_org_aumnetast_muyield_oactrela_mth_all","CONFIRMED","LITERAL","E:\02_area\股衍数据-数据cookbook\sql-static-lineage-data\task-projections\tasks\203958\versions\d6d63cfc55d459db88182f304db630ed6316fb4a4a7c91fd35acc4ce7a99170c.evidence-v3.json","E:\02_area\股衍数据-数据cookbook\sql-static-lineage-data\task-projections\tasks\203958\versions\d6d63cfc55d459db88182f304db630ed6316fb4a4a7c91fd35acc4ce7a99170c.json"
"203958","sparkIndex","dm_index_n.index_grp1_org_aumnetast_muyield_oactrela_mth_all","task:203958:statement:0:relation:root.casttable.t3.setop.b0.setop.b0.setop.b0.setop.b0.setop.b0.setop.b0.setop.b0.setop.b0.setop.b0.setop.b0.setop.b0.setop.b0.setop.b0.setop.b0.setop.b0.setop.b0.setop.b0.setop.b0.setop.b0.setop.b0.setop.b0.setop.b0.setop.b0.setop.b0.setop.b0.setop.b0.setop.b0.setop.b0.setop.b0.setop.b0.setop.b0.setop.b0.setop.b0.setop.b0.setop.b0.setop.b0.setop.b0.setop.b0.setop.b0.setop.b1.read.index_grp1_org_aumnetast_muyield_oactrela_mth_all","CONFIRMED","LITERAL","E:\02_area\股衍数据-数据cookbook\sql-static-lineage-data\task-projections\tasks\203958\versions\d6d63cfc55d459db88182f304db630ed6316fb4a4a7c91fd35acc4ce7a99170c.evidence-v3.json","E:\02_area\股衍数据-数据cookbook\sql-static-lineage-data\task-projections\tasks\203958\versions\d6d63cfc55d459db88182f304db630ed6316fb4a4a7c91fd35acc4ce7a99170c.json"
"203958","sparkIndex","dm_index_n.index_grp1_org_aumnetast_muyield_oactrela_mth_all","task:203958:statement:0:relation:root.casttable.t3.setop.b0.setop.b0.setop.b0.setop.b0.setop.b0.setop.b0.setop.b0.setop.b0.setop.b0.setop.b0.setop.b0.setop.b0.setop.b0.setop.b0.setop.b0.setop.b0.setop.b0.setop.b0.setop.b0.setop.b0.setop.b0.setop.b0.setop.b0.setop.b0.setop.b0.setop.b0.setop.b0.setop.b0.setop.b0.setop.b0.setop.b0.setop.b0.setop.b0.setop.b0.setop.b0.setop.b0.setop.b0.setop.b0.setop.b1.read.index_grp1_org_aumnetast_muyield_oactrela_mth_all","CONFIRMED","LITERAL","E:\02_area\股衍数据-数据cookbook\sql-static-lineage-data\task-projections\tasks\203958\versions\d6d63cfc55d459db88182f304db630ed6316fb4a4a7c91fd35acc4ce7a99170c.evidence-v3.json","E:\02_area\股衍数据-数据cookbook\sql-static-lineage-data\task-projections\tasks\203958\versions\d6d63cfc55d459db88182f304db630ed6316fb4a4a7c91fd35acc4ce7a99170c.json"
"203958","sparkIndex","dm_index_n.index_grp1_org_custaum_navsupernetrate_oactrela_mth_all","task:203958:statement:0:relation:root.casttable.t3.setop.b0.setop.b0.setop.b0.setop.b0.setop.b0.setop.b0.setop.b0.setop.b0.setop.b0.setop.b0.setop.b0.setop.b0.setop.b0.setop.b0.setop.b0.setop.b0.setop.b0.setop.b0.setop.b0.setop.b0.setop.b0.setop.b0.setop.b0.setop.b0.setop.b0.setop.b0.setop.b0.setop.b0.setop.b0.setop.b0.setop.b0.setop.b0.setop.b0.setop.b0.setop.b0.setop.b0.setop.b0.setop.b1.read.index_grp1_org_custaum_navsupernetrate_oactrela_mth_all","CONFIRMED","LITERAL","E:\02_area\股衍数据-数据cookbook\sql-static-lineage-data\task-projections\tasks\203958\versions\d6d63cfc55d459db88182f304db630ed6316fb4a4a7c91fd35acc4ce7a99170c.evidence-v3.json","E:\02_area\股衍数据-数据cookbook\sql-static-lineage-data\task-projections\tasks\203958\versions\d6d63cfc55d459db88182f304db630ed6316fb4a4a7c91fd35acc4ce7a99170c.json"
"203958","sparkIndex","dm_index_n.index_grp1_org_custaum_navsupernetrate_oactrela_mth_all","task:203958:statement:0:relation:root.casttable.t3.setop.b0.setop.b0.setop.b0.setop.b0.setop.b0.setop.b0.setop.b0.setop.b0.setop.b0.setop.b0.setop.b0.setop.b0.setop.b0.setop.b0.setop.b0.setop.b0.setop.b0.setop.b0.setop.b0.setop.b0.setop.b0.setop.b0.setop.b0.setop.b0.setop.b0.setop.b0.setop.b0.setop.b0.setop.b0.setop.b0.setop.b0.setop.b0.setop.b0.setop.b0.setop.b0.setop.b0.setop.b1.read.index_grp1_org_custaum_navsupernetrate_oactrela_mth_all","CONFIRMED","LITERAL","E:\02_area\股衍数据-数据cookbook\sql-static-lineage-data\task-projections\tasks\203958\versions\d6d63cfc55d459db88182f304db630ed6316fb4a4a7c91fd35acc4ce7a99170c.evidence-v3.json","E:\02_area\股衍数据-数据cookbook\sql-static-lineage-data\task-projections\tasks\203958\versions\d6d63cfc55d459db88182f304db630ed6316fb4a4a7c91fd35acc4ce7a99170c.json"
"203958","sparkIndex","dm_index_n.index_grp1_org_custaum_navsupernetrate_oactrela_mth_all","task:203958:statement:0:relation:root.casttable.t3.setop.b0.setop.b0.setop.b0.setop.b0.setop.b0.setop.b0.setop.b0.setop.b0.setop.b0.setop.b0.setop.b0.setop.b0.setop.b0.setop.b0.setop.b0.setop.b0.setop.b0.setop.b0.setop.b0.setop.b0.setop.b0.setop.b0.setop.b0.setop.b0.setop.b0.setop.b0.setop.b0.setop.b0.setop.b0.setop.b0.setop.b0.setop.b0.setop.b0.setop.b0.setop.b0.setop.b1.read.index_grp1_org_custaum_navsupernetrate_oactrela_mth_all","CONFIRMED","LITERAL","E:\02_area\股衍数据-数据cookbook\sql-static-lineage-data\task-projections\tasks\203958\versions\d6d63cfc55d459db88182f304db630ed6316fb4a4a7c91fd35acc4ce7a99170c.evidence-v3.json","E:\02_area\股衍数据-数据cookbook\sql-static-lineage-data\task-projections\tasks\203958\versions\d6d63cfc55d459db88182f304db630ed6316fb4a4a7c91fd35acc4ce7a99170c.json"
"203958","sparkIndex","dm_index_n.index_grp1_org_empaum_navsupernetrate_mth_all","task:203958:statement:0:relation:root.casttable.t3.setop.b0.setop.b0.setop.b0.setop.b0.setop.b0.setop.b0.setop.b0.setop.b0.setop.b0.setop.b0.setop.b0.setop.b0.setop.b0.setop.b0.setop.b0.setop.b0.setop.b0.setop.b0.setop.b0.setop.b0.setop.b0.setop.b0.setop.b0.setop.b0.setop.b0.setop.b0.setop.b0.setop.b0.setop.b0.setop.b0.setop.b0.setop.b0.setop.b0.setop.b0.setop.b1.read.index_grp1_org_empaum_navsupernetrate_mth_all","CONFIRMED","LITERAL","E:\02_area\股衍数据-数据cookbook\sql-static-lineage-data\task-projections\tasks\203958\versions\d6d63cfc55d459db88182f304db630ed6316fb4a4a7c91fd35acc4ce7a99170c.evidence-v3.json","E:\02_area\股衍数据-数据cookbook\sql-static-lineage-data\task-projections\tasks\203958\versions\d6d63cfc55d459db88182f304db630ed6316fb4a4a7c91fd35acc4ce7a99170c.json"
"203958","sparkIndex","dm_index_n.index_grp1_org_empaum_navsupernetrate_mth_all","task:203958:statement:0:relation:root.casttable.t3.setop.b0.setop.b0.setop.b0.setop.b0.setop.b0.setop.b0.setop.b0.setop.b0.setop.b0.setop.b0.setop.b0.setop.b0.setop.b0.setop.b0.setop.b0.setop.b0.setop.b0.setop.b0.setop.b0.setop.b0.setop.b0.setop.b0.setop.b0.setop.b0.setop.b0.setop.b0.setop.b0.setop.b0.setop.b0.setop.b0.setop.b0.setop.b0.setop.b0.setop.b1.read.index_grp1_org_empaum_navsupernetrate_mth_all","CONFIRMED","LITERAL","E:\02_area\股衍数据-数据cookbook\sql-static-lineage-data\task-projections\tasks\203958\versions\d6d63cfc55d459db88182f304db630ed6316fb4a4a7c91fd35acc4ce7a99170c.evidence-v3.json","E:\02_area\股衍数据-数据cookbook\sql-static-lineage-data\task-projections\tasks\203958\versions\d6d63cfc55d459db88182f304db630ed6316fb4a4a7c91fd35acc4ce7a99170c.json"
"203958","sparkIndex","dm_index_n.index_grp1_org_empaum_navsupernetrate_mth_all","task:203958:statement:0:relation:root.casttable.t3.setop.b0.setop.b0.setop.b0.setop.b0.setop.b0.setop.b0.setop.b0.setop.b0.setop.b0.setop.b0.setop.b0.setop.b0.setop.b0.setop.b0.setop.b0.setop.b0.setop.b0.setop.b0.setop.b0.setop.b0.setop.b0.setop.b0.setop.b0.setop.b0.setop.b0.setop.b0.setop.b0.setop.b0.setop.b0.setop.b0.setop.b0.setop.b0.setop.b1.read.index_grp1_org_empaum_navsupernetrate_mth_all","CONFIRMED","LITERAL","E:\02_area\股衍数据-数据cookbook\sql-static-lineage-data\task-projections\tasks\203958\versions\d6d63cfc55d459db88182f304db630ed6316fb4a4a7c91fd35acc4ce7a99170c.evidence-v3.json","E:\02_area\股衍数据-数据cookbook\sql-static-lineage-data\task-projections\tasks\203958\versions\d6d63cfc55d459db88182f304db630ed6316fb4a4a7c91fd35acc4ce7a99170c.json"
"203958","sparkIndex","dm_index_n.index_grp1_servcovrg_impcust_astpkgrela_year","task:203958:statement:0:relation:root.casttable.t3.setop.b0.setop.b0.setop.b0.setop.b0.setop.b0.setop.b0.setop.b0.setop.b0.setop.b0.setop.b0.setop.b0.setop.b0.setop.b0.setop.b0.setop.b0.setop.b0.setop.b0.setop.b0.setop.b0.setop.b0.setop.b0.setop.b0.setop.b0.setop.b0.setop.b0.setop.b0.setop.b0.setop.b0.setop.b1.read.index_grp1_servcovrg_impcust_astpkgrela_year","CONFIRMED","LITERAL","E:\02_area\股衍数据-数据cookbook\sql-static-lineage-data\task-projections\tasks\203958\versions\d6d63cfc55d459db88182f304db630ed6316fb4a4a7c91fd35acc4ce7a99170c.evidence-v3.json","E:\02_area\股衍数据-数据cookbook\sql-static-lineage-data\task-projections\tasks\203958\versions\d6d63cfc55d459db88182f304db630ed6316fb4a4a7c91fd35acc4ce7a99170c.json"
"203958","sparkIndex","dm_index_n.index_grp1_servcovrg_impcust_astpkgrela_year","task:203958:statement:0:relation:root.casttable.t3.setop.b0.setop.b0.setop.b0.setop.b0.setop.b0.setop.b0.setop.b0.setop.b0.setop.b0.setop.b0.setop.b0.setop.b0.setop.b0.setop.b0.setop.b0.setop.b0.setop.b0.setop.b0.setop.b0.setop.b0.setop.b0.setop.b0.setop.b0.setop.b0.setop.b0.setop.b0.setop.b0.setop.b1.read.index_grp1_servcovrg_impcust_astpkgrela_year","CONFIRMED","LITERAL","E:\02_area\股衍数据-数据cookbook\sql-static-lineage-data\task-projections\tasks\203958\versions\d6d63cfc55d459db88182f304db630ed6316fb4a4a7c91fd35acc4ce7a99170c.evidence-v3.json","E:\02_area\股衍数据-数据cookbook\sql-static-lineage-data\task-projections\tasks\203958\versions\d6d63cfc55d459db88182f304db630ed6316fb4a4a7c91fd35acc4ce7a99170c.json"
"203958","sparkIndex","dm_index_n.index_grp1_servcovrg_impcust_astpkgrela_year","task:203958:statement:0:relation:root.casttable.t3.setop.b0.setop.b0.setop.b0.setop.b0.setop.b0.setop.b0.setop.b0.setop.b0.setop.b0.setop.b0.setop.b0.setop.b0.setop.b0.setop.b0.setop.b0.setop.b0.setop.b0.setop.b0.setop.b0.setop.b0.setop.b0.setop.b0.setop.b0.setop.b0.setop.b0.setop.b0.setop.b1.read.index_grp1_servcovrg_impcust_astpkgrela_year","CONFIRMED","LITERAL","E:\02_area\股衍数据-数据cookbook\sql-static-lineage-data\task-projections\tasks\203958\versions\d6d63cfc55d459db88182f304db630ed6316fb4a4a7c91fd35acc4ce7a99170c.evidence-v3.json","E:\02_area\股衍数据-数据cookbook\sql-static-lineage-data\task-projections\tasks\203958\versions\d6d63cfc55d459db88182f304db630ed6316fb4a4a7c91fd35acc4ce7a99170c.json"
"203958","sparkIndex","dm_index_n.index_grp1_losrate_richhnwcust_year","task:203958:statement:0:relation:root.casttable.t3.setop.b0.setop.b0.setop.b0.setop.b0.setop.b0.setop.b0.setop.b0.setop.b0.setop.b0.setop.b0.setop.b0.setop.b0.setop.b0.setop.b0.setop.b0.setop.b0.setop.b0.setop.b0.setop.b0.setop.b0.setop.b0.setop.b0.setop.b0.setop.b0.setop.b0.setop.b1.read.index_grp1_losrate_richhnwcust_year","CONFIRMED","LITERAL","E:\02_area\股衍数据-数据cookbook\sql-static-lineage-data\task-projections\tasks\203958\versions\d6d63cfc55d459db88182f304db630ed6316fb4a4a7c91fd35acc4ce7a99170c.evidence-v3.json","E:\02_area\股衍数据-数据cookbook\sql-static-lineage-data\task-projections\tasks\203958\versions\d6d63cfc55d459db88182f304db630ed6316fb4a4a7c91fd35acc4ce7a99170c.json"
"203958","sparkIndex","dm_index_n.index_grp1_losrate_richhnwcust_year","task:203958:statement:0:relation:root.casttable.t3.setop.b0.setop.b0.setop.b0.setop.b0.setop.b0.setop.b0.setop.b0.setop.b0.setop.b0.setop.b0.setop.b0.setop.b0.setop.b0.setop.b0.setop.b0.setop.b0.setop.b0.setop.b0.setop.b0.setop.b0.setop.b0.setop.b0.setop.b0.setop.b0.setop.b1.read.index_grp1_losrate_richhnwcust_year","CONFIRMED","LITERAL","E:\02_area\股衍数据-数据cookbook\sql-static-lineage-data\task-projections\tasks\203958\versions\d6d63cfc55d459db88182f304db630ed6316fb4a4a7c91fd35acc4ce7a99170c.evidence-v3.json","E:\02_area\股衍数据-数据cookbook\sql-static-lineage-data\task-projections\tasks\203958\versions\d6d63cfc55d459db88182f304db630ed6316fb4a4a7c91fd35acc4ce7a99170c.json"
"203958","sparkIndex","dm_index_n.index_grp1_losrate_richhnwcust_year","task:203958:statement:0:relation:root.casttable.t3.setop.b0.setop.b0.setop.b0.setop.b0.setop.b0.setop.b0.setop.b0.setop.b0.setop.b0.setop.b0.setop.b0.setop.b0.setop.b0.setop.b0.setop.b0.setop.b0.setop.b0.setop.b0.setop.b0.setop.b0.setop.b0.setop.b0.setop.b0.setop.b1.read.index_grp1_losrate_richhnwcust_year","CONFIRMED","LITERAL","E:\02_area\股衍数据-数据cookbook\sql-static-lineage-data\task-projections\tasks\203958\versions\d6d63cfc55d459db88182f304db630ed6316fb4a4a7c91fd35acc4ce7a99170c.evidence-v3.json","E:\02_area\股衍数据-数据cookbook\sql-static-lineage-data\task-projections\tasks\203958\versions\d6d63cfc55d459db88182f304db630ed6316fb4a4a7c91fd35acc4ce7a99170c.json"
"203958","sparkIndex","dm_index_n.index_grp1_org_newsign_custcount_ianws_mth_ricc","task:203958:statement:0:relation:root.casttable.t3.setop.b0.setop.b0.setop.b0.setop.b0.setop.b0.setop.b0.setop.b0.setop.b0.setop.b0.setop.b0.setop.b0.setop.b0.setop.b0.setop.b0.setop.b0.setop.b0.setop.b0.setop.b0.setop.b0.setop.b0.setop.b0.setop.b0.setop.b1.read.index_grp1_org_newsign_custcount_ianws_mth_ricc","CONFIRMED","LITERAL","E:\02_area\股衍数据-数据cookbook\sql-static-lineage-data\task-projections\tasks\203958\versions\d6d63cfc55d459db88182f304db630ed6316fb4a4a7c91fd35acc4ce7a99170c.evidence-v3.json","E:\02_area\股衍数据-数据cookbook\sql-static-lineage-data\task-projections\tasks\203958\versions\d6d63cfc55d459db88182f304db630ed6316fb4a4a7c91fd35acc4ce7a99170c.json"
"203958","sparkIndex","dm_index_n.index_grp1_org_newsign_custcount_ianws_mth_ricc","task:203958:statement:0:relation:root.casttable.t3.setop.b0.setop.b0.setop.b0.setop.b0.setop.b0.setop.b0.setop.b0.setop.b0.setop.b0.setop.b0.setop.b0.setop.b0.setop.b0.setop.b0.setop.b0.setop.b0.setop.b0.setop.b0.setop.b0.setop.b0.setop.b0.setop.b1.read.index_grp1_org_newsign_custcount_ianws_mth_ricc","CONFIRMED","NON_LITERAL_PRESENT","E:\02_area\股衍数据-数据cookbook\sql-static-lineage-data\task-projections\tasks\203958\versions\d6d63cfc55d459db88182f304db630ed6316fb4a4a7c91fd35acc4ce7a99170c.evidence-v3.json","E:\02_area\股衍数据-数据cookbook\sql-static-lineage-data\task-projections\tasks\203958\versions\d6d63cfc55d459db88182f304db630ed6316fb4a4a7c91fd35acc4ce7a99170c.json"
"203958","sparkIndex","dm_index_n.index_grp1_org_newsign_custcount_ianws_mth_ricc","task:203958:statement:0:relation:root.casttable.t3.setop.b0.setop.b0.setop.b0.setop.b0.setop.b0.setop.b0.setop.b0.setop.b0.setop.b0.setop.b0.setop.b0.setop.b0.setop.b0.setop.b0.setop.b0.setop.b0.setop.b0.setop.b0.setop.b0.setop.b0.setop.b1.read.index_grp1_org_newsign_custcount_ianws_mth_ricc","CONFIRMED","NON_LITERAL_PRESENT","E:\02_area\股衍数据-数据cookbook\sql-static-lineage-data\task-projections\tasks\203958\versions\d6d63cfc55d459db88182f304db630ed6316fb4a4a7c91fd35acc4ce7a99170c.evidence-v3.json","E:\02_area\股衍数据-数据cookbook\sql-static-lineage-data\task-projections\tasks\203958\versions\d6d63cfc55d459db88182f304db630ed6316fb4a4a7c91fd35acc4ce7a99170c.json"
"203958","sparkIndex","dm_index_n.index_grp1_covrg_fullprdtnrcust_oactrela_accumtomth_ricc","task:203958:statement:0:relation:root.casttable.t3.setop.b0.setop.b0.setop.b0.setop.b0.setop.b0.setop.b0.setop.b0.setop.b0.setop.b0.setop.b0.setop.b0.setop.b0.setop.b0.setop.b0.setop.b0.setop.b0.setop.b0.setop.b0.setop.b0.setop.b1.read.index_grp1_covrg_fullprdtnrcust_oactrela_accumtomth_ricc","CONFIRMED","LITERAL","E:\02_area\股衍数据-数据cookbook\sql-static-lineage-data\task-projections\tasks\203958\versions\d6d63cfc55d459db88182f304db630ed6316fb4a4a7c91fd35acc4ce7a99170c.evidence-v3.json","E:\02_area\股衍数据-数据cookbook\sql-static-lineage-data\task-projections\tasks\203958\versions\d6d63cfc55d459db88182f304db630ed6316fb4a4a7c91fd35acc4ce7a99170c.json"
"203958","sparkIndex","dm_index_n.index_grp1_covrg_fullprdtnrcust_oactrela_accumtomth_ricc","task:203958:statement:0:relation:root.casttable.t3.setop.b0.setop.b0.setop.b0.setop.b0.setop.b0.setop.b0.setop.b0.setop.b0.setop.b0.setop.b0.setop.b0.setop.b0.setop.b0.setop.b0.setop.b0.setop.b0.setop.b0.setop.b0.setop.b1.read.index_grp1_covrg_fullprdtnrcust_oactrela_accumtomth_ricc","CONFIRMED","LITERAL","E:\02_area\股衍数据-数据cookbook\sql-static-lineage-data\task-projections\tasks\203958\versions\d6d63cfc55d459db88182f304db630ed6316fb4a4a7c91fd35acc4ce7a99170c.evidence-v3.json","E:\02_area\股衍数据-数据cookbook\sql-static-lineage-data\task-projections\tasks\203958\versions\d6d63cfc55d459db88182f304db630ed6316fb4a4a7c91fd35acc4ce7a99170c.json"
"203958","sparkIndex","dm_index_n.index_grp1_covrg_fullprdtnrcust_oactrela_accumtomth_ricc","task:203958:statement:0:relation:root.casttable.t3.setop.b0.setop.b0.setop.b0.setop.b0.setop.b0.setop.b0.setop.b0.setop.b0.setop.b0.setop.b0.setop.b0.setop.b0.setop.b0.setop.b0.setop.b0.setop.b0.setop.b0.setop.b1.read.index_grp1_covrg_fullprdtnrcust_oactrela_accumtomth_ricc","CONFIRMED","LITERAL","E:\02_area\股衍数据-数据cookbook\sql-static-lineage-data\task-projections\tasks\203958\versions\d6d63cfc55d459db88182f304db630ed6316fb4a4a7c91fd35acc4ce7a99170c.evidence-v3.json","E:\02_area\股衍数据-数据cookbook\sql-static-lineage-data\task-projections\tasks\203958\versions\d6d63cfc55d459db88182f304db630ed6316fb4a4a7c91fd35acc4ce7a99170c.json"
"203958","sparkIndex","dm_index_n.index_grp1_org_addcust_optbusi_oactrela_mth_ricc","task:203958:statement:0:relation:root.casttable.t3.setop.b0.setop.b0.setop.b0.setop.b0.setop.b0.setop.b0.setop.b0.setop.b0.setop.b0.setop.b0.setop.b0.setop.b0.setop.b0.setop.b0.setop.b0.setop.b0.setop.b1.read.index_grp1_org_addcust_optbusi_oactrela_mth_ricc","CONFIRMED","LITERAL","E:\02_area\股衍数据-数据cookbook\sql-static-lineage-data\task-projections\tasks\203958\versions\d6d63cfc55d459db88182f304db630ed6316fb4a4a7c91fd35acc4ce7a99170c.evidence-v3.json","E:\02_area\股衍数据-数据cookbook\sql-static-lineage-data\task-projections\tasks\203958\versions\d6d63cfc55d459db88182f304db630ed6316fb4a4a7c91fd35acc4ce7a99170c.json"
"203958","sparkIndex","dm_index_n.index_grp1_org_addcust_optbusi_oactrela_mth_ricc","task:203958:statement:0:relation:root.casttable.t3.setop.b0.setop.b0.setop.b0.setop.b0.setop.b0.setop.b0.setop.b0.setop.b0.setop.b0.setop.b0.setop.b0.setop.b0.setop.b0.setop.b0.setop.b0.setop.b1.read.index_grp1_org_addcust_optbusi_oactrela_mth_ricc","CONFIRMED","NON_LITERAL_PRESENT","E:\02_area\股衍数据-数据cookbook\sql-static-lineage-data\task-projections\tasks\203958\versions\d6d63cfc55d459db88182f304db630ed6316fb4a4a7c91fd35acc4ce7a99170c.evidence-v3.json","E:\02_area\股衍数据-数据cookbook\sql-static-lineage-data\task-projections\tasks\203958\versions\d6d63cfc55d459db88182f304db630ed6316fb4a4a7c91fd35acc4ce7a99170c.json"
"203958","sparkIndex","dm_index_n.index_grp1_org_addcust_optbusi_oactrela_mth_ricc","task:203958:statement:0:relation:root.casttable.t3.setop.b0.setop.b0.setop.b0.setop.b0.setop.b0.setop.b0.setop.b0.setop.b0.setop.b0.setop.b0.setop.b0.setop.b0.setop.b0.setop.b0.setop.b1.read.index_grp1_org_addcust_optbusi_oactrela_mth_ricc","CONFIRMED","NON_LITERAL_PRESENT","E:\02_area\股衍数据-数据cookbook\sql-static-lineage-data\task-projections\tasks\203958\versions\d6d63cfc55d459db88182f304db630ed6316fb4a4a7c91fd35acc4ce7a99170c.evidence-v3.json","E:\02_area\股衍数据-数据cookbook\sql-static-lineage-data\task-projections\tasks\203958\versions\d6d63cfc55d459db88182f304db630ed6316fb4a4a7c91fd35acc4ce7a99170c.json"
"203958","sparkIndex","dm_index_n.index_grp1_org_addcust_buyria_oactrela_mth_ricc","task:203958:statement:0:relation:root.casttable.t3.setop.b0.setop.b0.setop.b0.setop.b0.setop.b0.setop.b0.setop.b0.setop.b0.setop.b0.setop.b0.setop.b0.setop.b0.setop.b0.setop.b1.read.index_grp1_org_addcust_buyria_oactrela_mth_ricc","CONFIRMED","LITERAL","E:\02_area\股衍数据-数据cookbook\sql-static-lineage-data\task-projections\tasks\203958\versions\d6d63cfc55d459db88182f304db630ed6316fb4a4a7c91fd35acc4ce7a99170c.evidence-v3.json","E:\02_area\股衍数据-数据cookbook\sql-static-lineage-data\task-projections\tasks\203958\versions\d6d63cfc55d459db88182f304db630ed6316fb4a4a7c91fd35acc4ce7a99170c.json"
"203958","sparkIndex","dm_index_n.index_grp1_org_addcust_buyria_oactrela_mth_ricc","task:203958:statement:0:relation:root.casttable.t3.setop.b0.setop.b0.setop.b0.setop.b0.setop.b0.setop.b0.setop.b0.setop.b0.setop.b0.setop.b0.setop.b0.setop.b0.setop.b1.read.index_grp1_org_addcust_buyria_oactrela_mth_ricc","CONFIRMED","NON_LITERAL_PRESENT","E:\02_area\股衍数据-数据cookbook\sql-static-lineage-data\task-projections\tasks\203958\versions\d6d63cfc55d459db88182f304db630ed6316fb4a4a7c91fd35acc4ce7a99170c.evidence-v3.json","E:\02_area\股衍数据-数据cookbook\sql-static-lineage-data\task-projections\tasks\203958\versions\d6d63cfc55d459db88182f304db630ed6316fb4a4a7c91fd35acc4ce7a99170c.json"
"203958","sparkIndex","dm_index_n.index_grp1_org_addcust_buyria_oactrela_mth_ricc","task:203958:statement:0:relation:root.casttable.t3.setop.b0.setop.b0.setop.b0.setop.b0.setop.b0.setop.b0.setop.b0.setop.b0.setop.b0.setop.b0.setop.b0.setop.b1.read.index_grp1_org_addcust_buyria_oactrela_mth_ricc","CONFIRMED","NON_LITERAL_PRESENT","E:\02_area\股衍数据-数据cookbook\sql-static-lineage-data\task-projections\tasks\203958\versions\d6d63cfc55d459db88182f304db630ed6316fb4a4a7c91fd35acc4ce7a99170c.evidence-v3.json","E:\02_area\股衍数据-数据cookbook\sql-static-lineage-data\task-projections\tasks\203958\versions\d6d63cfc55d459db88182f304db630ed6316fb4a4a7c91fd35acc4ce7a99170c.json"
"203958","sparkIndex","dm_index_n.index_grp1_org_perrate_margcust_oactrela_mth_ricc","task:203958:statement:0:relation:root.casttable.t3.setop.b0.setop.b0.setop.b0.setop.b0.setop.b0.setop.b0.setop.b0.setop.b0.setop.b0.setop.b0.setop.b1.read.index_grp1_org_perrate_margcust_oactrela_mth_ricc","CONFIRMED","LITERAL","E:\02_area\股衍数据-数据cookbook\sql-static-lineage-data\task-projections\tasks\203958\versions\d6d63cfc55d459db88182f304db630ed6316fb4a4a7c91fd35acc4ce7a99170c.evidence-v3.json","E:\02_area\股衍数据-数据cookbook\sql-static-lineage-data\task-projections\tasks\203958\versions\d6d63cfc55d459db88182f304db630ed6316fb4a4a7c91fd35acc4ce7a99170c.json"
"203958","sparkIndex","dm_index_n.index_grp1_org_perrate_margcust_oactrela_mth_ricc","task:203958:statement:0:relation:root.casttable.t3.setop.b0.setop.b0.setop.b0.setop.b0.setop.b0.setop.b0.setop.b0.setop.b0.setop.b0.setop.b1.read.index_grp1_org_perrate_margcust_oactrela_mth_ricc","CONFIRMED","LITERAL","E:\02_area\股衍数据-数据cookbook\sql-static-lineage-data\task-projections\tasks\203958\versions\d6d63cfc55d459db88182f304db630ed6316fb4a4a7c91fd35acc4ce7a99170c.evidence-v3.json","E:\02_area\股衍数据-数据cookbook\sql-static-lineage-data\task-projections\tasks\203958\versions\d6d63cfc55d459db88182f304db630ed6316fb4a4a7c91fd35acc4ce7a99170c.json"
"203958","sparkIndex","dm_index_n.index_grp1_org_perrate_margcust_oactrela_mth_ricc","task:203958:statement:0:relation:root.casttable.t3.setop.b0.setop.b0.setop.b0.setop.b0.setop.b0.setop.b0.setop.b0.setop.b0.setop.b1.read.index_grp1_org_perrate_margcust_oactrela_mth_ricc","CONFIRMED","LITERAL","E:\02_area\股衍数据-数据cookbook\sql-static-lineage-data\task-projections\tasks\203958\versions\d6d63cfc55d459db88182f304db630ed6316fb4a4a7c91fd35acc4ce7a99170c.evidence-v3.json","E:\02_area\股衍数据-数据cookbook\sql-static-lineage-data\task-projections\tasks\203958\versions\d6d63cfc55d459db88182f304db630ed6316fb4a4a7c91fd35acc4ce7a99170c.json"
"203958","sparkIndex","dm_index_n.index_grp1_org_newmvalprop_oactrela_mth_ricc","task:203958:statement:0:relation:root.casttable.t3.setop.b0.setop.b0.setop.b0.setop.b0.setop.b0.setop.b0.setop.b0.setop.b1.read.index_grp1_org_newmvalprop_oactrela_mth_ricc","CONFIRMED","LITERAL","E:\02_area\股衍数据-数据cookbook\sql-static-lineage-data\task-projections\tasks\203958\versions\d6d63cfc55d459db88182f304db630ed6316fb4a4a7c91fd35acc4ce7a99170c.evidence-v3.json","E:\02_area\股衍数据-数据cookbook\sql-static-lineage-data\task-projections\tasks\203958\versions\d6d63cfc55d459db88182f304db630ed6316fb4a4a7c91fd35acc4ce7a99170c.json"
"203958","sparkIndex","dm_index_n.index_grp1_org_newmvalprop_oactrela_mth_ricc","task:203958:statement:0:relation:root.casttable.t3.setop.b0.setop.b0.setop.b0.setop.b0.setop.b0.setop.b0.setop.b1.read.index_grp1_org_newmvalprop_oactrela_mth_ricc","CONFIRMED","LITERAL","E:\02_area\股衍数据-数据cookbook\sql-static-lineage-data\task-projections\tasks\203958\versions\d6d63cfc55d459db88182f304db630ed6316fb4a4a7c91fd35acc4ce7a99170c.evidence-v3.json","E:\02_area\股衍数据-数据cookbook\sql-static-lineage-data\task-projections\tasks\203958\versions\d6d63cfc55d459db88182f304db630ed6316fb4a4a7c91fd35acc4ce7a99170c.json"
"203958","sparkIndex","dm_index_n.index_grp1_org_newmvalprop_oactrela_mth_ricc","task:203958:statement:0:relation:root.casttable.t3.setop.b0.setop.b0.setop.b0.setop.b0.setop.b0.setop.b1.read.index_grp1_org_newmvalprop_oactrela_mth_ricc","CONFIRMED","LITERAL","E:\02_area\股衍数据-数据cookbook\sql-static-lineage-data\task-projections\tasks\203958\versions\d6d63cfc55d459db88182f304db630ed6316fb4a4a7c91fd35acc4ce7a99170c.evidence-v3.json","E:\02_area\股衍数据-数据cookbook\sql-static-lineage-data\task-projections\tasks\203958\versions\d6d63cfc55d459db88182f304db630ed6316fb4a4a7c91fd35acc4ce7a99170c.json"
"203958","sparkIndex","dm_index_n.index_grp2_avgservtimes_aumimpcust_astpkgrela_yearendmth_ricc","task:203958:statement:0:relation:root.casttable.t3.setop.b0.setop.b0.setop.b0.setop.b0.setop.b1.read.index_grp2_avgservtimes_aumimpcust_astpkgrela_yearendmth_ricc","CONFIRMED","LITERAL","E:\02_area\股衍数据-数据cookbook\sql-static-lineage-data\task-projections\tasks\203958\versions\d6d63cfc55d459db88182f304db630ed6316fb4a4a7c91fd35acc4ce7a99170c.evidence-v3.json","E:\02_area\股衍数据-数据cookbook\sql-static-lineage-data\task-projections\tasks\203958\versions\d6d63cfc55d459db88182f304db630ed6316fb4a4a7c91fd35acc4ce7a99170c.json"
"203958","sparkIndex","dm_index_n.index_grp2_avgservtimes_aumimpcust_astpkgrela_yearendmth_ricc","task:203958:statement:0:relation:root.casttable.t3.setop.b0.setop.b0.setop.b0.setop.b1.read.index_grp2_avgservtimes_aumimpcust_astpkgrela_yearendmth_ricc","CONFIRMED","LITERAL","E:\02_area\股衍数据-数据cookbook\sql-static-lineage-data\task-projections\tasks\203958\versions\d6d63cfc55d459db88182f304db630ed6316fb4a4a7c91fd35acc4ce7a99170c.evidence-v3.json","E:\02_area\股衍数据-数据cookbook\sql-static-lineage-data\task-projections\tasks\203958\versions\d6d63cfc55d459db88182f304db630ed6316fb4a4a7c91fd35acc4ce7a99170c.json"
"203958","sparkIndex","dm_index_n.index_grp2_avgservtimes_aumimpcust_astpkgrela_yearendmth_ricc","task:203958:statement:0:relation:root.casttable.t3.setop.b0.setop.b0.setop.b1.read.index_grp2_avgservtimes_aumimpcust_astpkgrela_yearendmth_ricc","CONFIRMED","LITERAL","E:\02_area\股衍数据-数据cookbook\sql-static-lineage-data\task-projections\tasks\203958\versions\d6d63cfc55d459db88182f304db630ed6316fb4a4a7c91fd35acc4ce7a99170c.evidence-v3.json","E:\02_area\股衍数据-数据cookbook\sql-static-lineage-data\task-projections\tasks\203958\versions\d6d63cfc55d459db88182f304db630ed6316fb4a4a7c91fd35acc4ce7a99170c.json"
"203979","sparkIndex","dm_index_n.index_grp1_emp_aumnetast_muyield_aumastpkgrela_mth_ricc","task:203979:statement:0:relation:root.casttable.t3.setop.b0.setop.b0.setop.b0.setop.b0.setop.b0.setop.b0.setop.b0.setop.b0.setop.b0.setop.b0.setop.b0.setop.b0.setop.b0.setop.b0.setop.b0.setop.b0.setop.b0.setop.b0.setop.b0.setop.b0.setop.b0.setop.b0.setop.b0.setop.b0.setop.b0.setop.b0.setop.b0.setop.b0.setop.b0.setop.b0.setop.b0.setop.b0.setop.b0.setop.b0.setop.b0.setop.b0.setop.b0.setop.b0.setop.b0.setop.b1.read.index_grp1_emp_aumnetast_muyield_aumastpkgrela_mth_ricc","CONFIRMED","LITERAL","E:\02_area\股衍数据-数据cookbook\sql-static-lineage-data\task-projections\tasks\203979\versions\461ed3014cafd666f87daa67ffccafe2bc52a20bc5654dbd2ca4bcad0cf4cabc.evidence-v3.json","E:\02_area\股衍数据-数据cookbook\sql-static-lineage-data\task-projections\tasks\203979\versions\461ed3014cafd666f87daa67ffccafe2bc52a20bc5654dbd2ca4bcad0cf4cabc.json"
"203979","sparkIndex","dm_index_n.index_grp1_emp_aumnetast_muyield_aumastpkgrela_mth_ricc","task:203979:statement:0:relation:root.casttable.t3.setop.b0.setop.b0.setop.b0.setop.b0.setop.b0.setop.b0.setop.b0.setop.b0.setop.b0.setop.b0.setop.b0.setop.b0.setop.b0.setop.b0.setop.b0.setop.b0.setop.b0.setop.b0.setop.b0.setop.b0.setop.b0.setop.b0.setop.b0.setop.b0.setop.b0.setop.b0.setop.b0.setop.b0.setop.b0.setop.b0.setop.b0.setop.b0.setop.b0.setop.b0.setop.b0.setop.b0.setop.b0.setop.b0.setop.b1.read.index_grp1_emp_aumnetast_muyield_aumastpkgrela_mth_ricc","CONFIRMED","LITERAL","E:\02_area\股衍数据-数据cookbook\sql-static-lineage-data\task-projections\tasks\203979\versions\461ed3014cafd666f87daa67ffccafe2bc52a20bc5654dbd2ca4bcad0cf4cabc.evidence-v3.json","E:\02_area\股衍数据-数据cookbook\sql-static-lineage-data\task-projections\tasks\203979\versions\461ed3014cafd666f87daa67ffccafe2bc52a20bc5654dbd2ca4bcad0cf4cabc.json"
"203979","sparkIndex","dm_index_n.index_grp1_emp_aumnetast_muyield_aumastpkgrela_mth_ricc","task:203979:statement:0:relation:root.casttable.t3.setop.b0.setop.b0.setop.b0.setop.b0.setop.b0.setop.b0.setop.b0.setop.b0.setop.b0.setop.b0.setop.b0.setop.b0.setop.b0.setop.b0.setop.b0.setop.b0.setop.b0.setop.b0.setop.b0.setop.b0.setop.b0.setop.b0.setop.b0.setop.b0.setop.b0.setop.b0.setop.b0.setop.b0.setop.b0.setop.b0.setop.b0.setop.b0.setop.b0.setop.b0.setop.b0.setop.b0.setop.b0.setop.b1.read.index_grp1_emp_aumnetast_muyield_aumastpkgrela_mth_ricc","CONFIRMED","NON_LITERAL_PRESENT","E:\02_area\股衍数据-数据cookbook\sql-static-lineage-data\task-projections\tasks\203979\versions\461ed3014cafd666f87daa67ffccafe2bc52a20bc5654dbd2ca4bcad0cf4cabc.evidence-v3.json","E:\02_area\股衍数据-数据cookbook\sql-static-lineage-data\task-projections\tasks\203979\versions\461ed3014cafd666f87daa67ffccafe2bc52a20bc5654dbd2ca4bcad0cf4cabc.json"
"203979","sparkIndex","dm_index_n.index_grp1_emp_custaum_navsupernetrate_astpkgrela_mth_all","task:203979:statement:0:relation:root.casttable.t3.setop.b0.setop.b0.setop.b0.setop.b0.setop.b0.setop.b0.setop.b0.setop.b0.setop.b0.setop.b0.setop.b0.setop.b0.setop.b0.setop.b0.setop.b0.setop.b0.setop.b0.setop.b0.setop.b0.setop.b0.setop.b0.setop.b0.setop.b0.setop.b0.setop.b0.setop.b0.setop.b0.setop.b0.setop.b0.setop.b0.setop.b0.setop.b0.setop.b0.setop.b0.setop.b0.setop.b0.setop.b1.read.index_grp1_emp_custaum_navsupernetrate_astpkgrela_mth_all","CONFIRMED","LITERAL","E:\02_area\股衍数据-数据cookbook\sql-static-lineage-data\task-projections\tasks\203979\versions\461ed3014cafd666f87daa67ffccafe2bc52a20bc5654dbd2ca4bcad0cf4cabc.evidence-v3.json","E:\02_area\股衍数据-数据cookbook\sql-static-lineage-data\task-projections\tasks\203979\versions\461ed3014cafd666f87daa67ffccafe2bc52a20bc5654dbd2ca4bcad0cf4cabc.json"
"203979","sparkIndex","dm_index_n.index_grp1_emp_custaum_navsupernetrate_astpkgrela_mth_all","task:203979:statement:0:relation:root.casttable.t3.setop.b0.setop.b0.setop.b0.setop.b0.setop.b0.setop.b0.setop.b0.setop.b0.setop.b0.setop.b0.setop.b0.setop.b0.setop.b0.setop.b0.setop.b0.setop.b0.setop.b0.setop.b0.setop.b0.setop.b0.setop.b0.setop.b0.setop.b0.setop.b0.setop.b0.setop.b0.setop.b0.setop.b0.setop.b0.setop.b0.setop.b0.setop.b0.setop.b0.setop.b0.setop.b0.setop.b1.read.index_grp1_emp_custaum_navsupernetrate_astpkgrela_mth_all","CONFIRMED","LITERAL","E:\02_area\股衍数据-数据cookbook\sql-static-lineage-data\task-projections\tasks\203979\versions\461ed3014cafd666f87daa67ffccafe2bc52a20bc5654dbd2ca4bcad0cf4cabc.evidence-v3.json","E:\02_area\股衍数据-数据cookbook\sql-static-lineage-data\task-projections\tasks\203979\versions\461ed3014cafd666f87daa67ffccafe2bc52a20bc5654dbd2ca4bcad0cf4cabc.json"
"203979","sparkIndex","dm_index_n.index_grp1_emp_custaum_navsupernetrate_astpkgrela_mth_all","task:203979:statement:0:relation:root.casttable.t3.setop.b0.setop.b0.setop.b0.setop.b0.setop.b0.setop.b0.setop.b0.setop.b0.setop.b0.setop.b0.setop.b0.setop.b0.setop.b0.setop.b0.setop.b0.setop.b0.setop.b0.setop.b0.setop.b0.setop.b0.setop.b0.setop.b0.setop.b0.setop.b0.setop.b0.setop.b0.setop.b0.setop.b0.setop.b0.setop.b0.setop.b0.setop.b0.setop.b0.setop.b0.setop.b1.read.index_grp1_emp_custaum_navsupernetrate_astpkgrela_mth_all","CONFIRMED","LITERAL","E:\02_area\股衍数据-数据cookbook\sql-static-lineage-data\task-projections\tasks\203979\versions\461ed3014cafd666f87daa67ffccafe2bc52a20bc5654dbd2ca4bcad0cf4cabc.evidence-v3.json","E:\02_area\股衍数据-数据cookbook\sql-static-lineage-data\task-projections\tasks\203979\versions\461ed3014cafd666f87daa67ffccafe2bc52a20bc5654dbd2ca4bcad0cf4cabc.json"
"203979","sparkIndex","dm_index_n.index_grp1_emp_nav_aum_tdy_all","task:203979:statement:0:relation:root.casttable.t3.setop.b0.setop.b0.setop.b0.setop.b0.setop.b0.setop.b0.setop.b0.setop.b0.setop.b0.setop.b0.setop.b0.setop.b0.setop.b0.setop.b0.setop.b0.setop.b0.setop.b0.setop.b0.setop.b0.setop.b0.setop.b0.setop.b0.setop.b0.setop.b0.setop.b0.setop.b0.setop.b0.setop.b0.setop.b0.setop.b0.setop.b0.setop.b0.setop.b0.setop.b1.read.index_grp1_emp_nav_aum_tdy_all","CONFIRMED","LITERAL","E:\02_area\股衍数据-数据cookbook\sql-static-lineage-data\task-projections\tasks\203979\versions\461ed3014cafd666f87daa67ffccafe2bc52a20bc5654dbd2ca4bcad0cf4cabc.evidence-v3.json","E:\02_area\股衍数据-数据cookbook\sql-static-lineage-data\task-projections\tasks\203979\versions\461ed3014cafd666f87daa67ffccafe2bc52a20bc5654dbd2ca4bcad0cf4cabc.json"
"203979","sparkIndex","dm_index_n.index_grp1_emp_nav_aum_tdy_all","task:203979:statement:0:relation:root.casttable.t3.setop.b0.setop.b0.setop.b0.setop.b0.setop.b0.setop.b0.setop.b0.setop.b0.setop.b0.setop.b0.setop.b0.setop.b0.setop.b0.setop.b0.setop.b0.setop.b0.setop.b0.setop.b0.setop.b0.setop.b0.setop.b0.setop.b0.setop.b0.setop.b0.setop.b0.setop.b0.setop.b0.setop.b0.setop.b0.setop.b0.setop.b0.setop.b0.setop.b1.read.index_grp1_emp_nav_aum_tdy_all","CONFIRMED","LITERAL","E:\02_area\股衍数据-数据cookbook\sql-static-lineage-data\task-projections\tasks\203979\versions\461ed3014cafd666f87daa67ffccafe2bc52a20bc5654dbd2ca4bcad0cf4cabc.evidence-v3.json","E:\02_area\股衍数据-数据cookbook\sql-static-lineage-data\task-projections\tasks\203979\versions\461ed3014cafd666f87daa67ffccafe2bc52a20bc5654dbd2ca4bcad0cf4cabc.json"
"203979","sparkIndex","dm_index_n.index_grp1_emp_nav_aum_tdy_all","task:203979:statement:0:relation:root.casttable.t3.setop.b0.setop.b0.setop.b0.setop.b0.setop.b0.setop.b0.setop.b0.setop.b0.setop.b0.setop.b0.setop.b0.setop.b0.setop.b0.setop.b0.setop.b0.setop.b0.setop.b0.setop.b0.setop.b0.setop.b0.setop.b0.setop.b0.setop.b0.setop.b0.setop.b0.setop.b0.setop.b0.setop.b0.setop.b0.setop.b0.setop.b0.setop.b1.read.index_grp1_emp_nav_aum_tdy_all","CONFIRMED","LITERAL","E:\02_area\股衍数据-数据cookbook\sql-static-lineage-data\task-projections\tasks\203979\versions\461ed3014cafd666f87daa67ffccafe2bc52a20bc5654dbd2ca4bcad0cf4cabc.evidence-v3.json","E:\02_area\股衍数据-数据cookbook\sql-static-lineage-data\task-projections\tasks\203979\versions\461ed3014cafd666f87daa67ffccafe2bc52a20bc5654dbd2ca4bcad0cf4cabc.json"
"203979","sparkIndex","dm_index_n.index_grp1_authcust_servordevrela_endtdy","task:203979:statement:0:relation:root.casttable.t3.setop.b0.setop.b0.setop.b0.setop.b0.setop.b0.setop.b0.setop.b0.setop.b0.setop.b0.setop.b0.setop.b0.setop.b0.setop.b0.setop.b0.setop.b0.setop.b0.setop.b0.setop.b0.setop.b0.setop.b0.setop.b0.setop.b0.setop.b0.setop.b0.setop.b0.setop.b0.setop.b0.setop.b0.setop.b0.setop.b0.setop.b1.read.index_grp1_authcust_servordevrela_endtdy","CONFIRMED","LITERAL","E:\02_area\股衍数据-数据cookbook\sql-static-lineage-data\task-projections\tasks\203979\versions\461ed3014cafd666f87daa67ffccafe2bc52a20bc5654dbd2ca4bcad0cf4cabc.evidence-v3.json","E:\02_area\股衍数据-数据cookbook\sql-static-lineage-data\task-projections\tasks\203979\versions\461ed3014cafd666f87daa67ffccafe2bc52a20bc5654dbd2ca4bcad0cf4cabc.json"
"203979","sparkIndex","dm_index_n.index_grp1_authcust_servordevrela_endtdy","task:203979:statement:0:relation:root.casttable.t3.setop.b0.setop.b0.setop.b0.setop.b0.setop.b0.setop.b0.setop.b0.setop.b0.setop.b0.setop.b0.setop.b0.setop.b0.setop.b0.setop.b0.setop.b0.setop.b0.setop.b0.setop.b0.setop.b0.setop.b0.setop.b0.setop.b0.setop.b0.setop.b0.setop.b0.setop.b0.setop.b0.setop.b0.setop.b0.setop.b1.read.index_grp1_authcust_servordevrela_endtdy","CONFIRMED","LITERAL","E:\02_area\股衍数据-数据cookbook\sql-static-lineage-data\task-projections\tasks\203979\versions\461ed3014cafd666f87daa67ffccafe2bc52a20bc5654dbd2ca4bcad0cf4cabc.evidence-v3.json","E:\02_area\股衍数据-数据cookbook\sql-static-lineage-data\task-projections\tasks\203979\versions\461ed3014cafd666f87daa67ffccafe2bc52a20bc5654dbd2ca4bcad0cf4cabc.json"
"203979","sparkIndex","dm_index_n.index_grp1_authcust_servordevrela_endtdy","task:203979:statement:0:relation:root.casttable.t3.setop.b0.setop.b0.setop.b0.setop.b0.setop.b0.setop.b0.setop.b0.setop.b0.setop.b0.setop.b0.setop.b0.setop.b0.setop.b0.setop.b0.setop.b0.setop.b0.setop.b0.setop.b0.setop.b0.setop.b0.setop.b0.setop.b0.setop.b0.setop.b0.setop.b0.setop.b0.setop.b0.setop.b0.setop.b1.read.index_grp1_authcust_servordevrela_endtdy","CONFIRMED","LITERAL","E:\02_area\股衍数据-数据cookbook\sql-static-lineage-data\task-projections\tasks\203979\versions\461ed3014cafd666f87daa67ffccafe2bc52a20bc5654dbd2ca4bcad0cf4cabc.evidence-v3.json","E:\02_area\股衍数据-数据cookbook\sql-static-lineage-data\task-projections\tasks\203979\versions\461ed3014cafd666f87daa67ffccafe2bc52a20bc5654dbd2ca4bcad0cf4cabc.json"
"203979","sparkIndex","dm_index_n.index_grp1_servcovrg_impcust_astpkgrela_year","task:203979:statement:0:relation:root.casttable.t3.setop.b0.setop.b0.setop.b0.setop.b0.setop.b0.setop.b0.setop.b0.setop.b0.setop.b0.setop.b0.setop.b0.setop.b0.setop.b0.setop.b0.setop.b0.setop.b0.setop.b0.setop.b0.setop.b0.setop.b0.setop.b0.setop.b0.setop.b0.setop.b0.setop.b0.setop.b0.setop.b0.setop.b1.read.index_grp1_servcovrg_impcust_astpkgrela_year","CONFIRMED","LITERAL","E:\02_area\股衍数据-数据cookbook\sql-static-lineage-data\task-projections\tasks\203979\versions\461ed3014cafd666f87daa67ffccafe2bc52a20bc5654dbd2ca4bcad0cf4cabc.evidence-v3.json","E:\02_area\股衍数据-数据cookbook\sql-static-lineage-data\task-projections\tasks\203979\versions\461ed3014cafd666f87daa67ffccafe2bc52a20bc5654dbd2ca4bcad0cf4cabc.json"
"203979","sparkIndex","dm_index_n.index_grp1_servcovrg_impcust_astpkgrela_year","task:203979:statement:0:relation:root.casttable.t3.setop.b0.setop.b0.setop.b0.setop.b0.setop.b0.setop.b0.setop.b0.setop.b0.setop.b0.setop.b0.setop.b0.setop.b0.setop.b0.setop.b0.setop.b0.setop.b0.setop.b0.setop.b0.setop.b0.setop.b0.setop.b0.setop.b0.setop.b0.setop.b0.setop.b0.setop.b0.setop.b1.read.index_grp1_servcovrg_impcust_astpkgrela_year","CONFIRMED","LITERAL","E:\02_area\股衍数据-数据cookbook\sql-static-lineage-data\task-projections\tasks\203979\versions\461ed3014cafd666f87daa67ffccafe2bc52a20bc5654dbd2ca4bcad0cf4cabc.evidence-v3.json","E:\02_area\股衍数据-数据cookbook\sql-static-lineage-data\task-projections\tasks\203979\versions\461ed3014cafd666f87daa67ffccafe2bc52a20bc5654dbd2ca4bcad0cf4cabc.json"
"203979","sparkIndex","dm_index_n.index_grp1_servcovrg_impcust_astpkgrela_year","task:203979:statement:0:relation:root.casttable.t3.setop.b0.setop.b0.setop.b0.setop.b0.setop.b0.setop.b0.setop.b0.setop.b0.setop.b0.setop.b0.setop.b0.setop.b0.setop.b0.setop.b0.setop.b0.setop.b0.setop.b0.setop.b0.setop.b0.setop.b0.setop.b0.setop.b0.setop.b0.setop.b0.setop.b0.setop.b1.read.index_grp1_servcovrg_impcust_astpkgrela_year","CONFIRMED","LITERAL","E:\02_area\股衍数据-数据cookbook\sql-static-lineage-data\task-projections\tasks\203979\versions\461ed3014cafd666f87daa67ffccafe2bc52a20bc5654dbd2ca4bcad0cf4cabc.evidence-v3.json","E:\02_area\股衍数据-数据cookbook\sql-static-lineage-data\task-projections\tasks\203979\versions\461ed3014cafd666f87daa67ffccafe2bc52a20bc5654dbd2ca4bcad0cf4cabc.json"
"203979","sparkIndex","dm_index_n.index_grp1_custlosrate_richhnwcust_astpkgrela_qtr","task:203979:statement:0:relation:root.casttable.t3.setop.b0.setop.b0.setop.b0.setop.b0.setop.b0.setop.b0.setop.b0.setop.b0.setop.b0.setop.b0.setop.b0.setop.b0.setop.b0.setop.b0.setop.b0.setop.b0.setop.b0.setop.b0.setop.b0.setop.b0.setop.b0.setop.b0.setop.b0.setop.b0.setop.b1.read.index_grp1_custlosrate_richhnwcust_astpkgrela_qtr","CONFIRMED","LITERAL","E:\02_area\股衍数据-数据cookbook\sql-static-lineage-data\task-projections\tasks\203979\versions\461ed3014cafd666f87daa67ffccafe2bc52a20bc5654dbd2ca4bcad0cf4cabc.evidence-v3.json","E:\02_area\股衍数据-数据cookbook\sql-static-lineage-data\task-projections\tasks\203979\versions\461ed3014cafd666f87daa67ffccafe2bc52a20bc5654dbd2ca4bcad0cf4cabc.json"
"203979","sparkIndex","dm_index_n.index_grp1_custlosrate_richhnwcust_astpkgrela_qtr","task:203979:statement:0:relation:root.casttable.t3.setop.b0.setop.b0.setop.b0.setop.b0.setop.b0.setop.b0.setop.b0.setop.b0.setop.b0.setop.b0.setop.b0.setop.b0.setop.b0.setop.b0.setop.b0.setop.b0.setop.b0.setop.b0.setop.b0.setop.b0.setop.b0.setop.b0.setop.b0.setop.b1.read.index_grp1_custlosrate_richhnwcust_astpkgrela_qtr","CONFIRMED","LITERAL","E:\02_area\股衍数据-数据cookbook\sql-static-lineage-data\task-projections\tasks\203979\versions\461ed3014cafd666f87daa67ffccafe2bc52a20bc5654dbd2ca4bcad0cf4cabc.evidence-v3.json","E:\02_area\股衍数据-数据cookbook\sql-static-lineage-data\task-projections\tasks\203979\versions\461ed3014cafd666f87daa67ffccafe2bc52a20bc5654dbd2ca4bcad0cf4cabc.json"
"203979","sparkIndex","dm_index_n.index_grp1_custlosrate_richhnwcust_astpkgrela_qtr","task:203979:statement:0:relation:root.casttable.t3.setop.b0.setop.b0.setop.b0.setop.b0.setop.b0.setop.b0.setop.b0.setop.b0.setop.b0.setop.b0.setop.b0.setop.b0.setop.b0.setop.b0.setop.b0.setop.b0.setop.b0.setop.b0.setop.b0.setop.b0.setop.b0.setop.b0.setop.b1.read.index_grp1_custlosrate_richhnwcust_astpkgrela_qtr","CONFIRMED","NON_LITERAL_PRESENT","E:\02_area\股衍数据-数据cookbook\sql-static-lineage-data\task-projections\tasks\203979\versions\461ed3014cafd666f87daa67ffccafe2bc52a20bc5654dbd2ca4bcad0cf4cabc.evidence-v3.json","E:\02_area\股衍数据-数据cookbook\sql-static-lineage-data\task-projections\tasks\203979\versions\461ed3014cafd666f87daa67ffccafe2bc52a20bc5654dbd2ca4bcad0cf4cabc.json"
"203979","sparkIndex","dm_index_n.index_grp1_emp_newsign_custcount_ianws_mth_ricc","task:203979:statement:0:relation:root.casttable.t3.setop.b0.setop.b0.setop.b0.setop.b0.setop.b0.setop.b0.setop.b0.setop.b0.setop.b0.setop.b0.setop.b0.setop.b0.setop.b0.setop.b0.setop.b0.setop.b0.setop.b0.setop.b0.setop.b0.setop.b0.setop.b0.setop.b1.read.index_grp1_emp_newsign_custcount_ianws_mth_ricc","CONFIRMED","LITERAL","E:\02_area\股衍数据-数据cookbook\sql-static-lineage-data\task-projections\tasks\203979\versions\461ed3014cafd666f87daa67ffccafe2bc52a20bc5654dbd2ca4bcad0cf4cabc.evidence-v3.json","E:\02_area\股衍数据-数据cookbook\sql-static-lineage-data\task-projections\tasks\203979\versions\461ed3014cafd666f87daa67ffccafe2bc52a20bc5654dbd2ca4bcad0cf4cabc.json"
"203979","sparkIndex","dm_index_n.index_grp1_emp_newsign_custcount_ianws_mth_ricc","task:203979:statement:0:relation:root.casttable.t3.setop.b0.setop.b0.setop.b0.setop.b0.setop.b0.setop.b0.setop.b0.setop.b0.setop.b0.setop.b0.setop.b0.setop.b0.setop.b0.setop.b0.setop.b0.setop.b0.setop.b0.setop.b0.setop.b0.setop.b0.setop.b1.read.index_grp1_emp_newsign_custcount_ianws_mth_ricc","CONFIRMED","NON_LITERAL_PRESENT","E:\02_area\股衍数据-数据cookbook\sql-static-lineage-data\task-projections\tasks\203979\versions\461ed3014cafd666f87daa67ffccafe2bc52a20bc5654dbd2ca4bcad0cf4cabc.evidence-v3.json","E:\02_area\股衍数据-数据cookbook\sql-static-lineage-data\task-projections\tasks\203979\versions\461ed3014cafd666f87daa67ffccafe2bc52a20bc5654dbd2ca4bcad0cf4cabc.json"
"203979","sparkIndex","dm_index_n.index_grp1_emp_newsign_custcount_ianws_mth_ricc","task:203979:statement:0:relation:root.casttable.t3.setop.b0.setop.b0.setop.b0.setop.b0.setop.b0.setop.b0.setop.b0.setop.b0.setop.b0.setop.b0.setop.b0.setop.b0.setop.b0.setop.b0.setop.b0.setop.b0.setop.b0.setop.b0.setop.b0.setop.b1.read.index_grp1_emp_newsign_custcount_ianws_mth_ricc","CONFIRMED","NON_LITERAL_PRESENT","E:\02_area\股衍数据-数据cookbook\sql-static-lineage-data\task-projections\tasks\203979\versions\461ed3014cafd666f87daa67ffccafe2bc52a20bc5654dbd2ca4bcad0cf4cabc.evidence-v3.json","E:\02_area\股衍数据-数据cookbook\sql-static-lineage-data\task-projections\tasks\203979\versions\461ed3014cafd666f87daa67ffccafe2bc52a20bc5654dbd2ca4bcad0cf4cabc.json"
"203979","sparkIndex","dm_index_n.index_grp1_emp_covrg_fullprdtnrcust_astpkgrela_accumtomth_ricc","task:203979:statement:0:relation:root.casttable.t3.setop.b0.setop.b0.setop.b0.setop.b0.setop.b0.setop.b0.setop.b0.setop.b0.setop.b0.setop.b0.setop.b0.setop.b0.setop.b0.setop.b0.setop.b0.setop.b0.setop.b0.setop.b0.setop.b1.read.index_grp1_emp_covrg_fullprdtnrcust_astpkgrela_accumtomth_ricc","CONFIRMED","LITERAL","E:\02_area\股衍数据-数据cookbook\sql-static-lineage-data\task-projections\tasks\203979\versions\461ed3014cafd666f87daa67ffccafe2bc52a20bc5654dbd2ca4bcad0cf4cabc.evidence-v3.json","E:\02_area\股衍数据-数据cookbook\sql-static-lineage-data\task-projections\tasks\203979\versions\461ed3014cafd666f87daa67ffccafe2bc52a20bc5654dbd2ca4bcad0cf4cabc.json"
"203979","sparkIndex","dm_index_n.index_grp1_emp_covrg_fullprdtnrcust_astpkgrela_accumtomth_ricc","task:203979:statement:0:relation:root.casttable.t3.setop.b0.setop.b0.setop.b0.setop.b0.setop.b0.setop.b0.setop.b0.setop.b0.setop.b0.setop.b0.setop.b0.setop.b0.setop.b0.setop.b0.setop.b0.setop.b0.setop.b0.setop.b1.read.index_grp1_emp_covrg_fullprdtnrcust_astpkgrela_accumtomth_ricc","CONFIRMED","LITERAL","E:\02_area\股衍数据-数据cookbook\sql-static-lineage-data\task-projections\tasks\203979\versions\461ed3014cafd666f87daa67ffccafe2bc52a20bc5654dbd2ca4bcad0cf4cabc.evidence-v3.json","E:\02_area\股衍数据-数据cookbook\sql-static-lineage-data\task-projections\tasks\203979\versions\461ed3014cafd666f87daa67ffccafe2bc52a20bc5654dbd2ca4bcad0cf4cabc.json"
"203979","sparkIndex","dm_index_n.index_grp1_emp_covrg_fullprdtnrcust_astpkgrela_accumtomth_ricc","task:203979:statement:0:relation:root.casttable.t3.setop.b0.setop.b0.setop.b0.setop.b0.setop.b0.setop.b0.setop.b0.setop.b0.setop.b0.setop.b0.setop.b0.setop.b0.setop.b0.setop.b0.setop.b0.setop.b0.setop.b1.read.index_grp1_emp_covrg_fullprdtnrcust_astpkgrela_accumtomth_ricc","CONFIRMED","LITERAL","E:\02_area\股衍数据-数据cookbook\sql-static-lineage-data\task-projections\tasks\203979\versions\461ed3014cafd666f87daa67ffccafe2bc52a20bc5654dbd2ca4bcad0cf4cabc.evidence-v3.json","E:\02_area\股衍数据-数据cookbook\sql-static-lineage-data\task-projections\tasks\203979\versions\461ed3014cafd666f87daa67ffccafe2bc52a20bc5654dbd2ca4bcad0cf4cabc.json"
"203979","sparkIndex","dm_index_n.index_grp1_emp_addcust_optbusi_optdevrela_mth_ricc","task:203979:statement:0:relation:root.casttable.t3.setop.b0.setop.b0.setop.b0.setop.b0.setop.b0.setop.b0.setop.b0.setop.b0.setop.b0.setop.b0.setop.b0.setop.b0.setop.b0.setop.b0.setop.b0.setop.b1.read.index_grp1_emp_addcust_optbusi_optdevrela_mth_ricc","CONFIRMED","LITERAL","E:\02_area\股衍数据-数据cookbook\sql-static-lineage-data\task-projections\tasks\203979\versions\461ed3014cafd666f87daa67ffccafe2bc52a20bc5654dbd2ca4bcad0cf4cabc.evidence-v3.json","E:\02_area\股衍数据-数据cookbook\sql-static-lineage-data\task-projections\tasks\203979\versions\461ed3014cafd666f87daa67ffccafe2bc52a20bc5654dbd2ca4bcad0cf4cabc.json"
"203979","sparkIndex","dm_index_n.index_grp1_emp_addcust_optbusi_optdevrela_mth_ricc","task:203979:statement:0:relation:root.casttable.t3.setop.b0.setop.b0.setop.b0.setop.b0.setop.b0.setop.b0.setop.b0.setop.b0.setop.b0.setop.b0.setop.b0.setop.b0.setop.b0.setop.b0.setop.b1.read.index_grp1_emp_addcust_optbusi_optdevrela_mth_ricc","CONFIRMED","NON_LITERAL_PRESENT","E:\02_area\股衍数据-数据cookbook\sql-static-lineage-data\task-projections\tasks\203979\versions\461ed3014cafd666f87daa67ffccafe2bc52a20bc5654dbd2ca4bcad0cf4cabc.evidence-v3.json","E:\02_area\股衍数据-数据cookbook\sql-static-lineage-data\task-projections\tasks\203979\versions\461ed3014cafd666f87daa67ffccafe2bc52a20bc5654dbd2ca4bcad0cf4cabc.json"
"203979","sparkIndex","dm_index_n.index_grp1_emp_addcust_optbusi_optdevrela_mth_ricc","task:203979:statement:0:relation:root.casttable.t3.setop.b0.setop.b0.setop.b0.setop.b0.setop.b0.setop.b0.setop.b0.setop.b0.setop.b0.setop.b0.setop.b0.setop.b0.setop.b0.setop.b1.read.index_grp1_emp_addcust_optbusi_optdevrela_mth_ricc","CONFIRMED","NON_LITERAL_PRESENT","E:\02_area\股衍数据-数据cookbook\sql-static-lineage-data\task-projections\tasks\203979\versions\461ed3014cafd666f87daa67ffccafe2bc52a20bc5654dbd2ca4bcad0cf4cabc.evidence-v3.json","E:\02_area\股衍数据-数据cookbook\sql-static-lineage-data\task-projections\tasks\203979\versions\461ed3014cafd666f87daa67ffccafe2bc52a20bc5654dbd2ca4bcad0cf4cabc.json"
"203979","sparkIndex","dm_index_n.index_grp1_emp_addcust_buyria_astpkgrela_mth_ricc","task:203979:statement:0:relation:root.casttable.t3.setop.b0.setop.b0.setop.b0.setop.b0.setop.b0.setop.b0.setop.b0.setop.b0.setop.b0.setop.b0.setop.b0.setop.b0.setop.b1.read.index_grp1_emp_addcust_buyria_astpkgrela_mth_ricc","CONFIRMED","LITERAL","E:\02_area\股衍数据-数据cookbook\sql-static-lineage-data\task-projections\tasks\203979\versions\461ed3014cafd666f87daa67ffccafe2bc52a20bc5654dbd2ca4bcad0cf4cabc.evidence-v3.json","E:\02_area\股衍数据-数据cookbook\sql-static-lineage-data\task-projections\tasks\203979\versions\461ed3014cafd666f87daa67ffccafe2bc52a20bc5654dbd2ca4bcad0cf4cabc.json"
"203979","sparkIndex","dm_index_n.index_grp1_emp_addcust_buyria_astpkgrela_mth_ricc","task:203979:statement:0:relation:root.casttable.t3.setop.b0.setop.b0.setop.b0.setop.b0.setop.b0.setop.b0.setop.b0.setop.b0.setop.b0.setop.b0.setop.b0.setop.b1.read.index_grp1_emp_addcust_buyria_astpkgrela_mth_ricc","CONFIRMED","NON_LITERAL_PRESENT","E:\02_area\股衍数据-数据cookbook\sql-static-lineage-data\task-projections\tasks\203979\versions\461ed3014cafd666f87daa67ffccafe2bc52a20bc5654dbd2ca4bcad0cf4cabc.evidence-v3.json","E:\02_area\股衍数据-数据cookbook\sql-static-lineage-data\task-projections\tasks\203979\versions\461ed3014cafd666f87daa67ffccafe2bc52a20bc5654dbd2ca4bcad0cf4cabc.json"
"203979","sparkIndex","dm_index_n.index_grp1_emp_addcust_buyria_astpkgrela_mth_ricc","task:203979:statement:0:relation:root.casttable.t3.setop.b0.setop.b0.setop.b0.setop.b0.setop.b0.setop.b0.setop.b0.setop.b0.setop.b0.setop.b0.setop.b1.read.index_grp1_emp_addcust_buyria_astpkgrela_mth_ricc","CONFIRMED","NON_LITERAL_PRESENT","E:\02_area\股衍数据-数据cookbook\sql-static-lineage-data\task-projections\tasks\203979\versions\461ed3014cafd666f87daa67ffccafe2bc52a20bc5654dbd2ca4bcad0cf4cabc.evidence-v3.json","E:\02_area\股衍数据-数据cookbook\sql-static-lineage-data\task-projections\tasks\203979\versions\461ed3014cafd666f87daa67ffccafe2bc52a20bc5654dbd2ca4bcad0cf4cabc.json"
"203979","sparkIndex","dm_index_n.index_grp1_emp_perrate_marg_astpkgrela_mth_ricc","task:203979:statement:0:relation:root.casttable.t3.setop.b0.setop.b0.setop.b0.setop.b0.setop.b0.setop.b0.setop.b0.setop.b0.setop.b0.setop.b1.read.index_grp1_emp_perrate_marg_astpkgrela_mth_ricc","CONFIRMED","LITERAL","E:\02_area\股衍数据-数据cookbook\sql-static-lineage-data\task-projections\tasks\203979\versions\461ed3014cafd666f87daa67ffccafe2bc52a20bc5654dbd2ca4bcad0cf4cabc.evidence-v3.json","E:\02_area\股衍数据-数据cookbook\sql-static-lineage-data\task-projections\tasks\203979\versions\461ed3014cafd666f87daa67ffccafe2bc52a20bc5654dbd2ca4bcad0cf4cabc.json"
"203979","sparkIndex","dm_index_n.index_grp1_emp_perrate_marg_astpkgrela_mth_ricc","task:203979:statement:0:relation:root.casttable.t3.setop.b0.setop.b0.setop.b0.setop.b0.setop.b0.setop.b0.setop.b0.setop.b0.setop.b1.read.index_grp1_emp_perrate_marg_astpkgrela_mth_ricc","CONFIRMED","LITERAL","E:\02_area\股衍数据-数据cookbook\sql-static-lineage-data\task-projections\tasks\203979\versions\461ed3014cafd666f87daa67ffccafe2bc52a20bc5654dbd2ca4bcad0cf4cabc.evidence-v3.json","E:\02_area\股衍数据-数据cookbook\sql-static-lineage-data\task-projections\tasks\203979\versions\461ed3014cafd666f87daa67ffccafe2bc52a20bc5654dbd2ca4bcad0cf4cabc.json"
"203979","sparkIndex","dm_index_n.index_grp1_emp_perrate_marg_astpkgrela_mth_ricc","task:203979:statement:0:relation:root.casttable.t3.setop.b0.setop.b0.setop.b0.setop.b0.setop.b0.setop.b0.setop.b0.setop.b1.read.index_grp1_emp_perrate_marg_astpkgrela_mth_ricc","CONFIRMED","LITERAL","E:\02_area\股衍数据-数据cookbook\sql-static-lineage-data\task-projections\tasks\203979\versions\461ed3014cafd666f87daa67ffccafe2bc52a20bc5654dbd2ca4bcad0cf4cabc.evidence-v3.json","E:\02_area\股衍数据-数据cookbook\sql-static-lineage-data\task-projections\tasks\203979\versions\461ed3014cafd666f87daa67ffccafe2bc52a20bc5654dbd2ca4bcad0cf4cabc.json"
"203979","sparkIndex","dm_index_n.index_grp1_emp_newmvalprop_astpkgrela_mth_ricc","task:203979:statement:0:relation:root.casttable.t3.setop.b0.setop.b0.setop.b0.setop.b0.setop.b0.setop.b0.setop.b1.read.index_grp1_emp_newmvalprop_astpkgrela_mth_ricc","CONFIRMED","LITERAL","E:\02_area\股衍数据-数据cookbook\sql-static-lineage-data\task-projections\tasks\203979\versions\461ed3014cafd666f87daa67ffccafe2bc52a20bc5654dbd2ca4bcad0cf4cabc.evidence-v3.json","E:\02_area\股衍数据-数据cookbook\sql-static-lineage-data\task-projections\tasks\203979\versions\461ed3014cafd666f87daa67ffccafe2bc52a20bc5654dbd2ca4bcad0cf4cabc.json"
"203979","sparkIndex","dm_index_n.index_grp1_emp_newmvalprop_astpkgrela_mth_ricc","task:203979:statement:0:relation:root.casttable.t3.setop.b0.setop.b0.setop.b0.setop.b0.setop.b0.setop.b1.read.index_grp1_emp_newmvalprop_astpkgrela_mth_ricc","CONFIRMED","LITERAL","E:\02_area\股衍数据-数据cookbook\sql-static-lineage-data\task-projections\tasks\203979\versions\461ed3014cafd666f87daa67ffccafe2bc52a20bc5654dbd2ca4bcad0cf4cabc.evidence-v3.json","E:\02_area\股衍数据-数据cookbook\sql-static-lineage-data\task-projections\tasks\203979\versions\461ed3014cafd666f87daa67ffccafe2bc52a20bc5654dbd2ca4bcad0cf4cabc.json"
"203979","sparkIndex","dm_index_n.index_grp1_emp_newmvalprop_astpkgrela_mth_ricc","task:203979:statement:0:relation:root.casttable.t3.setop.b0.setop.b0.setop.b0.setop.b0.setop.b1.read.index_grp1_emp_newmvalprop_astpkgrela_mth_ricc","CONFIRMED","LITERAL","E:\02_area\股衍数据-数据cookbook\sql-static-lineage-data\task-projections\tasks\203979\versions\461ed3014cafd666f87daa67ffccafe2bc52a20bc5654dbd2ca4bcad0cf4cabc.evidence-v3.json","E:\02_area\股衍数据-数据cookbook\sql-static-lineage-data\task-projections\tasks\203979\versions\461ed3014cafd666f87daa67ffccafe2bc52a20bc5654dbd2ca4bcad0cf4cabc.json"
"203979","sparkIndex","dm_index_n.index_grp2_avgservtimes_aumimpcust_astpkgrela_yearendmth_ricc","task:203979:statement:0:relation:root.casttable.t3.setop.b0.setop.b0.setop.b0.setop.b1.read.index_grp2_avgservtimes_aumimpcust_astpkgrela_yearendmth_ricc","CONFIRMED","LITERAL","E:\02_area\股衍数据-数据cookbook\sql-static-lineage-data\task-projections\tasks\203979\versions\461ed3014cafd666f87daa67ffccafe2bc52a20bc5654dbd2ca4bcad0cf4cabc.evidence-v3.json","E:\02_area\股衍数据-数据cookbook\sql-static-lineage-data\task-projections\tasks\203979\versions\461ed3014cafd666f87daa67ffccafe2bc52a20bc5654dbd2ca4bcad0cf4cabc.json"
"203979","sparkIndex","dm_index_n.index_grp2_avgservtimes_aumimpcust_astpkgrela_yearendmth_ricc","task:203979:statement:0:relation:root.casttable.t3.setop.b0.setop.b0.setop.b1.read.index_grp2_avgservtimes_aumimpcust_astpkgrela_yearendmth_ricc","CONFIRMED","LITERAL","E:\02_area\股衍数据-数据cookbook\sql-static-lineage-data\task-projections\tasks\203979\versions\461ed3014cafd666f87daa67ffccafe2bc52a20bc5654dbd2ca4bcad0cf4cabc.evidence-v3.json","E:\02_area\股衍数据-数据cookbook\sql-static-lineage-data\task-projections\tasks\203979\versions\461ed3014cafd666f87daa67ffccafe2bc52a20bc5654dbd2ca4bcad0cf4cabc.json"
"203979","sparkIndex","dm_index_n.index_grp2_avgservtimes_aumimpcust_astpkgrela_yearendmth_ricc","task:203979:statement:0:relation:root.casttable.t3.setop.b0.setop.b1.read.index_grp2_avgservtimes_aumimpcust_astpkgrela_yearendmth_ricc","CONFIRMED","LITERAL","E:\02_area\股衍数据-数据cookbook\sql-static-lineage-data\task-projections\tasks\203979\versions\461ed3014cafd666f87daa67ffccafe2bc52a20bc5654dbd2ca4bcad0cf4cabc.evidence-v3.json","E:\02_area\股衍数据-数据cookbook\sql-static-lineage-data\task-projections\tasks\203979\versions\461ed3014cafd666f87daa67ffccafe2bc52a20bc5654dbd2ca4bcad0cf4cabc.json"
"203979","sparkIndex","dm_index_n.index_grp1_npssatiqstnnscor_refr_mth","task:203979:statement:0:relation:root.casttable.t3.setop.b1.read.index_grp1_npssatiqstnnscor_refr_mth","CONFIRMED","LITERAL","E:\02_area\股衍数据-数据cookbook\sql-static-lineage-data\task-projections\tasks\203979\versions\461ed3014cafd666f87daa67ffccafe2bc52a20bc5654dbd2ca4bcad0cf4cabc.evidence-v3.json","E:\02_area\股衍数据-数据cookbook\sql-static-lineage-data\task-projections\tasks\203979\versions\461ed3014cafd666f87daa67ffccafe2bc52a20bc5654dbd2ca4bcad0cf4cabc.json"
"205988","hive2oracle","dm_om_n.wt_smart_call_index_list","task:205988:statement:0:relation:root.setop.b0.setop.b0.read.t1","CONFIRMED","NON_LITERAL_PRESENT","E:\02_area\股衍数据-数据cookbook\sql-static-lineage-data\task-projections\tasks\205988\versions\6495a8be74150dffa5b7ab1f44a2e8336485ecdfed7d83e8a293c374d52e485b.evidence-v3.json","E:\02_area\股衍数据-数据cookbook\sql-static-lineage-data\task-projections\tasks\205988\versions\6495a8be74150dffa5b7ab1f44a2e8336485ecdfed7d83e8a293c374d52e485b.json"
"206314","sparkIndex","spdata_n.t98_our_cutp_grant_occp_det","task:206314:statement:0:relation:root.casttable.c.a.read.t98_our_cutp_grant_occp_det","CONFIRMED","NON_LITERAL_PRESENT","E:\02_area\股衍数据-数据cookbook\sql-static-lineage-data\task-projections\tasks\206314\versions\a3904b0e6dec414bcbfcc0112b7f446b30349e174cd202443552dd2f9d001075.evidence-v3.json","E:\02_area\股衍数据-数据cookbook\sql-static-lineage-data\task-projections\tasks\206314\versions\a3904b0e6dec414bcbfcc0112b7f446b30349e174cd202443552dd2f9d001075.json"
"206314","sparkIndex","spdata_n.t99_risk_grant_type_rel_ref","task:206314:statement:0:relation:root.casttable.c.b.read.t99_risk_grant_type_rel_ref","CONFIRMED","NON_LITERAL_PRESENT","E:\02_area\股衍数据-数据cookbook\sql-static-lineage-data\task-projections\tasks\206314\versions\a3904b0e6dec414bcbfcc0112b7f446b30349e174cd202443552dd2f9d001075.evidence-v3.json","E:\02_area\股衍数据-数据cookbook\sql-static-lineage-data\task-projections\tasks\206314\versions\a3904b0e6dec414bcbfcc0112b7f446b30349e174cd202443552dd2f9d001075.json"
"206454","sparkIndex","dm_index_n.index_grp1_cust_netastandresmval_20trddayapd_ricc","task:206454:statement:0:relation:root.casttable..setop.b0.setop.b0.setop.b0.setop.b0.setop.b0.setop.b0.setop.b0.setop.b0.setop.b0.setop.b0.setop.b0.setop.b0.setop.b0.setop.b0.setop.b0.setop.b0.setop.b0.setop.b0.setop.b0.setop.b0.setop.b0.setop.b0.setop.b0.setop.b0.setop.b0.setop.b0.setop.b0.setop.b0.setop.b0.read.index_grp1_cust_netastandresmval_20trddayapd_ricc","CONFIRMED","LITERAL","E:\02_area\股衍数据-数据cookbook\sql-static-lineage-data\task-projections\tasks\206454\versions\1ef89c1758a87e050612c3bc6b682c9b2e5211afb244034c5f1e5e419a02af97.evidence-v3.json","E:\02_area\股衍数据-数据cookbook\sql-static-lineage-data\task-projections\tasks\206454\versions\1ef89c1758a87e050612c3bc6b682c9b2e5211afb244034c5f1e5e419a02af97.json"
"206454","sparkIndex","dm_index_n.index_grp1_get_net_ast_1w_dealdays_last545day","task:206454:statement:0:relation:root.casttable..setop.b0.setop.b0.setop.b0.setop.b0.setop.b0.setop.b0.setop.b0.setop.b0.setop.b0.setop.b0.setop.b0.setop.b0.setop.b0.setop.b0.setop.b0.setop.b0.setop.b0.setop.b0.setop.b0.setop.b0.setop.b0.setop.b0.setop.b0.setop.b0.setop.b0.setop.b0.setop.b0.setop.b0.setop.b1.read.index_grp1_get_net_ast_1w_dealdays_last545day","CONFIRMED","LITERAL","E:\02_area\股衍数据-数据cookbook\sql-static-lineage-data\task-projections\tasks\206454\versions\1ef89c1758a87e050612c3bc6b682c9b2e5211afb244034c5f1e5e419a02af97.evidence-v3.json","E:\02_area\股衍数据-数据cookbook\sql-static-lineage-data\task-projections\tasks\206454\versions\1ef89c1758a87e050612c3bc6b682c9b2e5211afb244034c5f1e5e419a02af97.json"
"206454","sparkIndex","dm_index_n.index_grp1_fst_net_ast_get_thrh_date_add_10dealdays_last545day","task:206454:statement:0:relation:root.casttable..setop.b0.setop.b0.setop.b0.setop.b0.setop.b0.setop.b0.setop.b0.setop.b0.setop.b0.setop.b0.setop.b0.setop.b0.setop.b0.setop.b0.setop.b0.setop.b0.setop.b0.setop.b0.setop.b0.setop.b0.setop.b0.setop.b0.setop.b0.setop.b0.setop.b0.setop.b0.setop.b0.setop.b1.read.index_grp1_fst_net_ast_get_thrh_date_add_10dealdays_last545day","CONFIRMED","LITERAL","E:\02_area\股衍数据-数据cookbook\sql-static-lineage-data\task-projections\tasks\206454\versions\1ef89c1758a87e050612c3bc6b682c9b2e5211afb244034c5f1e5e419a02af97.evidence-v3.json","E:\02_area\股衍数据-数据cookbook\sql-static-lineage-data\task-projections\tasks\206454\versions\1ef89c1758a87e050612c3bc6b682c9b2e5211afb244034c5f1e5e419a02af97.json"
"206454","sparkIndex","dm_index_n.index_grp1_firqualtotastmaxvaldate_endtdy","task:206454:statement:0:relation:root.casttable..setop.b0.setop.b0.setop.b0.setop.b0.setop.b0.setop.b0.setop.b0.setop.b0.setop.b0.setop.b0.setop.b0.setop.b0.setop.b0.setop.b0.setop.b0.setop.b0.setop.b0.setop.b0.setop.b0.setop.b0.setop.b0.setop.b0.setop.b0.setop.b0.setop.b0.setop.b0.setop.b1.read.index_grp1_firqualtotastmaxvaldate_endtdy","CONFIRMED","LITERAL","E:\02_area\股衍数据-数据cookbook\sql-static-lineage-data\task-projections\tasks\206454\versions\1ef89c1758a87e050612c3bc6b682c9b2e5211afb244034c5f1e5e419a02af97.evidence-v3.json","E:\02_area\股衍数据-数据cookbook\sql-static-lineage-data\task-projections\tasks\206454\versions\1ef89c1758a87e050612c3bc6b682c9b2e5211afb244034c5f1e5e419a02af97.json"
"206454","sparkIndex","dm_index_n.index_grp1_cust_relacoef_since2019_retandorgcntr","task:206454:statement:0:relation:root.casttable..setop.b0.setop.b0.setop.b0.setop.b0.setop.b0.setop.b0.setop.b0.setop.b0.setop.b0.setop.b0.setop.b0.setop.b0.setop.b0.setop.b0.setop.b0.setop.b0.setop.b0.setop.b0.setop.b0.setop.b0.setop.b0.setop.b0.setop.b0.setop.b0.setop.b1.read.index_grp1_cust_relacoef_since2019_retandorgcntr","CONFIRMED","LITERAL","E:\02_area\股衍数据-数据cookbook\sql-static-lineage-data\task-projections\tasks\206454\versions\1ef89c1758a87e050612c3bc6b682c9b2e5211afb244034c5f1e5e419a02af97.evidence-v3.json","E:\02_area\股衍数据-数据cookbook\sql-static-lineage-data\task-projections\tasks\206454\versions\1ef89c1758a87e050612c3bc6b682c9b2e5211afb244034c5f1e5e419a02af97.json"
"206454","sparkIndex","dm_index_n.index_grp_apdmval_vari_last20td_compr_one_year","task:206454:statement:0:relation:root.casttable..setop.b0.setop.b0.setop.b0.setop.b0.setop.b0.setop.b0.setop.b0.setop.b0.setop.b0.setop.b0.setop.b0.setop.b0.setop.b0.setop.b0.setop.b0.setop.b0.setop.b0.setop.b0.setop.b0.setop.b0.setop.b0.setop.b0.setop.b0.setop.b1.read.index_grp_apdmval_vari_last20td_compr_one_year","CONFIRMED","LITERAL","E:\02_area\股衍数据-数据cookbook\sql-static-lineage-data\task-projections\tasks\206454\versions\1ef89c1758a87e050612c3bc6b682c9b2e5211afb244034c5f1e5e419a02af97.evidence-v3.json","E:\02_area\股衍数据-数据cookbook\sql-static-lineage-data\task-projections\tasks\206454\versions\1ef89c1758a87e050612c3bc6b682c9b2e5211afb244034c5f1e5e419a02af97.json"
"206454","sparkIndex","dm_index_n.index_grp1_fir_net_ast_reaching_thrh_date_from20231226","task:206454:statement:0:relation:root.casttable..setop.b0.setop.b0.setop.b0.setop.b0.setop.b0.setop.b0.setop.b0.setop.b0.setop.b0.setop.b0.setop.b0.setop.b0.setop.b0.setop.b0.setop.b0.setop.b0.setop.b0.setop.b0.setop.b0.setop.b0.setop.b0.setop.b0.setop.b1.read.index_grp1_fir_net_ast_reaching_thrh_date_from20231226","CONFIRMED","LITERAL","E:\02_area\股衍数据-数据cookbook\sql-static-lineage-data\task-projections\tasks\206454\versions\1ef89c1758a87e050612c3bc6b682c9b2e5211afb244034c5f1e5e419a02af97.evidence-v3.json","E:\02_area\股衍数据-数据cookbook\sql-static-lineage-data\task-projections\tasks\206454\versions\1ef89c1758a87e050612c3bc6b682c9b2e5211afb244034c5f1e5e419a02af97.json"
"206454","sparkIndex","dm_index_n.index_grp1_astchgrate_retandorgcntr","task:206454:statement:0:relation:root.casttable..setop.b0.setop.b0.setop.b0.setop.b0.setop.b0.setop.b0.setop.b0.setop.b0.setop.b0.setop.b0.setop.b0.setop.b0.setop.b0.setop.b0.setop.b0.setop.b0.setop.b0.setop.b0.setop.b0.setop.b0.setop.b0.setop.b1.read.index_grp1_astchgrate_retandorgcntr","CONFIRMED","LITERAL","E:\02_area\股衍数据-数据cookbook\sql-static-lineage-data\task-projections\tasks\206454\versions\1ef89c1758a87e050612c3bc6b682c9b2e5211afb244034c5f1e5e419a02af97.evidence-v3.json","E:\02_area\股衍数据-数据cookbook\sql-static-lineage-data\task-projections\tasks\206454\versions\1ef89c1758a87e050612c3bc6b682c9b2e5211afb244034c5f1e5e419a02af97.json"
"206454","sparkIndex","dm_index_n.index_grp1_apdtnramt_finprd_1year","task:206454:statement:0:relation:root.casttable..setop.b0.setop.b0.setop.b0.setop.b0.setop.b0.setop.b0.setop.b0.setop.b0.setop.b0.setop.b0.setop.b0.setop.b0.setop.b0.setop.b0.setop.b0.setop.b0.setop.b0.setop.b0.setop.b0.setop.b0.setop.b1.read.index_grp1_apdtnramt_finprd_1year","CONFIRMED","LITERAL","E:\02_area\股衍数据-数据cookbook\sql-static-lineage-data\task-projections\tasks\206454\versions\1ef89c1758a87e050612c3bc6b682c9b2e5211afb244034c5f1e5e419a02af97.evidence-v3.json","E:\02_area\股衍数据-数据cookbook\sql-static-lineage-data\task-projections\tasks\206454\versions\1ef89c1758a87e050612c3bc6b682c9b2e5211afb244034c5f1e5e419a02af97.json"
"206454","sparkIndex","dm_index_n.index_grp1_premdlscor_ast_lvl","task:206454:statement:0:relation:root.casttable..setop.b0.setop.b0.setop.b0.setop.b0.setop.b0.setop.b0.setop.b0.setop.b0.setop.b0.setop.b0.setop.b0.setop.b0.setop.b0.setop.b0.setop.b0.setop.b0.setop.b0.setop.b0.setop.b0.setop.b1.read.index_grp1_premdlscor_ast_lvl","CONFIRMED","LITERAL","E:\02_area\股衍数据-数据cookbook\sql-static-lineage-data\task-projections\tasks\206454\versions\1ef89c1758a87e050612c3bc6b682c9b2e5211afb244034c5f1e5e419a02af97.evidence-v3.json","E:\02_area\股衍数据-数据cookbook\sql-static-lineage-data\task-projections\tasks\206454\versions\1ef89c1758a87e050612c3bc6b682c9b2e5211afb244034c5f1e5e419a02af97.json"
"206454","sparkIndex","dm_index_n.index_grp1_ast_gt1w_trds_year","task:206454:statement:0:relation:root.casttable..setop.b0.setop.b0.setop.b0.setop.b0.setop.b0.setop.b0.setop.b0.setop.b0.setop.b0.setop.b0.setop.b0.setop.b0.setop.b0.setop.b0.setop.b0.setop.b0.setop.b0.setop.b0.setop.b1.read.index_grp1_ast_gt1w_trds_year","CONFIRMED","LITERAL","E:\02_area\股衍数据-数据cookbook\sql-static-lineage-data\task-projections\tasks\206454\versions\1ef89c1758a87e050612c3bc6b682c9b2e5211afb244034c5f1e5e419a02af97.evidence-v3.json","E:\02_area\股衍数据-数据cookbook\sql-static-lineage-data\task-projections\tasks\206454\versions\1ef89c1758a87e050612c3bc6b682c9b2e5211afb244034c5f1e5e419a02af97.json"
"206454","sparkIndex","dm_index_n.index_grp_total_net_asset_fst_pos","task:206454:statement:0:relation:root.casttable..setop.b0.setop.b0.setop.b0.setop.b0.setop.b0.setop.b0.setop.b0.setop.b0.setop.b0.setop.b0.setop.b0.setop.b0.setop.b0.setop.b0.setop.b0.setop.b0.setop.b0.setop.b1.read.index_grp_total_net_asset_fst_pos","CONFIRMED","LITERAL","E:\02_area\股衍数据-数据cookbook\sql-static-lineage-data\task-projections\tasks\206454\versions\1ef89c1758a87e050612c3bc6b682c9b2e5211afb244034c5f1e5e419a02af97.evidence-v3.json","E:\02_area\股衍数据-数据cookbook\sql-static-lineage-data\task-projections\tasks\206454\versions\1ef89c1758a87e050612c3bc6b682c9b2e5211afb244034c5f1e5e419a02af97.json"
"206454","sparkIndex","dm_index_n.index_grp1_last30d_net_ast_ge_asgn_amt_days","task:206454:statement:0:relation:root.casttable..setop.b0.setop.b0.setop.b0.setop.b0.setop.b0.setop.b0.setop.b0.setop.b0.setop.b0.setop.b0.setop.b0.setop.b0.setop.b0.setop.b0.setop.b0.setop.b1.read.index_grp1_last30d_net_ast_ge_asgn_amt_days","CONFIRMED","LITERAL","E:\02_area\股衍数据-数据cookbook\sql-static-lineage-data\task-projections\tasks\206454\versions\1ef89c1758a87e050612c3bc6b682c9b2e5211afb244034c5f1e5e419a02af97.evidence-v3.json","E:\02_area\股衍数据-数据cookbook\sql-static-lineage-data\task-projections\tasks\206454\versions\1ef89c1758a87e050612c3bc6b682c9b2e5211afb244034c5f1e5e419a02af97.json"
"206454","sparkIndex","dm_index_n.index_grp_add_net_asset","task:206454:statement:0:relation:root.casttable..setop.b0.setop.b0.setop.b0.setop.b0.setop.b0.setop.b0.setop.b0.setop.b0.setop.b0.setop.b0.setop.b0.setop.b0.setop.b1.read.index_grp_add_net_asset","CONFIRMED","LITERAL","E:\02_area\股衍数据-数据cookbook\sql-static-lineage-data\task-projections\tasks\206454\versions\1ef89c1758a87e050612c3bc6b682c9b2e5211afb244034c5f1e5e419a02af97.evidence-v3.json","E:\02_area\股衍数据-数据cookbook\sql-static-lineage-data\task-projections\tasks\206454\versions\1ef89c1758a87e050612c3bc6b682c9b2e5211afb244034c5f1e5e419a02af97.json"
"206454","sparkIndex","dm_index_n.index_grp1_yieldamt_year","task:206454:statement:0:relation:root.casttable..setop.b0.setop.b0.setop.b0.setop.b0.setop.b0.setop.b0.setop.b0.setop.b0.setop.b0.setop.b0.setop.b1.read.index_grp1_yieldamt_year","CONFIRMED","LITERAL","E:\02_area\股衍数据-数据cookbook\sql-static-lineage-data\task-projections\tasks\206454\versions\1ef89c1758a87e050612c3bc6b682c9b2e5211afb244034c5f1e5e419a02af97.evidence-v3.json","E:\02_area\股衍数据-数据cookbook\sql-static-lineage-data\task-projections\tasks\206454\versions\1ef89c1758a87e050612c3bc6b682c9b2e5211afb244034c5f1e5e419a02af97.json"
"206454","sparkIndex","dm_index_n.index_cust_prdqty_trd_hld_pos_12mth","task:206454:statement:0:relation:root.casttable..setop.b0.setop.b0.setop.b0.setop.b0.setop.b0.setop.b0.setop.b0.setop.b1.read.index_cust_prdqty_trd_hld_pos_12mth","CONFIRMED","LITERAL","E:\02_area\股衍数据-数据cookbook\sql-static-lineage-data\task-projections\tasks\206454\versions\1ef89c1758a87e050612c3bc6b682c9b2e5211afb244034c5f1e5e419a02af97.evidence-v3.json","E:\02_area\股衍数据-数据cookbook\sql-static-lineage-data\task-projections\tasks\206454\versions\1ef89c1758a87e050612c3bc6b682c9b2e5211afb244034c5f1e5e419a02af97.json"
"206454","sparkIndex","dm_index_n.index_grp1_netast_bond_tdy_inclcash","task:206454:statement:0:relation:root.casttable..setop.b0.setop.b0.setop.b0.setop.b0.setop.b0.setop.b0.setop.b1.read.index_grp1_netast_bond_tdy_inclcash","CONFIRMED","LITERAL","E:\02_area\股衍数据-数据cookbook\sql-static-lineage-data\task-projections\tasks\206454\versions\1ef89c1758a87e050612c3bc6b682c9b2e5211afb244034c5f1e5e419a02af97.evidence-v3.json","E:\02_area\股衍数据-数据cookbook\sql-static-lineage-data\task-projections\tasks\206454\versions\1ef89c1758a87e050612c3bc6b682c9b2e5211afb244034c5f1e5e419a02af97.json"
"206454","sparkIndex","dm_index_n.index_grp_cust_astnetinamt_mth","task:206454:statement:0:relation:root.casttable..setop.b0.setop.b0.setop.b0.setop.b0.setop.b1.read.index_grp_cust_astnetinamt_mth","CONFIRMED","LITERAL","E:\02_area\股衍数据-数据cookbook\sql-static-lineage-data\task-projections\tasks\206454\versions\1ef89c1758a87e050612c3bc6b682c9b2e5211afb244034c5f1e5e419a02af97.evidence-v3.json","E:\02_area\股衍数据-数据cookbook\sql-static-lineage-data\task-projections\tasks\206454\versions\1ef89c1758a87e050612c3bc6b682c9b2e5211afb244034c5f1e5e419a02af97.json"
"206454","sparkIndex","dm_index_n.index_grp1_nav_ostotsdscr_acctdiagclas_tdy_retandorgcntr","task:206454:statement:0:relation:root.casttable..setop.b0.setop.b0.setop.b0.setop.b1.read.index_grp1_nav_ostotsdscr_acctdiagclas_tdy_retandorgcntr","CONFIRMED","LITERAL","E:\02_area\股衍数据-数据cookbook\sql-static-lineage-data\task-projections\tasks\206454\versions\1ef89c1758a87e050612c3bc6b682c9b2e5211afb244034c5f1e5e419a02af97.evidence-v3.json","E:\02_area\股衍数据-数据cookbook\sql-static-lineage-data\task-projections\tasks\206454\versions\1ef89c1758a87e050612c3bc6b682c9b2e5211afb244034c5f1e5e419a02af97.json"
"206454","sparkIndex","dm_index_n.index_grp_liab_highest_total_amount","task:206454:statement:0:relation:root.casttable..setop.b0.setop.b0.setop.b1.read.index_grp_liab_highest_total_amount","CONFIRMED","LITERAL","E:\02_area\股衍数据-数据cookbook\sql-static-lineage-data\task-projections\tasks\206454\versions\1ef89c1758a87e050612c3bc6b682c9b2e5211afb244034c5f1e5e419a02af97.evidence-v3.json","E:\02_area\股衍数据-数据cookbook\sql-static-lineage-data\task-projections\tasks\206454\versions\1ef89c1758a87e050612c3bc6b682c9b2e5211afb244034c5f1e5e419a02af97.json"
"206454","sparkIndex","dm_index_n.index_grp1_fir_10days_apd_net_ast_ge_20w_date_lst545days","task:206454:statement:0:relation:root.casttable..setop.b0.setop.b1.read.index_grp1_fir_10days_apd_net_ast_ge_20w_date_lst545days","CONFIRMED","LITERAL","E:\02_area\股衍数据-数据cookbook\sql-static-lineage-data\task-projections\tasks\206454\versions\1ef89c1758a87e050612c3bc6b682c9b2e5211afb244034c5f1e5e419a02af97.evidence-v3.json","E:\02_area\股衍数据-数据cookbook\sql-static-lineage-data\task-projections\tasks\206454\versions\1ef89c1758a87e050612c3bc6b682c9b2e5211afb244034c5f1e5e419a02af97.json"
"206454","sparkIndex","dm_index_n.grp1_year_apd_mkt_val_all","task:206454:statement:0:relation:root.casttable..setop.b1.read.grp1_year_apd_mkt_val_all","CONFIRMED","LITERAL","E:\02_area\股衍数据-数据cookbook\sql-static-lineage-data\task-projections\tasks\206454\versions\1ef89c1758a87e050612c3bc6b682c9b2e5211afb244034c5f1e5e419a02af97.evidence-v3.json","E:\02_area\股衍数据-数据cookbook\sql-static-lineage-data\task-projections\tasks\206454\versions\1ef89c1758a87e050612c3bc6b682c9b2e5211afb244034c5f1e5e419a02af97.json"
"206467","sparkIndex","dm_index_n.grp_tag_client_cust_typ","task:206467:statement:0:relation:root.casttable.tt.setop.b0.tt0.t1.read.a","CONFIRMED","LITERAL","E:\02_area\股衍数据-数据cookbook\sql-static-lineage-data\task-projections\tasks\206467\versions\3854ce56eda2c5494e0d7569e7ed00eb4e93645aa669c6d9b3fc3c2df3283587.evidence-v3.json","E:\02_area\股衍数据-数据cookbook\sql-static-lineage-data\task-projections\tasks\206467\versions\3854ce56eda2c5494e0d7569e7ed00eb4e93645aa669c6d9b3fc3c2df3283587.json"
"206467","sparkIndex","dm_index_n.grp_tag_client_cust_stat","task:206467:statement:0:relation:root.casttable.tt.setop.b0.tt0.t3.read.grp_tag_client_cust_stat","CONFIRMED","LITERAL","E:\02_area\股衍数据-数据cookbook\sql-static-lineage-data\task-projections\tasks\206467\versions\3854ce56eda2c5494e0d7569e7ed00eb4e93645aa669c6d9b3fc3c2df3283587.evidence-v3.json","E:\02_area\股衍数据-数据cookbook\sql-static-lineage-data\task-projections\tasks\206467\versions\3854ce56eda2c5494e0d7569e7ed00eb4e93645aa669c6d9b3fc3c2df3283587.json"
"206467","sparkIndex","dm_index_n.index_grp1_endopenrighdate_inclhisopen","task:206467:statement:0:relation:root.casttable.tt.setop.b0.tt0.t4.read.index_grp1_endopenrighdate_inclhisopen","CONFIRMED","NON_LITERAL_PRESENT","E:\02_area\股衍数据-数据cookbook\sql-static-lineage-data\task-projections\tasks\206467\versions\3854ce56eda2c5494e0d7569e7ed00eb4e93645aa669c6d9b3fc3c2df3283587.evidence-v3.json","E:\02_area\股衍数据-数据cookbook\sql-static-lineage-data\task-projections\tasks\206467\versions\3854ce56eda2c5494e0d7569e7ed00eb4e93645aa669c6d9b3fc3c2df3283587.json"
"206467","sparkIndex","dm_index_n.grp_tag_client_risk_lvl","task:206467:statement:0:relation:root.casttable.tt.setop.b0.tt0.t6.a.read.grp_tag_client_risk_lvl","CONFIRMED","LITERAL","E:\02_area\股衍数据-数据cookbook\sql-static-lineage-data\task-projections\tasks\206467\versions\3854ce56eda2c5494e0d7569e7ed00eb4e93645aa669c6d9b3fc3c2df3283587.evidence-v3.json","E:\02_area\股衍数据-数据cookbook\sql-static-lineage-data\task-projections\tasks\206467\versions\3854ce56eda2c5494e0d7569e7ed00eb4e93645aa669c6d9b3fc3c2df3283587.json"
"206467","sparkIndex","dm_index_n.grp_tag_client_inve_kind","task:206467:statement:0:relation:root.casttable.tt.setop.b0.tt0.t7.a.read.grp_tag_client_inve_kind","CONFIRMED","NON_LITERAL_PRESENT","E:\02_area\股衍数据-数据cookbook\sql-static-lineage-data\task-projections\tasks\206467\versions\3854ce56eda2c5494e0d7569e7ed00eb4e93645aa669c6d9b3fc3c2df3283587.evidence-v3.json","E:\02_area\股衍数据-数据cookbook\sql-static-lineage-data\task-projections\tasks\206467\versions\3854ce56eda2c5494e0d7569e7ed00eb4e93645aa669c6d9b3fc3c2df3283587.json"
"206467","sparkIndex","dm_index_n.grp_tag_client_briefest_ivst_term","task:206467:statement:0:relation:root.casttable.tt.setop.b0.tt0.t8.a.read.grp_tag_client_briefest_ivst_term","CONFIRMED","NON_LITERAL_PRESENT","E:\02_area\股衍数据-数据cookbook\sql-static-lineage-data\task-projections\tasks\206467\versions\3854ce56eda2c5494e0d7569e7ed00eb4e93645aa669c6d9b3fc3c2df3283587.evidence-v3.json","E:\02_area\股衍数据-数据cookbook\sql-static-lineage-data\task-projections\tasks\206467\versions\3854ce56eda2c5494e0d7569e7ed00eb4e93645aa669c6d9b3fc3c2df3283587.json"
"206467","sparkIndex","dm_index_n.index_grp_ytj_app_start_days_last_30d","task:206467:statement:0:relation:root.casttable.tt.setop.b0.tt0.t9.read.index_grp_ytj_app_start_days_last_30d","CONFIRMED","NON_LITERAL_PRESENT","E:\02_area\股衍数据-数据cookbook\sql-static-lineage-data\task-projections\tasks\206467\versions\3854ce56eda2c5494e0d7569e7ed00eb4e93645aa669c6d9b3fc3c2df3283587.evidence-v3.json","E:\02_area\股衍数据-数据cookbook\sql-static-lineage-data\task-projections\tasks\206467\versions\3854ce56eda2c5494e0d7569e7ed00eb4e93645aa669c6d9b3fc3c2df3283587.json"
"206467","sparkIndex","dm_index_n.grp_tag_client_cust_typ","task:206467:statement:0:relation:root.casttable.tt.setop.b1.tt0.t1.read.a","CONFIRMED","NON_LITERAL_PRESENT","E:\02_area\股衍数据-数据cookbook\sql-static-lineage-data\task-projections\tasks\206467\versions\3854ce56eda2c5494e0d7569e7ed00eb4e93645aa669c6d9b3fc3c2df3283587.evidence-v3.json","E:\02_area\股衍数据-数据cookbook\sql-static-lineage-data\task-projections\tasks\206467\versions\3854ce56eda2c5494e0d7569e7ed00eb4e93645aa669c6d9b3fc3c2df3283587.json"
"206467","sparkIndex","dm_index_n.grp_tag_client_cust_stat","task:206467:statement:0:relation:root.casttable.tt.setop.b1.tt0.t3.read.grp_tag_client_cust_stat","CONFIRMED","NON_LITERAL_PRESENT","E:\02_area\股衍数据-数据cookbook\sql-static-lineage-data\task-projections\tasks\206467\versions\3854ce56eda2c5494e0d7569e7ed00eb4e93645aa669c6d9b3fc3c2df3283587.evidence-v3.json","E:\02_area\股衍数据-数据cookbook\sql-static-lineage-data\task-projections\tasks\206467\versions\3854ce56eda2c5494e0d7569e7ed00eb4e93645aa669c6d9b3fc3c2df3283587.json"
"206467","sparkIndex","dm_index_n.grp_tag_client_is_elig_std_covt_bond","task:206467:statement:0:relation:root.casttable.tt.setop.b1.tt0.t4.read.grp_tag_client_is_elig_std_covt_bond","CONFIRMED","NON_LITERAL_PRESENT","E:\02_area\股衍数据-数据cookbook\sql-static-lineage-data\task-projections\tasks\206467\versions\3854ce56eda2c5494e0d7569e7ed00eb4e93645aa669c6d9b3fc3c2df3283587.evidence-v3.json","E:\02_area\股衍数据-数据cookbook\sql-static-lineage-data\task-projections\tasks\206467\versions\3854ce56eda2c5494e0d7569e7ed00eb4e93645aa669c6d9b3fc3c2df3283587.json"
"206467","sparkIndex","dm_index_n.grp_tag_client_is_open_covt_bond_righ","task:206467:statement:0:relation:root.casttable.tt.setop.b1.tt0.t5.read.grp_tag_client_is_open_covt_bond_righ","CONFIRMED","NON_LITERAL_PRESENT","E:\02_area\股衍数据-数据cookbook\sql-static-lineage-data\task-projections\tasks\206467\versions\3854ce56eda2c5494e0d7569e7ed00eb4e93645aa669c6d9b3fc3c2df3283587.evidence-v3.json","E:\02_area\股衍数据-数据cookbook\sql-static-lineage-data\task-projections\tasks\206467\versions\3854ce56eda2c5494e0d7569e7ed00eb4e93645aa669c6d9b3fc3c2df3283587.json"
"206467","sparkIndex","dm_index_n.grp_tag_client_risk_lvl","task:206467:statement:0:relation:root.casttable.tt.setop.b1.tt0.t6.a.read.grp_tag_client_risk_lvl","CONFIRMED","NON_LITERAL_PRESENT","E:\02_area\股衍数据-数据cookbook\sql-static-lineage-data\task-projections\tasks\206467\versions\3854ce56eda2c5494e0d7569e7ed00eb4e93645aa669c6d9b3fc3c2df3283587.evidence-v3.json","E:\02_area\股衍数据-数据cookbook\sql-static-lineage-data\task-projections\tasks\206467\versions\3854ce56eda2c5494e0d7569e7ed00eb4e93645aa669c6d9b3fc3c2df3283587.json"
"206467","sparkIndex","dm_index_n.grp_tag_client_inve_kind","task:206467:statement:0:relation:root.casttable.tt.setop.b1.tt0.t7.a.read.grp_tag_client_inve_kind","CONFIRMED","NON_LITERAL_PRESENT","E:\02_area\股衍数据-数据cookbook\sql-static-lineage-data\task-projections\tasks\206467\versions\3854ce56eda2c5494e0d7569e7ed00eb4e93645aa669c6d9b3fc3c2df3283587.evidence-v3.json","E:\02_area\股衍数据-数据cookbook\sql-static-lineage-data\task-projections\tasks\206467\versions\3854ce56eda2c5494e0d7569e7ed00eb4e93645aa669c6d9b3fc3c2df3283587.json"
"206467","sparkIndex","dm_index_n.grp_tag_client_briefest_ivst_term","task:206467:statement:0:relation:root.casttable.tt.setop.b1.tt0.t8.a.read.grp_tag_client_briefest_ivst_term","CONFIRMED","NON_LITERAL_PRESENT","E:\02_area\股衍数据-数据cookbook\sql-static-lineage-data\task-projections\tasks\206467\versions\3854ce56eda2c5494e0d7569e7ed00eb4e93645aa669c6d9b3fc3c2df3283587.evidence-v3.json","E:\02_area\股衍数据-数据cookbook\sql-static-lineage-data\task-projections\tasks\206467\versions\3854ce56eda2c5494e0d7569e7ed00eb4e93645aa669c6d9b3fc3c2df3283587.json"
"206467","sparkIndex","dm_index_n.index_grp_ytj_app_start_days_last_30d","task:206467:statement:0:relation:root.casttable.tt.setop.b1.tt0.t9.read.index_grp_ytj_app_start_days_last_30d","CONFIRMED","NON_LITERAL_PRESENT","E:\02_area\股衍数据-数据cookbook\sql-static-lineage-data\task-projections\tasks\206467\versions\3854ce56eda2c5494e0d7569e7ed00eb4e93645aa669c6d9b3fc3c2df3283587.evidence-v3.json","E:\02_area\股衍数据-数据cookbook\sql-static-lineage-data\task-projections\tasks\206467\versions\3854ce56eda2c5494e0d7569e7ed00eb4e93645aa669c6d9b3fc3c2df3283587.json"
"206482","sparkIndex","spdata_n.t98_our_cutp_grant_occp_det","task:206482:statement:0:relation:root.casttable.cd.a.read.t98_our_cutp_grant_occp_det","CONFIRMED","NON_LITERAL_PRESENT","E:\02_area\股衍数据-数据cookbook\sql-static-lineage-data\task-projections\tasks\206482\versions\3f6d7f11a6a36811f3088a0c13b2b1b60f69772a11007df50c7730fd19985608.evidence-v3.json","E:\02_area\股衍数据-数据cookbook\sql-static-lineage-data\task-projections\tasks\206482\versions\3f6d7f11a6a36811f3088a0c13b2b1b60f69772a11007df50c7730fd19985608.json"
"206482","sparkIndex","spdata_n.t99_risk_grant_type_rel_ref","task:206482:statement:0:relation:root.casttable.cd.b.read.t99_risk_grant_type_rel_ref","CONFIRMED","NON_LITERAL_PRESENT","E:\02_area\股衍数据-数据cookbook\sql-static-lineage-data\task-projections\tasks\206482\versions\3f6d7f11a6a36811f3088a0c13b2b1b60f69772a11007df50c7730fd19985608.evidence-v3.json","E:\02_area\股衍数据-数据cookbook\sql-static-lineage-data\task-projections\tasks\206482\versions\3f6d7f11a6a36811f3088a0c13b2b1b60f69772a11007df50c7730fd19985608.json"
"206510","sparkIndex","dm_index_n.grp_tag_client_cust_typ","task:206510:statement:0:relation:root.casttable.tt0.t1.read.a","CONFIRMED","NON_LITERAL_PRESENT","E:\02_area\股衍数据-数据cookbook\sql-static-lineage-data\task-projections\tasks\206510\versions\7b3959bbdff775f152a96ce8f9ec820427d17ac6b319a15a9569d5e34ce2d240.evidence-v3.json","E:\02_area\股衍数据-数据cookbook\sql-static-lineage-data\task-projections\tasks\206510\versions\7b3959bbdff775f152a96ce8f9ec820427d17ac6b319a15a9569d5e34ce2d240.json"
"206510","sparkIndex","dm_index_n.grp_tag_client_cust_stat","task:206510:statement:0:relation:root.casttable.tt0.t3.read.grp_tag_client_cust_stat","CONFIRMED","NON_LITERAL_PRESENT","E:\02_area\股衍数据-数据cookbook\sql-static-lineage-data\task-projections\tasks\206510\versions\7b3959bbdff775f152a96ce8f9ec820427d17ac6b319a15a9569d5e34ce2d240.evidence-v3.json","E:\02_area\股衍数据-数据cookbook\sql-static-lineage-data\task-projections\tasks\206510\versions\7b3959bbdff775f152a96ce8f9ec820427d17ac6b319a15a9569d5e34ce2d240.json"
"206510","sparkIndex","dm_index_n.grp_tag_client_is_elig_std_covt_bond","task:206510:statement:0:relation:root.casttable.tt0.t4.read.grp_tag_client_is_elig_std_covt_bond","CONFIRMED","NON_LITERAL_PRESENT","E:\02_area\股衍数据-数据cookbook\sql-static-lineage-data\task-projections\tasks\206510\versions\7b3959bbdff775f152a96ce8f9ec820427d17ac6b319a15a9569d5e34ce2d240.evidence-v3.json","E:\02_area\股衍数据-数据cookbook\sql-static-lineage-data\task-projections\tasks\206510\versions\7b3959bbdff775f152a96ce8f9ec820427d17ac6b319a15a9569d5e34ce2d240.json"
"206510","sparkIndex","dm_index_n.grp_tag_client_is_open_covt_bond_righ","task:206510:statement:0:relation:root.casttable.tt0.t5.read.grp_tag_client_is_open_covt_bond_righ","CONFIRMED","NON_LITERAL_PRESENT","E:\02_area\股衍数据-数据cookbook\sql-static-lineage-data\task-projections\tasks\206510\versions\7b3959bbdff775f152a96ce8f9ec820427d17ac6b319a15a9569d5e34ce2d240.evidence-v3.json","E:\02_area\股衍数据-数据cookbook\sql-static-lineage-data\task-projections\tasks\206510\versions\7b3959bbdff775f152a96ce8f9ec820427d17ac6b319a15a9569d5e34ce2d240.json"
"206510","sparkIndex","dm_index_n.grp_tag_client_risk_lvl","task:206510:statement:0:relation:root.casttable.tt0.t6.a.read.grp_tag_client_risk_lvl","CONFIRMED","NON_LITERAL_PRESENT","E:\02_area\股衍数据-数据cookbook\sql-static-lineage-data\task-projections\tasks\206510\versions\7b3959bbdff775f152a96ce8f9ec820427d17ac6b319a15a9569d5e34ce2d240.evidence-v3.json","E:\02_area\股衍数据-数据cookbook\sql-static-lineage-data\task-projections\tasks\206510\versions\7b3959bbdff775f152a96ce8f9ec820427d17ac6b319a15a9569d5e34ce2d240.json"
"206510","sparkIndex","dm_index_n.grp_tag_client_inve_kind","task:206510:statement:0:relation:root.casttable.tt0.t7.a.read.grp_tag_client_inve_kind","CONFIRMED","NON_LITERAL_PRESENT","E:\02_area\股衍数据-数据cookbook\sql-static-lineage-data\task-projections\tasks\206510\versions\7b3959bbdff775f152a96ce8f9ec820427d17ac6b319a15a9569d5e34ce2d240.evidence-v3.json","E:\02_area\股衍数据-数据cookbook\sql-static-lineage-data\task-projections\tasks\206510\versions\7b3959bbdff775f152a96ce8f9ec820427d17ac6b319a15a9569d5e34ce2d240.json"
"206510","sparkIndex","dm_index_n.grp_tag_client_briefest_ivst_term","task:206510:statement:0:relation:root.casttable.tt0.t8.a.read.grp_tag_client_briefest_ivst_term","CONFIRMED","NON_LITERAL_PRESENT","E:\02_area\股衍数据-数据cookbook\sql-static-lineage-data\task-projections\tasks\206510\versions\7b3959bbdff775f152a96ce8f9ec820427d17ac6b319a15a9569d5e34ce2d240.evidence-v3.json","E:\02_area\股衍数据-数据cookbook\sql-static-lineage-data\task-projections\tasks\206510\versions\7b3959bbdff775f152a96ce8f9ec820427d17ac6b319a15a9569d5e34ce2d240.json"
"206510","sparkIndex","dm_index_n.index_grp_ytj_app_start_days_last_30d","task:206510:statement:0:relation:root.casttable.tt0.t9.read.index_grp_ytj_app_start_days_last_30d","CONFIRMED","NON_LITERAL_PRESENT","E:\02_area\股衍数据-数据cookbook\sql-static-lineage-data\task-projections\tasks\206510\versions\7b3959bbdff775f152a96ce8f9ec820427d17ac6b319a15a9569d5e34ce2d240.evidence-v3.json","E:\02_area\股衍数据-数据cookbook\sql-static-lineage-data\task-projections\tasks\206510\versions\7b3959bbdff775f152a96ce8f9ec820427d17ac6b319a15a9569d5e34ce2d240.json"
"206853","sparkIndex","pdata_n.t03_intel_cond_ord","task:206853:statement:0:relation:root.a.read.t03_intel_cond_ord","CONFIRMED","LITERAL","E:\02_area\股衍数据-数据cookbook\sql-static-lineage-data\task-projections\tasks\206853\versions\61f2ae48027a9f142bbefb8ec2e35a7b5ae6a7abc4edc99198ecae1edcc2e198.evidence-v3.json","E:\02_area\股衍数据-数据cookbook\sql-static-lineage-data\task-projections\tasks\206853\versions\61f2ae48027a9f142bbefb8ec2e35a7b5ae6a7abc4edc99198ecae1edcc2e198.json"
"206877","sparkIndex","pdata_n.t98_kzzcxhjy_bbmd_ecr","task:206877:statement:0:relation:root.casttable.a.doten_table.b.setop.b0.read.t98_kzzcxhjy_bbmd_ecr","CONFIRMED","NON_LITERAL_PRESENT","E:\02_area\股衍数据-数据cookbook\sql-static-lineage-data\task-projections\tasks\206877\versions\cdc2d0e07790bea5b24093a06617206cd824cbb0a18f7bb4348dfd96a92d9423.evidence-v3.json","E:\02_area\股衍数据-数据cookbook\sql-static-lineage-data\task-projections\tasks\206877\versions\cdc2d0e07790bea5b24093a06617206cd824cbb0a18f7bb4348dfd96a92d9423.json"
"206877","sparkIndex","pdata_n.t98_kzzcxhjy_bbmd_ecr","task:206877:statement:0:relation:root.casttable.a.doten_table.b.setop.b1.read.t98_kzzcxhjy_bbmd_ecr","CONFIRMED","NON_LITERAL_PRESENT","E:\02_area\股衍数据-数据cookbook\sql-static-lineage-data\task-projections\tasks\206877\versions\cdc2d0e07790bea5b24093a06617206cd824cbb0a18f7bb4348dfd96a92d9423.evidence-v3.json","E:\02_area\股衍数据-数据cookbook\sql-static-lineage-data\task-projections\tasks\206877\versions\cdc2d0e07790bea5b24093a06617206cd824cbb0a18f7bb4348dfd96a92d9423.json"
"207030","sparkIndex","spdata_n.t01_pty_idty_info","task:207030:statement:0:relation:root.casttable.aaa.c.d.read.t01_pty_idty_info","CONFIRMED","NON_LITERAL_PRESENT","E:\02_area\股衍数据-数据cookbook\sql-static-lineage-data\task-projections\tasks\207030\versions\6ca2715d3180b878dd8338f39a6b6c8852793fa0e8564ec42d61e081a13f5b79.evidence-v3.json","E:\02_area\股衍数据-数据cookbook\sql-static-lineage-data\task-projections\tasks\207030\versions\6ca2715d3180b878dd8338f39a6b6c8852793fa0e8564ec42d61e081a13f5b79.json"
"207070","sparkIndex","dm_index_n.index_grp1_org_propincrsval_fullcali_oactrela_mth_ricc","task:207070:statement:0:relation:root.casttable.t1.a.setop.b0.setop.b0.setop.b0.setop.b0.setop.b0.setop.b0.setop.b0.setop.b0.setop.b0.setop.b0.setop.b0.setop.b0.setop.b0.setop.b0.setop.b0.setop.b0.setop.b0.setop.b0.setop.b0.setop.b0.setop.b0.setop.b0.setop.b0.setop.b0.setop.b0.setop.b0.setop.b0.setop.b0.setop.b0.setop.b0.setop.b0.setop.b0.setop.b0.setop.b0.setop.b0.setop.b0.setop.b0.setop.b0.setop.b0.setop.b0.setop.b0.setop.b0.setop.b0.setop.b0.setop.b0.setop.b0.setop.b0.setop.b0.setop.b0.setop.b0.setop.b0.setop.b0.setop.b0.setop.b0.setop.b1.read.index_grp1_org_propincrsval_fullcali_oactrela_mth_ricc","CONFIRMED","LITERAL","E:\02_area\股衍数据-数据cookbook\sql-static-lineage-data\task-projections\tasks\207070\versions\dc56e6ab84c7fe19294e34982b5aaf601ca37c929884acba51daed5fc3582479.evidence-v3.json","E:\02_area\股衍数据-数据cookbook\sql-static-lineage-data\task-projections\tasks\207070\versions\dc56e6ab84c7fe19294e34982b5aaf601ca37c929884acba51daed5fc3582479.json"
"207070","sparkIndex","dm_index_n.index_grp1_org_propincrsrate_fullcali_oactrela_mth_ricc","task:207070:statement:0:relation:root.casttable.t1.a.setop.b0.setop.b0.setop.b0.setop.b0.setop.b0.setop.b0.setop.b0.setop.b0.setop.b0.setop.b0.setop.b0.setop.b0.setop.b0.setop.b0.setop.b0.setop.b0.setop.b0.setop.b0.setop.b0.setop.b0.setop.b0.setop.b0.setop.b0.setop.b0.setop.b0.setop.b0.setop.b0.setop.b0.setop.b0.setop.b0.setop.b0.setop.b0.setop.b0.setop.b0.setop.b0.setop.b0.setop.b0.setop.b0.setop.b0.setop.b0.setop.b0.setop.b0.setop.b0.setop.b0.setop.b0.setop.b0.setop.b0.setop.b0.setop.b0.setop.b0.setop.b0.setop.b0.setop.b0.setop.b1.read.index_grp1_org_propincrsrate_fullcali_oactrela_mth_ricc","CONFIRMED","LITERAL","E:\02_area\股衍数据-数据cookbook\sql-static-lineage-data\task-projections\tasks\207070\versions\dc56e6ab84c7fe19294e34982b5aaf601ca37c929884acba51daed5fc3582479.evidence-v3.json","E:\02_area\股衍数据-数据cookbook\sql-static-lineage-data\task-projections\tasks\207070\versions\dc56e6ab84c7fe19294e34982b5aaf601ca37c929884acba51daed5fc3582479.json"
"207070","sparkIndex","dm_index_n.index_grp1_org_aumnetast_muyield_oactrela_mth_all","task:207070:statement:0:relation:root.casttable.t1.a.setop.b0.setop.b0.setop.b0.setop.b0.setop.b0.setop.b0.setop.b0.setop.b0.setop.b0.setop.b0.setop.b0.setop.b0.setop.b0.setop.b0.setop.b0.setop.b0.setop.b0.setop.b0.setop.b0.setop.b0.setop.b0.setop.b0.setop.b0.setop.b0.setop.b0.setop.b0.setop.b0.setop.b0.setop.b0.setop.b0.setop.b0.setop.b0.setop.b0.setop.b0.setop.b0.setop.b0.setop.b0.setop.b0.setop.b0.setop.b0.setop.b0.setop.b0.setop.b0.setop.b0.setop.b0.setop.b0.setop.b0.setop.b0.setop.b0.setop.b0.setop.b0.setop.b1.read.index_grp1_org_aumnetast_muyield_oactrela_mth_all","CONFIRMED","LITERAL","E:\02_area\股衍数据-数据cookbook\sql-static-lineage-data\task-projections\tasks\207070\versions\dc56e6ab84c7fe19294e34982b5aaf601ca37c929884acba51daed5fc3582479.evidence-v3.json","E:\02_area\股衍数据-数据cookbook\sql-static-lineage-data\task-projections\tasks\207070\versions\dc56e6ab84c7fe19294e34982b5aaf601ca37c929884acba51daed5fc3582479.json"
"207070","sparkIndex","dm_index_n.index_grp1_org_custaum_navsupernetrate_oactrela_mth_all","task:207070:statement:0:relation:root.casttable.t1.a.setop.b0.setop.b0.setop.b0.setop.b0.setop.b0.setop.b0.setop.b0.setop.b0.setop.b0.setop.b0.setop.b0.setop.b0.setop.b0.setop.b0.setop.b0.setop.b0.setop.b0.setop.b0.setop.b0.setop.b0.setop.b0.setop.b0.setop.b0.setop.b0.setop.b0.setop.b0.setop.b0.setop.b0.setop.b0.setop.b0.setop.b0.setop.b0.setop.b0.setop.b0.setop.b0.setop.b0.setop.b0.setop.b0.setop.b0.setop.b0.setop.b0.setop.b0.setop.b0.setop.b0.setop.b0.setop.b0.setop.b0.setop.b0.setop.b0.setop.b0.setop.b1.read.index_grp1_org_custaum_navsupernetrate_oactrela_mth_all","CONFIRMED","LITERAL","E:\02_area\股衍数据-数据cookbook\sql-static-lineage-data\task-projections\tasks\207070\versions\dc56e6ab84c7fe19294e34982b5aaf601ca37c929884acba51daed5fc3582479.evidence-v3.json","E:\02_area\股衍数据-数据cookbook\sql-static-lineage-data\task-projections\tasks\207070\versions\dc56e6ab84c7fe19294e34982b5aaf601ca37c929884acba51daed5fc3582479.json"
"207070","sparkIndex","dm_index_n.index_grp1_org_empaum_navsupernetrate_mth_all","task:207070:statement:0:relation:root.casttable.t1.a.setop.b0.setop.b0.setop.b0.setop.b0.setop.b0.setop.b0.setop.b0.setop.b0.setop.b0.setop.b0.setop.b0.setop.b0.setop.b0.setop.b0.setop.b0.setop.b0.setop.b0.setop.b0.setop.b0.setop.b0.setop.b0.setop.b0.setop.b0.setop.b0.setop.b0.setop.b0.setop.b0.setop.b0.setop.b0.setop.b0.setop.b0.setop.b0.setop.b0.setop.b0.setop.b0.setop.b0.setop.b0.setop.b0.setop.b0.setop.b0.setop.b0.setop.b0.setop.b0.setop.b0.setop.b0.setop.b0.setop.b0.setop.b0.setop.b0.setop.b1.read.index_grp1_org_empaum_navsupernetrate_mth_all","CONFIRMED","LITERAL","E:\02_area\股衍数据-数据cookbook\sql-static-lineage-data\task-projections\tasks\207070\versions\dc56e6ab84c7fe19294e34982b5aaf601ca37c929884acba51daed5fc3582479.evidence-v3.json","E:\02_area\股衍数据-数据cookbook\sql-static-lineage-data\task-projections\tasks\207070\versions\dc56e6ab84c7fe19294e34982b5aaf601ca37c929884acba51daed5fc3582479.json"
"207070","sparkIndex","dm_index_n.index_grp1_servcovrg_impcust_astpkgrela_year","task:207070:statement:0:relation:root.casttable.t1.a.setop.b0.setop.b0.setop.b0.setop.b0.setop.b0.setop.b0.setop.b0.setop.b0.setop.b0.setop.b0.setop.b0.setop.b0.setop.b0.setop.b0.setop.b0.setop.b0.setop.b0.setop.b0.setop.b0.setop.b0.setop.b0.setop.b0.setop.b0.setop.b0.setop.b0.setop.b0.setop.b0.setop.b0.setop.b0.setop.b0.setop.b0.setop.b0.setop.b0.setop.b0.setop.b0.setop.b0.setop.b0.setop.b0.setop.b0.setop.b0.setop.b0.setop.b0.setop.b0.setop.b0.setop.b0.setop.b0.setop.b0.setop.b1.read.index_grp1_servcovrg_impcust_astpkgrela_year","CONFIRMED","LITERAL","E:\02_area\股衍数据-数据cookbook\sql-static-lineage-data\task-projections\tasks\207070\versions\dc56e6ab84c7fe19294e34982b5aaf601ca37c929884acba51daed5fc3582479.evidence-v3.json","E:\02_area\股衍数据-数据cookbook\sql-static-lineage-data\task-projections\tasks\207070\versions\dc56e6ab84c7fe19294e34982b5aaf601ca37c929884acba51daed5fc3582479.json"
"207070","sparkIndex","dm_index_n.index_grp1_losrate_richhnwcust_year","task:207070:statement:0:relation:root.casttable.t1.a.setop.b0.setop.b0.setop.b0.setop.b0.setop.b0.setop.b0.setop.b0.setop.b0.setop.b0.setop.b0.setop.b0.setop.b0.setop.b0.setop.b0.setop.b0.setop.b0.setop.b0.setop.b0.setop.b0.setop.b0.setop.b0.setop.b0.setop.b0.setop.b0.setop.b0.setop.b0.setop.b0.setop.b0.setop.b0.setop.b0.setop.b0.setop.b0.setop.b0.setop.b0.setop.b0.setop.b0.setop.b0.setop.b0.setop.b0.setop.b0.setop.b0.setop.b0.setop.b0.setop.b0.setop.b0.setop.b0.setop.b1.read.index_grp1_losrate_richhnwcust_year","CONFIRMED","LITERAL","E:\02_area\股衍数据-数据cookbook\sql-static-lineage-data\task-projections\tasks\207070\versions\dc56e6ab84c7fe19294e34982b5aaf601ca37c929884acba51daed5fc3582479.evidence-v3.json","E:\02_area\股衍数据-数据cookbook\sql-static-lineage-data\task-projections\tasks\207070\versions\dc56e6ab84c7fe19294e34982b5aaf601ca37c929884acba51daed5fc3582479.json"
"207070","sparkIndex","dm_index_n.index_grp1_org_newsign_custcount_ianws_mth_ricc","task:207070:statement:0:relation:root.casttable.t1.a.setop.b0.setop.b0.setop.b0.setop.b0.setop.b0.setop.b0.setop.b0.setop.b0.setop.b0.setop.b0.setop.b0.setop.b0.setop.b0.setop.b0.setop.b0.setop.b0.setop.b0.setop.b0.setop.b0.setop.b0.setop.b0.setop.b0.setop.b0.setop.b0.setop.b0.setop.b0.setop.b0.setop.b0.setop.b0.setop.b0.setop.b0.setop.b0.setop.b0.setop.b0.setop.b0.setop.b0.setop.b0.setop.b0.setop.b0.setop.b0.setop.b0.setop.b0.setop.b0.setop.b0.setop.b0.setop.b1.read.index_grp1_org_newsign_custcount_ianws_mth_ricc","CONFIRMED","LITERAL","E:\02_area\股衍数据-数据cookbook\sql-static-lineage-data\task-projections\tasks\207070\versions\dc56e6ab84c7fe19294e34982b5aaf601ca37c929884acba51daed5fc3582479.evidence-v3.json","E:\02_area\股衍数据-数据cookbook\sql-static-lineage-data\task-projections\tasks\207070\versions\dc56e6ab84c7fe19294e34982b5aaf601ca37c929884acba51daed5fc3582479.json"
"207070","sparkIndex","dm_index_n.index_grp1_covrg_fullprdtnrcust_oactrela_accumtomth_ricc","task:207070:statement:0:relation:root.casttable.t1.a.setop.b0.setop.b0.setop.b0.setop.b0.setop.b0.setop.b0.setop.b0.setop.b0.setop.b0.setop.b0.setop.b0.setop.b0.setop.b0.setop.b0.setop.b0.setop.b0.setop.b0.setop.b0.setop.b0.setop.b0.setop.b0.setop.b0.setop.b0.setop.b0.setop.b0.setop.b0.setop.b0.setop.b0.setop.b0.setop.b0.setop.b0.setop.b0.setop.b0.setop.b0.setop.b0.setop.b0.setop.b0.setop.b0.setop.b0.setop.b0.setop.b0.setop.b0.setop.b0.setop.b0.setop.b1.read.index_grp1_covrg_fullprdtnrcust_oactrela_accumtomth_ricc","CONFIRMED","LITERAL","E:\02_area\股衍数据-数据cookbook\sql-static-lineage-data\task-projections\tasks\207070\versions\dc56e6ab84c7fe19294e34982b5aaf601ca37c929884acba51daed5fc3582479.evidence-v3.json","E:\02_area\股衍数据-数据cookbook\sql-static-lineage-data\task-projections\tasks\207070\versions\dc56e6ab84c7fe19294e34982b5aaf601ca37c929884acba51daed5fc3582479.json"
"207070","sparkIndex","dm_index_n.index_grp1_org_addcust_optbusi_oactrela_mth_ricc","task:207070:statement:0:relation:root.casttable.t1.a.setop.b0.setop.b0.setop.b0.setop.b0.setop.b0.setop.b0.setop.b0.setop.b0.setop.b0.setop.b0.setop.b0.setop.b0.setop.b0.setop.b0.setop.b0.setop.b0.setop.b0.setop.b0.setop.b0.setop.b0.setop.b0.setop.b0.setop.b0.setop.b0.setop.b0.setop.b0.setop.b0.setop.b0.setop.b0.setop.b0.setop.b0.setop.b0.setop.b0.setop.b0.setop.b0.setop.b0.setop.b0.setop.b0.setop.b0.setop.b0.setop.b0.setop.b0.setop.b0.setop.b1.read.index_grp1_org_addcust_optbusi_oactrela_mth_ricc","CONFIRMED","LITERAL","E:\02_area\股衍数据-数据cookbook\sql-static-lineage-data\task-projections\tasks\207070\versions\dc56e6ab84c7fe19294e34982b5aaf601ca37c929884acba51daed5fc3582479.evidence-v3.json","E:\02_area\股衍数据-数据cookbook\sql-static-lineage-data\task-projections\tasks\207070\versions\dc56e6ab84c7fe19294e34982b5aaf601ca37c929884acba51daed5fc3582479.json"
"207070","sparkIndex","dm_index_n.index_grp1_org_addcust_buyria_oactrela_mth_ricc","task:207070:statement:0:relation:root.casttable.t1.a.setop.b0.setop.b0.setop.b0.setop.b0.setop.b0.setop.b0.setop.b0.setop.b0.setop.b0.setop.b0.setop.b0.setop.b0.setop.b0.setop.b0.setop.b0.setop.b0.setop.b0.setop.b0.setop.b0.setop.b0.setop.b0.setop.b0.setop.b0.setop.b0.setop.b0.setop.b0.setop.b0.setop.b0.setop.b0.setop.b0.setop.b0.setop.b0.setop.b0.setop.b0.setop.b0.setop.b0.setop.b0.setop.b0.setop.b0.setop.b0.setop.b0.setop.b0.setop.b1.read.index_grp1_org_addcust_buyria_oactrela_mth_ricc","CONFIRMED","LITERAL","E:\02_area\股衍数据-数据cookbook\sql-static-lineage-data\task-projections\tasks\207070\versions\dc56e6ab84c7fe19294e34982b5aaf601ca37c929884acba51daed5fc3582479.evidence-v3.json","E:\02_area\股衍数据-数据cookbook\sql-static-lineage-data\task-projections\tasks\207070\versions\dc56e6ab84c7fe19294e34982b5aaf601ca37c929884acba51daed5fc3582479.json"
"207070","sparkIndex","dm_index_n.index_grp1_org_perrate_margcust_oactrela_mth_ricc","task:207070:statement:0:relation:root.casttable.t1.a.setop.b0.setop.b0.setop.b0.setop.b0.setop.b0.setop.b0.setop.b0.setop.b0.setop.b0.setop.b0.setop.b0.setop.b0.setop.b0.setop.b0.setop.b0.setop.b0.setop.b0.setop.b0.setop.b0.setop.b0.setop.b0.setop.b0.setop.b0.setop.b0.setop.b0.setop.b0.setop.b0.setop.b0.setop.b0.setop.b0.setop.b0.setop.b0.setop.b0.setop.b0.setop.b0.setop.b0.setop.b0.setop.b0.setop.b0.setop.b0.setop.b0.setop.b1.read.index_grp1_org_perrate_margcust_oactrela_mth_ricc","CONFIRMED","LITERAL","E:\02_area\股衍数据-数据cookbook\sql-static-lineage-data\task-projections\tasks\207070\versions\dc56e6ab84c7fe19294e34982b5aaf601ca37c929884acba51daed5fc3582479.evidence-v3.json","E:\02_area\股衍数据-数据cookbook\sql-static-lineage-data\task-projections\tasks\207070\versions\dc56e6ab84c7fe19294e34982b5aaf601ca37c929884acba51daed5fc3582479.json"
"207070","sparkIndex","dm_index_n.index_grp1_org_newmvalprop_oactrela_mth_ricc","task:207070:statement:0:relation:root.casttable.t1.a.setop.b0.setop.b0.setop.b0.setop.b0.setop.b0.setop.b0.setop.b0.setop.b0.setop.b0.setop.b0.setop.b0.setop.b0.setop.b0.setop.b0.setop.b0.setop.b0.setop.b0.setop.b0.setop.b0.setop.b0.setop.b0.setop.b0.setop.b0.setop.b0.setop.b0.setop.b0.setop.b0.setop.b0.setop.b0.setop.b0.setop.b0.setop.b0.setop.b0.setop.b0.setop.b0.setop.b0.setop.b0.setop.b0.setop.b0.setop.b0.setop.b1.read.index_grp1_org_newmvalprop_oactrela_mth_ricc","CONFIRMED","LITERAL","E:\02_area\股衍数据-数据cookbook\sql-static-lineage-data\task-projections\tasks\207070\versions\dc56e6ab84c7fe19294e34982b5aaf601ca37c929884acba51daed5fc3582479.evidence-v3.json","E:\02_area\股衍数据-数据cookbook\sql-static-lineage-data\task-projections\tasks\207070\versions\dc56e6ab84c7fe19294e34982b5aaf601ca37c929884acba51daed5fc3582479.json"
"207070","sparkIndex","dm_index_n.index_grp1_org_propincrsval_fullcali_oactrela_mth_ricc","task:207070:statement:0:relation:root.casttable.t1.a.setop.b0.setop.b0.setop.b0.setop.b0.setop.b0.setop.b0.setop.b0.setop.b0.setop.b0.setop.b0.setop.b0.setop.b0.setop.b0.setop.b0.setop.b0.setop.b0.setop.b0.setop.b0.setop.b0.setop.b0.setop.b0.setop.b0.setop.b0.setop.b0.setop.b0.setop.b0.setop.b0.setop.b0.setop.b0.setop.b1.read.index_grp1_org_propincrsval_fullcali_oactrela_mth_ricc","CONFIRMED","LITERAL","E:\02_area\股衍数据-数据cookbook\sql-static-lineage-data\task-projections\tasks\207070\versions\dc56e6ab84c7fe19294e34982b5aaf601ca37c929884acba51daed5fc3582479.evidence-v3.json","E:\02_area\股衍数据-数据cookbook\sql-static-lineage-data\task-projections\tasks\207070\versions\dc56e6ab84c7fe19294e34982b5aaf601ca37c929884acba51daed5fc3582479.json"
"207070","sparkIndex","dm_index_n.index_grp1_org_propincrsval_fullcali_oactrela_mth_ricc","task:207070:statement:0:relation:root.casttable.t1.a.setop.b0.setop.b0.setop.b0.setop.b0.setop.b0.setop.b0.setop.b0.setop.b0.setop.b0.setop.b0.setop.b0.setop.b0.setop.b0.setop.b0.setop.b0.setop.b0.setop.b0.setop.b0.setop.b0.setop.b0.setop.b0.setop.b0.setop.b0.setop.b0.setop.b0.setop.b0.setop.b0.setop.b0.setop.b1.read.index_grp1_org_propincrsval_fullcali_oactrela_mth_ricc","CONFIRMED","LITERAL","E:\02_area\股衍数据-数据cookbook\sql-static-lineage-data\task-projections\tasks\207070\versions\dc56e6ab84c7fe19294e34982b5aaf601ca37c929884acba51daed5fc3582479.evidence-v3.json","E:\02_area\股衍数据-数据cookbook\sql-static-lineage-data\task-projections\tasks\207070\versions\dc56e6ab84c7fe19294e34982b5aaf601ca37c929884acba51daed5fc3582479.json"
"207070","sparkIndex","dm_index_n.index_grp1_org_aumnetast_muyield_oactrela_mth_all","task:207070:statement:0:relation:root.casttable.t1.a.setop.b0.setop.b0.setop.b0.setop.b0.setop.b0.setop.b0.setop.b0.setop.b0.setop.b0.setop.b0.setop.b0.setop.b0.setop.b0.setop.b0.setop.b0.setop.b0.setop.b0.setop.b0.setop.b0.setop.b0.setop.b0.setop.b0.setop.b0.setop.b0.setop.b0.setop.b1.read.index_grp1_org_aumnetast_muyield_oactrela_mth_all","CONFIRMED","LITERAL","E:\02_area\股衍数据-数据cookbook\sql-static-lineage-data\task-projections\tasks\207070\versions\dc56e6ab84c7fe19294e34982b5aaf601ca37c929884acba51daed5fc3582479.evidence-v3.json","E:\02_area\股衍数据-数据cookbook\sql-static-lineage-data\task-projections\tasks\207070\versions\dc56e6ab84c7fe19294e34982b5aaf601ca37c929884acba51daed5fc3582479.json"
"207070","sparkIndex","dm_index_n.index_grp1_org_aumnetast_muyield_oactrela_mth_all","task:207070:statement:0:relation:root.casttable.t1.a.setop.b0.setop.b0.setop.b0.setop.b0.setop.b0.setop.b0.setop.b0.setop.b0.setop.b0.setop.b0.setop.b0.setop.b0.setop.b0.setop.b0.setop.b0.setop.b0.setop.b0.setop.b0.setop.b0.setop.b0.setop.b0.setop.b0.setop.b0.setop.b0.setop.b1.read.index_grp1_org_aumnetast_muyield_oactrela_mth_all","CONFIRMED","LITERAL","E:\02_area\股衍数据-数据cookbook\sql-static-lineage-data\task-projections\tasks\207070\versions\dc56e6ab84c7fe19294e34982b5aaf601ca37c929884acba51daed5fc3582479.evidence-v3.json","E:\02_area\股衍数据-数据cookbook\sql-static-lineage-data\task-projections\tasks\207070\versions\dc56e6ab84c7fe19294e34982b5aaf601ca37c929884acba51daed5fc3582479.json"
"207070","sparkIndex","dm_index_n.index_grp1_org_custaum_navsupernetrate_oactrela_mth_all","task:207070:statement:0:relation:root.casttable.t1.a.setop.b0.setop.b0.setop.b0.setop.b0.setop.b0.setop.b0.setop.b0.setop.b0.setop.b0.setop.b0.setop.b0.setop.b0.setop.b0.setop.b0.setop.b0.setop.b0.setop.b0.setop.b0.setop.b0.setop.b0.setop.b0.setop.b0.setop.b0.setop.b1.read.index_grp1_org_custaum_navsupernetrate_oactrela_mth_all","CONFIRMED","LITERAL","E:\02_area\股衍数据-数据cookbook\sql-static-lineage-data\task-projections\tasks\207070\versions\dc56e6ab84c7fe19294e34982b5aaf601ca37c929884acba51daed5fc3582479.evidence-v3.json","E:\02_area\股衍数据-数据cookbook\sql-static-lineage-data\task-projections\tasks\207070\versions\dc56e6ab84c7fe19294e34982b5aaf601ca37c929884acba51daed5fc3582479.json"
"207070","sparkIndex","dm_index_n.index_grp1_org_custaum_navsupernetrate_oactrela_mth_all","task:207070:statement:0:relation:root.casttable.t1.a.setop.b0.setop.b0.setop.b0.setop.b0.setop.b0.setop.b0.setop.b0.setop.b0.setop.b0.setop.b0.setop.b0.setop.b0.setop.b0.setop.b0.setop.b0.setop.b0.setop.b0.setop.b0.setop.b0.setop.b0.setop.b0.setop.b0.setop.b1.read.index_grp1_org_custaum_navsupernetrate_oactrela_mth_all","CONFIRMED","LITERAL","E:\02_area\股衍数据-数据cookbook\sql-static-lineage-data\task-projections\tasks\207070\versions\dc56e6ab84c7fe19294e34982b5aaf601ca37c929884acba51daed5fc3582479.evidence-v3.json","E:\02_area\股衍数据-数据cookbook\sql-static-lineage-data\task-projections\tasks\207070\versions\dc56e6ab84c7fe19294e34982b5aaf601ca37c929884acba51daed5fc3582479.json"
"207070","sparkIndex","dm_index_n.index_grp1_org_empaum_navsupernetrate_mth_all","task:207070:statement:0:relation:root.casttable.t1.a.setop.b0.setop.b0.setop.b0.setop.b0.setop.b0.setop.b0.setop.b0.setop.b0.setop.b0.setop.b0.setop.b0.setop.b0.setop.b0.setop.b0.setop.b0.setop.b0.setop.b0.setop.b0.setop.b0.setop.b0.setop.b0.setop.b1.read.index_grp1_org_empaum_navsupernetrate_mth_all","CONFIRMED","LITERAL","E:\02_area\股衍数据-数据cookbook\sql-static-lineage-data\task-projections\tasks\207070\versions\dc56e6ab84c7fe19294e34982b5aaf601ca37c929884acba51daed5fc3582479.evidence-v3.json","E:\02_area\股衍数据-数据cookbook\sql-static-lineage-data\task-projections\tasks\207070\versions\dc56e6ab84c7fe19294e34982b5aaf601ca37c929884acba51daed5fc3582479.json"
"207070","sparkIndex","dm_index_n.index_grp1_org_empaum_navsupernetrate_mth_all","task:207070:statement:0:relation:root.casttable.t1.a.setop.b0.setop.b0.setop.b0.setop.b0.setop.b0.setop.b0.setop.b0.setop.b0.setop.b0.setop.b0.setop.b0.setop.b0.setop.b0.setop.b0.setop.b0.setop.b0.setop.b0.setop.b0.setop.b0.setop.b0.setop.b1.read.index_grp1_org_empaum_navsupernetrate_mth_all","CONFIRMED","LITERAL","E:\02_area\股衍数据-数据cookbook\sql-static-lineage-data\task-projections\tasks\207070\versions\dc56e6ab84c7fe19294e34982b5aaf601ca37c929884acba51daed5fc3582479.evidence-v3.json","E:\02_area\股衍数据-数据cookbook\sql-static-lineage-data\task-projections\tasks\207070\versions\dc56e6ab84c7fe19294e34982b5aaf601ca37c929884acba51daed5fc3582479.json"
"207070","sparkIndex","dm_index_n.index_grp1_losrate_richhnwcust_year","task:207070:statement:0:relation:root.casttable.t1.a.setop.b0.setop.b0.setop.b0.setop.b0.setop.b0.setop.b0.setop.b0.setop.b0.setop.b0.setop.b0.setop.b0.setop.b0.setop.b0.setop.b0.setop.b0.setop.b0.setop.b0.setop.b1.read.index_grp1_losrate_richhnwcust_year","CONFIRMED","LITERAL","E:\02_area\股衍数据-数据cookbook\sql-static-lineage-data\task-projections\tasks\207070\versions\dc56e6ab84c7fe19294e34982b5aaf601ca37c929884acba51daed5fc3582479.evidence-v3.json","E:\02_area\股衍数据-数据cookbook\sql-static-lineage-data\task-projections\tasks\207070\versions\dc56e6ab84c7fe19294e34982b5aaf601ca37c929884acba51daed5fc3582479.json"
"207070","sparkIndex","dm_index_n.index_grp1_losrate_richhnwcust_year","task:207070:statement:0:relation:root.casttable.t1.a.setop.b0.setop.b0.setop.b0.setop.b0.setop.b0.setop.b0.setop.b0.setop.b0.setop.b0.setop.b0.setop.b0.setop.b0.setop.b0.setop.b0.setop.b0.setop.b0.setop.b1.read.index_grp1_losrate_richhnwcust_year","CONFIRMED","LITERAL","E:\02_area\股衍数据-数据cookbook\sql-static-lineage-data\task-projections\tasks\207070\versions\dc56e6ab84c7fe19294e34982b5aaf601ca37c929884acba51daed5fc3582479.evidence-v3.json","E:\02_area\股衍数据-数据cookbook\sql-static-lineage-data\task-projections\tasks\207070\versions\dc56e6ab84c7fe19294e34982b5aaf601ca37c929884acba51daed5fc3582479.json"
"207070","sparkIndex","dm_index_n.index_grp1_org_newsign_custcount_ianws_mth_ricc","task:207070:statement:0:relation:root.casttable.t1.a.setop.b0.setop.b0.setop.b0.setop.b0.setop.b0.setop.b0.setop.b0.setop.b0.setop.b0.setop.b0.setop.b0.setop.b0.setop.b0.setop.b0.setop.b0.setop.b1.read.index_grp1_org_newsign_custcount_ianws_mth_ricc","CONFIRMED","NON_LITERAL_PRESENT","E:\02_area\股衍数据-数据cookbook\sql-static-lineage-data\task-projections\tasks\207070\versions\dc56e6ab84c7fe19294e34982b5aaf601ca37c929884acba51daed5fc3582479.evidence-v3.json","E:\02_area\股衍数据-数据cookbook\sql-static-lineage-data\task-projections\tasks\207070\versions\dc56e6ab84c7fe19294e34982b5aaf601ca37c929884acba51daed5fc3582479.json"
"207070","sparkIndex","dm_index_n.index_grp1_org_newsign_custcount_ianws_mth_ricc","task:207070:statement:0:relation:root.casttable.t1.a.setop.b0.setop.b0.setop.b0.setop.b0.setop.b0.setop.b0.setop.b0.setop.b0.setop.b0.setop.b0.setop.b0.setop.b0.setop.b0.setop.b0.setop.b1.read.index_grp1_org_newsign_custcount_ianws_mth_ricc","CONFIRMED","NON_LITERAL_PRESENT","E:\02_area\股衍数据-数据cookbook\sql-static-lineage-data\task-projections\tasks\207070\versions\dc56e6ab84c7fe19294e34982b5aaf601ca37c929884acba51daed5fc3582479.evidence-v3.json","E:\02_area\股衍数据-数据cookbook\sql-static-lineage-data\task-projections\tasks\207070\versions\dc56e6ab84c7fe19294e34982b5aaf601ca37c929884acba51daed5fc3582479.json"
"207070","sparkIndex","dm_index_n.index_grp1_covrg_fullprdtnrcust_oactrela_accumtomth_ricc","task:207070:statement:0:relation:root.casttable.t1.a.setop.b0.setop.b0.setop.b0.setop.b0.setop.b0.setop.b0.setop.b0.setop.b0.setop.b0.setop.b0.setop.b0.setop.b0.setop.b0.setop.b1.read.index_grp1_covrg_fullprdtnrcust_oactrela_accumtomth_ricc","CONFIRMED","LITERAL","E:\02_area\股衍数据-数据cookbook\sql-static-lineage-data\task-projections\tasks\207070\versions\dc56e6ab84c7fe19294e34982b5aaf601ca37c929884acba51daed5fc3582479.evidence-v3.json","E:\02_area\股衍数据-数据cookbook\sql-static-lineage-data\task-projections\tasks\207070\versions\dc56e6ab84c7fe19294e34982b5aaf601ca37c929884acba51daed5fc3582479.json"
"207070","sparkIndex","dm_index_n.index_grp1_covrg_fullprdtnrcust_oactrela_accumtomth_ricc","task:207070:statement:0:relation:root.casttable.t1.a.setop.b0.setop.b0.setop.b0.setop.b0.setop.b0.setop.b0.setop.b0.setop.b0.setop.b0.setop.b0.setop.b0.setop.b0.setop.b1.read.index_grp1_covrg_fullprdtnrcust_oactrela_accumtomth_ricc","CONFIRMED","LITERAL","E:\02_area\股衍数据-数据cookbook\sql-static-lineage-data\task-projections\tasks\207070\versions\dc56e6ab84c7fe19294e34982b5aaf601ca37c929884acba51daed5fc3582479.evidence-v3.json","E:\02_area\股衍数据-数据cookbook\sql-static-lineage-data\task-projections\tasks\207070\versions\dc56e6ab84c7fe19294e34982b5aaf601ca37c929884acba51daed5fc3582479.json"
"207070","sparkIndex","dm_index_n.index_grp1_org_addcust_optbusi_oactrela_mth_ricc","task:207070:statement:0:relation:root.casttable.t1.a.setop.b0.setop.b0.setop.b0.setop.b0.setop.b0.setop.b0.setop.b0.setop.b0.setop.b0.setop.b0.setop.b0.setop.b1.read.index_grp1_org_addcust_optbusi_oactrela_mth_ricc","CONFIRMED","NON_LITERAL_PRESENT","E:\02_area\股衍数据-数据cookbook\sql-static-lineage-data\task-projections\tasks\207070\versions\dc56e6ab84c7fe19294e34982b5aaf601ca37c929884acba51daed5fc3582479.evidence-v3.json","E:\02_area\股衍数据-数据cookbook\sql-static-lineage-data\task-projections\tasks\207070\versions\dc56e6ab84c7fe19294e34982b5aaf601ca37c929884acba51daed5fc3582479.json"
"207070","sparkIndex","dm_index_n.index_grp1_org_addcust_optbusi_oactrela_mth_ricc","task:207070:statement:0:relation:root.casttable.t1.a.setop.b0.setop.b0.setop.b0.setop.b0.setop.b0.setop.b0.setop.b0.setop.b0.setop.b0.setop.b0.setop.b1.read.index_grp1_org_addcust_optbusi_oactrela_mth_ricc","CONFIRMED","NON_LITERAL_PRESENT","E:\02_area\股衍数据-数据cookbook\sql-static-lineage-data\task-projections\tasks\207070\versions\dc56e6ab84c7fe19294e34982b5aaf601ca37c929884acba51daed5fc3582479.evidence-v3.json","E:\02_area\股衍数据-数据cookbook\sql-static-lineage-data\task-projections\tasks\207070\versions\dc56e6ab84c7fe19294e34982b5aaf601ca37c929884acba51daed5fc3582479.json"
"207070","sparkIndex","dm_index_n.index_grp1_org_addcust_buyria_oactrela_mth_ricc","task:207070:statement:0:relation:root.casttable.t1.a.setop.b0.setop.b0.setop.b0.setop.b0.setop.b0.setop.b0.setop.b0.setop.b0.setop.b0.setop.b1.read.index_grp1_org_addcust_buyria_oactrela_mth_ricc","CONFIRMED","NON_LITERAL_PRESENT","E:\02_area\股衍数据-数据cookbook\sql-static-lineage-data\task-projections\tasks\207070\versions\dc56e6ab84c7fe19294e34982b5aaf601ca37c929884acba51daed5fc3582479.evidence-v3.json","E:\02_area\股衍数据-数据cookbook\sql-static-lineage-data\task-projections\tasks\207070\versions\dc56e6ab84c7fe19294e34982b5aaf601ca37c929884acba51daed5fc3582479.json"
"207070","sparkIndex","dm_index_n.index_grp1_org_addcust_buyria_oactrela_mth_ricc","task:207070:statement:0:relation:root.casttable.t1.a.setop.b0.setop.b0.setop.b0.setop.b0.setop.b0.setop.b0.setop.b0.setop.b0.setop.b1.read.index_grp1_org_addcust_buyria_oactrela_mth_ricc","CONFIRMED","NON_LITERAL_PRESENT","E:\02_area\股衍数据-数据cookbook\sql-static-lineage-data\task-projections\tasks\207070\versions\dc56e6ab84c7fe19294e34982b5aaf601ca37c929884acba51daed5fc3582479.evidence-v3.json","E:\02_area\股衍数据-数据cookbook\sql-static-lineage-data\task-projections\tasks\207070\versions\dc56e6ab84c7fe19294e34982b5aaf601ca37c929884acba51daed5fc3582479.json"
"207070","sparkIndex","dm_index_n.index_grp1_org_perrate_margcust_oactrela_mth_ricc","task:207070:statement:0:relation:root.casttable.t1.a.setop.b0.setop.b0.setop.b0.setop.b0.setop.b0.setop.b0.setop.b0.setop.b1.read.index_grp1_org_perrate_margcust_oactrela_mth_ricc","CONFIRMED","LITERAL","E:\02_area\股衍数据-数据cookbook\sql-static-lineage-data\task-projections\tasks\207070\versions\dc56e6ab84c7fe19294e34982b5aaf601ca37c929884acba51daed5fc3582479.evidence-v3.json","E:\02_area\股衍数据-数据cookbook\sql-static-lineage-data\task-projections\tasks\207070\versions\dc56e6ab84c7fe19294e34982b5aaf601ca37c929884acba51daed5fc3582479.json"
"207070","sparkIndex","dm_index_n.index_grp1_org_perrate_margcust_oactrela_mth_ricc","task:207070:statement:0:relation:root.casttable.t1.a.setop.b0.setop.b0.setop.b0.setop.b0.setop.b0.setop.b0.setop.b1.read.index_grp1_org_perrate_margcust_oactrela_mth_ricc","CONFIRMED","LITERAL","E:\02_area\股衍数据-数据cookbook\sql-static-lineage-data\task-projections\tasks\207070\versions\dc56e6ab84c7fe19294e34982b5aaf601ca37c929884acba51daed5fc3582479.evidence-v3.json","E:\02_area\股衍数据-数据cookbook\sql-static-lineage-data\task-projections\tasks\207070\versions\dc56e6ab84c7fe19294e34982b5aaf601ca37c929884acba51daed5fc3582479.json"
"207070","sparkIndex","dm_index_n.index_grp1_org_newmvalprop_oactrela_mth_ricc","task:207070:statement:0:relation:root.casttable.t1.a.setop.b0.setop.b0.setop.b0.setop.b0.setop.b0.setop.b1.read.index_grp1_org_newmvalprop_oactrela_mth_ricc","CONFIRMED","LITERAL","E:\02_area\股衍数据-数据cookbook\sql-static-lineage-data\task-projections\tasks\207070\versions\dc56e6ab84c7fe19294e34982b5aaf601ca37c929884acba51daed5fc3582479.evidence-v3.json","E:\02_area\股衍数据-数据cookbook\sql-static-lineage-data\task-projections\tasks\207070\versions\dc56e6ab84c7fe19294e34982b5aaf601ca37c929884acba51daed5fc3582479.json"
"207070","sparkIndex","dm_index_n.index_grp1_org_newmvalprop_oactrela_mth_ricc","task:207070:statement:0:relation:root.casttable.t1.a.setop.b0.setop.b0.setop.b0.setop.b0.setop.b1.read.index_grp1_org_newmvalprop_oactrela_mth_ricc","CONFIRMED","LITERAL","E:\02_area\股衍数据-数据cookbook\sql-static-lineage-data\task-projections\tasks\207070\versions\dc56e6ab84c7fe19294e34982b5aaf601ca37c929884acba51daed5fc3582479.evidence-v3.json","E:\02_area\股衍数据-数据cookbook\sql-static-lineage-data\task-projections\tasks\207070\versions\dc56e6ab84c7fe19294e34982b5aaf601ca37c929884acba51daed5fc3582479.json"
"207070","sparkIndex","dm_index_n.index_grp1_org_propincrsrate_fullcali_oactrela_mth_ricc","task:207070:statement:0:relation:root.casttable.t1.a.setop.b0.setop.b0.setop.b0.setop.b1.read.index_grp1_org_propincrsrate_fullcali_oactrela_mth_ricc","CONFIRMED","LITERAL","E:\02_area\股衍数据-数据cookbook\sql-static-lineage-data\task-projections\tasks\207070\versions\dc56e6ab84c7fe19294e34982b5aaf601ca37c929884acba51daed5fc3582479.evidence-v3.json","E:\02_area\股衍数据-数据cookbook\sql-static-lineage-data\task-projections\tasks\207070\versions\dc56e6ab84c7fe19294e34982b5aaf601ca37c929884acba51daed5fc3582479.json"
"207070","sparkIndex","dm_index_n.index_grp1_org_propincrsrate_fullcali_oactrela_mth_ricc","task:207070:statement:0:relation:root.casttable.t1.a.setop.b0.setop.b0.setop.b1.read.index_grp1_org_propincrsrate_fullcali_oactrela_mth_ricc","CONFIRMED","LITERAL","E:\02_area\股衍数据-数据cookbook\sql-static-lineage-data\task-projections\tasks\207070\versions\dc56e6ab84c7fe19294e34982b5aaf601ca37c929884acba51daed5fc3582479.evidence-v3.json","E:\02_area\股衍数据-数据cookbook\sql-static-lineage-data\task-projections\tasks\207070\versions\dc56e6ab84c7fe19294e34982b5aaf601ca37c929884acba51daed5fc3582479.json"
"207070","sparkIndex","dm_index_n.index_grp1_servcovrg_impcust_astpkgrela_year","task:207070:statement:0:relation:root.casttable.t1.a.setop.b0.setop.b1.read.index_grp1_servcovrg_impcust_astpkgrela_year","CONFIRMED","LITERAL","E:\02_area\股衍数据-数据cookbook\sql-static-lineage-data\task-projections\tasks\207070\versions\dc56e6ab84c7fe19294e34982b5aaf601ca37c929884acba51daed5fc3582479.evidence-v3.json","E:\02_area\股衍数据-数据cookbook\sql-static-lineage-data\task-projections\tasks\207070\versions\dc56e6ab84c7fe19294e34982b5aaf601ca37c929884acba51daed5fc3582479.json"
"207070","sparkIndex","dm_index_n.index_grp1_servcovrg_impcust_astpkgrela_year","task:207070:statement:0:relation:root.casttable.t1.a.setop.b1.read.index_grp1_servcovrg_impcust_astpkgrela_year","CONFIRMED","LITERAL","E:\02_area\股衍数据-数据cookbook\sql-static-lineage-data\task-projections\tasks\207070\versions\dc56e6ab84c7fe19294e34982b5aaf601ca37c929884acba51daed5fc3582479.evidence-v3.json","E:\02_area\股衍数据-数据cookbook\sql-static-lineage-data\task-projections\tasks\207070\versions\dc56e6ab84c7fe19294e34982b5aaf601ca37c929884acba51daed5fc3582479.json"
"207271","sparkIndex","dm_index_n.index_grp1_emp_custaum_navsupernetrate_astpkgrela_mth_all","task:207271:statement:0:relation:root.casttable.t1.a.setop.b0.setop.b0.setop.b0.setop.b0.setop.b0.setop.b0.setop.b0.setop.b0.setop.b0.setop.b0.setop.b0.setop.b0.setop.b0.setop.b0.setop.b0.setop.b0.setop.b0.setop.b0.setop.b0.setop.b0.setop.b0.setop.b0.setop.b0.setop.b0.setop.b0.setop.b0.setop.b0.setop.b0.setop.b0.setop.b0.setop.b0.setop.b0.setop.b0.setop.b0.setop.b0.setop.b0.setop.b0.setop.b0.setop.b0.setop.b0.setop.b0.setop.b0.setop.b0.setop.b0.setop.b0.setop.b0.setop.b0.setop.b0.setop.b0.setop.b0.setop.b0.setop.b0.setop.b0.setop.b0.setop.b0.setop.b0.setop.b0.setop.b0.setop.b0.read.index_grp1_emp_custaum_navsupernetrate_astpkgrela_mth_all","CONFIRMED","LITERAL","E:\02_area\股衍数据-数据cookbook\sql-static-lineage-data\task-projections\tasks\207271\versions\d4b8812d6a0cb0855126b2979836340a850c158b310930c7da6cf394c661058c.evidence-v3.json","E:\02_area\股衍数据-数据cookbook\sql-static-lineage-data\task-projections\tasks\207271\versions\d4b8812d6a0cb0855126b2979836340a850c158b310930c7da6cf394c661058c.json"
"207271","sparkIndex","dm_index_n.index_grp1_emp_nav_aum_tdy_all","task:207271:statement:0:relation:root.casttable.t1.a.setop.b0.setop.b0.setop.b0.setop.b0.setop.b0.setop.b0.setop.b0.setop.b0.setop.b0.setop.b0.setop.b0.setop.b0.setop.b0.setop.b0.setop.b0.setop.b0.setop.b0.setop.b0.setop.b0.setop.b0.setop.b0.setop.b0.setop.b0.setop.b0.setop.b0.setop.b0.setop.b0.setop.b0.setop.b0.setop.b0.setop.b0.setop.b0.setop.b0.setop.b0.setop.b0.setop.b0.setop.b0.setop.b0.setop.b0.setop.b0.setop.b0.setop.b0.setop.b0.setop.b0.setop.b0.setop.b0.setop.b0.setop.b0.setop.b0.setop.b0.setop.b0.setop.b0.setop.b0.setop.b0.setop.b0.setop.b0.setop.b0.setop.b0.setop.b1.read.index_grp1_emp_nav_aum_tdy_all","CONFIRMED","LITERAL","E:\02_area\股衍数据-数据cookbook\sql-static-lineage-data\task-projections\tasks\207271\versions\d4b8812d6a0cb0855126b2979836340a850c158b310930c7da6cf394c661058c.evidence-v3.json","E:\02_area\股衍数据-数据cookbook\sql-static-lineage-data\task-projections\tasks\207271\versions\d4b8812d6a0cb0855126b2979836340a850c158b310930c7da6cf394c661058c.json"
"207271","sparkIndex","dm_index_n.index_grp1_authcust_servordevrela_endtdy","task:207271:statement:0:relation:root.casttable.t1.a.setop.b0.setop.b0.setop.b0.setop.b0.setop.b0.setop.b0.setop.b0.setop.b0.setop.b0.setop.b0.setop.b0.setop.b0.setop.b0.setop.b0.setop.b0.setop.b0.setop.b0.setop.b0.setop.b0.setop.b0.setop.b0.setop.b0.setop.b0.setop.b0.setop.b0.setop.b0.setop.b0.setop.b0.setop.b0.setop.b0.setop.b0.setop.b0.setop.b0.setop.b0.setop.b0.setop.b0.setop.b0.setop.b0.setop.b0.setop.b0.setop.b0.setop.b0.setop.b0.setop.b0.setop.b0.setop.b0.setop.b0.setop.b0.setop.b0.setop.b0.setop.b0.setop.b0.setop.b0.setop.b0.setop.b0.setop.b0.setop.b0.setop.b1.read.index_grp1_authcust_servordevrela_endtdy","CONFIRMED","LITERAL","E:\02_area\股衍数据-数据cookbook\sql-static-lineage-data\task-projections\tasks\207271\versions\d4b8812d6a0cb0855126b2979836340a850c158b310930c7da6cf394c661058c.evidence-v3.json","E:\02_area\股衍数据-数据cookbook\sql-static-lineage-data\task-projections\tasks\207271\versions\d4b8812d6a0cb0855126b2979836340a850c158b310930c7da6cf394c661058c.json"
"207271","sparkIndex","dm_index_n.index_grp1_servcovrg_impcust_astpkgrela_year","task:207271:statement:0:relation:root.casttable.t1.a.setop.b0.setop.b0.setop.b0.setop.b0.setop.b0.setop.b0.setop.b0.setop.b0.setop.b0.setop.b0.setop.b0.setop.b0.setop.b0.setop.b0.setop.b0.setop.b0.setop.b0.setop.b0.setop.b0.setop.b0.setop.b0.setop.b0.setop.b0.setop.b0.setop.b0.setop.b0.setop.b0.setop.b0.setop.b0.setop.b0.setop.b0.setop.b0.setop.b0.setop.b0.setop.b0.setop.b0.setop.b0.setop.b0.setop.b0.setop.b0.setop.b0.setop.b0.setop.b0.setop.b0.setop.b0.setop.b0.setop.b0.setop.b0.setop.b0.setop.b0.setop.b0.setop.b0.setop.b0.setop.b0.setop.b0.setop.b0.setop.b1.read.index_grp1_servcovrg_impcust_astpkgrela_year","CONFIRMED","LITERAL","E:\02_area\股衍数据-数据cookbook\sql-static-lineage-data\task-projections\tasks\207271\versions\d4b8812d6a0cb0855126b2979836340a850c158b310930c7da6cf394c661058c.evidence-v3.json","E:\02_area\股衍数据-数据cookbook\sql-static-lineage-data\task-projections\tasks\207271\versions\d4b8812d6a0cb0855126b2979836340a850c158b310930c7da6cf394c661058c.json"
"207271","sparkIndex","dm_index_n.index_grp1_custlosrate_richhnwcust_astpkgrela_qtr","task:207271:statement:0:relation:root.casttable.t1.a.setop.b0.setop.b0.setop.b0.setop.b0.setop.b0.setop.b0.setop.b0.setop.b0.setop.b0.setop.b0.setop.b0.setop.b0.setop.b0.setop.b0.setop.b0.setop.b0.setop.b0.setop.b0.setop.b0.setop.b0.setop.b0.setop.b0.setop.b0.setop.b0.setop.b0.setop.b0.setop.b0.setop.b0.setop.b0.setop.b0.setop.b0.setop.b0.setop.b0.setop.b0.setop.b0.setop.b0.setop.b0.setop.b0.setop.b0.setop.b0.setop.b0.setop.b0.setop.b0.setop.b0.setop.b0.setop.b0.setop.b0.setop.b0.setop.b0.setop.b0.setop.b0.setop.b0.setop.b0.setop.b0.setop.b0.setop.b1.read.index_grp1_custlosrate_richhnwcust_astpkgrela_qtr","CONFIRMED","LITERAL","E:\02_area\股衍数据-数据cookbook\sql-static-lineage-data\task-projections\tasks\207271\versions\d4b8812d6a0cb0855126b2979836340a850c158b310930c7da6cf394c661058c.evidence-v3.json","E:\02_area\股衍数据-数据cookbook\sql-static-lineage-data\task-projections\tasks\207271\versions\d4b8812d6a0cb0855126b2979836340a850c158b310930c7da6cf394c661058c.json"
"207271","sparkIndex","dm_index_n.index_grp1_emp_newsign_custcount_ianws_mth_ricc","task:207271:statement:0:relation:root.casttable.t1.a.setop.b0.setop.b0.setop.b0.setop.b0.setop.b0.setop.b0.setop.b0.setop.b0.setop.b0.setop.b0.setop.b0.setop.b0.setop.b0.setop.b0.setop.b0.setop.b0.setop.b0.setop.b0.setop.b0.setop.b0.setop.b0.setop.b0.setop.b0.setop.b0.setop.b0.setop.b0.setop.b0.setop.b0.setop.b0.setop.b0.setop.b0.setop.b0.setop.b0.setop.b0.setop.b0.setop.b0.setop.b0.setop.b0.setop.b0.setop.b0.setop.b0.setop.b0.setop.b0.setop.b0.setop.b0.setop.b0.setop.b0.setop.b0.setop.b0.setop.b0.setop.b0.setop.b0.setop.b0.setop.b0.setop.b1.read.index_grp1_emp_newsign_custcount_ianws_mth_ricc","CONFIRMED","LITERAL","E:\02_area\股衍数据-数据cookbook\sql-static-lineage-data\task-projections\tasks\207271\versions\d4b8812d6a0cb0855126b2979836340a850c158b310930c7da6cf394c661058c.evidence-v3.json","E:\02_area\股衍数据-数据cookbook\sql-static-lineage-data\task-projections\tasks\207271\versions\d4b8812d6a0cb0855126b2979836340a850c158b310930c7da6cf394c661058c.json"
"207271","sparkIndex","dm_index_n.index_grp1_emp_covrg_fullprdtnrcust_astpkgrela_accumtomth_ricc","task:207271:statement:0:relation:root.casttable.t1.a.setop.b0.setop.b0.setop.b0.setop.b0.setop.b0.setop.b0.setop.b0.setop.b0.setop.b0.setop.b0.setop.b0.setop.b0.setop.b0.setop.b0.setop.b0.setop.b0.setop.b0.setop.b0.setop.b0.setop.b0.setop.b0.setop.b0.setop.b0.setop.b0.setop.b0.setop.b0.setop.b0.setop.b0.setop.b0.setop.b0.setop.b0.setop.b0.setop.b0.setop.b0.setop.b0.setop.b0.setop.b0.setop.b0.setop.b0.setop.b0.setop.b0.setop.b0.setop.b0.setop.b0.setop.b0.setop.b0.setop.b0.setop.b0.setop.b0.setop.b0.setop.b0.setop.b0.setop.b0.setop.b1.read.index_grp1_emp_covrg_fullprdtnrcust_astpkgrela_accumtomth_ricc","CONFIRMED","LITERAL","E:\02_area\股衍数据-数据cookbook\sql-static-lineage-data\task-projections\tasks\207271\versions\d4b8812d6a0cb0855126b2979836340a850c158b310930c7da6cf394c661058c.evidence-v3.json","E:\02_area\股衍数据-数据cookbook\sql-static-lineage-data\task-projections\tasks\207271\versions\d4b8812d6a0cb0855126b2979836340a850c158b310930c7da6cf394c661058c.json"
"207271","sparkIndex","dm_index_n.index_grp1_emp_addcust_optbusi_optdevrela_mth_ricc","task:207271:statement:0:relation:root.casttable.t1.a.setop.b0.setop.b0.setop.b0.setop.b0.setop.b0.setop.b0.setop.b0.setop.b0.setop.b0.setop.b0.setop.b0.setop.b0.setop.b0.setop.b0.setop.b0.setop.b0.setop.b0.setop.b0.setop.b0.setop.b0.setop.b0.setop.b0.setop.b0.setop.b0.setop.b0.setop.b0.setop.b0.setop.b0.setop.b0.setop.b0.setop.b0.setop.b0.setop.b0.setop.b0.setop.b0.setop.b0.setop.b0.setop.b0.setop.b0.setop.b0.setop.b0.setop.b0.setop.b0.setop.b0.setop.b0.setop.b0.setop.b0.setop.b0.setop.b0.setop.b0.setop.b0.setop.b0.setop.b1.read.index_grp1_emp_addcust_optbusi_optdevrela_mth_ricc","CONFIRMED","LITERAL","E:\02_area\股衍数据-数据cookbook\sql-static-lineage-data\task-projections\tasks\207271\versions\d4b8812d6a0cb0855126b2979836340a850c158b310930c7da6cf394c661058c.evidence-v3.json","E:\02_area\股衍数据-数据cookbook\sql-static-lineage-data\task-projections\tasks\207271\versions\d4b8812d6a0cb0855126b2979836340a850c158b310930c7da6cf394c661058c.json"
"207271","sparkIndex","dm_index_n.index_grp1_emp_addcust_buyria_astpkgrela_mth_ricc","task:207271:statement:0:relation:root.casttable.t1.a.setop.b0.setop.b0.setop.b0.setop.b0.setop.b0.setop.b0.setop.b0.setop.b0.setop.b0.setop.b0.setop.b0.setop.b0.setop.b0.setop.b0.setop.b0.setop.b0.setop.b0.setop.b0.setop.b0.setop.b0.setop.b0.setop.b0.setop.b0.setop.b0.setop.b0.setop.b0.setop.b0.setop.b0.setop.b0.setop.b0.setop.b0.setop.b0.setop.b0.setop.b0.setop.b0.setop.b0.setop.b0.setop.b0.setop.b0.setop.b0.setop.b0.setop.b0.setop.b0.setop.b0.setop.b0.setop.b0.setop.b0.setop.b0.setop.b0.setop.b0.setop.b0.setop.b1.read.index_grp1_emp_addcust_buyria_astpkgrela_mth_ricc","CONFIRMED","LITERAL","E:\02_area\股衍数据-数据cookbook\sql-static-lineage-data\task-projections\tasks\207271\versions\d4b8812d6a0cb0855126b2979836340a850c158b310930c7da6cf394c661058c.evidence-v3.json","E:\02_area\股衍数据-数据cookbook\sql-static-lineage-data\task-projections\tasks\207271\versions\d4b8812d6a0cb0855126b2979836340a850c158b310930c7da6cf394c661058c.json"
"207271","sparkIndex","dm_index_n.index_grp1_emp_perrate_marg_astpkgrela_mth_ricc","task:207271:statement:0:relation:root.casttable.t1.a.setop.b0.setop.b0.setop.b0.setop.b0.setop.b0.setop.b0.setop.b0.setop.b0.setop.b0.setop.b0.setop.b0.setop.b0.setop.b0.setop.b0.setop.b0.setop.b0.setop.b0.setop.b0.setop.b0.setop.b0.setop.b0.setop.b0.setop.b0.setop.b0.setop.b0.setop.b0.setop.b0.setop.b0.setop.b0.setop.b0.setop.b0.setop.b0.setop.b0.setop.b0.setop.b0.setop.b0.setop.b0.setop.b0.setop.b0.setop.b0.setop.b0.setop.b0.setop.b0.setop.b0.setop.b0.setop.b0.setop.b0.setop.b0.setop.b0.setop.b0.setop.b1.read.index_grp1_emp_perrate_marg_astpkgrela_mth_ricc","CONFIRMED","LITERAL","E:\02_area\股衍数据-数据cookbook\sql-static-lineage-data\task-projections\tasks\207271\versions\d4b8812d6a0cb0855126b2979836340a850c158b310930c7da6cf394c661058c.evidence-v3.json","E:\02_area\股衍数据-数据cookbook\sql-static-lineage-data\task-projections\tasks\207271\versions\d4b8812d6a0cb0855126b2979836340a850c158b310930c7da6cf394c661058c.json"
"207271","sparkIndex","dm_index_n.index_grp1_emp_newmvalprop_astpkgrela_mth_ricc","task:207271:statement:0:relation:root.casttable.t1.a.setop.b0.setop.b0.setop.b0.setop.b0.setop.b0.setop.b0.setop.b0.setop.b0.setop.b0.setop.b0.setop.b0.setop.b0.setop.b0.setop.b0.setop.b0.setop.b0.setop.b0.setop.b0.setop.b0.setop.b0.setop.b0.setop.b0.setop.b0.setop.b0.setop.b0.setop.b0.setop.b0.setop.b0.setop.b0.setop.b0.setop.b0.setop.b0.setop.b0.setop.b0.setop.b0.setop.b0.setop.b0.setop.b0.setop.b0.setop.b0.setop.b0.setop.b0.setop.b0.setop.b0.setop.b0.setop.b0.setop.b0.setop.b0.setop.b0.setop.b1.read.index_grp1_emp_newmvalprop_astpkgrela_mth_ricc","CONFIRMED","LITERAL","E:\02_area\股衍数据-数据cookbook\sql-static-lineage-data\task-projections\tasks\207271\versions\d4b8812d6a0cb0855126b2979836340a850c158b310930c7da6cf394c661058c.evidence-v3.json","E:\02_area\股衍数据-数据cookbook\sql-static-lineage-data\task-projections\tasks\207271\versions\d4b8812d6a0cb0855126b2979836340a850c158b310930c7da6cf394c661058c.json"
"207271","sparkIndex","dm_index_n.index_grp1_emp_aumnetast_muyield_aumastpkgrela_mth_ricc","task:207271:statement:0:relation:root.casttable.t1.a.setop.b0.setop.b0.setop.b0.setop.b0.setop.b0.setop.b0.setop.b0.setop.b0.setop.b0.setop.b0.setop.b0.setop.b0.setop.b0.setop.b0.setop.b0.setop.b0.setop.b0.setop.b0.setop.b0.setop.b0.setop.b0.setop.b0.setop.b0.setop.b0.setop.b0.setop.b1.read.index_grp1_emp_aumnetast_muyield_aumastpkgrela_mth_ricc","CONFIRMED","LITERAL","E:\02_area\股衍数据-数据cookbook\sql-static-lineage-data\task-projections\tasks\207271\versions\d4b8812d6a0cb0855126b2979836340a850c158b310930c7da6cf394c661058c.evidence-v3.json","E:\02_area\股衍数据-数据cookbook\sql-static-lineage-data\task-projections\tasks\207271\versions\d4b8812d6a0cb0855126b2979836340a850c158b310930c7da6cf394c661058c.json"
"207271","sparkIndex","dm_index_n.index_grp1_emp_aumnetast_muyield_aumastpkgrela_mth_ricc","task:207271:statement:0:relation:root.casttable.t1.a.setop.b0.setop.b0.setop.b0.setop.b0.setop.b0.setop.b0.setop.b0.setop.b0.setop.b0.setop.b0.setop.b0.setop.b0.setop.b0.setop.b0.setop.b0.setop.b0.setop.b0.setop.b0.setop.b0.setop.b0.setop.b0.setop.b0.setop.b0.setop.b0.setop.b1.read.index_grp1_emp_aumnetast_muyield_aumastpkgrela_mth_ricc","CONFIRMED","LITERAL","E:\02_area\股衍数据-数据cookbook\sql-static-lineage-data\task-projections\tasks\207271\versions\d4b8812d6a0cb0855126b2979836340a850c158b310930c7da6cf394c661058c.evidence-v3.json","E:\02_area\股衍数据-数据cookbook\sql-static-lineage-data\task-projections\tasks\207271\versions\d4b8812d6a0cb0855126b2979836340a850c158b310930c7da6cf394c661058c.json"
"207271","sparkIndex","dm_index_n.index_grp1_emp_aumnetast_muyield_aumastpkgrela_mth_ricc","task:207271:statement:0:relation:root.casttable.t1.a.setop.b0.setop.b0.setop.b0.setop.b0.setop.b0.setop.b0.setop.b0.setop.b0.setop.b0.setop.b0.setop.b0.setop.b0.setop.b0.setop.b0.setop.b0.setop.b0.setop.b0.setop.b0.setop.b0.setop.b0.setop.b0.setop.b0.setop.b0.setop.b1.read.index_grp1_emp_aumnetast_muyield_aumastpkgrela_mth_ricc","CONFIRMED","NON_LITERAL_PRESENT","E:\02_area\股衍数据-数据cookbook\sql-static-lineage-data\task-projections\tasks\207271\versions\d4b8812d6a0cb0855126b2979836340a850c158b310930c7da6cf394c661058c.evidence-v3.json","E:\02_area\股衍数据-数据cookbook\sql-static-lineage-data\task-projections\tasks\207271\versions\d4b8812d6a0cb0855126b2979836340a850c158b310930c7da6cf394c661058c.json"
"207271","sparkIndex","dm_index_n.index_grp1_emp_custaum_navsupernetrate_astpkgrela_mth_all","task:207271:statement:0:relation:root.casttable.t1.a.setop.b0.setop.b0.setop.b0.setop.b0.setop.b0.setop.b0.setop.b0.setop.b0.setop.b0.setop.b0.setop.b0.setop.b0.setop.b0.setop.b0.setop.b0.setop.b0.setop.b0.setop.b0.setop.b0.setop.b0.setop.b0.setop.b1.read.index_grp1_emp_custaum_navsupernetrate_astpkgrela_mth_all","CONFIRMED","LITERAL","E:\02_area\股衍数据-数据cookbook\sql-static-lineage-data\task-projections\tasks\207271\versions\d4b8812d6a0cb0855126b2979836340a850c158b310930c7da6cf394c661058c.evidence-v3.json","E:\02_area\股衍数据-数据cookbook\sql-static-lineage-data\task-projections\tasks\207271\versions\d4b8812d6a0cb0855126b2979836340a850c158b310930c7da6cf394c661058c.json"
"207271","sparkIndex","dm_index_n.index_grp1_emp_custaum_navsupernetrate_astpkgrela_mth_all","task:207271:statement:0:relation:root.casttable.t1.a.setop.b0.setop.b0.setop.b0.setop.b0.setop.b0.setop.b0.setop.b0.setop.b0.setop.b0.setop.b0.setop.b0.setop.b0.setop.b0.setop.b0.setop.b0.setop.b0.setop.b0.setop.b0.setop.b0.setop.b0.setop.b1.read.index_grp1_emp_custaum_navsupernetrate_astpkgrela_mth_all","CONFIRMED","LITERAL","E:\02_area\股衍数据-数据cookbook\sql-static-lineage-data\task-projections\tasks\207271\versions\d4b8812d6a0cb0855126b2979836340a850c158b310930c7da6cf394c661058c.evidence-v3.json","E:\02_area\股衍数据-数据cookbook\sql-static-lineage-data\task-projections\tasks\207271\versions\d4b8812d6a0cb0855126b2979836340a850c158b310930c7da6cf394c661058c.json"
"207271","sparkIndex","dm_index_n.index_grp1_emp_nav_aum_tdy_all","task:207271:statement:0:relation:root.casttable.t1.a.setop.b0.setop.b0.setop.b0.setop.b0.setop.b0.setop.b0.setop.b0.setop.b0.setop.b0.setop.b0.setop.b0.setop.b0.setop.b0.setop.b0.setop.b0.setop.b0.setop.b0.setop.b0.setop.b0.setop.b1.read.index_grp1_emp_nav_aum_tdy_all","CONFIRMED","NON_LITERAL_PRESENT","E:\02_area\股衍数据-数据cookbook\sql-static-lineage-data\task-projections\tasks\207271\versions\d4b8812d6a0cb0855126b2979836340a850c158b310930c7da6cf394c661058c.evidence-v3.json","E:\02_area\股衍数据-数据cookbook\sql-static-lineage-data\task-projections\tasks\207271\versions\d4b8812d6a0cb0855126b2979836340a850c158b310930c7da6cf394c661058c.json"
"207271","sparkIndex","dm_index_n.index_grp1_emp_nav_aum_tdy_all","task:207271:statement:0:relation:root.casttable.t1.a.setop.b0.setop.b0.setop.b0.setop.b0.setop.b0.setop.b0.setop.b0.setop.b0.setop.b0.setop.b0.setop.b0.setop.b0.setop.b0.setop.b0.setop.b0.setop.b0.setop.b0.setop.b0.setop.b1.read.index_grp1_emp_nav_aum_tdy_all","CONFIRMED","NON_LITERAL_PRESENT","E:\02_area\股衍数据-数据cookbook\sql-static-lineage-data\task-projections\tasks\207271\versions\d4b8812d6a0cb0855126b2979836340a850c158b310930c7da6cf394c661058c.evidence-v3.json","E:\02_area\股衍数据-数据cookbook\sql-static-lineage-data\task-projections\tasks\207271\versions\d4b8812d6a0cb0855126b2979836340a850c158b310930c7da6cf394c661058c.json"
"207271","sparkIndex","dm_index_n.index_grp1_authcust_servordevrela_endtdy","task:207271:statement:0:relation:root.casttable.t1.a.setop.b0.setop.b0.setop.b0.setop.b0.setop.b0.setop.b0.setop.b0.setop.b0.setop.b0.setop.b0.setop.b0.setop.b0.setop.b0.setop.b0.setop.b0.setop.b0.setop.b0.setop.b1.read.index_grp1_authcust_servordevrela_endtdy","CONFIRMED","LITERAL","E:\02_area\股衍数据-数据cookbook\sql-static-lineage-data\task-projections\tasks\207271\versions\d4b8812d6a0cb0855126b2979836340a850c158b310930c7da6cf394c661058c.evidence-v3.json","E:\02_area\股衍数据-数据cookbook\sql-static-lineage-data\task-projections\tasks\207271\versions\d4b8812d6a0cb0855126b2979836340a850c158b310930c7da6cf394c661058c.json"
"207271","sparkIndex","dm_index_n.index_grp1_authcust_servordevrela_endtdy","task:207271:statement:0:relation:root.casttable.t1.a.setop.b0.setop.b0.setop.b0.setop.b0.setop.b0.setop.b0.setop.b0.setop.b0.setop.b0.setop.b0.setop.b0.setop.b0.setop.b0.setop.b0.setop.b0.setop.b0.setop.b1.read.index_grp1_authcust_servordevrela_endtdy","CONFIRMED","LITERAL","E:\02_area\股衍数据-数据cookbook\sql-static-lineage-data\task-projections\tasks\207271\versions\d4b8812d6a0cb0855126b2979836340a850c158b310930c7da6cf394c661058c.evidence-v3.json","E:\02_area\股衍数据-数据cookbook\sql-static-lineage-data\task-projections\tasks\207271\versions\d4b8812d6a0cb0855126b2979836340a850c158b310930c7da6cf394c661058c.json"
"207271","sparkIndex","dm_index_n.index_grp1_servcovrg_impcust_astpkgrela_year","task:207271:statement:0:relation:root.casttable.t1.a.setop.b0.setop.b0.setop.b0.setop.b0.setop.b0.setop.b0.setop.b0.setop.b0.setop.b0.setop.b0.setop.b0.setop.b0.setop.b0.setop.b0.setop.b0.setop.b1.read.index_grp1_servcovrg_impcust_astpkgrela_year","CONFIRMED","LITERAL","E:\02_area\股衍数据-数据cookbook\sql-static-lineage-data\task-projections\tasks\207271\versions\d4b8812d6a0cb0855126b2979836340a850c158b310930c7da6cf394c661058c.evidence-v3.json","E:\02_area\股衍数据-数据cookbook\sql-static-lineage-data\task-projections\tasks\207271\versions\d4b8812d6a0cb0855126b2979836340a850c158b310930c7da6cf394c661058c.json"
"207271","sparkIndex","dm_index_n.index_grp1_servcovrg_impcust_astpkgrela_year","task:207271:statement:0:relation:root.casttable.t1.a.setop.b0.setop.b0.setop.b0.setop.b0.setop.b0.setop.b0.setop.b0.setop.b0.setop.b0.setop.b0.setop.b0.setop.b0.setop.b0.setop.b0.setop.b1.read.index_grp1_servcovrg_impcust_astpkgrela_year","CONFIRMED","LITERAL","E:\02_area\股衍数据-数据cookbook\sql-static-lineage-data\task-projections\tasks\207271\versions\d4b8812d6a0cb0855126b2979836340a850c158b310930c7da6cf394c661058c.evidence-v3.json","E:\02_area\股衍数据-数据cookbook\sql-static-lineage-data\task-projections\tasks\207271\versions\d4b8812d6a0cb0855126b2979836340a850c158b310930c7da6cf394c661058c.json"
"207271","sparkIndex","dm_index_n.index_grp1_custlosrate_richhnwcust_astpkgrela_qtr","task:207271:statement:0:relation:root.casttable.t1.a.setop.b0.setop.b0.setop.b0.setop.b0.setop.b0.setop.b0.setop.b0.setop.b0.setop.b0.setop.b0.setop.b0.setop.b0.setop.b0.setop.b1.read.index_grp1_custlosrate_richhnwcust_astpkgrela_qtr","CONFIRMED","LITERAL","E:\02_area\股衍数据-数据cookbook\sql-static-lineage-data\task-projections\tasks\207271\versions\d4b8812d6a0cb0855126b2979836340a850c158b310930c7da6cf394c661058c.evidence-v3.json","E:\02_area\股衍数据-数据cookbook\sql-static-lineage-data\task-projections\tasks\207271\versions\d4b8812d6a0cb0855126b2979836340a850c158b310930c7da6cf394c661058c.json"
"207271","sparkIndex","dm_index_n.index_grp1_custlosrate_richhnwcust_astpkgrela_qtr","task:207271:statement:0:relation:root.casttable.t1.a.setop.b0.setop.b0.setop.b0.setop.b0.setop.b0.setop.b0.setop.b0.setop.b0.setop.b0.setop.b0.setop.b0.setop.b0.setop.b1.read.index_grp1_custlosrate_richhnwcust_astpkgrela_qtr","CONFIRMED","NON_LITERAL_PRESENT","E:\02_area\股衍数据-数据cookbook\sql-static-lineage-data\task-projections\tasks\207271\versions\d4b8812d6a0cb0855126b2979836340a850c158b310930c7da6cf394c661058c.evidence-v3.json","E:\02_area\股衍数据-数据cookbook\sql-static-lineage-data\task-projections\tasks\207271\versions\d4b8812d6a0cb0855126b2979836340a850c158b310930c7da6cf394c661058c.json"
"207271","sparkIndex","dm_index_n.index_grp1_emp_newsign_custcount_ianws_mth_ricc","task:207271:statement:0:relation:root.casttable.t1.a.setop.b0.setop.b0.setop.b0.setop.b0.setop.b0.setop.b0.setop.b0.setop.b0.setop.b0.setop.b0.setop.b0.setop.b1.read.index_grp1_emp_newsign_custcount_ianws_mth_ricc","CONFIRMED","NON_LITERAL_PRESENT","E:\02_area\股衍数据-数据cookbook\sql-static-lineage-data\task-projections\tasks\207271\versions\d4b8812d6a0cb0855126b2979836340a850c158b310930c7da6cf394c661058c.evidence-v3.json","E:\02_area\股衍数据-数据cookbook\sql-static-lineage-data\task-projections\tasks\207271\versions\d4b8812d6a0cb0855126b2979836340a850c158b310930c7da6cf394c661058c.json"
"207271","sparkIndex","dm_index_n.index_grp1_emp_newsign_custcount_ianws_mth_ricc","task:207271:statement:0:relation:root.casttable.t1.a.setop.b0.setop.b0.setop.b0.setop.b0.setop.b0.setop.b0.setop.b0.setop.b0.setop.b0.setop.b0.setop.b1.read.index_grp1_emp_newsign_custcount_ianws_mth_ricc","CONFIRMED","NON_LITERAL_PRESENT","E:\02_area\股衍数据-数据cookbook\sql-static-lineage-data\task-projections\tasks\207271\versions\d4b8812d6a0cb0855126b2979836340a850c158b310930c7da6cf394c661058c.evidence-v3.json","E:\02_area\股衍数据-数据cookbook\sql-static-lineage-data\task-projections\tasks\207271\versions\d4b8812d6a0cb0855126b2979836340a850c158b310930c7da6cf394c661058c.json"
"207271","sparkIndex","dm_index_n.index_grp1_emp_covrg_fullprdtnrcust_astpkgrela_accumtomth_ricc","task:207271:statement:0:relation:root.casttable.t1.a.setop.b0.setop.b0.setop.b0.setop.b0.setop.b0.setop.b0.setop.b0.setop.b0.setop.b0.setop.b1.read.index_grp1_emp_covrg_fullprdtnrcust_astpkgrela_accumtomth_ricc","CONFIRMED","LITERAL","E:\02_area\股衍数据-数据cookbook\sql-static-lineage-data\task-projections\tasks\207271\versions\d4b8812d6a0cb0855126b2979836340a850c158b310930c7da6cf394c661058c.evidence-v3.json","E:\02_area\股衍数据-数据cookbook\sql-static-lineage-data\task-projections\tasks\207271\versions\d4b8812d6a0cb0855126b2979836340a850c158b310930c7da6cf394c661058c.json"
"207271","sparkIndex","dm_index_n.index_grp1_emp_covrg_fullprdtnrcust_astpkgrela_accumtomth_ricc","task:207271:statement:0:relation:root.casttable.t1.a.setop.b0.setop.b0.setop.b0.setop.b0.setop.b0.setop.b0.setop.b0.setop.b0.setop.b1.read.index_grp1_emp_covrg_fullprdtnrcust_astpkgrela_accumtomth_ricc","CONFIRMED","LITERAL","E:\02_area\股衍数据-数据cookbook\sql-static-lineage-data\task-projections\tasks\207271\versions\d4b8812d6a0cb0855126b2979836340a850c158b310930c7da6cf394c661058c.evidence-v3.json","E:\02_area\股衍数据-数据cookbook\sql-static-lineage-data\task-projections\tasks\207271\versions\d4b8812d6a0cb0855126b2979836340a850c158b310930c7da6cf394c661058c.json"
"207271","sparkIndex","dm_index_n.index_grp1_emp_addcust_optbusi_optdevrela_mth_ricc","task:207271:statement:0:relation:root.casttable.t1.a.setop.b0.setop.b0.setop.b0.setop.b0.setop.b0.setop.b0.setop.b0.setop.b1.read.index_grp1_emp_addcust_optbusi_optdevrela_mth_ricc","CONFIRMED","NON_LITERAL_PRESENT","E:\02_area\股衍数据-数据cookbook\sql-static-lineage-data\task-projections\tasks\207271\versions\d4b8812d6a0cb0855126b2979836340a850c158b310930c7da6cf394c661058c.evidence-v3.json","E:\02_area\股衍数据-数据cookbook\sql-static-lineage-data\task-projections\tasks\207271\versions\d4b8812d6a0cb0855126b2979836340a850c158b310930c7da6cf394c661058c.json"
"207271","sparkIndex","dm_index_n.index_grp1_emp_addcust_optbusi_optdevrela_mth_ricc","task:207271:statement:0:relation:root.casttable.t1.a.setop.b0.setop.b0.setop.b0.setop.b0.setop.b0.setop.b0.setop.b1.read.index_grp1_emp_addcust_optbusi_optdevrela_mth_ricc","CONFIRMED","NON_LITERAL_PRESENT","E:\02_area\股衍数据-数据cookbook\sql-static-lineage-data\task-projections\tasks\207271\versions\d4b8812d6a0cb0855126b2979836340a850c158b310930c7da6cf394c661058c.evidence-v3.json","E:\02_area\股衍数据-数据cookbook\sql-static-lineage-data\task-projections\tasks\207271\versions\d4b8812d6a0cb0855126b2979836340a850c158b310930c7da6cf394c661058c.json"
"207271","sparkIndex","dm_index_n.index_grp1_emp_addcust_buyria_astpkgrela_mth_ricc","task:207271:statement:0:relation:root.casttable.t1.a.setop.b0.setop.b0.setop.b0.setop.b0.setop.b0.setop.b1.read.index_grp1_emp_addcust_buyria_astpkgrela_mth_ricc","CONFIRMED","NON_LITERAL_PRESENT","E:\02_area\股衍数据-数据cookbook\sql-static-lineage-data\task-projections\tasks\207271\versions\d4b8812d6a0cb0855126b2979836340a850c158b310930c7da6cf394c661058c.evidence-v3.json","E:\02_area\股衍数据-数据cookbook\sql-static-lineage-data\task-projections\tasks\207271\versions\d4b8812d6a0cb0855126b2979836340a850c158b310930c7da6cf394c661058c.json"
"207271","sparkIndex","dm_index_n.index_grp1_emp_addcust_buyria_astpkgrela_mth_ricc","task:207271:statement:0:relation:root.casttable.t1.a.setop.b0.setop.b0.setop.b0.setop.b0.setop.b1.read.index_grp1_emp_addcust_buyria_astpkgrela_mth_ricc","CONFIRMED","NON_LITERAL_PRESENT","E:\02_area\股衍数据-数据cookbook\sql-static-lineage-data\task-projections\tasks\207271\versions\d4b8812d6a0cb0855126b2979836340a850c158b310930c7da6cf394c661058c.evidence-v3.json","E:\02_area\股衍数据-数据cookbook\sql-static-lineage-data\task-projections\tasks\207271\versions\d4b8812d6a0cb0855126b2979836340a850c158b310930c7da6cf394c661058c.json"
"207271","sparkIndex","dm_index_n.index_grp1_emp_perrate_marg_astpkgrela_mth_ricc","task:207271:statement:0:relation:root.casttable.t1.a.setop.b0.setop.b0.setop.b0.setop.b1.read.index_grp1_emp_perrate_marg_astpkgrela_mth_ricc","CONFIRMED","LITERAL","E:\02_area\股衍数据-数据cookbook\sql-static-lineage-data\task-projections\tasks\207271\versions\d4b8812d6a0cb0855126b2979836340a850c158b310930c7da6cf394c661058c.evidence-v3.json","E:\02_area\股衍数据-数据cookbook\sql-static-lineage-data\task-projections\tasks\207271\versions\d4b8812d6a0cb0855126b2979836340a850c158b310930c7da6cf394c661058c.json"
"207271","sparkIndex","dm_index_n.index_grp1_emp_perrate_marg_astpkgrela_mth_ricc","task:207271:statement:0:relation:root.casttable.t1.a.setop.b0.setop.b0.setop.b1.read.index_grp1_emp_perrate_marg_astpkgrela_mth_ricc","CONFIRMED","LITERAL","E:\02_area\股衍数据-数据cookbook\sql-static-lineage-data\task-projections\tasks\207271\versions\d4b8812d6a0cb0855126b2979836340a850c158b310930c7da6cf394c661058c.evidence-v3.json","E:\02_area\股衍数据-数据cookbook\sql-static-lineage-data\task-projections\tasks\207271\versions\d4b8812d6a0cb0855126b2979836340a850c158b310930c7da6cf394c661058c.json"
"207271","sparkIndex","dm_index_n.index_grp1_emp_newmvalprop_astpkgrela_mth_ricc","task:207271:statement:0:relation:root.casttable.t1.a.setop.b0.setop.b1.read.index_grp1_emp_newmvalprop_astpkgrela_mth_ricc","CONFIRMED","LITERAL","E:\02_area\股衍数据-数据cookbook\sql-static-lineage-data\task-projections\tasks\207271\versions\d4b8812d6a0cb0855126b2979836340a850c158b310930c7da6cf394c661058c.evidence-v3.json","E:\02_area\股衍数据-数据cookbook\sql-static-lineage-data\task-projections\tasks\207271\versions\d4b8812d6a0cb0855126b2979836340a850c158b310930c7da6cf394c661058c.json"
"207271","sparkIndex","dm_index_n.index_grp1_emp_newmvalprop_astpkgrela_mth_ricc","task:207271:statement:0:relation:root.casttable.t1.a.setop.b1.read.index_grp1_emp_newmvalprop_astpkgrela_mth_ricc","CONFIRMED","LITERAL","E:\02_area\股衍数据-数据cookbook\sql-static-lineage-data\task-projections\tasks\207271\versions\d4b8812d6a0cb0855126b2979836340a850c158b310930c7da6cf394c661058c.evidence-v3.json","E:\02_area\股衍数据-数据cookbook\sql-static-lineage-data\task-projections\tasks\207271\versions\d4b8812d6a0cb0855126b2979836340a850c158b310930c7da6cf394c661058c.json"
"207665","sparkIndex","dm_index_n.index_grp1_cust_income_fullcali_mth_ricc","task:207665:statement:0:relation:root.(child).t.setop.b0.setop.b0.setop.b0.setop.b0.setop.b0.setop.b0.setop.b0.setop.b0.setop.b0.setop.b0.setop.b0.setop.b0.setop.b0.setop.b0.setop.b0.setop.b0.setop.b0.setop.b0.setop.b0.setop.b0.setop.b0.setop.b0.setop.b0.setop.b0.setop.b0.setop.b0.setop.b0.setop.b0.setop.b0.setop.b0.setop.b0.setop.b0.setop.b0.setop.b0.setop.b0.setop.b0.setop.b0.setop.b0.setop.b0.setop.b0.setop.b0.setop.b0.setop.b0.setop.b0.setop.b1.read.index_grp1_cust_income_fullcali_mth_ricc","CONFIRMED","LITERAL","E:\02_area\股衍数据-数据cookbook\sql-static-lineage-data\task-projections\tasks\207665\versions\b47aef1655aae7f0093527e1bc83596134af01e06de109c97b4f91add12cbaff.evidence-v3.json","E:\02_area\股衍数据-数据cookbook\sql-static-lineage-data\task-projections\tasks\207665\versions\b47aef1655aae7f0093527e1bc83596134af01e06de109c97b4f91add12cbaff.json"
"207665","sparkIndex","dm_index_n.index_grp1_cust_income_fullcali_mth_ricc","task:207665:statement:0:relation:root.(child).t.setop.b0.setop.b0.setop.b0.setop.b0.setop.b0.setop.b0.setop.b0.setop.b0.setop.b0.setop.b0.setop.b0.setop.b0.setop.b0.setop.b0.setop.b0.setop.b0.setop.b0.setop.b0.setop.b0.setop.b0.setop.b0.setop.b0.setop.b0.setop.b0.setop.b0.setop.b0.setop.b0.setop.b0.setop.b0.setop.b0.setop.b0.setop.b0.setop.b0.setop.b0.setop.b0.setop.b0.setop.b0.setop.b0.setop.b0.setop.b0.setop.b0.setop.b0.setop.b0.setop.b1.read.index_grp1_cust_income_fullcali_mth_ricc","CONFIRMED","NON_LITERAL_PRESENT","E:\02_area\股衍数据-数据cookbook\sql-static-lineage-data\task-projections\tasks\207665\versions\b47aef1655aae7f0093527e1bc83596134af01e06de109c97b4f91add12cbaff.evidence-v3.json","E:\02_area\股衍数据-数据cookbook\sql-static-lineage-data\task-projections\tasks\207665\versions\b47aef1655aae7f0093527e1bc83596134af01e06de109c97b4f91add12cbaff.json"
"207665","sparkIndex","dm_index_n.index_grp1_cust_income_fullcali_mth_ricc","task:207665:statement:0:relation:root.(child).t.setop.b0.setop.b0.setop.b0.setop.b0.setop.b0.setop.b0.setop.b0.setop.b0.setop.b0.setop.b0.setop.b0.setop.b0.setop.b0.setop.b0.setop.b0.setop.b0.setop.b0.setop.b0.setop.b0.setop.b0.setop.b0.setop.b0.setop.b0.setop.b0.setop.b0.setop.b0.setop.b0.setop.b0.setop.b0.setop.b0.setop.b0.setop.b0.setop.b0.setop.b0.setop.b0.setop.b0.setop.b0.setop.b0.setop.b0.setop.b0.setop.b0.setop.b0.setop.b1.read.index_grp1_cust_income_fullcali_mth_ricc","CONFIRMED","NON_LITERAL_PRESENT","E:\02_area\股衍数据-数据cookbook\sql-static-lineage-data\task-projections\tasks\207665\versions\b47aef1655aae7f0093527e1bc83596134af01e06de109c97b4f91add12cbaff.evidence-v3.json","E:\02_area\股衍数据-数据cookbook\sql-static-lineage-data\task-projections\tasks\207665\versions\b47aef1655aae7f0093527e1bc83596134af01e06de109c97b4f91add12cbaff.json"
"207665","sparkIndex","dm_index_n.index_grp1_cust_propincrsrate_fullcali_mth_ricc","task:207665:statement:0:relation:root.(child).t.setop.b0.setop.b0.setop.b0.setop.b0.setop.b0.setop.b0.setop.b0.setop.b0.setop.b0.setop.b0.setop.b0.setop.b0.setop.b0.setop.b0.setop.b0.setop.b0.setop.b0.setop.b0.setop.b0.setop.b0.setop.b0.setop.b0.setop.b0.setop.b0.setop.b0.setop.b0.setop.b0.setop.b0.setop.b0.setop.b0.setop.b0.setop.b0.setop.b0.setop.b0.setop.b0.setop.b0.setop.b0.setop.b0.setop.b0.setop.b0.setop.b0.setop.b1.read.index_grp1_cust_propincrsrate_fullcali_mth_ricc","CONFIRMED","LITERAL","E:\02_area\股衍数据-数据cookbook\sql-static-lineage-data\task-projections\tasks\207665\versions\b47aef1655aae7f0093527e1bc83596134af01e06de109c97b4f91add12cbaff.evidence-v3.json","E:\02_area\股衍数据-数据cookbook\sql-static-lineage-data\task-projections\tasks\207665\versions\b47aef1655aae7f0093527e1bc83596134af01e06de109c97b4f91add12cbaff.json"
"207665","sparkIndex","dm_index_n.index_grp1_cust_propincrsrate_fullcali_mth_ricc","task:207665:statement:0:relation:root.(child).t.setop.b0.setop.b0.setop.b0.setop.b0.setop.b0.setop.b0.setop.b0.setop.b0.setop.b0.setop.b0.setop.b0.setop.b0.setop.b0.setop.b0.setop.b0.setop.b0.setop.b0.setop.b0.setop.b0.setop.b0.setop.b0.setop.b0.setop.b0.setop.b0.setop.b0.setop.b0.setop.b0.setop.b0.setop.b0.setop.b0.setop.b0.setop.b0.setop.b0.setop.b0.setop.b0.setop.b0.setop.b0.setop.b0.setop.b0.setop.b0.setop.b1.read.index_grp1_cust_propincrsrate_fullcali_mth_ricc","CONFIRMED","LITERAL","E:\02_area\股衍数据-数据cookbook\sql-static-lineage-data\task-projections\tasks\207665\versions\b47aef1655aae7f0093527e1bc83596134af01e06de109c97b4f91add12cbaff.evidence-v3.json","E:\02_area\股衍数据-数据cookbook\sql-static-lineage-data\task-projections\tasks\207665\versions\b47aef1655aae7f0093527e1bc83596134af01e06de109c97b4f91add12cbaff.json"
"207665","sparkIndex","dm_index_n.index_grp1_cust_propincrsrate_fullcali_mth_ricc","task:207665:statement:0:relation:root.(child).t.setop.b0.setop.b0.setop.b0.setop.b0.setop.b0.setop.b0.setop.b0.setop.b0.setop.b0.setop.b0.setop.b0.setop.b0.setop.b0.setop.b0.setop.b0.setop.b0.setop.b0.setop.b0.setop.b0.setop.b0.setop.b0.setop.b0.setop.b0.setop.b0.setop.b0.setop.b0.setop.b0.setop.b0.setop.b0.setop.b0.setop.b0.setop.b0.setop.b0.setop.b0.setop.b0.setop.b0.setop.b0.setop.b0.setop.b0.setop.b1.read.index_grp1_cust_propincrsrate_fullcali_mth_ricc","CONFIRMED","NON_LITERAL_PRESENT","E:\02_area\股衍数据-数据cookbook\sql-static-lineage-data\task-projections\tasks\207665\versions\b47aef1655aae7f0093527e1bc83596134af01e06de109c97b4f91add12cbaff.evidence-v3.json","E:\02_area\股衍数据-数据cookbook\sql-static-lineage-data\task-projections\tasks\207665\versions\b47aef1655aae7f0093527e1bc83596134af01e06de109c97b4f91add12cbaff.json"
"207665","sparkIndex","dm_index_n.index_grp1_cust_aumnetast_muyield_fullcali_mth_all","task:207665:statement:0:relation:root.(child).t.setop.b0.setop.b0.setop.b0.setop.b0.setop.b0.setop.b0.setop.b0.setop.b0.setop.b0.setop.b0.setop.b0.setop.b0.setop.b0.setop.b0.setop.b0.setop.b0.setop.b0.setop.b0.setop.b0.setop.b0.setop.b0.setop.b0.setop.b0.setop.b0.setop.b0.setop.b0.setop.b0.setop.b0.setop.b0.setop.b0.setop.b0.setop.b0.setop.b0.setop.b0.setop.b0.setop.b1.read.index_grp1_cust_aumnetast_muyield_fullcali_mth_all","CONFIRMED","LITERAL","E:\02_area\股衍数据-数据cookbook\sql-static-lineage-data\task-projections\tasks\207665\versions\b47aef1655aae7f0093527e1bc83596134af01e06de109c97b4f91add12cbaff.evidence-v3.json","E:\02_area\股衍数据-数据cookbook\sql-static-lineage-data\task-projections\tasks\207665\versions\b47aef1655aae7f0093527e1bc83596134af01e06de109c97b4f91add12cbaff.json"
"207665","sparkIndex","dm_index_n.index_grp1_cust_aumnetast_muyield_fullcali_mth_all","task:207665:statement:0:relation:root.(child).t.setop.b0.setop.b0.setop.b0.setop.b0.setop.b0.setop.b0.setop.b0.setop.b0.setop.b0.setop.b0.setop.b0.setop.b0.setop.b0.setop.b0.setop.b0.setop.b0.setop.b0.setop.b0.setop.b0.setop.b0.setop.b0.setop.b0.setop.b0.setop.b0.setop.b0.setop.b0.setop.b0.setop.b0.setop.b0.setop.b0.setop.b0.setop.b0.setop.b0.setop.b0.setop.b1.read.index_grp1_cust_aumnetast_muyield_fullcali_mth_all","CONFIRMED","NON_LITERAL_PRESENT","E:\02_area\股衍数据-数据cookbook\sql-static-lineage-data\task-projections\tasks\207665\versions\b47aef1655aae7f0093527e1bc83596134af01e06de109c97b4f91add12cbaff.evidence-v3.json","E:\02_area\股衍数据-数据cookbook\sql-static-lineage-data\task-projections\tasks\207665\versions\b47aef1655aae7f0093527e1bc83596134af01e06de109c97b4f91add12cbaff.json"
"207665","sparkIndex","dm_index_n.index_grp1_cust_aumnetast_muyield_fullcali_mth_all","task:207665:statement:0:relation:root.(child).t.setop.b0.setop.b0.setop.b0.setop.b0.setop.b0.setop.b0.setop.b0.setop.b0.setop.b0.setop.b0.setop.b0.setop.b0.setop.b0.setop.b0.setop.b0.setop.b0.setop.b0.setop.b0.setop.b0.setop.b0.setop.b0.setop.b0.setop.b0.setop.b0.setop.b0.setop.b0.setop.b0.setop.b0.setop.b0.setop.b0.setop.b0.setop.b0.setop.b0.setop.b1.read.index_grp1_cust_aumnetast_muyield_fullcali_mth_all","CONFIRMED","NON_LITERAL_PRESENT","E:\02_area\股衍数据-数据cookbook\sql-static-lineage-data\task-projections\tasks\207665\versions\b47aef1655aae7f0093527e1bc83596134af01e06de109c97b4f91add12cbaff.evidence-v3.json","E:\02_area\股衍数据-数据cookbook\sql-static-lineage-data\task-projections\tasks\207665\versions\b47aef1655aae7f0093527e1bc83596134af01e06de109c97b4f91add12cbaff.json"
"207665","sparkIndex","dm_index_n.index_grp1_cust_nav_aum_tdy_all","task:207665:statement:0:relation:root.(child).t.setop.b0.setop.b0.setop.b0.setop.b0.setop.b0.setop.b0.setop.b0.setop.b0.setop.b0.setop.b0.setop.b0.setop.b0.setop.b0.setop.b0.setop.b0.setop.b0.setop.b0.setop.b0.setop.b0.setop.b0.setop.b0.setop.b0.setop.b0.setop.b0.setop.b0.setop.b0.setop.b0.setop.b0.setop.b0.setop.b0.setop.b0.setop.b0.setop.b1.read.index_grp1_cust_nav_aum_tdy_all","CONFIRMED","NON_LITERAL_PRESENT","E:\02_area\股衍数据-数据cookbook\sql-static-lineage-data\task-projections\tasks\207665\versions\b47aef1655aae7f0093527e1bc83596134af01e06de109c97b4f91add12cbaff.evidence-v3.json","E:\02_area\股衍数据-数据cookbook\sql-static-lineage-data\task-projections\tasks\207665\versions\b47aef1655aae7f0093527e1bc83596134af01e06de109c97b4f91add12cbaff.json"
"207665","sparkIndex","dm_index_n.index_grp1_cust_nav_aum_tdy_all","task:207665:statement:0:relation:root.(child).t.setop.b0.setop.b0.setop.b0.setop.b0.setop.b0.setop.b0.setop.b0.setop.b0.setop.b0.setop.b0.setop.b0.setop.b0.setop.b0.setop.b0.setop.b0.setop.b0.setop.b0.setop.b0.setop.b0.setop.b0.setop.b0.setop.b0.setop.b0.setop.b0.setop.b0.setop.b0.setop.b0.setop.b0.setop.b0.setop.b0.setop.b0.setop.b1.read.index_grp1_cust_nav_aum_tdy_all","CONFIRMED","NON_LITERAL_PRESENT","E:\02_area\股衍数据-数据cookbook\sql-static-lineage-data\task-projections\tasks\207665\versions\b47aef1655aae7f0093527e1bc83596134af01e06de109c97b4f91add12cbaff.evidence-v3.json","E:\02_area\股衍数据-数据cookbook\sql-static-lineage-data\task-projections\tasks\207665\versions\b47aef1655aae7f0093527e1bc83596134af01e06de109c97b4f91add12cbaff.json"
"207665","sparkIndex","dm_index_n.index_grp1_cust_nav_aum_tdy_all","task:207665:statement:0:relation:root.(child).t.setop.b0.setop.b0.setop.b0.setop.b0.setop.b0.setop.b0.setop.b0.setop.b0.setop.b0.setop.b0.setop.b0.setop.b0.setop.b0.setop.b0.setop.b0.setop.b0.setop.b0.setop.b0.setop.b0.setop.b0.setop.b0.setop.b0.setop.b0.setop.b0.setop.b0.setop.b0.setop.b0.setop.b0.setop.b0.setop.b0.setop.b1.read.index_grp1_cust_nav_aum_tdy_all","CONFIRMED","NON_LITERAL_PRESENT","E:\02_area\股衍数据-数据cookbook\sql-static-lineage-data\task-projections\tasks\207665\versions\b47aef1655aae7f0093527e1bc83596134af01e06de109c97b4f91add12cbaff.evidence-v3.json","E:\02_area\股衍数据-数据cookbook\sql-static-lineage-data\task-projections\tasks\207665\versions\b47aef1655aae7f0093527e1bc83596134af01e06de109c97b4f91add12cbaff.json"
"207665","sparkIndex","dm_index_n.grp_tag_client_is_kyc_accts","task:207665:statement:0:relation:root.(child).t.setop.b0.setop.b0.setop.b0.setop.b0.setop.b0.setop.b0.setop.b0.setop.b0.setop.b0.setop.b0.setop.b0.setop.b0.setop.b0.setop.b0.setop.b0.setop.b0.setop.b0.setop.b0.setop.b0.setop.b0.setop.b0.setop.b0.setop.b0.setop.b0.setop.b0.setop.b0.setop.b0.setop.b0.setop.b0.setop.b1.read.grp_tag_client_is_kyc_accts","CONFIRMED","LITERAL","E:\02_area\股衍数据-数据cookbook\sql-static-lineage-data\task-projections\tasks\207665\versions\b47aef1655aae7f0093527e1bc83596134af01e06de109c97b4f91add12cbaff.evidence-v3.json","E:\02_area\股衍数据-数据cookbook\sql-static-lineage-data\task-projections\tasks\207665\versions\b47aef1655aae7f0093527e1bc83596134af01e06de109c97b4f91add12cbaff.json"
"207665","sparkIndex","dm_index_n.grp_tag_client_is_kyc_accts","task:207665:statement:0:relation:root.(child).t.setop.b0.setop.b0.setop.b0.setop.b0.setop.b0.setop.b0.setop.b0.setop.b0.setop.b0.setop.b0.setop.b0.setop.b0.setop.b0.setop.b0.setop.b0.setop.b0.setop.b0.setop.b0.setop.b0.setop.b0.setop.b0.setop.b0.setop.b0.setop.b0.setop.b0.setop.b0.setop.b0.setop.b0.setop.b1.read.grp_tag_client_is_kyc_accts","CONFIRMED","LITERAL","E:\02_area\股衍数据-数据cookbook\sql-static-lineage-data\task-projections\tasks\207665\versions\b47aef1655aae7f0093527e1bc83596134af01e06de109c97b4f91add12cbaff.evidence-v3.json","E:\02_area\股衍数据-数据cookbook\sql-static-lineage-data\task-projections\tasks\207665\versions\b47aef1655aae7f0093527e1bc83596134af01e06de109c97b4f91add12cbaff.json"
"207665","sparkIndex","dm_index_n.grp_tag_client_is_kyc_accts","task:207665:statement:0:relation:root.(child).t.setop.b0.setop.b0.setop.b0.setop.b0.setop.b0.setop.b0.setop.b0.setop.b0.setop.b0.setop.b0.setop.b0.setop.b0.setop.b0.setop.b0.setop.b0.setop.b0.setop.b0.setop.b0.setop.b0.setop.b0.setop.b0.setop.b0.setop.b0.setop.b0.setop.b0.setop.b0.setop.b0.setop.b1.read.grp_tag_client_is_kyc_accts","CONFIRMED","LITERAL","E:\02_area\股衍数据-数据cookbook\sql-static-lineage-data\task-projections\tasks\207665\versions\b47aef1655aae7f0093527e1bc83596134af01e06de109c97b4f91add12cbaff.evidence-v3.json","E:\02_area\股衍数据-数据cookbook\sql-static-lineage-data\task-projections\tasks\207665\versions\b47aef1655aae7f0093527e1bc83596134af01e06de109c97b4f91add12cbaff.json"
"207665","sparkIndex","dm_index_n.grp_tag_client_is_impsrv","task:207665:statement:0:relation:root.(child).t.setop.b0.setop.b0.setop.b0.setop.b0.setop.b0.setop.b0.setop.b0.setop.b0.setop.b0.setop.b0.setop.b0.setop.b0.setop.b0.setop.b0.setop.b0.setop.b0.setop.b0.setop.b0.setop.b0.setop.b0.setop.b0.setop.b0.setop.b0.setop.b0.setop.b0.setop.b0.setop.b1.read.grp_tag_client_is_impsrv","CONFIRMED","LITERAL","E:\02_area\股衍数据-数据cookbook\sql-static-lineage-data\task-projections\tasks\207665\versions\b47aef1655aae7f0093527e1bc83596134af01e06de109c97b4f91add12cbaff.evidence-v3.json","E:\02_area\股衍数据-数据cookbook\sql-static-lineage-data\task-projections\tasks\207665\versions\b47aef1655aae7f0093527e1bc83596134af01e06de109c97b4f91add12cbaff.json"
"207665","sparkIndex","dm_index_n.grp_tag_client_is_impsrv","task:207665:statement:0:relation:root.(child).t.setop.b0.setop.b0.setop.b0.setop.b0.setop.b0.setop.b0.setop.b0.setop.b0.setop.b0.setop.b0.setop.b0.setop.b0.setop.b0.setop.b0.setop.b0.setop.b0.setop.b0.setop.b0.setop.b0.setop.b0.setop.b0.setop.b0.setop.b0.setop.b0.setop.b0.setop.b1.read.grp_tag_client_is_impsrv","CONFIRMED","LITERAL","E:\02_area\股衍数据-数据cookbook\sql-static-lineage-data\task-projections\tasks\207665\versions\b47aef1655aae7f0093527e1bc83596134af01e06de109c97b4f91add12cbaff.evidence-v3.json","E:\02_area\股衍数据-数据cookbook\sql-static-lineage-data\task-projections\tasks\207665\versions\b47aef1655aae7f0093527e1bc83596134af01e06de109c97b4f91add12cbaff.json"
"207665","sparkIndex","dm_index_n.grp_tag_client_is_impsrv","task:207665:statement:0:relation:root.(child).t.setop.b0.setop.b0.setop.b0.setop.b0.setop.b0.setop.b0.setop.b0.setop.b0.setop.b0.setop.b0.setop.b0.setop.b0.setop.b0.setop.b0.setop.b0.setop.b0.setop.b0.setop.b0.setop.b0.setop.b0.setop.b0.setop.b0.setop.b0.setop.b0.setop.b1.read.grp_tag_client_is_impsrv","CONFIRMED","LITERAL","E:\02_area\股衍数据-数据cookbook\sql-static-lineage-data\task-projections\tasks\207665\versions\b47aef1655aae7f0093527e1bc83596134af01e06de109c97b4f91add12cbaff.evidence-v3.json","E:\02_area\股衍数据-数据cookbook\sql-static-lineage-data\task-projections\tasks\207665\versions\b47aef1655aae7f0093527e1bc83596134af01e06de109c97b4f91add12cbaff.json"
"207665","sparkIndex","dm_index_n.grp_tag_client_is_wlth_hnw_cust_flag","task:207665:statement:0:relation:root.(child).t.setop.b0.setop.b0.setop.b0.setop.b0.setop.b0.setop.b0.setop.b0.setop.b0.setop.b0.setop.b0.setop.b0.setop.b0.setop.b0.setop.b0.setop.b0.setop.b0.setop.b0.setop.b0.setop.b0.setop.b0.setop.b0.setop.b0.setop.b0.setop.b1.t1.read.grp_tag_client_is_wlth_hnw_cust_flag","CONFIRMED","LITERAL","E:\02_area\股衍数据-数据cookbook\sql-static-lineage-data\task-projections\tasks\207665\versions\b47aef1655aae7f0093527e1bc83596134af01e06de109c97b4f91add12cbaff.evidence-v3.json","E:\02_area\股衍数据-数据cookbook\sql-static-lineage-data\task-projections\tasks\207665\versions\b47aef1655aae7f0093527e1bc83596134af01e06de109c97b4f91add12cbaff.json"
"207665","sparkIndex","dm_index_n.grp_tag_client_is_wlth_hnw_cust_flag","task:207665:statement:0:relation:root.(child).t.setop.b0.setop.b0.setop.b0.setop.b0.setop.b0.setop.b0.setop.b0.setop.b0.setop.b0.setop.b0.setop.b0.setop.b0.setop.b0.setop.b0.setop.b0.setop.b0.setop.b0.setop.b0.setop.b0.setop.b0.setop.b0.setop.b0.setop.b1.t1.read.grp_tag_client_is_wlth_hnw_cust_flag","CONFIRMED","LITERAL","E:\02_area\股衍数据-数据cookbook\sql-static-lineage-data\task-projections\tasks\207665\versions\b47aef1655aae7f0093527e1bc83596134af01e06de109c97b4f91add12cbaff.evidence-v3.json","E:\02_area\股衍数据-数据cookbook\sql-static-lineage-data\task-projections\tasks\207665\versions\b47aef1655aae7f0093527e1bc83596134af01e06de109c97b4f91add12cbaff.json"
"207665","sparkIndex","dm_index_n.grp_tag_client_is_wlth_hnw_cust_flag","task:207665:statement:0:relation:root.(child).t.setop.b0.setop.b0.setop.b0.setop.b0.setop.b0.setop.b0.setop.b0.setop.b0.setop.b0.setop.b0.setop.b0.setop.b0.setop.b0.setop.b0.setop.b0.setop.b0.setop.b0.setop.b0.setop.b0.setop.b0.setop.b0.setop.b1.t1.read.grp_tag_client_is_wlth_hnw_cust_flag","CONFIRMED","LITERAL","E:\02_area\股衍数据-数据cookbook\sql-static-lineage-data\task-projections\tasks\207665\versions\b47aef1655aae7f0093527e1bc83596134af01e06de109c97b4f91add12cbaff.evidence-v3.json","E:\02_area\股衍数据-数据cookbook\sql-static-lineage-data\task-projections\tasks\207665\versions\b47aef1655aae7f0093527e1bc83596134af01e06de109c97b4f91add12cbaff.json"
"207665","sparkIndex","dm_index_n.grp_tag_client_cust_year_ia_nws_new_addsign","task:207665:statement:0:relation:root.(child).t.setop.b0.setop.b0.setop.b0.setop.b0.setop.b0.setop.b0.setop.b0.setop.b0.setop.b0.setop.b0.setop.b0.setop.b0.setop.b0.setop.b0.setop.b0.setop.b0.setop.b0.setop.b0.setop.b0.setop.b0.setop.b1.t1.read.grp_tag_client_cust_year_ia_nws_new_addsign","CONFIRMED","LITERAL","E:\02_area\股衍数据-数据cookbook\sql-static-lineage-data\task-projections\tasks\207665\versions\b47aef1655aae7f0093527e1bc83596134af01e06de109c97b4f91add12cbaff.evidence-v3.json","E:\02_area\股衍数据-数据cookbook\sql-static-lineage-data\task-projections\tasks\207665\versions\b47aef1655aae7f0093527e1bc83596134af01e06de109c97b4f91add12cbaff.json"
"207665","sparkIndex","dm_index_n.grp_tag_client_cust_year_ia_nws_new_addsign","task:207665:statement:0:relation:root.(child).t.setop.b0.setop.b0.setop.b0.setop.b0.setop.b0.setop.b0.setop.b0.setop.b0.setop.b0.setop.b0.setop.b0.setop.b0.setop.b0.setop.b0.setop.b0.setop.b0.setop.b0.setop.b0.setop.b0.setop.b0.setop.b1.t2.read.grp_tag_client_cust_year_ia_nws_new_addsign","CONFIRMED","NON_LITERAL_PRESENT","E:\02_area\股衍数据-数据cookbook\sql-static-lineage-data\task-projections\tasks\207665\versions\b47aef1655aae7f0093527e1bc83596134af01e06de109c97b4f91add12cbaff.evidence-v3.json","E:\02_area\股衍数据-数据cookbook\sql-static-lineage-data\task-projections\tasks\207665\versions\b47aef1655aae7f0093527e1bc83596134af01e06de109c97b4f91add12cbaff.json"
"207665","sparkIndex","dm_index_n.grp_tag_client_cust_year_ia_nws_new_addsign","task:207665:statement:0:relation:root.(child).t.setop.b0.setop.b0.setop.b0.setop.b0.setop.b0.setop.b0.setop.b0.setop.b0.setop.b0.setop.b0.setop.b0.setop.b0.setop.b0.setop.b0.setop.b0.setop.b0.setop.b0.setop.b0.setop.b0.setop.b1.t1.read.grp_tag_client_cust_year_ia_nws_new_addsign","CONFIRMED","LITERAL","E:\02_area\股衍数据-数据cookbook\sql-static-lineage-data\task-projections\tasks\207665\versions\b47aef1655aae7f0093527e1bc83596134af01e06de109c97b4f91add12cbaff.evidence-v3.json","E:\02_area\股衍数据-数据cookbook\sql-static-lineage-data\task-projections\tasks\207665\versions\b47aef1655aae7f0093527e1bc83596134af01e06de109c97b4f91add12cbaff.json"
"207665","sparkIndex","dm_index_n.grp_tag_client_cust_year_ia_nws_new_addsign","task:207665:statement:0:relation:root.(child).t.setop.b0.setop.b0.setop.b0.setop.b0.setop.b0.setop.b0.setop.b0.setop.b0.setop.b0.setop.b0.setop.b0.setop.b0.setop.b0.setop.b0.setop.b0.setop.b0.setop.b0.setop.b0.setop.b0.setop.b1.t2.read.grp_tag_client_cust_year_ia_nws_new_addsign","CONFIRMED","NON_LITERAL_PRESENT","E:\02_area\股衍数据-数据cookbook\sql-static-lineage-data\task-projections\tasks\207665\versions\b47aef1655aae7f0093527e1bc83596134af01e06de109c97b4f91add12cbaff.evidence-v3.json","E:\02_area\股衍数据-数据cookbook\sql-static-lineage-data\task-projections\tasks\207665\versions\b47aef1655aae7f0093527e1bc83596134af01e06de109c97b4f91add12cbaff.json"
"207665","sparkIndex","dm_index_n.grp_tag_client_cust_year_ia_nws_new_addsign","task:207665:statement:0:relation:root.(child).t.setop.b0.setop.b0.setop.b0.setop.b0.setop.b0.setop.b0.setop.b0.setop.b0.setop.b0.setop.b0.setop.b0.setop.b0.setop.b0.setop.b0.setop.b0.setop.b0.setop.b0.setop.b0.setop.b1.read.grp_tag_client_cust_year_ia_nws_new_addsign","CONFIRMED","LITERAL","E:\02_area\股衍数据-数据cookbook\sql-static-lineage-data\task-projections\tasks\207665\versions\b47aef1655aae7f0093527e1bc83596134af01e06de109c97b4f91add12cbaff.evidence-v3.json","E:\02_area\股衍数据-数据cookbook\sql-static-lineage-data\task-projections\tasks\207665\versions\b47aef1655aae7f0093527e1bc83596134af01e06de109c97b4f91add12cbaff.json"
"207665","sparkIndex","dm_index_n.grp_tag_client_cust_year_product_tenure","task:207665:statement:0:relation:root.(child).t.setop.b0.setop.b0.setop.b0.setop.b0.setop.b0.setop.b0.setop.b0.setop.b0.setop.b0.setop.b0.setop.b0.setop.b0.setop.b0.setop.b0.setop.b0.setop.b0.setop.b0.setop.b1.t1.read.grp_tag_client_cust_year_product_tenure","CONFIRMED","LITERAL","E:\02_area\股衍数据-数据cookbook\sql-static-lineage-data\task-projections\tasks\207665\versions\b47aef1655aae7f0093527e1bc83596134af01e06de109c97b4f91add12cbaff.evidence-v3.json","E:\02_area\股衍数据-数据cookbook\sql-static-lineage-data\task-projections\tasks\207665\versions\b47aef1655aae7f0093527e1bc83596134af01e06de109c97b4f91add12cbaff.json"
"207665","sparkIndex","dm_index_n.grp_tag_client_cust_year_product_tenure","task:207665:statement:0:relation:root.(child).t.setop.b0.setop.b0.setop.b0.setop.b0.setop.b0.setop.b0.setop.b0.setop.b0.setop.b0.setop.b0.setop.b0.setop.b0.setop.b0.setop.b0.setop.b0.setop.b0.setop.b0.setop.b1.t2.read.grp_tag_client_cust_year_product_tenure","CONFIRMED","NON_LITERAL_PRESENT","E:\02_area\股衍数据-数据cookbook\sql-static-lineage-data\task-projections\tasks\207665\versions\b47aef1655aae7f0093527e1bc83596134af01e06de109c97b4f91add12cbaff.evidence-v3.json","E:\02_area\股衍数据-数据cookbook\sql-static-lineage-data\task-projections\tasks\207665\versions\b47aef1655aae7f0093527e1bc83596134af01e06de109c97b4f91add12cbaff.json"
"207665","sparkIndex","dm_index_n.grp_tag_client_cust_year_product_tenure","task:207665:statement:0:relation:root.(child).t.setop.b0.setop.b0.setop.b0.setop.b0.setop.b0.setop.b0.setop.b0.setop.b0.setop.b0.setop.b0.setop.b0.setop.b0.setop.b0.setop.b0.setop.b0.setop.b0.setop.b1.t1.read.grp_tag_client_cust_year_product_tenure","CONFIRMED","LITERAL","E:\02_area\股衍数据-数据cookbook\sql-static-lineage-data\task-projections\tasks\207665\versions\b47aef1655aae7f0093527e1bc83596134af01e06de109c97b4f91add12cbaff.evidence-v3.json","E:\02_area\股衍数据-数据cookbook\sql-static-lineage-data\task-projections\tasks\207665\versions\b47aef1655aae7f0093527e1bc83596134af01e06de109c97b4f91add12cbaff.json"
"207665","sparkIndex","dm_index_n.grp_tag_client_cust_year_product_tenure","task:207665:statement:0:relation:root.(child).t.setop.b0.setop.b0.setop.b0.setop.b0.setop.b0.setop.b0.setop.b0.setop.b0.setop.b0.setop.b0.setop.b0.setop.b0.setop.b0.setop.b0.setop.b0.setop.b0.setop.b1.t2.read.grp_tag_client_cust_year_product_tenure","CONFIRMED","NON_LITERAL_PRESENT","E:\02_area\股衍数据-数据cookbook\sql-static-lineage-data\task-projections\tasks\207665\versions\b47aef1655aae7f0093527e1bc83596134af01e06de109c97b4f91add12cbaff.evidence-v3.json","E:\02_area\股衍数据-数据cookbook\sql-static-lineage-data\task-projections\tasks\207665\versions\b47aef1655aae7f0093527e1bc83596134af01e06de109c97b4f91add12cbaff.json"
"207665","sparkIndex","dm_index_n.grp_tag_client_cust_year_product_tenure","task:207665:statement:0:relation:root.(child).t.setop.b0.setop.b0.setop.b0.setop.b0.setop.b0.setop.b0.setop.b0.setop.b0.setop.b0.setop.b0.setop.b0.setop.b0.setop.b0.setop.b0.setop.b0.setop.b1.read.grp_tag_client_cust_year_product_tenure","CONFIRMED","LITERAL","E:\02_area\股衍数据-数据cookbook\sql-static-lineage-data\task-projections\tasks\207665\versions\b47aef1655aae7f0093527e1bc83596134af01e06de109c97b4f91add12cbaff.evidence-v3.json","E:\02_area\股衍数据-数据cookbook\sql-static-lineage-data\task-projections\tasks\207665\versions\b47aef1655aae7f0093527e1bc83596134af01e06de109c97b4f91add12cbaff.json"
"207665","sparkIndex","dm_index_n.grp_tag_client_is_opt_valid_client","task:207665:statement:0:relation:root.(child).t.setop.b0.setop.b0.setop.b0.setop.b0.setop.b0.setop.b0.setop.b0.setop.b0.setop.b0.setop.b0.setop.b0.setop.b0.setop.b0.setop.b0.setop.b1.a1.read.grp_tag_client_is_opt_valid_client","CONFIRMED","NON_LITERAL_PRESENT","E:\02_area\股衍数据-数据cookbook\sql-static-lineage-data\task-projections\tasks\207665\versions\b47aef1655aae7f0093527e1bc83596134af01e06de109c97b4f91add12cbaff.evidence-v3.json","E:\02_area\股衍数据-数据cookbook\sql-static-lineage-data\task-projections\tasks\207665\versions\b47aef1655aae7f0093527e1bc83596134af01e06de109c97b4f91add12cbaff.json"
"207665","sparkIndex","dm_index_n.index_grp_opt_vld_date_year","task:207665:statement:0:relation:root.(child).t.setop.b0.setop.b0.setop.b0.setop.b0.setop.b0.setop.b0.setop.b0.setop.b0.setop.b0.setop.b0.setop.b0.setop.b0.setop.b0.setop.b0.setop.b1.a2.read.index_grp_opt_vld_date_year","CONFIRMED","NON_LITERAL_PRESENT","E:\02_area\股衍数据-数据cookbook\sql-static-lineage-data\task-projections\tasks\207665\versions\b47aef1655aae7f0093527e1bc83596134af01e06de109c97b4f91add12cbaff.evidence-v3.json","E:\02_area\股衍数据-数据cookbook\sql-static-lineage-data\task-projections\tasks\207665\versions\b47aef1655aae7f0093527e1bc83596134af01e06de109c97b4f91add12cbaff.json"
"207665","sparkIndex","dm_index_n.grp_tag_client_is_opt_valid_client","task:207665:statement:0:relation:root.(child).t.setop.b0.setop.b0.setop.b0.setop.b0.setop.b0.setop.b0.setop.b0.setop.b0.setop.b0.setop.b0.setop.b0.setop.b0.setop.b0.setop.b1.a1.read.grp_tag_client_is_opt_valid_client","CONFIRMED","NON_LITERAL_PRESENT","E:\02_area\股衍数据-数据cookbook\sql-static-lineage-data\task-projections\tasks\207665\versions\b47aef1655aae7f0093527e1bc83596134af01e06de109c97b4f91add12cbaff.evidence-v3.json","E:\02_area\股衍数据-数据cookbook\sql-static-lineage-data\task-projections\tasks\207665\versions\b47aef1655aae7f0093527e1bc83596134af01e06de109c97b4f91add12cbaff.json"
"207665","sparkIndex","dm_index_n.index_grp_opt_vld_date_year","task:207665:statement:0:relation:root.(child).t.setop.b0.setop.b0.setop.b0.setop.b0.setop.b0.setop.b0.setop.b0.setop.b0.setop.b0.setop.b0.setop.b0.setop.b0.setop.b0.setop.b1.a2.read.index_grp_opt_vld_date_year","CONFIRMED","NON_LITERAL_PRESENT","E:\02_area\股衍数据-数据cookbook\sql-static-lineage-data\task-projections\tasks\207665\versions\b47aef1655aae7f0093527e1bc83596134af01e06de109c97b4f91add12cbaff.evidence-v3.json","E:\02_area\股衍数据-数据cookbook\sql-static-lineage-data\task-projections\tasks\207665\versions\b47aef1655aae7f0093527e1bc83596134af01e06de109c97b4f91add12cbaff.json"
"207665","sparkIndex","dm_index_n.grp_tag_client_is_opt_valid_client","task:207665:statement:0:relation:root.(child).t.setop.b0.setop.b0.setop.b0.setop.b0.setop.b0.setop.b0.setop.b0.setop.b0.setop.b0.setop.b0.setop.b0.setop.b0.setop.b1.a1.read.grp_tag_client_is_opt_valid_client","CONFIRMED","NON_LITERAL_PRESENT","E:\02_area\股衍数据-数据cookbook\sql-static-lineage-data\task-projections\tasks\207665\versions\b47aef1655aae7f0093527e1bc83596134af01e06de109c97b4f91add12cbaff.evidence-v3.json","E:\02_area\股衍数据-数据cookbook\sql-static-lineage-data\task-projections\tasks\207665\versions\b47aef1655aae7f0093527e1bc83596134af01e06de109c97b4f91add12cbaff.json"
"207665","sparkIndex","dm_index_n.index_grp_opt_vld_date_year","task:207665:statement:0:relation:root.(child).t.setop.b0.setop.b0.setop.b0.setop.b0.setop.b0.setop.b0.setop.b0.setop.b0.setop.b0.setop.b0.setop.b0.setop.b0.setop.b1.a2.read.index_grp_opt_vld_date_year","CONFIRMED","NON_LITERAL_PRESENT","E:\02_area\股衍数据-数据cookbook\sql-static-lineage-data\task-projections\tasks\207665\versions\b47aef1655aae7f0093527e1bc83596134af01e06de109c97b4f91add12cbaff.evidence-v3.json","E:\02_area\股衍数据-数据cookbook\sql-static-lineage-data\task-projections\tasks\207665\versions\b47aef1655aae7f0093527e1bc83596134af01e06de109c97b4f91add12cbaff.json"
"207665","sparkIndex","dm_index_n.grp_tag_indv_cust_cust_year_buyria_newadd","task:207665:statement:0:relation:root.(child).t.setop.b0.setop.b0.setop.b0.setop.b0.setop.b0.setop.b0.setop.b0.setop.b0.setop.b0.setop.b0.setop.b0.setop.b1.t1.read.grp_tag_indv_cust_cust_year_buyria_newadd","CONFIRMED","LITERAL","E:\02_area\股衍数据-数据cookbook\sql-static-lineage-data\task-projections\tasks\207665\versions\b47aef1655aae7f0093527e1bc83596134af01e06de109c97b4f91add12cbaff.evidence-v3.json","E:\02_area\股衍数据-数据cookbook\sql-static-lineage-data\task-projections\tasks\207665\versions\b47aef1655aae7f0093527e1bc83596134af01e06de109c97b4f91add12cbaff.json"
"207665","sparkIndex","dm_index_n.grp_tag_indv_cust_cust_year_buyria_newadd","task:207665:statement:0:relation:root.(child).t.setop.b0.setop.b0.setop.b0.setop.b0.setop.b0.setop.b0.setop.b0.setop.b0.setop.b0.setop.b0.setop.b0.setop.b1.t2.read.grp_tag_indv_cust_cust_year_buyria_newadd","CONFIRMED","NON_LITERAL_PRESENT","E:\02_area\股衍数据-数据cookbook\sql-static-lineage-data\task-projections\tasks\207665\versions\b47aef1655aae7f0093527e1bc83596134af01e06de109c97b4f91add12cbaff.evidence-v3.json","E:\02_area\股衍数据-数据cookbook\sql-static-lineage-data\task-projections\tasks\207665\versions\b47aef1655aae7f0093527e1bc83596134af01e06de109c97b4f91add12cbaff.json"
"207665","sparkIndex","dm_index_n.grp_tag_indv_cust_cust_year_buyria_newadd","task:207665:statement:0:relation:root.(child).t.setop.b0.setop.b0.setop.b0.setop.b0.setop.b0.setop.b0.setop.b0.setop.b0.setop.b0.setop.b0.setop.b1.t1.read.grp_tag_indv_cust_cust_year_buyria_newadd","CONFIRMED","LITERAL","E:\02_area\股衍数据-数据cookbook\sql-static-lineage-data\task-projections\tasks\207665\versions\b47aef1655aae7f0093527e1bc83596134af01e06de109c97b4f91add12cbaff.evidence-v3.json","E:\02_area\股衍数据-数据cookbook\sql-static-lineage-data\task-projections\tasks\207665\versions\b47aef1655aae7f0093527e1bc83596134af01e06de109c97b4f91add12cbaff.json"
"207665","sparkIndex","dm_index_n.grp_tag_indv_cust_cust_year_buyria_newadd","task:207665:statement:0:relation:root.(child).t.setop.b0.setop.b0.setop.b0.setop.b0.setop.b0.setop.b0.setop.b0.setop.b0.setop.b0.setop.b0.setop.b1.t2.read.grp_tag_indv_cust_cust_year_buyria_newadd","CONFIRMED","NON_LITERAL_PRESENT","E:\02_area\股衍数据-数据cookbook\sql-static-lineage-data\task-projections\tasks\207665\versions\b47aef1655aae7f0093527e1bc83596134af01e06de109c97b4f91add12cbaff.evidence-v3.json","E:\02_area\股衍数据-数据cookbook\sql-static-lineage-data\task-projections\tasks\207665\versions\b47aef1655aae7f0093527e1bc83596134af01e06de109c97b4f91add12cbaff.json"
"207665","sparkIndex","dm_index_n.grp_tag_indv_cust_cust_year_buyria_newadd","task:207665:statement:0:relation:root.(child).t.setop.b0.setop.b0.setop.b0.setop.b0.setop.b0.setop.b0.setop.b0.setop.b0.setop.b0.setop.b1.read.grp_tag_indv_cust_cust_year_buyria_newadd","CONFIRMED","LITERAL","E:\02_area\股衍数据-数据cookbook\sql-static-lineage-data\task-projections\tasks\207665\versions\b47aef1655aae7f0093527e1bc83596134af01e06de109c97b4f91add12cbaff.evidence-v3.json","E:\02_area\股衍数据-数据cookbook\sql-static-lineage-data\task-projections\tasks\207665\versions\b47aef1655aae7f0093527e1bc83596134af01e06de109c97b4f91add12cbaff.json"
"207665","sparkIndex","dm_index_n.grp_tag_client_cust_year_marg_permeation","task:207665:statement:0:relation:root.(child).t.setop.b0.setop.b0.setop.b0.setop.b0.setop.b0.setop.b0.setop.b0.setop.b0.setop.b1.read.grp_tag_client_cust_year_marg_permeation","CONFIRMED","LITERAL","E:\02_area\股衍数据-数据cookbook\sql-static-lineage-data\task-projections\tasks\207665\versions\b47aef1655aae7f0093527e1bc83596134af01e06de109c97b4f91add12cbaff.evidence-v3.json","E:\02_area\股衍数据-数据cookbook\sql-static-lineage-data\task-projections\tasks\207665\versions\b47aef1655aae7f0093527e1bc83596134af01e06de109c97b4f91add12cbaff.json"
"207665","sparkIndex","dm_index_n.grp_tag_client_cust_year_marg_permeation","task:207665:statement:0:relation:root.(child).t.setop.b0.setop.b0.setop.b0.setop.b0.setop.b0.setop.b0.setop.b0.setop.b1.read.grp_tag_client_cust_year_marg_permeation","CONFIRMED","LITERAL","E:\02_area\股衍数据-数据cookbook\sql-static-lineage-data\task-projections\tasks\207665\versions\b47aef1655aae7f0093527e1bc83596134af01e06de109c97b4f91add12cbaff.evidence-v3.json","E:\02_area\股衍数据-数据cookbook\sql-static-lineage-data\task-projections\tasks\207665\versions\b47aef1655aae7f0093527e1bc83596134af01e06de109c97b4f91add12cbaff.json"
"207665","sparkIndex","dm_index_n.grp_tag_client_cust_year_marg_permeation","task:207665:statement:0:relation:root.(child).t.setop.b0.setop.b0.setop.b0.setop.b0.setop.b0.setop.b0.setop.b1.read.grp_tag_client_cust_year_marg_permeation","CONFIRMED","LITERAL","E:\02_area\股衍数据-数据cookbook\sql-static-lineage-data\task-projections\tasks\207665\versions\b47aef1655aae7f0093527e1bc83596134af01e06de109c97b4f91add12cbaff.evidence-v3.json","E:\02_area\股衍数据-数据cookbook\sql-static-lineage-data\task-projections\tasks\207665\versions\b47aef1655aae7f0093527e1bc83596134af01e06de109c97b4f91add12cbaff.json"
"207665","sparkIndex","dm_index_n.index_grp1_cust_newmvalprop_mth_ricc","task:207665:statement:0:relation:root.(child).t.setop.b0.setop.b0.setop.b0.setop.b0.setop.b0.setop.b1.read.index_grp1_cust_newmvalprop_mth_ricc","CONFIRMED","LITERAL","E:\02_area\股衍数据-数据cookbook\sql-static-lineage-data\task-projections\tasks\207665\versions\b47aef1655aae7f0093527e1bc83596134af01e06de109c97b4f91add12cbaff.evidence-v3.json","E:\02_area\股衍数据-数据cookbook\sql-static-lineage-data\task-projections\tasks\207665\versions\b47aef1655aae7f0093527e1bc83596134af01e06de109c97b4f91add12cbaff.json"
"207665","sparkIndex","dm_index_n.index_grp1_cust_newmvalprop_mth_ricc","task:207665:statement:0:relation:root.(child).t.setop.b0.setop.b0.setop.b0.setop.b0.setop.b1.read.index_grp1_cust_newmvalprop_mth_ricc","CONFIRMED","LITERAL","E:\02_area\股衍数据-数据cookbook\sql-static-lineage-data\task-projections\tasks\207665\versions\b47aef1655aae7f0093527e1bc83596134af01e06de109c97b4f91add12cbaff.evidence-v3.json","E:\02_area\股衍数据-数据cookbook\sql-static-lineage-data\task-projections\tasks\207665\versions\b47aef1655aae7f0093527e1bc83596134af01e06de109c97b4f91add12cbaff.json"
"207665","sparkIndex","dm_index_n.index_grp1_cust_newmvalprop_mth_ricc","task:207665:statement:0:relation:root.(child).t.setop.b0.setop.b0.setop.b0.setop.b1.read.index_grp1_cust_newmvalprop_mth_ricc","CONFIRMED","LITERAL","E:\02_area\股衍数据-数据cookbook\sql-static-lineage-data\task-projections\tasks\207665\versions\b47aef1655aae7f0093527e1bc83596134af01e06de109c97b4f91add12cbaff.evidence-v3.json","E:\02_area\股衍数据-数据cookbook\sql-static-lineage-data\task-projections\tasks\207665\versions\b47aef1655aae7f0093527e1bc83596134af01e06de109c97b4f91add12cbaff.json"
"207665","sparkIndex","dm_index_n.index_grp1_cust_propincrsval_fullcali_mth_ricc","task:207665:statement:0:relation:root.(child).t.setop.b0.setop.b0.setop.b1.read.index_grp1_cust_propincrsval_fullcali_mth_ricc","CONFIRMED","LITERAL","E:\02_area\股衍数据-数据cookbook\sql-static-lineage-data\task-projections\tasks\207665\versions\b47aef1655aae7f0093527e1bc83596134af01e06de109c97b4f91add12cbaff.evidence-v3.json","E:\02_area\股衍数据-数据cookbook\sql-static-lineage-data\task-projections\tasks\207665\versions\b47aef1655aae7f0093527e1bc83596134af01e06de109c97b4f91add12cbaff.json"
"207665","sparkIndex","dm_index_n.index_grp1_cust_propincrsval_fullcali_mth_ricc","task:207665:statement:0:relation:root.(child).t.setop.b0.setop.b1.read.index_grp1_cust_propincrsval_fullcali_mth_ricc","CONFIRMED","LITERAL","E:\02_area\股衍数据-数据cookbook\sql-static-lineage-data\task-projections\tasks\207665\versions\b47aef1655aae7f0093527e1bc83596134af01e06de109c97b4f91add12cbaff.evidence-v3.json","E:\02_area\股衍数据-数据cookbook\sql-static-lineage-data\task-projections\tasks\207665\versions\b47aef1655aae7f0093527e1bc83596134af01e06de109c97b4f91add12cbaff.json"
"207665","sparkIndex","dm_index_n.index_grp1_cust_propincrsval_fullcali_mth_ricc","task:207665:statement:0:relation:root.(child).t.setop.b1.read.index_grp1_cust_propincrsval_fullcali_mth_ricc","CONFIRMED","NON_LITERAL_PRESENT","E:\02_area\股衍数据-数据cookbook\sql-static-lineage-data\task-projections\tasks\207665\versions\b47aef1655aae7f0093527e1bc83596134af01e06de109c97b4f91add12cbaff.evidence-v3.json","E:\02_area\股衍数据-数据cookbook\sql-static-lineage-data\task-projections\tasks\207665\versions\b47aef1655aae7f0093527e1bc83596134af01e06de109c97b4f91add12cbaff.json"
"208353","sparkIndex","dm_index_n.index_grp1_cust_totalast_npapd_qtr_all","task:208353:statement:0:relation:root.(child).a.setop.b0.setop.b0.setop.b0.setop.b0.setop.b0.setop.b0.setop.b0.setop.b0.setop.b0.setop.b0.setop.b0.setop.b0.setop.b0.setop.b0.setop.b0.setop.b0.setop.b0.setop.b0.setop.b0.setop.b0.setop.b0.setop.b0.read.index_grp1_cust_totalast_npapd_qtr_all","CONFIRMED","NON_LITERAL_PRESENT","E:\02_area\股衍数据-数据cookbook\sql-static-lineage-data\task-projections\tasks\208353\versions\344541d74894b0f42dafd950b59b4c061b7137decf583f218357d580261a9466.evidence-v3.json","E:\02_area\股衍数据-数据cookbook\sql-static-lineage-data\task-projections\tasks\208353\versions\344541d74894b0f42dafd950b59b4c061b7137decf583f218357d580261a9466.json"
"208353","sparkIndex","dm_index_n.index_grp1_cust_incm_fullcali_qtr_all","task:208353:statement:0:relation:root.(child).a.setop.b0.setop.b0.setop.b0.setop.b0.setop.b0.setop.b0.setop.b0.setop.b0.setop.b0.setop.b0.setop.b0.setop.b0.setop.b0.setop.b0.setop.b0.setop.b0.setop.b0.setop.b0.setop.b0.setop.b0.setop.b1.read.index_grp1_cust_incm_fullcali_qtr_all","CONFIRMED","NON_LITERAL_PRESENT","E:\02_area\股衍数据-数据cookbook\sql-static-lineage-data\task-projections\tasks\208353\versions\344541d74894b0f42dafd950b59b4c061b7137decf583f218357d580261a9466.evidence-v3.json","E:\02_area\股衍数据-数据cookbook\sql-static-lineage-data\task-projections\tasks\208353\versions\344541d74894b0f42dafd950b59b4c061b7137decf583f218357d580261a9466.json"
"208353","sparkIndex","dm_index_n.grp_cust_open_gem_flag","task:208353:statement:0:relation:root.(child).a.setop.b0.setop.b0.setop.b0.setop.b0.setop.b0.setop.b0.setop.b0.setop.b0.setop.b0.setop.b0.setop.b0.setop.b0.setop.b0.setop.b0.setop.b0.setop.b0.setop.b0.setop.b0.setop.b0.setop.b1.read.grp_cust_open_gem_flag","CONFIRMED","NON_LITERAL_PRESENT","E:\02_area\股衍数据-数据cookbook\sql-static-lineage-data\task-projections\tasks\208353\versions\344541d74894b0f42dafd950b59b4c061b7137decf583f218357d580261a9466.evidence-v3.json","E:\02_area\股衍数据-数据cookbook\sql-static-lineage-data\task-projections\tasks\208353\versions\344541d74894b0f42dafd950b59b4c061b7137decf583f218357d580261a9466.json"
"208353","sparkIndex","dm_index_n.grp_tag_client_open_stib","task:208353:statement:0:relation:root.(child).a.setop.b0.setop.b0.setop.b0.setop.b0.setop.b0.setop.b0.setop.b0.setop.b0.setop.b0.setop.b0.setop.b0.setop.b0.setop.b0.setop.b0.setop.b0.setop.b0.setop.b0.setop.b0.setop.b1.read.grp_tag_client_open_stib","CONFIRMED","NON_LITERAL_PRESENT","E:\02_area\股衍数据-数据cookbook\sql-static-lineage-data\task-projections\tasks\208353\versions\344541d74894b0f42dafd950b59b4c061b7137decf583f218357d580261a9466.evidence-v3.json","E:\02_area\股衍数据-数据cookbook\sql-static-lineage-data\task-projections\tasks\208353\versions\344541d74894b0f42dafd950b59b4c061b7137decf583f218357d580261a9466.json"
"208353","sparkIndex","dm_index_n.grp_tag_client_cust_whth_open_bse_righ","task:208353:statement:0:relation:root.(child).a.setop.b0.setop.b0.setop.b0.setop.b0.setop.b0.setop.b0.setop.b0.setop.b0.setop.b0.setop.b0.setop.b0.setop.b0.setop.b0.setop.b0.setop.b0.setop.b0.setop.b0.setop.b1.read.grp_tag_client_cust_whth_open_bse_righ","CONFIRMED","NON_LITERAL_PRESENT","E:\02_area\股衍数据-数据cookbook\sql-static-lineage-data\task-projections\tasks\208353\versions\344541d74894b0f42dafd950b59b4c061b7137decf583f218357d580261a9466.evidence-v3.json","E:\02_area\股衍数据-数据cookbook\sql-static-lineage-data\task-projections\tasks\208353\versions\344541d74894b0f42dafd950b59b4c061b7137decf583f218357d580261a9466.json"
"208353","sparkIndex","dm_index_n.grp_cust_open_sz_mhs_flag","task:208353:statement:0:relation:root.(child).a.setop.b0.setop.b0.setop.b0.setop.b0.setop.b0.setop.b0.setop.b0.setop.b0.setop.b0.setop.b0.setop.b0.setop.b0.setop.b0.setop.b0.setop.b0.setop.b0.setop.b1.read.grp_cust_open_sz_mhs_flag","CONFIRMED","NON_LITERAL_PRESENT","E:\02_area\股衍数据-数据cookbook\sql-static-lineage-data\task-projections\tasks\208353\versions\344541d74894b0f42dafd950b59b4c061b7137decf583f218357d580261a9466.evidence-v3.json","E:\02_area\股衍数据-数据cookbook\sql-static-lineage-data\task-projections\tasks\208353\versions\344541d74894b0f42dafd950b59b4c061b7137decf583f218357d580261a9466.json"
"208353","sparkIndex","dm_index_n.grp_cust_open_sh_mhs_flag","task:208353:statement:0:relation:root.(child).a.setop.b0.setop.b0.setop.b0.setop.b0.setop.b0.setop.b0.setop.b0.setop.b0.setop.b0.setop.b0.setop.b0.setop.b0.setop.b0.setop.b0.setop.b0.setop.b1.read.grp_cust_open_sh_mhs_flag","CONFIRMED","NON_LITERAL_PRESENT","E:\02_area\股衍数据-数据cookbook\sql-static-lineage-data\task-projections\tasks\208353\versions\344541d74894b0f42dafd950b59b4c061b7137decf583f218357d580261a9466.evidence-v3.json","E:\02_area\股衍数据-数据cookbook\sql-static-lineage-data\task-projections\tasks\208353\versions\344541d74894b0f42dafd950b59b4c061b7137decf583f218357d580261a9466.json"
"208353","sparkIndex","dm_index_n.grp_cust_open_marg_flag","task:208353:statement:0:relation:root.(child).a.setop.b0.setop.b0.setop.b0.setop.b0.setop.b0.setop.b0.setop.b0.setop.b0.setop.b0.setop.b0.setop.b0.setop.b0.setop.b0.setop.b0.setop.b1.read.grp_cust_open_marg_flag","CONFIRMED","NON_LITERAL_PRESENT","E:\02_area\股衍数据-数据cookbook\sql-static-lineage-data\task-projections\tasks\208353\versions\344541d74894b0f42dafd950b59b4c061b7137decf583f218357d580261a9466.evidence-v3.json","E:\02_area\股衍数据-数据cookbook\sql-static-lineage-data\task-projections\tasks\208353\versions\344541d74894b0f42dafd950b59b4c061b7137decf583f218357d580261a9466.json"
"208353","sparkIndex","dm_index_n.grp_tag_client_whth_pvt_qual_ivstr","task:208353:statement:0:relation:root.(child).a.setop.b0.setop.b0.setop.b0.setop.b0.setop.b0.setop.b0.setop.b0.setop.b0.setop.b0.setop.b0.setop.b0.setop.b0.setop.b0.setop.b1.read.grp_tag_client_whth_pvt_qual_ivstr","CONFIRMED","NON_LITERAL_PRESENT","E:\02_area\股衍数据-数据cookbook\sql-static-lineage-data\task-projections\tasks\208353\versions\344541d74894b0f42dafd950b59b4c061b7137decf583f218357d580261a9466.evidence-v3.json","E:\02_area\股衍数据-数据cookbook\sql-static-lineage-data\task-projections\tasks\208353\versions\344541d74894b0f42dafd950b59b4c061b7137decf583f218357d580261a9466.json"
"208353","sparkIndex","dm_index_n.grp_tag_client_cust_year_product_tenure","task:208353:statement:0:relation:root.(child).a.setop.b0.setop.b0.setop.b0.setop.b0.setop.b0.setop.b0.setop.b0.setop.b0.setop.b0.setop.b0.setop.b0.setop.b1.read.grp_tag_client_cust_year_product_tenure","CONFIRMED","NON_LITERAL_PRESENT","E:\02_area\股衍数据-数据cookbook\sql-static-lineage-data\task-projections\tasks\208353\versions\344541d74894b0f42dafd950b59b4c061b7137decf583f218357d580261a9466.evidence-v3.json","E:\02_area\股衍数据-数据cookbook\sql-static-lineage-data\task-projections\tasks\208353\versions\344541d74894b0f42dafd950b59b4c061b7137decf583f218357d580261a9466.json"
"208353","sparkIndex","dm_index_n.grp_tag_client_cust_year_ia_nws_new_addsign","task:208353:statement:0:relation:root.(child).a.setop.b0.setop.b0.setop.b0.setop.b0.setop.b0.setop.b0.setop.b0.setop.b0.setop.b0.setop.b0.setop.b1.read.grp_tag_client_cust_year_ia_nws_new_addsign","CONFIRMED","NON_LITERAL_PRESENT","E:\02_area\股衍数据-数据cookbook\sql-static-lineage-data\task-projections\tasks\208353\versions\344541d74894b0f42dafd950b59b4c061b7137decf583f218357d580261a9466.evidence-v3.json","E:\02_area\股衍数据-数据cookbook\sql-static-lineage-data\task-projections\tasks\208353\versions\344541d74894b0f42dafd950b59b4c061b7137decf583f218357d580261a9466.json"
"208353","sparkIndex","dm_index_n.grp_tag_indv_cust_cust_year_buyria_newadd","task:208353:statement:0:relation:root.(child).a.setop.b0.setop.b0.setop.b0.setop.b0.setop.b0.setop.b0.setop.b0.setop.b0.setop.b0.setop.b1.read.grp_tag_indv_cust_cust_year_buyria_newadd","CONFIRMED","NON_LITERAL_PRESENT","E:\02_area\股衍数据-数据cookbook\sql-static-lineage-data\task-projections\tasks\208353\versions\344541d74894b0f42dafd950b59b4c061b7137decf583f218357d580261a9466.evidence-v3.json","E:\02_area\股衍数据-数据cookbook\sql-static-lineage-data\task-projections\tasks\208353\versions\344541d74894b0f42dafd950b59b4c061b7137decf583f218357d580261a9466.json"
"208353","sparkIndex","dm_index_n.grp_tag_client_is_kyc_accts","task:208353:statement:0:relation:root.(child).a.setop.b0.setop.b0.setop.b0.setop.b0.setop.b0.setop.b0.setop.b0.setop.b0.setop.b1.read.grp_tag_client_is_kyc_accts","CONFIRMED","NON_LITERAL_PRESENT","E:\02_area\股衍数据-数据cookbook\sql-static-lineage-data\task-projections\tasks\208353\versions\344541d74894b0f42dafd950b59b4c061b7137decf583f218357d580261a9466.evidence-v3.json","E:\02_area\股衍数据-数据cookbook\sql-static-lineage-data\task-projections\tasks\208353\versions\344541d74894b0f42dafd950b59b4c061b7137decf583f218357d580261a9466.json"
"208353","sparkIndex","dm_index_n.grp_tag_client_rich_cust_flag","task:208353:statement:0:relation:root.(child).a.setop.b0.setop.b0.setop.b0.setop.b0.setop.b0.setop.b0.setop.b0.setop.b1.read.grp_tag_client_rich_cust_flag","CONFIRMED","NON_LITERAL_PRESENT","E:\02_area\股衍数据-数据cookbook\sql-static-lineage-data\task-projections\tasks\208353\versions\344541d74894b0f42dafd950b59b4c061b7137decf583f218357d580261a9466.evidence-v3.json","E:\02_area\股衍数据-数据cookbook\sql-static-lineage-data\task-projections\tasks\208353\versions\344541d74894b0f42dafd950b59b4c061b7137decf583f218357d580261a9466.json"
"208353","sparkIndex","dm_index_n.grp_tag_client_potn_gem_cust_flag","task:208353:statement:0:relation:root.(child).a.setop.b0.setop.b0.setop.b0.setop.b0.setop.b0.setop.b1.read.grp_tag_client_potn_gem_cust_flag","CONFIRMED","NON_LITERAL_PRESENT","E:\02_area\股衍数据-数据cookbook\sql-static-lineage-data\task-projections\tasks\208353\versions\344541d74894b0f42dafd950b59b4c061b7137decf583f218357d580261a9466.evidence-v3.json","E:\02_area\股衍数据-数据cookbook\sql-static-lineage-data\task-projections\tasks\208353\versions\344541d74894b0f42dafd950b59b4c061b7137decf583f218357d580261a9466.json"
"208353","sparkIndex","dm_index_n.grp_tag_client_cust_whth_stib_pcus","task:208353:statement:0:relation:root.(child).a.setop.b0.setop.b0.setop.b0.setop.b0.setop.b1.read.grp_tag_client_cust_whth_stib_pcus","CONFIRMED","NON_LITERAL_PRESENT","E:\02_area\股衍数据-数据cookbook\sql-static-lineage-data\task-projections\tasks\208353\versions\344541d74894b0f42dafd950b59b4c061b7137decf583f218357d580261a9466.evidence-v3.json","E:\02_area\股衍数据-数据cookbook\sql-static-lineage-data\task-projections\tasks\208353\versions\344541d74894b0f42dafd950b59b4c061b7137decf583f218357d580261a9466.json"
"208353","sparkIndex","dm_index_n.grp_tag_indv_cust_bse_bcust_flag","task:208353:statement:0:relation:root.(child).a.setop.b0.setop.b0.setop.b0.setop.b1.read.grp_tag_indv_cust_bse_bcust_flag","CONFIRMED","NON_LITERAL_PRESENT","E:\02_area\股衍数据-数据cookbook\sql-static-lineage-data\task-projections\tasks\208353\versions\344541d74894b0f42dafd950b59b4c061b7137decf583f218357d580261a9466.evidence-v3.json","E:\02_area\股衍数据-数据cookbook\sql-static-lineage-data\task-projections\tasks\208353\versions\344541d74894b0f42dafd950b59b4c061b7137decf583f218357d580261a9466.json"
"208353","sparkIndex","dm_index_n.grp_tag_client_cust_whth_szhk_sc_pcus","task:208353:statement:0:relation:root.(child).a.setop.b0.setop.b0.setop.b1.read.grp_tag_client_cust_whth_szhk_sc_pcus","CONFIRMED","NON_LITERAL_PRESENT","E:\02_area\股衍数据-数据cookbook\sql-static-lineage-data\task-projections\tasks\208353\versions\344541d74894b0f42dafd950b59b4c061b7137decf583f218357d580261a9466.evidence-v3.json","E:\02_area\股衍数据-数据cookbook\sql-static-lineage-data\task-projections\tasks\208353\versions\344541d74894b0f42dafd950b59b4c061b7137decf583f218357d580261a9466.json"
"208353","sparkIndex","dm_index_n.grp_tag_client_cust_whth_shhk_sc_pcus","task:208353:statement:0:relation:root.(child).a.setop.b0.setop.b1.read.grp_tag_client_cust_whth_shhk_sc_pcus","CONFIRMED","NON_LITERAL_PRESENT","E:\02_area\股衍数据-数据cookbook\sql-static-lineage-data\task-projections\tasks\208353\versions\344541d74894b0f42dafd950b59b4c061b7137decf583f218357d580261a9466.evidence-v3.json","E:\02_area\股衍数据-数据cookbook\sql-static-lineage-data\task-projections\tasks\208353\versions\344541d74894b0f42dafd950b59b4c061b7137decf583f218357d580261a9466.json"
"208353","sparkIndex","dm_index_n.grp_tag_client_cust_whth_marg_pcus","task:208353:statement:0:relation:root.(child).a.setop.b1.read.grp_tag_client_cust_whth_marg_pcus","CONFIRMED","NON_LITERAL_PRESENT","E:\02_area\股衍数据-数据cookbook\sql-static-lineage-data\task-projections\tasks\208353\versions\344541d74894b0f42dafd950b59b4c061b7137decf583f218357d580261a9466.evidence-v3.json","E:\02_area\股衍数据-数据cookbook\sql-static-lineage-data\task-projections\tasks\208353\versions\344541d74894b0f42dafd950b59b4c061b7137decf583f218357d580261a9466.json"
"208353","sparkIndex","dm_index_n.index_grp1_cust_totalast_npapd_qtr_all","task:208353:statement:0:relation:root.(child-1).a.setop.b0.setop.b0.setop.b0.setop.b0.setop.b0.setop.b0.setop.b0.setop.b0.setop.b0.setop.b0.setop.b0.setop.b0.setop.b0.setop.b0.setop.b0.setop.b0.setop.b0.setop.b0.setop.b0.read.index_grp1_cust_totalast_npapd_qtr_all","CONFIRMED","LITERAL","E:\02_area\股衍数据-数据cookbook\sql-static-lineage-data\task-projections\tasks\208353\versions\344541d74894b0f42dafd950b59b4c061b7137decf583f218357d580261a9466.evidence-v3.json","E:\02_area\股衍数据-数据cookbook\sql-static-lineage-data\task-projections\tasks\208353\versions\344541d74894b0f42dafd950b59b4c061b7137decf583f218357d580261a9466.json"
"208353","sparkIndex","dm_index_n.index_grp1_cust_incm_fullcali_qtr_all","task:208353:statement:0:relation:root.(child-1).a.setop.b0.setop.b0.setop.b0.setop.b0.setop.b0.setop.b0.setop.b0.setop.b0.setop.b0.setop.b0.setop.b0.setop.b0.setop.b0.setop.b0.setop.b0.setop.b0.setop.b0.setop.b1.read.index_grp1_cust_incm_fullcali_qtr_all","CONFIRMED","LITERAL","E:\02_area\股衍数据-数据cookbook\sql-static-lineage-data\task-projections\tasks\208353\versions\344541d74894b0f42dafd950b59b4c061b7137decf583f218357d580261a9466.evidence-v3.json","E:\02_area\股衍数据-数据cookbook\sql-static-lineage-data\task-projections\tasks\208353\versions\344541d74894b0f42dafd950b59b4c061b7137decf583f218357d580261a9466.json"
"208353","sparkIndex","dm_index_n.index_grp1_cust_bscast_astpkg_obsv_mth_all","task:208353:statement:0:relation:root.(child-1).a.setop.b0.setop.b0.setop.b0.setop.b0.setop.b0.setop.b0.setop.b0.setop.b0.setop.b0.setop.b0.setop.b0.setop.b0.setop.b0.setop.b0.setop.b0.setop.b0.setop.b1.read.index_grp1_cust_bscast_astpkg_obsv_mth_all","CONFIRMED","LITERAL","E:\02_area\股衍数据-数据cookbook\sql-static-lineage-data\task-projections\tasks\208353\versions\344541d74894b0f42dafd950b59b4c061b7137decf583f218357d580261a9466.evidence-v3.json","E:\02_area\股衍数据-数据cookbook\sql-static-lineage-data\task-projections\tasks\208353\versions\344541d74894b0f42dafd950b59b4c061b7137decf583f218357d580261a9466.json"
"208353","sparkIndex","dm_index_n.index_grp1_cust_palamt_relapst_astpkg_obsv_mth_all","task:208353:statement:0:relation:root.(child-1).a.setop.b0.setop.b0.setop.b0.setop.b0.setop.b0.setop.b0.setop.b0.setop.b0.setop.b0.setop.b0.setop.b0.setop.b0.setop.b0.setop.b0.setop.b0.setop.b1.read.index_grp1_cust_palamt_relapst_astpkg_obsv_mth_all","CONFIRMED","LITERAL","E:\02_area\股衍数据-数据cookbook\sql-static-lineage-data\task-projections\tasks\208353\versions\344541d74894b0f42dafd950b59b4c061b7137decf583f218357d580261a9466.evidence-v3.json","E:\02_area\股衍数据-数据cookbook\sql-static-lineage-data\task-projections\tasks\208353\versions\344541d74894b0f42dafd950b59b4c061b7137decf583f218357d580261a9466.json"
"208353","sparkIndex","dm_index_n.index_grp1_cust_nav_aum_tdy_all","task:208353:statement:0:relation:root.(child-1).a.setop.b0.setop.b0.setop.b0.setop.b0.setop.b0.setop.b0.setop.b0.setop.b0.setop.b0.setop.b0.setop.b0.setop.b0.setop.b0.setop.b0.setop.b1.read.index_grp1_cust_nav_aum_tdy_all","CONFIRMED","NON_LITERAL_PRESENT","E:\02_area\股衍数据-数据cookbook\sql-static-lineage-data\task-projections\tasks\208353\versions\344541d74894b0f42dafd950b59b4c061b7137decf583f218357d580261a9466.evidence-v3.json","E:\02_area\股衍数据-数据cookbook\sql-static-lineage-data\task-projections\tasks\208353\versions\344541d74894b0f42dafd950b59b4c061b7137decf583f218357d580261a9466.json"
"208353","sparkIndex","dm_index_n.grp_cust_open_gem_flag","task:208353:statement:0:relation:root.(child-1).a.setop.b0.setop.b0.setop.b0.setop.b0.setop.b0.setop.b0.setop.b0.setop.b0.setop.b0.setop.b0.setop.b0.setop.b0.setop.b1.read.grp_cust_open_gem_flag","CONFIRMED","NON_LITERAL_PRESENT","E:\02_area\股衍数据-数据cookbook\sql-static-lineage-data\task-projections\tasks\208353\versions\344541d74894b0f42dafd950b59b4c061b7137decf583f218357d580261a9466.evidence-v3.json","E:\02_area\股衍数据-数据cookbook\sql-static-lineage-data\task-projections\tasks\208353\versions\344541d74894b0f42dafd950b59b4c061b7137decf583f218357d580261a9466.json"
"208353","sparkIndex","dm_index_n.grp_tag_client_open_stib","task:208353:statement:0:relation:root.(child-1).a.setop.b0.setop.b0.setop.b0.setop.b0.setop.b0.setop.b0.setop.b0.setop.b0.setop.b0.setop.b0.setop.b0.setop.b1.read.grp_tag_client_open_stib","CONFIRMED","NON_LITERAL_PRESENT","E:\02_area\股衍数据-数据cookbook\sql-static-lineage-data\task-projections\tasks\208353\versions\344541d74894b0f42dafd950b59b4c061b7137decf583f218357d580261a9466.evidence-v3.json","E:\02_area\股衍数据-数据cookbook\sql-static-lineage-data\task-projections\tasks\208353\versions\344541d74894b0f42dafd950b59b4c061b7137decf583f218357d580261a9466.json"
"208353","sparkIndex","dm_index_n.grp_tag_client_cust_whth_open_bse_righ","task:208353:statement:0:relation:root.(child-1).a.setop.b0.setop.b0.setop.b0.setop.b0.setop.b0.setop.b0.setop.b0.setop.b0.setop.b0.setop.b0.setop.b1.read.grp_tag_client_cust_whth_open_bse_righ","CONFIRMED","NON_LITERAL_PRESENT","E:\02_area\股衍数据-数据cookbook\sql-static-lineage-data\task-projections\tasks\208353\versions\344541d74894b0f42dafd950b59b4c061b7137decf583f218357d580261a9466.evidence-v3.json","E:\02_area\股衍数据-数据cookbook\sql-static-lineage-data\task-projections\tasks\208353\versions\344541d74894b0f42dafd950b59b4c061b7137decf583f218357d580261a9466.json"
"208353","sparkIndex","dm_index_n.grp_cust_open_sz_mhs_flag","task:208353:statement:0:relation:root.(child-1).a.setop.b0.setop.b0.setop.b0.setop.b0.setop.b0.setop.b0.setop.b0.setop.b0.setop.b0.setop.b1.read.grp_cust_open_sz_mhs_flag","CONFIRMED","NON_LITERAL_PRESENT","E:\02_area\股衍数据-数据cookbook\sql-static-lineage-data\task-projections\tasks\208353\versions\344541d74894b0f42dafd950b59b4c061b7137decf583f218357d580261a9466.evidence-v3.json","E:\02_area\股衍数据-数据cookbook\sql-static-lineage-data\task-projections\tasks\208353\versions\344541d74894b0f42dafd950b59b4c061b7137decf583f218357d580261a9466.json"
"208353","sparkIndex","dm_index_n.grp_cust_open_sh_mhs_flag","task:208353:statement:0:relation:root.(child-1).a.setop.b0.setop.b0.setop.b0.setop.b0.setop.b0.setop.b0.setop.b0.setop.b0.setop.b1.read.grp_cust_open_sh_mhs_flag","CONFIRMED","NON_LITERAL_PRESENT","E:\02_area\股衍数据-数据cookbook\sql-static-lineage-data\task-projections\tasks\208353\versions\344541d74894b0f42dafd950b59b4c061b7137decf583f218357d580261a9466.evidence-v3.json","E:\02_area\股衍数据-数据cookbook\sql-static-lineage-data\task-projections\tasks\208353\versions\344541d74894b0f42dafd950b59b4c061b7137decf583f218357d580261a9466.json"
"208353","sparkIndex","dm_index_n.grp_cust_open_marg_flag","task:208353:statement:0:relation:root.(child-1).a.setop.b0.setop.b0.setop.b0.setop.b0.setop.b0.setop.b0.setop.b0.setop.b1.read.grp_cust_open_marg_flag","CONFIRMED","NON_LITERAL_PRESENT","E:\02_area\股衍数据-数据cookbook\sql-static-lineage-data\task-projections\tasks\208353\versions\344541d74894b0f42dafd950b59b4c061b7137decf583f218357d580261a9466.evidence-v3.json","E:\02_area\股衍数据-数据cookbook\sql-static-lineage-data\task-projections\tasks\208353\versions\344541d74894b0f42dafd950b59b4c061b7137decf583f218357d580261a9466.json"
"208353","sparkIndex","dm_index_n.grp_tag_client_whth_pvt_qual_ivstr","task:208353:statement:0:relation:root.(child-1).a.setop.b0.setop.b0.setop.b0.setop.b0.setop.b0.setop.b0.setop.b1.read.grp_tag_client_whth_pvt_qual_ivstr","CONFIRMED","NON_LITERAL_PRESENT","E:\02_area\股衍数据-数据cookbook\sql-static-lineage-data\task-projections\tasks\208353\versions\344541d74894b0f42dafd950b59b4c061b7137decf583f218357d580261a9466.evidence-v3.json","E:\02_area\股衍数据-数据cookbook\sql-static-lineage-data\task-projections\tasks\208353\versions\344541d74894b0f42dafd950b59b4c061b7137decf583f218357d580261a9466.json"
"208353","sparkIndex","dm_index_n.grp_tag_client_cust_year_product_tenure","task:208353:statement:0:relation:root.(child-1).a.setop.b0.setop.b0.setop.b0.setop.b0.setop.b1.read.grp_tag_client_cust_year_product_tenure","CONFIRMED","LITERAL","E:\02_area\股衍数据-数据cookbook\sql-static-lineage-data\task-projections\tasks\208353\versions\344541d74894b0f42dafd950b59b4c061b7137decf583f218357d580261a9466.evidence-v3.json","E:\02_area\股衍数据-数据cookbook\sql-static-lineage-data\task-projections\tasks\208353\versions\344541d74894b0f42dafd950b59b4c061b7137decf583f218357d580261a9466.json"
"208353","sparkIndex","dm_index_n.grp_tag_client_cust_year_ia_nws_new_addsign","task:208353:statement:0:relation:root.(child-1).a.setop.b0.setop.b0.setop.b0.setop.b1.read.grp_tag_client_cust_year_ia_nws_new_addsign","CONFIRMED","LITERAL","E:\02_area\股衍数据-数据cookbook\sql-static-lineage-data\task-projections\tasks\208353\versions\344541d74894b0f42dafd950b59b4c061b7137decf583f218357d580261a9466.evidence-v3.json","E:\02_area\股衍数据-数据cookbook\sql-static-lineage-data\task-projections\tasks\208353\versions\344541d74894b0f42dafd950b59b4c061b7137decf583f218357d580261a9466.json"
"208353","sparkIndex","dm_index_n.grp_tag_indv_cust_cust_year_buyria_newadd","task:208353:statement:0:relation:root.(child-1).a.setop.b0.setop.b0.setop.b1.read.grp_tag_indv_cust_cust_year_buyria_newadd","CONFIRMED","LITERAL","E:\02_area\股衍数据-数据cookbook\sql-static-lineage-data\task-projections\tasks\208353\versions\344541d74894b0f42dafd950b59b4c061b7137decf583f218357d580261a9466.evidence-v3.json","E:\02_area\股衍数据-数据cookbook\sql-static-lineage-data\task-projections\tasks\208353\versions\344541d74894b0f42dafd950b59b4c061b7137decf583f218357d580261a9466.json"
"208353","sparkIndex","dm_index_n.grp_tag_client_is_kyc_accts","task:208353:statement:0:relation:root.(child-1).a.setop.b0.setop.b1.read.grp_tag_client_is_kyc_accts","CONFIRMED","NON_LITERAL_PRESENT","E:\02_area\股衍数据-数据cookbook\sql-static-lineage-data\task-projections\tasks\208353\versions\344541d74894b0f42dafd950b59b4c061b7137decf583f218357d580261a9466.evidence-v3.json","E:\02_area\股衍数据-数据cookbook\sql-static-lineage-data\task-projections\tasks\208353\versions\344541d74894b0f42dafd950b59b4c061b7137decf583f218357d580261a9466.json"
"208353","sparkIndex","dm_index_n.index_grp_apd_net_asset","task:208353:statement:0:relation:root.(child-1).a.setop.b1.read.index_grp_apd_net_asset","CONFIRMED","NON_LITERAL_PRESENT","E:\02_area\股衍数据-数据cookbook\sql-static-lineage-data\task-projections\tasks\208353\versions\344541d74894b0f42dafd950b59b4c061b7137decf583f218357d580261a9466.evidence-v3.json","E:\02_area\股衍数据-数据cookbook\sql-static-lineage-data\task-projections\tasks\208353\versions\344541d74894b0f42dafd950b59b4c061b7137decf583f218357d580261a9466.json"
"208353","sparkIndex","dm_index_n.index_grp1_slp_emt_actv_date_appr_pst","task:208353:statement:0:relation:root.casttable.b.c.read.index_grp1_slp_emt_actv_date_appr_pst","CONFIRMED","NON_LITERAL_PRESENT","E:\02_area\股衍数据-数据cookbook\sql-static-lineage-data\task-projections\tasks\208353\versions\344541d74894b0f42dafd950b59b4c061b7137decf583f218357d580261a9466.evidence-v3.json","E:\02_area\股衍数据-数据cookbook\sql-static-lineage-data\task-projections\tasks\208353\versions\344541d74894b0f42dafd950b59b4c061b7137decf583f218357d580261a9466.json"
"208353","sparkIndex","dm_index_n.index_grp1_cust_nav_aum_tdy_all","task:208353:statement:0:relation:root.casttable.t5.a.setop.b0.read.index_grp1_cust_nav_aum_tdy_all","CONFIRMED","NON_LITERAL_PRESENT","E:\02_area\股衍数据-数据cookbook\sql-static-lineage-data\task-projections\tasks\208353\versions\344541d74894b0f42dafd950b59b4c061b7137decf583f218357d580261a9466.evidence-v3.json","E:\02_area\股衍数据-数据cookbook\sql-static-lineage-data\task-projections\tasks\208353\versions\344541d74894b0f42dafd950b59b4c061b7137decf583f218357d580261a9466.json"
"208983","sparkIndex","dm_index_n.index_grp_serv_emp_id","task:208983:statement:0:relation:root.(child).t.setop.b0.setop.b0.setop.b0.setop.b0.setop.b0.setop.b0.setop.b0.setop.b0.setop.b0.setop.b0.setop.b0.setop.b0.setop.b0.setop.b0.setop.b0.setop.b0.setop.b0.setop.b0.setop.b0.setop.b0.setop.b0.setop.b0.setop.b0.setop.b0.setop.b0.setop.b0.setop.b0.setop.b0.setop.b0.setop.b0.setop.b0.setop.b0.setop.b0.setop.b0.setop.b0.setop.b0.setop.b0.setop.b0.setop.b0.setop.b0.setop.b0.setop.b0.setop.b0.setop.b0.setop.b0.setop.b0.setop.b0.setop.b0.setop.b0.setop.b0.setop.b0.setop.b0.setop.b0.setop.b0.setop.b0.setop.b0.read.index_grp_serv_emp_id","CONFIRMED","LITERAL","E:\02_area\股衍数据-数据cookbook\sql-static-lineage-data\task-projections\tasks\208983\versions\f24a6e147623344e79b7f6608276cc6f1728cb37f164918db8bb6ea61f4e5187.evidence-v3.json","E:\02_area\股衍数据-数据cookbook\sql-static-lineage-data\task-projections\tasks\208983\versions\f24a6e147623344e79b7f6608276cc6f1728cb37f164918db8bb6ea61f4e5187.json"
"208983","sparkIndex","dm_index_n.index_grp_devpr_emp_id","task:208983:statement:0:relation:root.(child).t.setop.b0.setop.b0.setop.b0.setop.b0.setop.b0.setop.b0.setop.b0.setop.b0.setop.b0.setop.b0.setop.b0.setop.b0.setop.b0.setop.b0.setop.b0.setop.b0.setop.b0.setop.b0.setop.b0.setop.b0.setop.b0.setop.b0.setop.b0.setop.b0.setop.b0.setop.b0.setop.b0.setop.b0.setop.b0.setop.b0.setop.b0.setop.b0.setop.b0.setop.b0.setop.b0.setop.b0.setop.b0.setop.b0.setop.b0.setop.b0.setop.b0.setop.b0.setop.b0.setop.b0.setop.b0.setop.b0.setop.b0.setop.b0.setop.b0.setop.b0.setop.b0.setop.b0.setop.b0.setop.b0.setop.b0.setop.b1.read.index_grp_devpr_emp_id","CONFIRMED","LITERAL","E:\02_area\股衍数据-数据cookbook\sql-static-lineage-data\task-projections\tasks\208983\versions\f24a6e147623344e79b7f6608276cc6f1728cb37f164918db8bb6ea61f4e5187.evidence-v3.json","E:\02_area\股衍数据-数据cookbook\sql-static-lineage-data\task-projections\tasks\208983\versions\f24a6e147623344e79b7f6608276cc6f1728cb37f164918db8bb6ea61f4e5187.json"
"208983","sparkIndex","dm_index_n.grp_tag_indv_cust_is_actv","task:208983:statement:0:relation:root.(child).t.setop.b0.setop.b0.setop.b0.setop.b0.setop.b0.setop.b0.setop.b0.setop.b0.setop.b0.setop.b0.setop.b0.setop.b0.setop.b0.setop.b0.setop.b0.setop.b0.setop.b0.setop.b0.setop.b0.setop.b0.setop.b0.setop.b0.setop.b0.setop.b0.setop.b0.setop.b0.setop.b0.setop.b0.setop.b0.setop.b0.setop.b0.setop.b0.setop.b0.setop.b0.setop.b0.setop.b0.setop.b0.setop.b0.setop.b0.setop.b0.setop.b0.setop.b0.setop.b0.setop.b0.setop.b0.setop.b0.setop.b0.setop.b0.setop.b0.setop.b0.setop.b0.setop.b0.setop.b0.setop.b0.setop.b1.val.val.read.grp_tag_indv_cust_is_actv","CONFIRMED","LITERAL","E:\02_area\股衍数据-数据cookbook\sql-static-lineage-data\task-projections\tasks\208983\versions\f24a6e147623344e79b7f6608276cc6f1728cb37f164918db8bb6ea61f4e5187.evidence-v3.json","E:\02_area\股衍数据-数据cookbook\sql-static-lineage-data\task-projections\tasks\208983\versions\f24a6e147623344e79b7f6608276cc6f1728cb37f164918db8bb6ea61f4e5187.json"
"208983","sparkIndex","dm_index_n.grp_tag_client_is_new_valid","task:208983:statement:0:relation:root.(child).t.setop.b0.setop.b0.setop.b0.setop.b0.setop.b0.setop.b0.setop.b0.setop.b0.setop.b0.setop.b0.setop.b0.setop.b0.setop.b0.setop.b0.setop.b0.setop.b0.setop.b0.setop.b0.setop.b0.setop.b0.setop.b0.setop.b0.setop.b0.setop.b0.setop.b0.setop.b0.setop.b0.setop.b0.setop.b0.setop.b0.setop.b0.setop.b0.setop.b0.setop.b0.setop.b0.setop.b0.setop.b0.setop.b0.setop.b0.setop.b0.setop.b0.setop.b0.setop.b0.setop.b0.setop.b0.setop.b0.setop.b0.setop.b0.setop.b0.setop.b0.setop.b0.setop.b0.setop.b0.setop.b1.val.val.read.grp_tag_client_is_new_valid","CONFIRMED","LITERAL","E:\02_area\股衍数据-数据cookbook\sql-static-lineage-data\task-projections\tasks\208983\versions\f24a6e147623344e79b7f6608276cc6f1728cb37f164918db8bb6ea61f4e5187.evidence-v3.json","E:\02_area\股衍数据-数据cookbook\sql-static-lineage-data\task-projections\tasks\208983\versions\f24a6e147623344e79b7f6608276cc6f1728cb37f164918db8bb6ea61f4e5187.json"
"208983","sparkIndex","dm_index_n.index_grp_brch_bel_div_org_name","task:208983:statement:0:relation:root.(child).t.setop.b0.setop.b0.setop.b0.setop.b0.setop.b0.setop.b0.setop.b0.setop.b0.setop.b0.setop.b0.setop.b0.setop.b0.setop.b0.setop.b0.setop.b0.setop.b0.setop.b0.setop.b0.setop.b0.setop.b0.setop.b0.setop.b0.setop.b0.setop.b0.setop.b0.setop.b0.setop.b0.setop.b0.setop.b0.setop.b0.setop.b0.setop.b0.setop.b0.setop.b0.setop.b0.setop.b0.setop.b0.setop.b0.setop.b0.setop.b0.setop.b0.setop.b0.setop.b0.setop.b0.setop.b0.setop.b0.setop.b0.setop.b0.setop.b0.setop.b0.setop.b0.setop.b0.setop.b1.read.index_grp_brch_bel_div_org_name","CONFIRMED","LITERAL","E:\02_area\股衍数据-数据cookbook\sql-static-lineage-data\task-projections\tasks\208983\versions\f24a6e147623344e79b7f6608276cc6f1728cb37f164918db8bb6ea61f4e5187.evidence-v3.json","E:\02_area\股衍数据-数据cookbook\sql-static-lineage-data\task-projections\tasks\208983\versions\f24a6e147623344e79b7f6608276cc6f1728cb37f164918db8bb6ea61f4e5187.json"
"208983","sparkIndex","dm_index_n.grp_tag_client_cust_typ","task:208983:statement:0:relation:root.(child).t.setop.b0.setop.b0.setop.b0.setop.b0.setop.b0.setop.b0.setop.b0.setop.b0.setop.b0.setop.b0.setop.b0.setop.b0.setop.b0.setop.b0.setop.b0.setop.b0.setop.b0.setop.b0.setop.b0.setop.b0.setop.b0.setop.b0.setop.b0.setop.b0.setop.b0.setop.b0.setop.b0.setop.b0.setop.b0.setop.b0.setop.b0.setop.b0.setop.b0.setop.b0.setop.b0.setop.b0.setop.b0.setop.b0.setop.b0.setop.b0.setop.b0.setop.b0.setop.b0.setop.b0.setop.b0.setop.b0.setop.b0.setop.b0.setop.b0.setop.b0.setop.b0.setop.b1.read.a","CONFIRMED","LITERAL","E:\02_area\股衍数据-数据cookbook\sql-static-lineage-data\task-projections\tasks\208983\versions\f24a6e147623344e79b7f6608276cc6f1728cb37f164918db8bb6ea61f4e5187.evidence-v3.json","E:\02_area\股衍数据-数据cookbook\sql-static-lineage-data\task-projections\tasks\208983\versions\f24a6e147623344e79b7f6608276cc6f1728cb37f164918db8bb6ea61f4e5187.json"
"208983","sparkIndex","dm_index_n.grp_tag_client_lvst_prefr_clas_mth","task:208983:statement:0:relation:root.(child).t.setop.b0.setop.b0.setop.b0.setop.b0.setop.b0.setop.b0.setop.b0.setop.b0.setop.b0.setop.b0.setop.b0.setop.b0.setop.b0.setop.b0.setop.b0.setop.b0.setop.b0.setop.b0.setop.b0.setop.b0.setop.b0.setop.b0.setop.b0.setop.b0.setop.b0.setop.b0.setop.b0.setop.b0.setop.b0.setop.b0.setop.b0.setop.b0.setop.b0.setop.b0.setop.b0.setop.b0.setop.b0.setop.b0.setop.b0.setop.b0.setop.b0.setop.b0.setop.b0.setop.b0.setop.b0.setop.b0.setop.b0.setop.b0.setop.b0.setop.b0.setop.b1.read.a","CONFIRMED","NON_LITERAL_PRESENT","E:\02_area\股衍数据-数据cookbook\sql-static-lineage-data\task-projections\tasks\208983\versions\f24a6e147623344e79b7f6608276cc6f1728cb37f164918db8bb6ea61f4e5187.evidence-v3.json","E:\02_area\股衍数据-数据cookbook\sql-static-lineage-data\task-projections\tasks\208983\versions\f24a6e147623344e79b7f6608276cc6f1728cb37f164918db8bb6ea61f4e5187.json"
"208983","sparkIndex","dm_index_n.grp_tag_client_cust_ast_type","task:208983:statement:0:relation:root.(child).t.setop.b0.setop.b0.setop.b0.setop.b0.setop.b0.setop.b0.setop.b0.setop.b0.setop.b0.setop.b0.setop.b0.setop.b0.setop.b0.setop.b0.setop.b0.setop.b0.setop.b0.setop.b0.setop.b0.setop.b0.setop.b0.setop.b0.setop.b0.setop.b0.setop.b0.setop.b0.setop.b0.setop.b0.setop.b0.setop.b0.setop.b0.setop.b0.setop.b0.setop.b0.setop.b0.setop.b0.setop.b0.setop.b0.setop.b0.setop.b0.setop.b0.setop.b0.setop.b0.setop.b0.setop.b0.setop.b0.setop.b0.setop.b0.setop.b0.setop.b1.read.a","CONFIRMED","NON_LITERAL_PRESENT","E:\02_area\股衍数据-数据cookbook\sql-static-lineage-data\task-projections\tasks\208983\versions\f24a6e147623344e79b7f6608276cc6f1728cb37f164918db8bb6ea61f4e5187.evidence-v3.json","E:\02_area\股衍数据-数据cookbook\sql-static-lineage-data\task-projections\tasks\208983\versions\f24a6e147623344e79b7f6608276cc6f1728cb37f164918db8bb6ea61f4e5187.json"
"208983","sparkIndex","dm_index_n.grp_tag_client_cust_sex","task:208983:statement:0:relation:root.(child).t.setop.b0.setop.b0.setop.b0.setop.b0.setop.b0.setop.b0.setop.b0.setop.b0.setop.b0.setop.b0.setop.b0.setop.b0.setop.b0.setop.b0.setop.b0.setop.b0.setop.b0.setop.b0.setop.b0.setop.b0.setop.b0.setop.b0.setop.b0.setop.b0.setop.b0.setop.b0.setop.b0.setop.b0.setop.b0.setop.b0.setop.b0.setop.b0.setop.b0.setop.b0.setop.b0.setop.b0.setop.b0.setop.b0.setop.b0.setop.b0.setop.b0.setop.b0.setop.b0.setop.b0.setop.b0.setop.b0.setop.b0.setop.b1.a.read.grp_tag_client_cust_sex","CONFIRMED","LITERAL","E:\02_area\股衍数据-数据cookbook\sql-static-lineage-data\task-projections\tasks\208983\versions\f24a6e147623344e79b7f6608276cc6f1728cb37f164918db8bb6ea61f4e5187.evidence-v3.json","E:\02_area\股衍数据-数据cookbook\sql-static-lineage-data\task-projections\tasks\208983\versions\f24a6e147623344e79b7f6608276cc6f1728cb37f164918db8bb6ea61f4e5187.json"
"208983","sparkIndex","dm_index_n.index_grp_occp_name","task:208983:statement:0:relation:root.(child).t.setop.b0.setop.b0.setop.b0.setop.b0.setop.b0.setop.b0.setop.b0.setop.b0.setop.b0.setop.b0.setop.b0.setop.b0.setop.b0.setop.b0.setop.b0.setop.b0.setop.b0.setop.b0.setop.b0.setop.b0.setop.b0.setop.b0.setop.b0.setop.b0.setop.b0.setop.b0.setop.b0.setop.b0.setop.b0.setop.b0.setop.b0.setop.b0.setop.b0.setop.b0.setop.b0.setop.b0.setop.b0.setop.b0.setop.b0.setop.b0.setop.b0.setop.b0.setop.b0.setop.b0.setop.b0.setop.b0.setop.b1.read.index_grp_occp_name","CONFIRMED","LITERAL","E:\02_area\股衍数据-数据cookbook\sql-static-lineage-data\task-projections\tasks\208983\versions\f24a6e147623344e79b7f6608276cc6f1728cb37f164918db8bb6ea61f4e5187.evidence-v3.json","E:\02_area\股衍数据-数据cookbook\sql-static-lineage-data\task-projections\tasks\208983\versions\f24a6e147623344e79b7f6608276cc6f1728cb37f164918db8bb6ea61f4e5187.json"
"208983","sparkIndex","dm_index_n.index_grp_cust_id_own_prov","task:208983:statement:0:relation:root.(child).t.setop.b0.setop.b0.setop.b0.setop.b0.setop.b0.setop.b0.setop.b0.setop.b0.setop.b0.setop.b0.setop.b0.setop.b0.setop.b0.setop.b0.setop.b0.setop.b0.setop.b0.setop.b0.setop.b0.setop.b0.setop.b0.setop.b0.setop.b0.setop.b0.setop.b0.setop.b0.setop.b0.setop.b0.setop.b0.setop.b0.setop.b0.setop.b0.setop.b0.setop.b0.setop.b0.setop.b0.setop.b0.setop.b0.setop.b0.setop.b0.setop.b0.setop.b0.setop.b0.setop.b0.setop.b0.setop.b1.read.index_grp_cust_id_own_prov","CONFIRMED","LITERAL","E:\02_area\股衍数据-数据cookbook\sql-static-lineage-data\task-projections\tasks\208983\versions\f24a6e147623344e79b7f6608276cc6f1728cb37f164918db8bb6ea61f4e5187.evidence-v3.json","E:\02_area\股衍数据-数据cookbook\sql-static-lineage-data\task-projections\tasks\208983\versions\f24a6e147623344e79b7f6608276cc6f1728cb37f164918db8bb6ea61f4e5187.json"
"208983","sparkIndex","dm_index_n.index_grp_cust_id_own_city","task:208983:statement:0:relation:root.(child).t.setop.b0.setop.b0.setop.b0.setop.b0.setop.b0.setop.b0.setop.b0.setop.b0.setop.b0.setop.b0.setop.b0.setop.b0.setop.b0.setop.b0.setop.b0.setop.b0.setop.b0.setop.b0.setop.b0.setop.b0.setop.b0.setop.b0.setop.b0.setop.b0.setop.b0.setop.b0.setop.b0.setop.b0.setop.b0.setop.b0.setop.b0.setop.b0.setop.b0.setop.b0.setop.b0.setop.b0.setop.b0.setop.b0.setop.b0.setop.b0.setop.b0.setop.b0.setop.b0.setop.b0.setop.b1.read.index_grp_cust_id_own_city","CONFIRMED","LITERAL","E:\02_area\股衍数据-数据cookbook\sql-static-lineage-data\task-projections\tasks\208983\versions\f24a6e147623344e79b7f6608276cc6f1728cb37f164918db8bb6ea61f4e5187.evidence-v3.json","E:\02_area\股衍数据-数据cookbook\sql-static-lineage-data\task-projections\tasks\208983\versions\f24a6e147623344e79b7f6608276cc6f1728cb37f164918db8bb6ea61f4e5187.json"
"208983","sparkIndex","dm_index_n.index_grp_oact_org_name","task:208983:statement:0:relation:root.(child).t.setop.b0.setop.b0.setop.b0.setop.b0.setop.b0.setop.b0.setop.b0.setop.b0.setop.b0.setop.b0.setop.b0.setop.b0.setop.b0.setop.b0.setop.b0.setop.b0.setop.b0.setop.b0.setop.b0.setop.b0.setop.b0.setop.b0.setop.b0.setop.b0.setop.b0.setop.b0.setop.b0.setop.b0.setop.b0.setop.b0.setop.b0.setop.b0.setop.b0.setop.b0.setop.b0.setop.b0.setop.b0.setop.b0.setop.b0.setop.b0.setop.b0.setop.b0.setop.b0.setop.b1.read.index_grp_oact_org_name","CONFIRMED","LITERAL","E:\02_area\股衍数据-数据cookbook\sql-static-lineage-data\task-projections\tasks\208983\versions\f24a6e147623344e79b7f6608276cc6f1728cb37f164918db8bb6ea61f4e5187.evidence-v3.json","E:\02_area\股衍数据-数据cookbook\sql-static-lineage-data\task-projections\tasks\208983\versions\f24a6e147623344e79b7f6608276cc6f1728cb37f164918db8bb6ea61f4e5187.json"
"208983","sparkIndex","dm_index_n.index_grp_cust_oact_org_prov","task:208983:statement:0:relation:root.(child).t.setop.b0.setop.b0.setop.b0.setop.b0.setop.b0.setop.b0.setop.b0.setop.b0.setop.b0.setop.b0.setop.b0.setop.b0.setop.b0.setop.b0.setop.b0.setop.b0.setop.b0.setop.b0.setop.b0.setop.b0.setop.b0.setop.b0.setop.b0.setop.b0.setop.b0.setop.b0.setop.b0.setop.b0.setop.b0.setop.b0.setop.b0.setop.b0.setop.b0.setop.b0.setop.b0.setop.b0.setop.b0.setop.b0.setop.b0.setop.b0.setop.b0.setop.b0.setop.b1.read.index_grp_cust_oact_org_prov","CONFIRMED","LITERAL","E:\02_area\股衍数据-数据cookbook\sql-static-lineage-data\task-projections\tasks\208983\versions\f24a6e147623344e79b7f6608276cc6f1728cb37f164918db8bb6ea61f4e5187.evidence-v3.json","E:\02_area\股衍数据-数据cookbook\sql-static-lineage-data\task-projections\tasks\208983\versions\f24a6e147623344e79b7f6608276cc6f1728cb37f164918db8bb6ea61f4e5187.json"
"208983","sparkIndex","dm_index_n.grp_tag_client_risk_lvl","task:208983:statement:0:relation:root.(child).t.setop.b0.setop.b0.setop.b0.setop.b0.setop.b0.setop.b0.setop.b0.setop.b0.setop.b0.setop.b0.setop.b0.setop.b0.setop.b0.setop.b0.setop.b0.setop.b0.setop.b0.setop.b0.setop.b0.setop.b0.setop.b0.setop.b0.setop.b0.setop.b0.setop.b0.setop.b0.setop.b0.setop.b0.setop.b0.setop.b0.setop.b0.setop.b0.setop.b0.setop.b0.setop.b0.setop.b0.setop.b0.setop.b0.setop.b0.setop.b0.setop.b1.a.read.grp_tag_client_risk_lvl","CONFIRMED","LITERAL","E:\02_area\股衍数据-数据cookbook\sql-static-lineage-data\task-projections\tasks\208983\versions\f24a6e147623344e79b7f6608276cc6f1728cb37f164918db8bb6ea61f4e5187.evidence-v3.json","E:\02_area\股衍数据-数据cookbook\sql-static-lineage-data\task-projections\tasks\208983\versions\f24a6e147623344e79b7f6608276cc6f1728cb37f164918db8bb6ea61f4e5187.json"
"208983","sparkIndex","dm_index_n.grp_tag_client_inve_kind","task:208983:statement:0:relation:root.(child).t.setop.b0.setop.b0.setop.b0.setop.b0.setop.b0.setop.b0.setop.b0.setop.b0.setop.b0.setop.b0.setop.b0.setop.b0.setop.b0.setop.b0.setop.b0.setop.b0.setop.b0.setop.b0.setop.b0.setop.b0.setop.b0.setop.b0.setop.b0.setop.b0.setop.b0.setop.b0.setop.b0.setop.b0.setop.b0.setop.b0.setop.b0.setop.b0.setop.b0.setop.b0.setop.b0.setop.b0.setop.b0.setop.b0.setop.b0.setop.b1.val.read.grp_tag_client_inve_kind","CONFIRMED","NON_LITERAL_PRESENT","E:\02_area\股衍数据-数据cookbook\sql-static-lineage-data\task-projections\tasks\208983\versions\f24a6e147623344e79b7f6608276cc6f1728cb37f164918db8bb6ea61f4e5187.evidence-v3.json","E:\02_area\股衍数据-数据cookbook\sql-static-lineage-data\task-projections\tasks\208983\versions\f24a6e147623344e79b7f6608276cc6f1728cb37f164918db8bb6ea61f4e5187.json"
"208983","sparkIndex","dm_index_n.grp_tag_client_briefest_ivst_term","task:208983:statement:0:relation:root.(child).t.setop.b0.setop.b0.setop.b0.setop.b0.setop.b0.setop.b0.setop.b0.setop.b0.setop.b0.setop.b0.setop.b0.setop.b0.setop.b0.setop.b0.setop.b0.setop.b0.setop.b0.setop.b0.setop.b0.setop.b0.setop.b0.setop.b0.setop.b0.setop.b0.setop.b0.setop.b0.setop.b0.setop.b0.setop.b0.setop.b0.setop.b0.setop.b0.setop.b0.setop.b0.setop.b0.setop.b0.setop.b0.setop.b0.setop.b1.val.read.grp_tag_client_briefest_ivst_term","CONFIRMED","NON_LITERAL_PRESENT","E:\02_area\股衍数据-数据cookbook\sql-static-lineage-data\task-projections\tasks\208983\versions\f24a6e147623344e79b7f6608276cc6f1728cb37f164918db8bb6ea61f4e5187.evidence-v3.json","E:\02_area\股衍数据-数据cookbook\sql-static-lineage-data\task-projections\tasks\208983\versions\f24a6e147623344e79b7f6608276cc6f1728cb37f164918db8bb6ea61f4e5187.json"
"208983","sparkIndex","dm_index_n.index_grp_ytj_app_start_days_last_15d","task:208983:statement:0:relation:root.(child).t.setop.b0.setop.b0.setop.b0.setop.b0.setop.b0.setop.b0.setop.b0.setop.b0.setop.b0.setop.b0.setop.b0.setop.b0.setop.b0.setop.b0.setop.b0.setop.b0.setop.b0.setop.b0.setop.b0.setop.b0.setop.b0.setop.b0.setop.b0.setop.b0.setop.b0.setop.b0.setop.b0.setop.b0.setop.b0.setop.b0.setop.b0.setop.b0.setop.b0.setop.b0.setop.b0.setop.b0.setop.b0.setop.b1.read.index_grp_ytj_app_start_days_last_15d","CONFIRMED","LITERAL","E:\02_area\股衍数据-数据cookbook\sql-static-lineage-data\task-projections\tasks\208983\versions\f24a6e147623344e79b7f6608276cc6f1728cb37f164918db8bb6ea61f4e5187.evidence-v3.json","E:\02_area\股衍数据-数据cookbook\sql-static-lineage-data\task-projections\tasks\208983\versions\f24a6e147623344e79b7f6608276cc6f1728cb37f164918db8bb6ea61f4e5187.json"
"208983","sparkIndex","dm_index_n.index_grp1_view_times_meg_stk_prd_top5_last_30d","task:208983:statement:0:relation:root.(child).t.setop.b0.setop.b0.setop.b0.setop.b0.setop.b0.setop.b0.setop.b0.setop.b0.setop.b0.setop.b0.setop.b0.setop.b0.setop.b0.setop.b0.setop.b0.setop.b0.setop.b0.setop.b0.setop.b0.setop.b0.setop.b0.setop.b0.setop.b0.setop.b0.setop.b0.setop.b0.setop.b0.setop.b0.setop.b0.setop.b0.setop.b0.setop.b0.setop.b0.setop.b0.setop.b0.setop.b0.setop.b1.read.index_grp1_view_times_meg_stk_prd_top5_last_30d","CONFIRMED","LITERAL","E:\02_area\股衍数据-数据cookbook\sql-static-lineage-data\task-projections\tasks\208983\versions\f24a6e147623344e79b7f6608276cc6f1728cb37f164918db8bb6ea61f4e5187.evidence-v3.json","E:\02_area\股衍数据-数据cookbook\sql-static-lineage-data\task-projections\tasks\208983\versions\f24a6e147623344e79b7f6608276cc6f1728cb37f164918db8bb6ea61f4e5187.json"
"208983","sparkIndex","dm_index_n.index_grp_view_days_prd_det_30d","task:208983:statement:0:relation:root.(child).t.setop.b0.setop.b0.setop.b0.setop.b0.setop.b0.setop.b0.setop.b0.setop.b0.setop.b0.setop.b0.setop.b0.setop.b0.setop.b0.setop.b0.setop.b0.setop.b0.setop.b0.setop.b0.setop.b0.setop.b0.setop.b0.setop.b0.setop.b0.setop.b0.setop.b0.setop.b0.setop.b0.setop.b0.setop.b0.setop.b0.setop.b0.setop.b0.setop.b0.setop.b0.setop.b0.setop.b1.read.index_grp_view_days_prd_det_30d","CONFIRMED","LITERAL","E:\02_area\股衍数据-数据cookbook\sql-static-lineage-data\task-projections\tasks\208983\versions\f24a6e147623344e79b7f6608276cc6f1728cb37f164918db8bb6ea61f4e5187.evidence-v3.json","E:\02_area\股衍数据-数据cookbook\sql-static-lineage-data\task-projections\tasks\208983\versions\f24a6e147623344e79b7f6608276cc6f1728cb37f164918db8bb6ea61f4e5187.json"
"208983","sparkIndex","dm_index_n.index_grp_cust_viewdays_nws_last30day","task:208983:statement:0:relation:root.(child).t.setop.b0.setop.b0.setop.b0.setop.b0.setop.b0.setop.b0.setop.b0.setop.b0.setop.b0.setop.b0.setop.b0.setop.b0.setop.b0.setop.b0.setop.b0.setop.b0.setop.b0.setop.b0.setop.b0.setop.b0.setop.b0.setop.b0.setop.b0.setop.b0.setop.b0.setop.b0.setop.b0.setop.b0.setop.b0.setop.b0.setop.b0.setop.b0.setop.b0.setop.b0.setop.b1.read.index_grp_cust_viewdays_nws_last30day","CONFIRMED","LITERAL","E:\02_area\股衍数据-数据cookbook\sql-static-lineage-data\task-projections\tasks\208983\versions\f24a6e147623344e79b7f6608276cc6f1728cb37f164918db8bb6ea61f4e5187.evidence-v3.json","E:\02_area\股衍数据-数据cookbook\sql-static-lineage-data\task-projections\tasks\208983\versions\f24a6e147623344e79b7f6608276cc6f1728cb37f164918db8bb6ea61f4e5187.json"
"208983","sparkIndex","dm_index_n.index_grp_newcust_page_view_times_30d","task:208983:statement:0:relation:root.(child).t.setop.b0.setop.b0.setop.b0.setop.b0.setop.b0.setop.b0.setop.b0.setop.b0.setop.b0.setop.b0.setop.b0.setop.b0.setop.b0.setop.b0.setop.b0.setop.b0.setop.b0.setop.b0.setop.b0.setop.b0.setop.b0.setop.b0.setop.b0.setop.b0.setop.b0.setop.b0.setop.b0.setop.b0.setop.b0.setop.b0.setop.b0.setop.b0.setop.b0.setop.b1.read.index_grp_newcust_page_view_times_30d","CONFIRMED","LITERAL","E:\02_area\股衍数据-数据cookbook\sql-static-lineage-data\task-projections\tasks\208983\versions\f24a6e147623344e79b7f6608276cc6f1728cb37f164918db8bb6ea61f4e5187.evidence-v3.json","E:\02_area\股衍数据-数据cookbook\sql-static-lineage-data\task-projections\tasks\208983\versions\f24a6e147623344e79b7f6608276cc6f1728cb37f164918db8bb6ea61f4e5187.json"
"208983","sparkIndex","dm_index_n.index_grp1_page_view_days_meg_app_mon","task:208983:statement:0:relation:root.(child).t.setop.b0.setop.b0.setop.b0.setop.b0.setop.b0.setop.b0.setop.b0.setop.b0.setop.b0.setop.b0.setop.b0.setop.b0.setop.b0.setop.b0.setop.b0.setop.b0.setop.b0.setop.b0.setop.b0.setop.b0.setop.b0.setop.b0.setop.b0.setop.b0.setop.b0.setop.b0.setop.b0.setop.b0.setop.b0.setop.b0.setop.b0.setop.b0.setop.b1.read.index_grp1_page_view_days_meg_app_mon","CONFIRMED","NON_LITERAL_PRESENT","E:\02_area\股衍数据-数据cookbook\sql-static-lineage-data\task-projections\tasks\208983\versions\f24a6e147623344e79b7f6608276cc6f1728cb37f164918db8bb6ea61f4e5187.evidence-v3.json","E:\02_area\股衍数据-数据cookbook\sql-static-lineage-data\task-projections\tasks\208983\versions\f24a6e147623344e79b7f6608276cc6f1728cb37f164918db8bb6ea61f4e5187.json"
"208983","sparkIndex","dm_index_n.index_grp1_mval_otsd_tdy","task:208983:statement:0:relation:root.(child).t.setop.b0.setop.b0.setop.b0.setop.b0.setop.b0.setop.b0.setop.b0.setop.b0.setop.b0.setop.b0.setop.b0.setop.b0.setop.b0.setop.b0.setop.b0.setop.b0.setop.b0.setop.b0.setop.b0.setop.b0.setop.b0.setop.b0.setop.b0.setop.b0.setop.b0.setop.b0.setop.b0.setop.b0.setop.b0.setop.b0.setop.b0.setop.b1.tags.read.index_grp1_mval_otsd_tdy","CONFIRMED","NON_LITERAL_PRESENT","E:\02_area\股衍数据-数据cookbook\sql-static-lineage-data\task-projections\tasks\208983\versions\f24a6e147623344e79b7f6608276cc6f1728cb37f164918db8bb6ea61f4e5187.evidence-v3.json","E:\02_area\股衍数据-数据cookbook\sql-static-lineage-data\task-projections\tasks\208983\versions\f24a6e147623344e79b7f6608276cc6f1728cb37f164918db8bb6ea61f4e5187.json"
"208983","sparkIndex","dm_index_n.index_grp1_net_ast","task:208983:statement:0:relation:root.(child).t.setop.b0.setop.b0.setop.b0.setop.b0.setop.b0.setop.b0.setop.b0.setop.b0.setop.b0.setop.b0.setop.b0.setop.b0.setop.b0.setop.b0.setop.b0.setop.b0.setop.b0.setop.b0.setop.b0.setop.b0.setop.b0.setop.b0.setop.b0.setop.b0.setop.b0.setop.b0.setop.b0.setop.b0.setop.b0.setop.b0.setop.b1.read.index_grp1_net_ast","CONFIRMED","NON_LITERAL_PRESENT","E:\02_area\股衍数据-数据cookbook\sql-static-lineage-data\task-projections\tasks\208983\versions\f24a6e147623344e79b7f6608276cc6f1728cb37f164918db8bb6ea61f4e5187.evidence-v3.json","E:\02_area\股衍数据-数据cookbook\sql-static-lineage-data\task-projections\tasks\208983\versions\f24a6e147623344e79b7f6608276cc6f1728cb37f164918db8bb6ea61f4e5187.json"
"208983","sparkIndex","dm_index_n.index_grp1_ast","task:208983:statement:0:relation:root.(child).t.setop.b0.setop.b0.setop.b0.setop.b0.setop.b0.setop.b0.setop.b0.setop.b0.setop.b0.setop.b0.setop.b0.setop.b0.setop.b0.setop.b0.setop.b0.setop.b0.setop.b0.setop.b0.setop.b0.setop.b0.setop.b0.setop.b0.setop.b0.setop.b0.setop.b0.setop.b0.setop.b0.setop.b0.setop.b0.setop.b1.read.index_grp1_ast","CONFIRMED","NON_LITERAL_PRESENT","E:\02_area\股衍数据-数据cookbook\sql-static-lineage-data\task-projections\tasks\208983\versions\f24a6e147623344e79b7f6608276cc6f1728cb37f164918db8bb6ea61f4e5187.evidence-v3.json","E:\02_area\股衍数据-数据cookbook\sql-static-lineage-data\task-projections\tasks\208983\versions\f24a6e147623344e79b7f6608276cc6f1728cb37f164918db8bb6ea61f4e5187.json"
"208983","sparkIndex","dm_index_n.index_grp1_apdnetast_oactdayapd_mth_retandorgcntr","task:208983:statement:0:relation:root.(child).t.setop.b0.setop.b0.setop.b0.setop.b0.setop.b0.setop.b0.setop.b0.setop.b0.setop.b0.setop.b0.setop.b0.setop.b0.setop.b0.setop.b0.setop.b0.setop.b0.setop.b0.setop.b0.setop.b0.setop.b0.setop.b0.setop.b0.setop.b0.setop.b0.setop.b0.setop.b0.setop.b0.setop.b0.setop.b1.ind.read.index_grp1_apdnetast_oactdayapd_mth_retandorgcntr","CONFIRMED","LITERAL","E:\02_area\股衍数据-数据cookbook\sql-static-lineage-data\task-projections\tasks\208983\versions\f24a6e147623344e79b7f6608276cc6f1728cb37f164918db8bb6ea61f4e5187.evidence-v3.json","E:\02_area\股衍数据-数据cookbook\sql-static-lineage-data\task-projections\tasks\208983\versions\f24a6e147623344e79b7f6608276cc6f1728cb37f164918db8bb6ea61f4e5187.json"
"208983","sparkIndex","dm_index_n.grp_tag_client_open_gem","task:208983:statement:0:relation:root.(child).t.setop.b0.setop.b0.setop.b0.setop.b0.setop.b0.setop.b0.setop.b0.setop.b0.setop.b0.setop.b0.setop.b0.setop.b0.setop.b0.setop.b0.setop.b0.setop.b0.setop.b0.setop.b0.setop.b0.setop.b0.setop.b0.setop.b0.setop.b0.setop.b0.setop.b0.setop.b0.setop.b0.setop.b1.val.read.grp_tag_client_open_gem","CONFIRMED","NON_LITERAL_PRESENT","E:\02_area\股衍数据-数据cookbook\sql-static-lineage-data\task-projections\tasks\208983\versions\f24a6e147623344e79b7f6608276cc6f1728cb37f164918db8bb6ea61f4e5187.evidence-v3.json","E:\02_area\股衍数据-数据cookbook\sql-static-lineage-data\task-projections\tasks\208983\versions\f24a6e147623344e79b7f6608276cc6f1728cb37f164918db8bb6ea61f4e5187.json"
"208983","sparkIndex","dm_index_n.grp_tag_client_open_stib","task:208983:statement:0:relation:root.(child).t.setop.b0.setop.b0.setop.b0.setop.b0.setop.b0.setop.b0.setop.b0.setop.b0.setop.b0.setop.b0.setop.b0.setop.b0.setop.b0.setop.b0.setop.b0.setop.b0.setop.b0.setop.b0.setop.b0.setop.b0.setop.b0.setop.b0.setop.b0.setop.b0.setop.b0.setop.b0.setop.b1.val.read.grp_tag_client_open_stib","CONFIRMED","NON_LITERAL_PRESENT","E:\02_area\股衍数据-数据cookbook\sql-static-lineage-data\task-projections\tasks\208983\versions\f24a6e147623344e79b7f6608276cc6f1728cb37f164918db8bb6ea61f4e5187.evidence-v3.json","E:\02_area\股衍数据-数据cookbook\sql-static-lineage-data\task-projections\tasks\208983\versions\f24a6e147623344e79b7f6608276cc6f1728cb37f164918db8bb6ea61f4e5187.json"
"208983","sparkIndex","dm_index_n.index_grp_shhk_sc_active_status","task:208983:statement:0:relation:root.(child).t.setop.b0.setop.b0.setop.b0.setop.b0.setop.b0.setop.b0.setop.b0.setop.b0.setop.b0.setop.b0.setop.b0.setop.b0.setop.b0.setop.b0.setop.b0.setop.b0.setop.b0.setop.b0.setop.b0.setop.b0.setop.b0.setop.b0.setop.b0.setop.b0.setop.b0.setop.b1.read.index_grp_shhk_sc_active_status","CONFIRMED","NON_LITERAL_PRESENT","E:\02_area\股衍数据-数据cookbook\sql-static-lineage-data\task-projections\tasks\208983\versions\f24a6e147623344e79b7f6608276cc6f1728cb37f164918db8bb6ea61f4e5187.evidence-v3.json","E:\02_area\股衍数据-数据cookbook\sql-static-lineage-data\task-projections\tasks\208983\versions\f24a6e147623344e79b7f6608276cc6f1728cb37f164918db8bb6ea61f4e5187.json"
"208983","sparkIndex","dm_index_n.grp_tag_client_is_open_btrd","task:208983:statement:0:relation:root.(child).t.setop.b0.setop.b0.setop.b0.setop.b0.setop.b0.setop.b0.setop.b0.setop.b0.setop.b0.setop.b0.setop.b0.setop.b0.setop.b0.setop.b0.setop.b0.setop.b0.setop.b0.setop.b0.setop.b0.setop.b0.setop.b0.setop.b0.setop.b0.setop.b0.setop.b1.val.read.grp_tag_client_is_open_btrd","CONFIRMED","NON_LITERAL_PRESENT","E:\02_area\股衍数据-数据cookbook\sql-static-lineage-data\task-projections\tasks\208983\versions\f24a6e147623344e79b7f6608276cc6f1728cb37f164918db8bb6ea61f4e5187.evidence-v3.json","E:\02_area\股衍数据-数据cookbook\sql-static-lineage-data\task-projections\tasks\208983\versions\f24a6e147623344e79b7f6608276cc6f1728cb37f164918db8bb6ea61f4e5187.json"
"208983","sparkIndex","dm_index_n.grp_tag_client_is_open_covt_bond_righ","task:208983:statement:0:relation:root.(child).t.setop.b0.setop.b0.setop.b0.setop.b0.setop.b0.setop.b0.setop.b0.setop.b0.setop.b0.setop.b0.setop.b0.setop.b0.setop.b0.setop.b0.setop.b0.setop.b0.setop.b0.setop.b0.setop.b0.setop.b0.setop.b0.setop.b0.setop.b0.setop.b1.val.read.grp_tag_client_is_open_covt_bond_righ","CONFIRMED","NON_LITERAL_PRESENT","E:\02_area\股衍数据-数据cookbook\sql-static-lineage-data\task-projections\tasks\208983\versions\f24a6e147623344e79b7f6608276cc6f1728cb37f164918db8bb6ea61f4e5187.evidence-v3.json","E:\02_area\股衍数据-数据cookbook\sql-static-lineage-data\task-projections\tasks\208983\versions\f24a6e147623344e79b7f6608276cc6f1728cb37f164918db8bb6ea61f4e5187.json"
"208983","sparkIndex","dm_index_n.grp_tag_client_is_hign_actv_cust","task:208983:statement:0:relation:root.(child).t.setop.b0.setop.b0.setop.b0.setop.b0.setop.b0.setop.b0.setop.b0.setop.b0.setop.b0.setop.b0.setop.b0.setop.b0.setop.b0.setop.b0.setop.b0.setop.b0.setop.b0.setop.b0.setop.b0.setop.b0.setop.b0.setop.b0.setop.b1.val.read.grp_tag_client_is_hign_actv_cust","CONFIRMED","LITERAL","E:\02_area\股衍数据-数据cookbook\sql-static-lineage-data\task-projections\tasks\208983\versions\f24a6e147623344e79b7f6608276cc6f1728cb37f164918db8bb6ea61f4e5187.evidence-v3.json","E:\02_area\股衍数据-数据cookbook\sql-static-lineage-data\task-projections\tasks\208983\versions\f24a6e147623344e79b7f6608276cc6f1728cb37f164918db8bb6ea61f4e5187.json"
"208983","sparkIndex","dm_index_n.index_grp1_prd_det_add_option_curr_hold","task:208983:statement:0:relation:root.(child).t.setop.b0.setop.b0.setop.b0.setop.b0.setop.b0.setop.b0.setop.b0.setop.b0.setop.b0.setop.b0.setop.b0.setop.b0.setop.b0.setop.b0.setop.b0.setop.b0.setop.b0.setop.b0.setop.b0.setop.b0.setop.b0.setop.b1.read.index_grp1_prd_det_add_option_curr_hold","CONFIRMED","LITERAL","E:\02_area\股衍数据-数据cookbook\sql-static-lineage-data\task-projections\tasks\208983\versions\f24a6e147623344e79b7f6608276cc6f1728cb37f164918db8bb6ea61f4e5187.evidence-v3.json","E:\02_area\股衍数据-数据cookbook\sql-static-lineage-data\task-projections\tasks\208983\versions\f24a6e147623344e79b7f6608276cc6f1728cb37f164918db8bb6ea61f4e5187.json"
"208983","sparkIndex","dm_index_n.index_grp_mobile_num_ytj_prom_last","task:208983:statement:0:relation:root.(child).t.setop.b0.setop.b0.setop.b0.setop.b0.setop.b0.setop.b0.setop.b0.setop.b0.setop.b0.setop.b0.setop.b0.setop.b0.setop.b0.setop.b0.setop.b0.setop.b0.setop.b0.setop.b0.setop.b0.setop.b0.setop.b1.read.index_grp_mobile_num_ytj_prom_last","CONFIRMED","LITERAL","E:\02_area\股衍数据-数据cookbook\sql-static-lineage-data\task-projections\tasks\208983\versions\f24a6e147623344e79b7f6608276cc6f1728cb37f164918db8bb6ea61f4e5187.evidence-v3.json","E:\02_area\股衍数据-数据cookbook\sql-static-lineage-data\task-projections\tasks\208983\versions\f24a6e147623344e79b7f6608276cc6f1728cb37f164918db8bb6ea61f4e5187.json"
"208983","sparkIndex","dm_index_n.index_grp_cust_times_chgpoint_tdy","task:208983:statement:0:relation:root.(child).t.setop.b0.setop.b0.setop.b0.setop.b0.setop.b0.setop.b0.setop.b0.setop.b0.setop.b0.setop.b0.setop.b0.setop.b0.setop.b0.setop.b0.setop.b0.setop.b0.setop.b0.setop.b0.setop.b0.setop.b1.tags.read.index_grp_cust_times_chgpoint_tdy","CONFIRMED","LITERAL","E:\02_area\股衍数据-数据cookbook\sql-static-lineage-data\task-projections\tasks\208983\versions\f24a6e147623344e79b7f6608276cc6f1728cb37f164918db8bb6ea61f4e5187.evidence-v3.json","E:\02_area\股衍数据-数据cookbook\sql-static-lineage-data\task-projections\tasks\208983\versions\f24a6e147623344e79b7f6608276cc6f1728cb37f164918db8bb6ea61f4e5187.json"
"208983","sparkIndex","dm_index_n.grp_tag_client_whth_free_oper_cust","task:208983:statement:0:relation:root.(child).t.setop.b0.setop.b0.setop.b0.setop.b0.setop.b0.setop.b0.setop.b0.setop.b0.setop.b0.setop.b0.setop.b0.setop.b0.setop.b0.setop.b0.setop.b0.setop.b0.setop.b0.setop.b0.setop.b1.val.read.grp_tag_client_whth_free_oper_cust","CONFIRMED","LITERAL","E:\02_area\股衍数据-数据cookbook\sql-static-lineage-data\task-projections\tasks\208983\versions\f24a6e147623344e79b7f6608276cc6f1728cb37f164918db8bb6ea61f4e5187.evidence-v3.json","E:\02_area\股衍数据-数据cookbook\sql-static-lineage-data\task-projections\tasks\208983\versions\f24a6e147623344e79b7f6608276cc6f1728cb37f164918db8bb6ea61f4e5187.json"
"208983","sparkIndex","dm_index_n.grp_tag_client_whth_used_rsrv_purch_ipo","task:208983:statement:0:relation:root.(child).t.setop.b0.setop.b0.setop.b0.setop.b0.setop.b0.setop.b0.setop.b0.setop.b0.setop.b0.setop.b0.setop.b0.setop.b0.setop.b0.setop.b0.setop.b0.setop.b0.setop.b0.setop.b1.val.read.grp_tag_client_whth_used_rsrv_purch_ipo","CONFIRMED","LITERAL","E:\02_area\股衍数据-数据cookbook\sql-static-lineage-data\task-projections\tasks\208983\versions\f24a6e147623344e79b7f6608276cc6f1728cb37f164918db8bb6ea61f4e5187.evidence-v3.json","E:\02_area\股衍数据-数据cookbook\sql-static-lineage-data\task-projections\tasks\208983\versions\f24a6e147623344e79b7f6608276cc6f1728cb37f164918db8bb6ea61f4e5187.json"
"208983","sparkIndex","dm_index_n.grp_tag_client_whth_only_purch_ipo","task:208983:statement:0:relation:root.(child).t.setop.b0.setop.b0.setop.b0.setop.b0.setop.b0.setop.b0.setop.b0.setop.b0.setop.b0.setop.b0.setop.b0.setop.b0.setop.b0.setop.b0.setop.b0.setop.b0.setop.b1.val.read.grp_tag_client_whth_only_purch_ipo","CONFIRMED","LITERAL","E:\02_area\股衍数据-数据cookbook\sql-static-lineage-data\task-projections\tasks\208983\versions\f24a6e147623344e79b7f6608276cc6f1728cb37f164918db8bb6ea61f4e5187.evidence-v3.json","E:\02_area\股衍数据-数据cookbook\sql-static-lineage-data\task-projections\tasks\208983\versions\f24a6e147623344e79b7f6608276cc6f1728cb37f164918db8bb6ea61f4e5187.json"
"208983","sparkIndex","dm_index_n.index_grp1_ast","task:208983:statement:0:relation:root.(child).t.setop.b0.setop.b0.setop.b0.setop.b0.setop.b0.setop.b0.setop.b0.setop.b0.setop.b0.setop.b0.setop.b0.setop.b0.setop.b0.setop.b0.setop.b0.setop.b1.read.index_grp1_ast","CONFIRMED","NON_LITERAL_PRESENT","E:\02_area\股衍数据-数据cookbook\sql-static-lineage-data\task-projections\tasks\208983\versions\f24a6e147623344e79b7f6608276cc6f1728cb37f164918db8bb6ea61f4e5187.evidence-v3.json","E:\02_area\股衍数据-数据cookbook\sql-static-lineage-data\task-projections\tasks\208983\versions\f24a6e147623344e79b7f6608276cc6f1728cb37f164918db8bb6ea61f4e5187.json"
"208983","sparkIndex","dm_index_n.grp_tag_client_con_pond_potential_cust","task:208983:statement:0:relation:root.(child).t.setop.b0.setop.b0.setop.b0.setop.b0.setop.b0.setop.b0.setop.b0.setop.b0.setop.b0.setop.b0.setop.b0.setop.b0.setop.b0.setop.b0.setop.b1.val.read.grp_tag_client_con_pond_potential_cust","CONFIRMED","NON_LITERAL_PRESENT","E:\02_area\股衍数据-数据cookbook\sql-static-lineage-data\task-projections\tasks\208983\versions\f24a6e147623344e79b7f6608276cc6f1728cb37f164918db8bb6ea61f4e5187.evidence-v3.json","E:\02_area\股衍数据-数据cookbook\sql-static-lineage-data\task-projections\tasks\208983\versions\f24a6e147623344e79b7f6608276cc6f1728cb37f164918db8bb6ea61f4e5187.json"
"208983","sparkIndex","dm_index_n.grp_tag_client_cust_exclu_lvl","task:208983:statement:0:relation:root.(child).t.setop.b0.setop.b0.setop.b0.setop.b0.setop.b0.setop.b0.setop.b0.setop.b0.setop.b0.setop.b0.setop.b0.setop.b0.setop.b1.val.read.grp_tag_client_cust_exclu_lvl","CONFIRMED","LITERAL","E:\02_area\股衍数据-数据cookbook\sql-static-lineage-data\task-projections\tasks\208983\versions\f24a6e147623344e79b7f6608276cc6f1728cb37f164918db8bb6ea61f4e5187.evidence-v3.json","E:\02_area\股衍数据-数据cookbook\sql-static-lineage-data\task-projections\tasks\208983\versions\f24a6e147623344e79b7f6608276cc6f1728cb37f164918db8bb6ea61f4e5187.json"
"208983","sparkIndex","dm_index_n.index_grp1_enddrawdate_custact","task:208983:statement:0:relation:root.(child).t.setop.b0.setop.b0.setop.b0.setop.b0.setop.b0.setop.b0.setop.b0.setop.b0.setop.b0.setop.b0.setop.b0.setop.b1.read.index_grp1_enddrawdate_custact","CONFIRMED","LITERAL","E:\02_area\股衍数据-数据cookbook\sql-static-lineage-data\task-projections\tasks\208983\versions\f24a6e147623344e79b7f6608276cc6f1728cb37f164918db8bb6ea61f4e5187.evidence-v3.json","E:\02_area\股衍数据-数据cookbook\sql-static-lineage-data\task-projections\tasks\208983\versions\f24a6e147623344e79b7f6608276cc6f1728cb37f164918db8bb6ea61f4e5187.json"
"208983","sparkIndex","dm_index_n.index_grp_client_mobile_no_last_logn_ytj_ysg","task:208983:statement:0:relation:root.(child).t.setop.b0.setop.b0.setop.b0.setop.b0.setop.b0.setop.b0.setop.b0.setop.b0.setop.b0.setop.b0.setop.b1.read.index_grp_client_mobile_no_last_logn_ytj_ysg","CONFIRMED","LITERAL","E:\02_area\股衍数据-数据cookbook\sql-static-lineage-data\task-projections\tasks\208983\versions\f24a6e147623344e79b7f6608276cc6f1728cb37f164918db8bb6ea61f4e5187.evidence-v3.json","E:\02_area\股衍数据-数据cookbook\sql-static-lineage-data\task-projections\tasks\208983\versions\f24a6e147623344e79b7f6608276cc6f1728cb37f164918db8bb6ea61f4e5187.json"
"208983","sparkIndex","dm_index_n.index_grp1_mval_otsd_tdy","task:208983:statement:0:relation:root.(child).t.setop.b0.setop.b0.setop.b0.setop.b0.setop.b0.setop.b0.setop.b0.setop.b0.setop.b1.tags.read.index_grp1_mval_otsd_tdy","CONFIRMED","NON_LITERAL_PRESENT","E:\02_area\股衍数据-数据cookbook\sql-static-lineage-data\task-projections\tasks\208983\versions\f24a6e147623344e79b7f6608276cc6f1728cb37f164918db8bb6ea61f4e5187.evidence-v3.json","E:\02_area\股衍数据-数据cookbook\sql-static-lineage-data\task-projections\tasks\208983\versions\f24a6e147623344e79b7f6608276cc6f1728cb37f164918db8bb6ea61f4e5187.json"
"208983","sparkIndex","dm_index_n.index_grp_total_asset_max","task:208983:statement:0:relation:root.(child).t.setop.b0.setop.b0.setop.b0.setop.b0.setop.b0.setop.b0.setop.b0.setop.b1.read.index_grp_total_asset_max","CONFIRMED","NON_LITERAL_PRESENT","E:\02_area\股衍数据-数据cookbook\sql-static-lineage-data\task-projections\tasks\208983\versions\f24a6e147623344e79b7f6608276cc6f1728cb37f164918db8bb6ea61f4e5187.evidence-v3.json","E:\02_area\股衍数据-数据cookbook\sql-static-lineage-data\task-projections\tasks\208983\versions\f24a6e147623344e79b7f6608276cc6f1728cb37f164918db8bb6ea61f4e5187.json"
"208983","sparkIndex","dm_index_n.grp_tag_client_is_elig_std_covt_bond","task:208983:statement:0:relation:root.(child).t.setop.b0.setop.b0.setop.b0.setop.b0.setop.b0.setop.b0.setop.b1.val.read.grp_tag_client_is_elig_std_covt_bond","CONFIRMED","NON_LITERAL_PRESENT","E:\02_area\股衍数据-数据cookbook\sql-static-lineage-data\task-projections\tasks\208983\versions\f24a6e147623344e79b7f6608276cc6f1728cb37f164918db8bb6ea61f4e5187.evidence-v3.json","E:\02_area\股衍数据-数据cookbook\sql-static-lineage-data\task-projections\tasks\208983\versions\f24a6e147623344e79b7f6608276cc6f1728cb37f164918db8bb6ea61f4e5187.json"
"208983","sparkIndex","dm_index_n.index_grp_cust_hld_posstkcd_name_mkt_mval_a_scr_tdy_nothremark","task:208983:statement:0:relation:root.(child).t.setop.b0.setop.b0.setop.b0.setop.b0.setop.b0.setop.b1.read.index_grp_cust_hld_posstkcd_name_mkt_mval_a_scr_tdy_nothremark","CONFIRMED","NON_LITERAL_PRESENT","E:\02_area\股衍数据-数据cookbook\sql-static-lineage-data\task-projections\tasks\208983\versions\f24a6e147623344e79b7f6608276cc6f1728cb37f164918db8bb6ea61f4e5187.evidence-v3.json","E:\02_area\股衍数据-数据cookbook\sql-static-lineage-data\task-projections\tasks\208983\versions\f24a6e147623344e79b7f6608276cc6f1728cb37f164918db8bb6ea61f4e5187.json"
"208983","sparkIndex","dm_index_n.index_grp_cust_prdcd_prdname_mval_ostfnd_last3d","task:208983:statement:0:relation:root.(child).t.setop.b0.setop.b0.setop.b0.setop.b0.setop.b1.read.index_grp_cust_prdcd_prdname_mval_ostfnd_last3d","CONFIRMED","NON_LITERAL_PRESENT","E:\02_area\股衍数据-数据cookbook\sql-static-lineage-data\task-projections\tasks\208983\versions\f24a6e147623344e79b7f6608276cc6f1728cb37f164918db8bb6ea61f4e5187.evidence-v3.json","E:\02_area\股衍数据-数据cookbook\sql-static-lineage-data\task-projections\tasks\208983\versions\f24a6e147623344e79b7f6608276cc6f1728cb37f164918db8bb6ea61f4e5187.json"
"208983","sparkIndex","dm_index_n.index_grp_hld_pub_det_last_3trd","task:208983:statement:0:relation:root.(child).t.setop.b0.setop.b0.setop.b0.setop.b1.read.index_grp_hld_pub_det_last_3trd","CONFIRMED","NON_LITERAL_PRESENT","E:\02_area\股衍数据-数据cookbook\sql-static-lineage-data\task-projections\tasks\208983\versions\f24a6e147623344e79b7f6608276cc6f1728cb37f164918db8bb6ea61f4e5187.evidence-v3.json","E:\02_area\股衍数据-数据cookbook\sql-static-lineage-data\task-projections\tasks\208983\versions\f24a6e147623344e79b7f6608276cc6f1728cb37f164918db8bb6ea61f4e5187.json"
"208983","sparkIndex","dm_index_n.grp_tag_client_is_all_user_wecon_auth","task:208983:statement:0:relation:root.(child).t.setop.b0.setop.b0.setop.b1.val.read.grp_tag_client_is_all_user_wecon_auth","CONFIRMED","NON_LITERAL_PRESENT","E:\02_area\股衍数据-数据cookbook\sql-static-lineage-data\task-projections\tasks\208983\versions\f24a6e147623344e79b7f6608276cc6f1728cb37f164918db8bb6ea61f4e5187.evidence-v3.json","E:\02_area\股衍数据-数据cookbook\sql-static-lineage-data\task-projections\tasks\208983\versions\f24a6e147623344e79b7f6608276cc6f1728cb37f164918db8bb6ea61f4e5187.json"
"208983","sparkIndex","dm_index_n.index_grp_cust_last_auth_date_ew","task:208983:statement:0:relation:root.(child).t.setop.b0.setop.b1.read.index_grp_cust_last_auth_date_ew","CONFIRMED","LITERAL","E:\02_area\股衍数据-数据cookbook\sql-static-lineage-data\task-projections\tasks\208983\versions\f24a6e147623344e79b7f6608276cc6f1728cb37f164918db8bb6ea61f4e5187.evidence-v3.json","E:\02_area\股衍数据-数据cookbook\sql-static-lineage-data\task-projections\tasks\208983\versions\f24a6e147623344e79b7f6608276cc6f1728cb37f164918db8bb6ea61f4e5187.json"
"208983","sparkIndex","dm_index_n.grp_tag_client_is_open_wecom_kyc","task:208983:statement:0:relation:root.(child).t.setop.b1.val.read.grp_tag_client_is_open_wecom_kyc","CONFIRMED","LITERAL","E:\02_area\股衍数据-数据cookbook\sql-static-lineage-data\task-projections\tasks\208983\versions\f24a6e147623344e79b7f6608276cc6f1728cb37f164918db8bb6ea61f4e5187.evidence-v3.json","E:\02_area\股衍数据-数据cookbook\sql-static-lineage-data\task-projections\tasks\208983\versions\f24a6e147623344e79b7f6608276cc6f1728cb37f164918db8bb6ea61f4e5187.json"
"209813","sparkIndex","dm_index_n.index_grp1_cust_docbkamt_covtrmb_tdy_all","task:209813:statement:0:relation:root.casttable.covt.a.setop.b0.read.index_grp1_cust_docbkamt_covtrmb_tdy_all","CONFIRMED","NON_LITERAL_PRESENT","E:\02_area\股衍数据-数据cookbook\sql-static-lineage-data\task-projections\tasks\209813\versions\97102f4ab4a56a4843cb93c7a0f3cd03bd5b3ff072c57da1c9c8d381683bd0cb.evidence-v3.json","E:\02_area\股衍数据-数据cookbook\sql-static-lineage-data\task-projections\tasks\209813\versions\97102f4ab4a56a4843cb93c7a0f3cd03bd5b3ff072c57da1c9c8d381683bd0cb.json"
"209813","sparkIndex","dm_index_n.index_grp1_cust_doctranoamt_covtrmb_tdy_all","task:209813:statement:0:relation:root.casttable.covt.a.setop.b1.read.index_grp1_cust_doctranoamt_covtrmb_tdy_all","CONFIRMED","NON_LITERAL_PRESENT","E:\02_area\股衍数据-数据cookbook\sql-static-lineage-data\task-projections\tasks\209813\versions\97102f4ab4a56a4843cb93c7a0f3cd03bd5b3ff072c57da1c9c8d381683bd0cb.evidence-v3.json","E:\02_area\股衍数据-数据cookbook\sql-static-lineage-data\task-projections\tasks\209813\versions\97102f4ab4a56a4843cb93c7a0f3cd03bd5b3ff072c57da1c9c8d381683bd0cb.json"
"209813","sparkIndex","dm_index_n.index_grp1_cust_incm_allcali_tdy_all","task:209813:statement:0:relation:root.casttable.incm.a.read.index_grp1_cust_incm_allcali_tdy_all","CONFIRMED","NON_LITERAL_PRESENT","E:\02_area\股衍数据-数据cookbook\sql-static-lineage-data\task-projections\tasks\209813\versions\97102f4ab4a56a4843cb93c7a0f3cd03bd5b3ff072c57da1c9c8d381683bd0cb.evidence-v3.json","E:\02_area\股衍数据-数据cookbook\sql-static-lineage-data\task-projections\tasks\209813\versions\97102f4ab4a56a4843cb93c7a0f3cd03bd5b3ff072c57da1c9c8d381683bd0cb.json"
"209813","sparkIndex","dm_index_n.index_grp_total_asset_avg_mon","task:209813:statement:0:relation:root.casttable.total.a.read.index_grp_total_asset_avg_mon","CONFIRMED","NON_LITERAL_PRESENT","E:\02_area\股衍数据-数据cookbook\sql-static-lineage-data\task-projections\tasks\209813\versions\97102f4ab4a56a4843cb93c7a0f3cd03bd5b3ff072c57da1c9c8d381683bd0cb.evidence-v3.json","E:\02_area\股衍数据-数据cookbook\sql-static-lineage-data\task-projections\tasks\209813\versions\97102f4ab4a56a4843cb93c7a0f3cd03bd5b3ff072c57da1c9c8d381683bd0cb.json"
"209813","sparkIndex","dm_index_n.index_grp_trade_amt_exch","task:209813:statement:0:relation:root.casttable.trade.a.read.index_grp_trade_amt_exch","CONFIRMED","NON_LITERAL_PRESENT","E:\02_area\股衍数据-数据cookbook\sql-static-lineage-data\task-projections\tasks\209813\versions\97102f4ab4a56a4843cb93c7a0f3cd03bd5b3ff072c57da1c9c8d381683bd0cb.evidence-v3.json","E:\02_area\股衍数据-数据cookbook\sql-static-lineage-data\task-projections\tasks\209813\versions\97102f4ab4a56a4843cb93c7a0f3cd03bd5b3ff072c57da1c9c8d381683bd0cb.json"
"209817","sparkIndex","dm_index_n.index_grp1_cust_docbkamt_covtrmb_tdy_all","task:209817:statement:0:relation:root.casttable.covt.a.setop.b0.read.index_grp1_cust_docbkamt_covtrmb_tdy_all","CONFIRMED","NON_LITERAL_PRESENT","E:\02_area\股衍数据-数据cookbook\sql-static-lineage-data\task-projections\tasks\209817\versions\977edbf13ba56aa332f858739490eeb3d60d612c81c28d91e54baa8bb199669e.evidence-v3.json","E:\02_area\股衍数据-数据cookbook\sql-static-lineage-data\task-projections\tasks\209817\versions\977edbf13ba56aa332f858739490eeb3d60d612c81c28d91e54baa8bb199669e.json"
"209817","sparkIndex","dm_index_n.index_grp1_cust_doctranoamt_covtrmb_tdy_all","task:209817:statement:0:relation:root.casttable.covt.a.setop.b1.read.index_grp1_cust_doctranoamt_covtrmb_tdy_all","CONFIRMED","NON_LITERAL_PRESENT","E:\02_area\股衍数据-数据cookbook\sql-static-lineage-data\task-projections\tasks\209817\versions\977edbf13ba56aa332f858739490eeb3d60d612c81c28d91e54baa8bb199669e.evidence-v3.json","E:\02_area\股衍数据-数据cookbook\sql-static-lineage-data\task-projections\tasks\209817\versions\977edbf13ba56aa332f858739490eeb3d60d612c81c28d91e54baa8bb199669e.json"
"209817","sparkIndex","dm_index_n.index_grp1_cust_incm_allcali_tdy_all","task:209817:statement:0:relation:root.casttable.incm.a.read.index_grp1_cust_incm_allcali_tdy_all","CONFIRMED","NON_LITERAL_PRESENT","E:\02_area\股衍数据-数据cookbook\sql-static-lineage-data\task-projections\tasks\209817\versions\977edbf13ba56aa332f858739490eeb3d60d612c81c28d91e54baa8bb199669e.evidence-v3.json","E:\02_area\股衍数据-数据cookbook\sql-static-lineage-data\task-projections\tasks\209817\versions\977edbf13ba56aa332f858739490eeb3d60d612c81c28d91e54baa8bb199669e.json"
"209817","sparkIndex","dm_index_n.index_grp_total_asset_avg_mon","task:209817:statement:0:relation:root.casttable.total.a.read.index_grp_total_asset_avg_mon","CONFIRMED","NON_LITERAL_PRESENT","E:\02_area\股衍数据-数据cookbook\sql-static-lineage-data\task-projections\tasks\209817\versions\977edbf13ba56aa332f858739490eeb3d60d612c81c28d91e54baa8bb199669e.evidence-v3.json","E:\02_area\股衍数据-数据cookbook\sql-static-lineage-data\task-projections\tasks\209817\versions\977edbf13ba56aa332f858739490eeb3d60d612c81c28d91e54baa8bb199669e.json"
"209817","sparkIndex","dm_index_n.index_grp_trade_amt_exch","task:209817:statement:0:relation:root.casttable.trade.a.read.index_grp_trade_amt_exch","CONFIRMED","NON_LITERAL_PRESENT","E:\02_area\股衍数据-数据cookbook\sql-static-lineage-data\task-projections\tasks\209817\versions\977edbf13ba56aa332f858739490eeb3d60d612c81c28d91e54baa8bb199669e.evidence-v3.json","E:\02_area\股衍数据-数据cookbook\sql-static-lineage-data\task-projections\tasks\209817\versions\977edbf13ba56aa332f858739490eeb3d60d612c81c28d91e54baa8bb199669e.json"
"210140","sparkIndex","pdata_nds.aum_org_base_info","task:210140:statement:0:relation:root.(child-2).k.setop.b0.setop.b0.read.aum_org_base_info","CONFIRMED","NON_LITERAL_PRESENT","E:\02_area\股衍数据-数据cookbook\sql-static-lineage-data\task-projections\tasks\210140\versions\e0b3855b660dcfbd332d1837416135eda019b1edb26b33c26f79d3abb24a595c.evidence-v3.json","E:\02_area\股衍数据-数据cookbook\sql-static-lineage-data\task-projections\tasks\210140\versions\e0b3855b660dcfbd332d1837416135eda019b1edb26b33c26f79d3abb24a595c.json"
"210140","sparkIndex","pdata_nds.aum_org_base_info","task:210140:statement:0:relation:root.(child-2).k.setop.b0.setop.b1.a.read.aum_org_base_info","CONFIRMED","NON_LITERAL_PRESENT","E:\02_area\股衍数据-数据cookbook\sql-static-lineage-data\task-projections\tasks\210140\versions\e0b3855b660dcfbd332d1837416135eda019b1edb26b33c26f79d3abb24a595c.evidence-v3.json","E:\02_area\股衍数据-数据cookbook\sql-static-lineage-data\task-projections\tasks\210140\versions\e0b3855b660dcfbd332d1837416135eda019b1edb26b33c26f79d3abb24a595c.json"
"210140","sparkIndex","pdata_nds.aum_org_base_info","task:210140:statement:0:relation:root.(child-2).k.setop.b0.setop.b1.b.read.aum_org_base_info","CONFIRMED","NON_LITERAL_PRESENT","E:\02_area\股衍数据-数据cookbook\sql-static-lineage-data\task-projections\tasks\210140\versions\e0b3855b660dcfbd332d1837416135eda019b1edb26b33c26f79d3abb24a595c.evidence-v3.json","E:\02_area\股衍数据-数据cookbook\sql-static-lineage-data\task-projections\tasks\210140\versions\e0b3855b660dcfbd332d1837416135eda019b1edb26b33c26f79d3abb24a595c.json"
"210140","sparkIndex","pdata_nds.aum_org_base_info","task:210140:statement:0:relation:root.(child-2).k.setop.b1.a.read.aum_org_base_info","CONFIRMED","NON_LITERAL_PRESENT","E:\02_area\股衍数据-数据cookbook\sql-static-lineage-data\task-projections\tasks\210140\versions\e0b3855b660dcfbd332d1837416135eda019b1edb26b33c26f79d3abb24a595c.evidence-v3.json","E:\02_area\股衍数据-数据cookbook\sql-static-lineage-data\task-projections\tasks\210140\versions\e0b3855b660dcfbd332d1837416135eda019b1edb26b33c26f79d3abb24a595c.json"
"210140","sparkIndex","pdata_nds.aum_org_base_info","task:210140:statement:0:relation:root.(child-2).k.setop.b1.b.read.aum_org_base_info","CONFIRMED","NON_LITERAL_PRESENT","E:\02_area\股衍数据-数据cookbook\sql-static-lineage-data\task-projections\tasks\210140\versions\e0b3855b660dcfbd332d1837416135eda019b1edb26b33c26f79d3abb24a595c.evidence-v3.json","E:\02_area\股衍数据-数据cookbook\sql-static-lineage-data\task-projections\tasks\210140\versions\e0b3855b660dcfbd332d1837416135eda019b1edb26b33c26f79d3abb24a595c.json"
"210140","sparkIndex","dm_index_n.grp_tag_client_is_icc","task:210140:statement:0:relation:root.(child-3).n.k.setop.b0.setop.b0.rcc.read.grp_tag_client_is_icc","CONFIRMED","LITERAL","E:\02_area\股衍数据-数据cookbook\sql-static-lineage-data\task-projections\tasks\210140\versions\e0b3855b660dcfbd332d1837416135eda019b1edb26b33c26f79d3abb24a595c.evidence-v3.json","E:\02_area\股衍数据-数据cookbook\sql-static-lineage-data\task-projections\tasks\210140\versions\e0b3855b660dcfbd332d1837416135eda019b1edb26b33c26f79d3abb24a595c.json"
"210140","sparkIndex","dm_index_n.index_grp1_ast","task:210140:statement:0:relation:root.(child-3).n.k.setop.b0.setop.b0.t1.r.setop.b0.setop.b0.setop.b0.setop.b1.read.index_grp1_ast","CONFIRMED","LITERAL","E:\02_area\股衍数据-数据cookbook\sql-static-lineage-data\task-projections\tasks\210140\versions\e0b3855b660dcfbd332d1837416135eda019b1edb26b33c26f79d3abb24a595c.evidence-v3.json","E:\02_area\股衍数据-数据cookbook\sql-static-lineage-data\task-projections\tasks\210140\versions\e0b3855b660dcfbd332d1837416135eda019b1edb26b33c26f79d3abb24a595c.json"
"210140","sparkIndex","dm_index_n.index_grp1_net_ast","task:210140:statement:0:relation:root.(child-3).n.k.setop.b0.setop.b0.t1.r.setop.b0.setop.b0.setop.b1.read.index_grp1_net_ast","CONFIRMED","LITERAL","E:\02_area\股衍数据-数据cookbook\sql-static-lineage-data\task-projections\tasks\210140\versions\e0b3855b660dcfbd332d1837416135eda019b1edb26b33c26f79d3abb24a595c.evidence-v3.json","E:\02_area\股衍数据-数据cookbook\sql-static-lineage-data\task-projections\tasks\210140\versions\e0b3855b660dcfbd332d1837416135eda019b1edb26b33c26f79d3abb24a595c.json"
"210140","sparkIndex","dm_index_n.index_grp1_ast","task:210140:statement:0:relation:root.(child-3).n.k.setop.b0.setop.b0.t1.r.setop.b1.read.index_grp1_ast","CONFIRMED","LITERAL","E:\02_area\股衍数据-数据cookbook\sql-static-lineage-data\task-projections\tasks\210140\versions\e0b3855b660dcfbd332d1837416135eda019b1edb26b33c26f79d3abb24a595c.evidence-v3.json","E:\02_area\股衍数据-数据cookbook\sql-static-lineage-data\task-projections\tasks\210140\versions\e0b3855b660dcfbd332d1837416135eda019b1edb26b33c26f79d3abb24a595c.json"
"210140","sparkIndex","dm_index_n.index_grp_trade_amt_exch_rcc","task:210140:statement:0:relation:root.(child-3).n.k.setop.b0.setop.b1.a.setop.b0.read.index_grp_trade_amt_exch_rcc","CONFIRMED","NON_LITERAL_PRESENT","E:\02_area\股衍数据-数据cookbook\sql-static-lineage-data\task-projections\tasks\210140\versions\e0b3855b660dcfbd332d1837416135eda019b1edb26b33c26f79d3abb24a595c.evidence-v3.json","E:\02_area\股衍数据-数据cookbook\sql-static-lineage-data\task-projections\tasks\210140\versions\e0b3855b660dcfbd332d1837416135eda019b1edb26b33c26f79d3abb24a595c.json"
"210140","sparkIndex","dm_index_n.index_grp1_ast_p1","task:210140:statement:0:relation:root.(child-3).n.k.setop.b1.read.index_grp1_ast_p1","CONFIRMED","LITERAL","E:\02_area\股衍数据-数据cookbook\sql-static-lineage-data\task-projections\tasks\210140\versions\e0b3855b660dcfbd332d1837416135eda019b1edb26b33c26f79d3abb24a595c.evidence-v3.json","E:\02_area\股衍数据-数据cookbook\sql-static-lineage-data\task-projections\tasks\210140\versions\e0b3855b660dcfbd332d1837416135eda019b1edb26b33c26f79d3abb24a595c.json"
"210140","sparkIndex","dm_index_n.grp_tag_client_is_icc","task:210140:statement:0:relation:root.(child-4).a.rcc.read.grp_tag_client_is_icc","CONFIRMED","NON_LITERAL_PRESENT","E:\02_area\股衍数据-数据cookbook\sql-static-lineage-data\task-projections\tasks\210140\versions\e0b3855b660dcfbd332d1837416135eda019b1edb26b33c26f79d3abb24a595c.evidence-v3.json","E:\02_area\股衍数据-数据cookbook\sql-static-lineage-data\task-projections\tasks\210140\versions\e0b3855b660dcfbd332d1837416135eda019b1edb26b33c26f79d3abb24a595c.json"
"210140","sparkIndex","dm_index_n.index_grp1_ast","task:210140:statement:0:relation:root.(child-4).a.t2.read.index_grp1_ast","CONFIRMED","NON_LITERAL_PRESENT","E:\02_area\股衍数据-数据cookbook\sql-static-lineage-data\task-projections\tasks\210140\versions\e0b3855b660dcfbd332d1837416135eda019b1edb26b33c26f79d3abb24a595c.evidence-v3.json","E:\02_area\股衍数据-数据cookbook\sql-static-lineage-data\task-projections\tasks\210140\versions\e0b3855b660dcfbd332d1837416135eda019b1edb26b33c26f79d3abb24a595c.json"
"212630","sparkIndex","pdata_n.t04_inr_org_exam_schm_use_scop","task:212630:statement:0:relation:root.(child).t2.a.read.t04_inr_org_exam_schm_use_scop","CONFIRMED","LITERAL","E:\02_area\股衍数据-数据cookbook\sql-static-lineage-data\task-projections\tasks\212630\versions\28ece09372fb175d8562c0a5817f772ec13697b62bc4c18f6d4772880c398e22.evidence-v3.json","E:\02_area\股衍数据-数据cookbook\sql-static-lineage-data\task-projections\tasks\212630\versions\28ece09372fb175d8562c0a5817f772ec13697b62bc4c18f6d4772880c398e22.json"
"212630","sparkIndex","pdata_nds.aum_org_base_info","task:212630:statement:0:relation:root.(child).t7.read.aum_org_base_info","CONFIRMED","NON_LITERAL_PRESENT","E:\02_area\股衍数据-数据cookbook\sql-static-lineage-data\task-projections\tasks\212630\versions\28ece09372fb175d8562c0a5817f772ec13697b62bc4c18f6d4772880c398e22.evidence-v3.json","E:\02_area\股衍数据-数据cookbook\sql-static-lineage-data\task-projections\tasks\212630\versions\28ece09372fb175d8562c0a5817f772ec13697b62bc4c18f6d4772880c398e22.json"
"212630","sparkIndex","dm_co_n.co_whl_csincome_mth","task:212630:statement:0:relation:root.(child-1).read.co_whl_csincome_mth","CONFIRMED","LITERAL","E:\02_area\股衍数据-数据cookbook\sql-static-lineage-data\task-projections\tasks\212630\versions\28ece09372fb175d8562c0a5817f772ec13697b62bc4c18f6d4772880c398e22.evidence-v3.json","E:\02_area\股衍数据-数据cookbook\sql-static-lineage-data\task-projections\tasks\212630\versions\28ece09372fb175d8562c0a5817f772ec13697b62bc4c18f6d4772880c398e22.json"
"212945","sparkIndex","dm_co_n.co_whl_csincome_mth","task:212945:statement:0:relation:root.casttable.setop.b0.e.setop.b0.setop.b0.setop.b0.setop.b0.setop.b0.setop.b0.setop.b0.setop.b0.read.co_whl_csincome_mth","CONFIRMED","LITERAL","E:\02_area\股衍数据-数据cookbook\sql-static-lineage-data\task-projections\tasks\212945\versions\b6a969fa71239d71a455b8d54c9f84100787e1d152d6bcfbba4de2d35cb76893.evidence-v3.json","E:\02_area\股衍数据-数据cookbook\sql-static-lineage-data\task-projections\tasks\212945\versions\b6a969fa71239d71a455b8d54c9f84100787e1d152d6bcfbba4de2d35cb76893.json"
"212945","sparkIndex","dm_co_n.co_whl_csincome_mth","task:212945:statement:0:relation:root.casttable.setop.b0.e.setop.b0.setop.b0.setop.b0.setop.b0.setop.b0.setop.b0.setop.b0.setop.b1.read.co_whl_csincome_mth","CONFIRMED","LITERAL","E:\02_area\股衍数据-数据cookbook\sql-static-lineage-data\task-projections\tasks\212945\versions\b6a969fa71239d71a455b8d54c9f84100787e1d152d6bcfbba4de2d35cb76893.evidence-v3.json","E:\02_area\股衍数据-数据cookbook\sql-static-lineage-data\task-projections\tasks\212945\versions\b6a969fa71239d71a455b8d54c9f84100787e1d152d6bcfbba4de2d35cb76893.json"
"212945","sparkIndex","dm_co_n.co_whl_csincome_mth","task:212945:statement:0:relation:root.casttable.setop.b0.e.setop.b0.setop.b0.setop.b0.setop.b0.setop.b0.setop.b0.setop.b1.read.co_whl_csincome_mth","CONFIRMED","LITERAL","E:\02_area\股衍数据-数据cookbook\sql-static-lineage-data\task-projections\tasks\212945\versions\b6a969fa71239d71a455b8d54c9f84100787e1d152d6bcfbba4de2d35cb76893.evidence-v3.json","E:\02_area\股衍数据-数据cookbook\sql-static-lineage-data\task-projections\tasks\212945\versions\b6a969fa71239d71a455b8d54c9f84100787e1d152d6bcfbba4de2d35cb76893.json"
"212945","sparkIndex","dm_co_n.co_cust_addamtindx_brchexam","task:212945:statement:0:relation:root.casttable.setop.b0.e.setop.b0.setop.b0.setop.b0.setop.b0.setop.b0.setop.b1.read.co_cust_addamtindx_brchexam","CONFIRMED","LITERAL","E:\02_area\股衍数据-数据cookbook\sql-static-lineage-data\task-projections\tasks\212945\versions\b6a969fa71239d71a455b8d54c9f84100787e1d152d6bcfbba4de2d35cb76893.evidence-v3.json","E:\02_area\股衍数据-数据cookbook\sql-static-lineage-data\task-projections\tasks\212945\versions\b6a969fa71239d71a455b8d54c9f84100787e1d152d6bcfbba4de2d35cb76893.json"
"212945","sparkIndex","dm_co_n.co_listcorp_eff_empvstevt_brchexam","task:212945:statement:0:relation:root.casttable.setop.b0.e.setop.b0.setop.b0.setop.b0.setop.b0.setop.b1.read.co_listcorp_eff_empvstevt_brchexam","CONFIRMED","LITERAL","E:\02_area\股衍数据-数据cookbook\sql-static-lineage-data\task-projections\tasks\212945\versions\b6a969fa71239d71a455b8d54c9f84100787e1d152d6bcfbba4de2d35cb76893.evidence-v3.json","E:\02_area\股衍数据-数据cookbook\sql-static-lineage-data\task-projections\tasks\212945\versions\b6a969fa71239d71a455b8d54c9f84100787e1d152d6bcfbba4de2d35cb76893.json"
"212945","sparkIndex","dm_co_n.co_seqan_exam_busiprojcnt","task:212945:statement:0:relation:root.casttable.setop.b0.e.setop.b0.setop.b0.setop.b0.setop.b1.read.co_seqan_exam_busiprojcnt","CONFIRMED","NON_LITERAL_PRESENT","E:\02_area\股衍数据-数据cookbook\sql-static-lineage-data\task-projections\tasks\212945\versions\b6a969fa71239d71a455b8d54c9f84100787e1d152d6bcfbba4de2d35cb76893.evidence-v3.json","E:\02_area\股衍数据-数据cookbook\sql-static-lineage-data\task-projections\tasks\212945\versions\b6a969fa71239d71a455b8d54c9f84100787e1d152d6bcfbba4de2d35cb76893.json"
"212945","sparkIndex","dm_co_n.co_seqb2_exam_csincome","task:212945:statement:0:relation:root.casttable.setop.b0.e.setop.b0.setop.b0.setop.b1.read.co_seqb2_exam_csincome","CONFIRMED","NON_LITERAL_PRESENT","E:\02_area\股衍数据-数据cookbook\sql-static-lineage-data\task-projections\tasks\212945\versions\b6a969fa71239d71a455b8d54c9f84100787e1d152d6bcfbba4de2d35cb76893.evidence-v3.json","E:\02_area\股衍数据-数据cookbook\sql-static-lineage-data\task-projections\tasks\212945\versions\b6a969fa71239d71a455b8d54c9f84100787e1d152d6bcfbba4de2d35cb76893.json"
"212945","sparkIndex","dm_co_n.recmd_dir_ivst_emp_brchexam","task:212945:statement:0:relation:root.casttable.setop.b0.e.setop.b0.setop.b1.read.recmd_dir_ivst_emp_brchexam","CONFIRMED","NON_LITERAL_PRESENT","E:\02_area\股衍数据-数据cookbook\sql-static-lineage-data\task-projections\tasks\212945\versions\b6a969fa71239d71a455b8d54c9f84100787e1d152d6bcfbba4de2d35cb76893.evidence-v3.json","E:\02_area\股衍数据-数据cookbook\sql-static-lineage-data\task-projections\tasks\212945\versions\b6a969fa71239d71a455b8d54c9f84100787e1d152d6bcfbba4de2d35cb76893.json"
"212945","sparkIndex","dm_co_n.co_cust_futrib_brchexam","task:212945:statement:0:relation:root.casttable.setop.b0.e.setop.b1.read.co_cust_futrib_brchexam","CONFIRMED","NON_LITERAL_PRESENT","E:\02_area\股衍数据-数据cookbook\sql-static-lineage-data\task-projections\tasks\212945\versions\b6a969fa71239d71a455b8d54c9f84100787e1d152d6bcfbba4de2d35cb76893.evidence-v3.json","E:\02_area\股衍数据-数据cookbook\sql-static-lineage-data\task-projections\tasks\212945\versions\b6a969fa71239d71a455b8d54c9f84100787e1d152d6bcfbba4de2d35cb76893.json"
"212945","sparkIndex","dm_index_n.index_grp_divd_avg_lend_scal","task:212945:statement:0:relation:root.casttable.setop.b1.g.setop.b0.setop.b0.setop.b0.setop.b0.setop.b0.setop.b0.setop.b0.setop.b0.setop.b0.setop.b0.read.index_grp_divd_avg_lend_scal","CONFIRMED","LITERAL","E:\02_area\股衍数据-数据cookbook\sql-static-lineage-data\task-projections\tasks\212945\versions\b6a969fa71239d71a455b8d54c9f84100787e1d152d6bcfbba4de2d35cb76893.evidence-v3.json","E:\02_area\股衍数据-数据cookbook\sql-static-lineage-data\task-projections\tasks\212945\versions\b6a969fa71239d71a455b8d54c9f84100787e1d152d6bcfbba4de2d35cb76893.json"
"212945","sparkIndex","dm_index_n.index_grp1_staff_apd_net_asset_adj","task:212945:statement:0:relation:root.casttable.setop.b1.g.setop.b0.setop.b0.setop.b0.setop.b0.setop.b0.setop.b0.setop.b0.setop.b0.setop.b0.setop.b1.read.index_grp1_staff_apd_net_asset_adj","CONFIRMED","NON_LITERAL_PRESENT","E:\02_area\股衍数据-数据cookbook\sql-static-lineage-data\task-projections\tasks\212945\versions\b6a969fa71239d71a455b8d54c9f84100787e1d152d6bcfbba4de2d35cb76893.evidence-v3.json","E:\02_area\股衍数据-数据cookbook\sql-static-lineage-data\task-projections\tasks\212945\versions\b6a969fa71239d71a455b8d54c9f84100787e1d152d6bcfbba4de2d35cb76893.json"
"212945","sparkIndex","dm_index_n.index_grp1_newintroprdqty_astcstdprd_mon","task:212945:statement:0:relation:root.casttable.setop.b1.g.setop.b0.setop.b0.setop.b0.setop.b0.setop.b0.setop.b0.setop.b0.setop.b0.setop.b1.read.index_grp1_newintroprdqty_astcstdprd_mon","CONFIRMED","LITERAL","E:\02_area\股衍数据-数据cookbook\sql-static-lineage-data\task-projections\tasks\212945\versions\b6a969fa71239d71a455b8d54c9f84100787e1d152d6bcfbba4de2d35cb76893.evidence-v3.json","E:\02_area\股衍数据-数据cookbook\sql-static-lineage-data\task-projections\tasks\212945\versions\b6a969fa71239d71a455b8d54c9f84100787e1d152d6bcfbba4de2d35cb76893.json"
"212945","sparkIndex","dm_index_n.index_grp_staff_opt_corp_qual_cnt_year","task:212945:statement:0:relation:root.casttable.setop.b1.g.setop.b0.setop.b0.setop.b0.setop.b0.setop.b0.setop.b0.setop.b1.read.index_grp_staff_opt_corp_qual_cnt_year","CONFIRMED","LITERAL","E:\02_area\股衍数据-数据cookbook\sql-static-lineage-data\task-projections\tasks\212945\versions\b6a969fa71239d71a455b8d54c9f84100787e1d152d6bcfbba4de2d35cb76893.evidence-v3.json","E:\02_area\股衍数据-数据cookbook\sql-static-lineage-data\task-projections\tasks\212945\versions\b6a969fa71239d71a455b8d54c9f84100787e1d152d6bcfbba4de2d35cb76893.json"
"212945","sparkIndex","dm_index_n.index_grp_staff_corp_bond_prof_qual_cnt_year","task:212945:statement:0:relation:root.casttable.setop.b1.g.setop.b0.setop.b0.setop.b0.setop.b0.setop.b0.setop.b1.read.index_grp_staff_corp_bond_prof_qual_cnt_year","CONFIRMED","LITERAL","E:\02_area\股衍数据-数据cookbook\sql-static-lineage-data\task-projections\tasks\212945\versions\b6a969fa71239d71a455b8d54c9f84100787e1d152d6bcfbba4de2d35cb76893.evidence-v3.json","E:\02_area\股衍数据-数据cookbook\sql-static-lineage-data\task-projections\tasks\212945\versions\b6a969fa71239d71a455b8d54c9f84100787e1d152d6bcfbba4de2d35cb76893.json"
"212945","sparkIndex","dm_index_n.index_grp1_saleamt_finprd_delcash_pvtibcorp_clmrela_year","task:212945:statement:0:relation:root.casttable.setop.b1.g.setop.b0.setop.b0.setop.b0.setop.b0.setop.b1.read.index_grp1_saleamt_finprd_delcash_pvtibcorp_clmrela_year","CONFIRMED","NON_LITERAL_PRESENT","E:\02_area\股衍数据-数据cookbook\sql-static-lineage-data\task-projections\tasks\212945\versions\b6a969fa71239d71a455b8d54c9f84100787e1d152d6bcfbba4de2d35cb76893.evidence-v3.json","E:\02_area\股衍数据-数据cookbook\sql-static-lineage-data\task-projections\tasks\212945\versions\b6a969fa71239d71a455b8d54c9f84100787e1d152d6bcfbba4de2d35cb76893.json"
"212945","sparkIndex","dm_index_n.index_grp1_newintroprdscal_astcstdprd_mon","task:212945:statement:0:relation:root.casttable.setop.b1.g.setop.b0.setop.b0.setop.b0.setop.b1.read.index_grp1_newintroprdscal_astcstdprd_mon","CONFIRMED","LITERAL","E:\02_area\股衍数据-数据cookbook\sql-static-lineage-data\task-projections\tasks\212945\versions\b6a969fa71239d71a455b8d54c9f84100787e1d152d6bcfbba4de2d35cb76893.evidence-v3.json","E:\02_area\股衍数据-数据cookbook\sql-static-lineage-data\task-projections\tasks\212945\versions\b6a969fa71239d71a455b8d54c9f84100787e1d152d6bcfbba4de2d35cb76893.json"
"212945","sparkIndex","dm_index_n.index_grp1_netintrincome_margdevrela_orgseqempkpiexam_yearmthavg","task:212945:statement:0:relation:root.casttable.setop.b1.g.setop.b0.setop.b0.setop.b1.read.index_grp1_netintrincome_margdevrela_orgseqempkpiexam_yearmthavg","CONFIRMED","LITERAL","E:\02_area\股衍数据-数据cookbook\sql-static-lineage-data\task-projections\tasks\212945\versions\b6a969fa71239d71a455b8d54c9f84100787e1d152d6bcfbba4de2d35cb76893.evidence-v3.json","E:\02_area\股衍数据-数据cookbook\sql-static-lineage-data\task-projections\tasks\212945\versions\b6a969fa71239d71a455b8d54c9f84100787e1d152d6bcfbba4de2d35cb76893.json"
"212945","sparkIndex","dm_index_n.index_grp1_margbalincrsval_margdevrela_orgseqempkpiexam_yearapd","task:212945:statement:0:relation:root.casttable.setop.b1.g.setop.b0.setop.b1.read.index_grp1_margbalincrsval_margdevrela_orgseqempkpiexam_yearapd","CONFIRMED","LITERAL","E:\02_area\股衍数据-数据cookbook\sql-static-lineage-data\task-projections\tasks\212945\versions\b6a969fa71239d71a455b8d54c9f84100787e1d152d6bcfbba4de2d35cb76893.evidence-v3.json","E:\02_area\股衍数据-数据cookbook\sql-static-lineage-data\task-projections\tasks\212945\versions\b6a969fa71239d71a455b8d54c9f84100787e1d152d6bcfbba4de2d35cb76893.json"
"212945","sparkIndex","dm_index_n.index_grp1_margbalincrsrate_margdevrela_orgseqempkpiexam_yearapd","task:212945:statement:0:relation:root.casttable.setop.b1.g.setop.b1.read.index_grp1_margbalincrsrate_margdevrela_orgseqempkpiexam_yearapd","CONFIRMED","LITERAL","E:\02_area\股衍数据-数据cookbook\sql-static-lineage-data\task-projections\tasks\212945\versions\b6a969fa71239d71a455b8d54c9f84100787e1d152d6bcfbba4de2d35cb76893.evidence-v3.json","E:\02_area\股衍数据-数据cookbook\sql-static-lineage-data\task-projections\tasks\212945\versions\b6a969fa71239d71a455b8d54c9f84100787e1d152d6bcfbba4de2d35cb76893.json"
"218029","sparkIndex","dm_index_n.index_grp1_cust_incm_allcali_mth_all","task:218029:statement:0:relation:root.casttable.a.incm.a.read.index_grp1_cust_incm_allcali_mth_all","CONFIRMED","LITERAL","E:\02_area\股衍数据-数据cookbook\sql-static-lineage-data\task-projections\tasks\218029\versions\3a600b811b1089570d39437eb5ec23ce2cb4e172866e79446ad3845257ae75cd.evidence-v3.json","E:\02_area\股衍数据-数据cookbook\sql-static-lineage-data\task-projections\tasks\218029\versions\3a600b811b1089570d39437eb5ec23ce2cb4e172866e79446ad3845257ae75cd.json"
"218029","sparkIndex","dm_index_n.index_grp_apd_net_asset","task:218029:statement:0:relation:root.casttable.a.net.b.read.index_grp_apd_net_asset","CONFIRMED","NON_LITERAL_PRESENT","E:\02_area\股衍数据-数据cookbook\sql-static-lineage-data\task-projections\tasks\218029\versions\3a600b811b1089570d39437eb5ec23ce2cb4e172866e79446ad3845257ae75cd.evidence-v3.json","E:\02_area\股衍数据-数据cookbook\sql-static-lineage-data\task-projections\tasks\218029\versions\3a600b811b1089570d39437eb5ec23ce2cb4e172866e79446ad3845257ae75cd.json"
"218029","sparkIndex","dm_index_n.index_grp_total_asset_avg_mon","task:218029:statement:0:relation:root.casttable.a.totl.a.read.index_grp_total_asset_avg_mon","CONFIRMED","NON_LITERAL_PRESENT","E:\02_area\股衍数据-数据cookbook\sql-static-lineage-data\task-projections\tasks\218029\versions\3a600b811b1089570d39437eb5ec23ce2cb4e172866e79446ad3845257ae75cd.evidence-v3.json","E:\02_area\股衍数据-数据cookbook\sql-static-lineage-data\task-projections\tasks\218029\versions\3a600b811b1089570d39437eb5ec23ce2cb4e172866e79446ad3845257ae75cd.json"
"218029","sparkIndex","dm_index_n.index_grp1_cust_incm_allcali_mth_all","task:218029:statement:0:relation:root.casttable.b.incm.a.read.index_grp1_cust_incm_allcali_mth_all","CONFIRMED","NON_LITERAL_PRESENT","E:\02_area\股衍数据-数据cookbook\sql-static-lineage-data\task-projections\tasks\218029\versions\3a600b811b1089570d39437eb5ec23ce2cb4e172866e79446ad3845257ae75cd.evidence-v3.json","E:\02_area\股衍数据-数据cookbook\sql-static-lineage-data\task-projections\tasks\218029\versions\3a600b811b1089570d39437eb5ec23ce2cb4e172866e79446ad3845257ae75cd.json"
"218029","sparkIndex","dm_index_n.index_grp_total_asset_avg_mon","task:218029:statement:0:relation:root.casttable.b.totl.a.read.index_grp_total_asset_avg_mon","CONFIRMED","NON_LITERAL_PRESENT","E:\02_area\股衍数据-数据cookbook\sql-static-lineage-data\task-projections\tasks\218029\versions\3a600b811b1089570d39437eb5ec23ce2cb4e172866e79446ad3845257ae75cd.evidence-v3.json","E:\02_area\股衍数据-数据cookbook\sql-static-lineage-data\task-projections\tasks\218029\versions\3a600b811b1089570d39437eb5ec23ce2cb4e172866e79446ad3845257ae75cd.json"
"218037","sparkIndex","dm_index_n.index_grp1_cust_incm_allcali_mth_all","task:218037:statement:0:relation:root.casttable.a.incm.a.read.index_grp1_cust_incm_allcali_mth_all","CONFIRMED","LITERAL","E:\02_area\股衍数据-数据cookbook\sql-static-lineage-data\task-projections\tasks\218037\versions\bde6db6e27be657b8858141d51bdc56b1ab9f60ced64c2e7944995dcce09d303.evidence-v3.json","E:\02_area\股衍数据-数据cookbook\sql-static-lineage-data\task-projections\tasks\218037\versions\bde6db6e27be657b8858141d51bdc56b1ab9f60ced64c2e7944995dcce09d303.json"
"218037","sparkIndex","dm_index_n.index_grp_apd_net_asset","task:218037:statement:0:relation:root.casttable.a.net.b.read.index_grp_apd_net_asset","CONFIRMED","NON_LITERAL_PRESENT","E:\02_area\股衍数据-数据cookbook\sql-static-lineage-data\task-projections\tasks\218037\versions\bde6db6e27be657b8858141d51bdc56b1ab9f60ced64c2e7944995dcce09d303.evidence-v3.json","E:\02_area\股衍数据-数据cookbook\sql-static-lineage-data\task-projections\tasks\218037\versions\bde6db6e27be657b8858141d51bdc56b1ab9f60ced64c2e7944995dcce09d303.json"
"218037","sparkIndex","dm_index_n.index_grp_apd_net_asset","task:218037:statement:0:relation:root.casttable.a.the_net.b.read.index_grp_apd_net_asset","CONFIRMED","NON_LITERAL_PRESENT","E:\02_area\股衍数据-数据cookbook\sql-static-lineage-data\task-projections\tasks\218037\versions\bde6db6e27be657b8858141d51bdc56b1ab9f60ced64c2e7944995dcce09d303.evidence-v3.json","E:\02_area\股衍数据-数据cookbook\sql-static-lineage-data\task-projections\tasks\218037\versions\bde6db6e27be657b8858141d51bdc56b1ab9f60ced64c2e7944995dcce09d303.json"
"218037","sparkIndex","dm_index_n.index_grp_total_asset_avg_mon","task:218037:statement:0:relation:root.casttable.a.totl.a.read.index_grp_total_asset_avg_mon","CONFIRMED","NON_LITERAL_PRESENT","E:\02_area\股衍数据-数据cookbook\sql-static-lineage-data\task-projections\tasks\218037\versions\bde6db6e27be657b8858141d51bdc56b1ab9f60ced64c2e7944995dcce09d303.evidence-v3.json","E:\02_area\股衍数据-数据cookbook\sql-static-lineage-data\task-projections\tasks\218037\versions\bde6db6e27be657b8858141d51bdc56b1ab9f60ced64c2e7944995dcce09d303.json"
"218236","sparkIndex","pdata_nds.aum_org_base_info","task:218236:statement:0:relation:root.(child-1).read.aum_org_base_info","CONFIRMED","NON_LITERAL_PRESENT","E:\02_area\股衍数据-数据cookbook\sql-static-lineage-data\task-projections\tasks\218236\versions\3d1dec7eaf688abf2b16ffd53e23c41350ce160375cfe1beac1a07de9ec9bb87.evidence-v3.json","E:\02_area\股衍数据-数据cookbook\sql-static-lineage-data\task-projections\tasks\218236\versions\3d1dec7eaf688abf2b16ffd53e23c41350ce160375cfe1beac1a07de9ec9bb87.json"
"218244","sparkIndex","pdata_nds.aum_org_base_info","task:218244:statement:0:relation:root.(child-1).read.aum_org_base_info","CONFIRMED","NON_LITERAL_PRESENT","E:\02_area\股衍数据-数据cookbook\sql-static-lineage-data\task-projections\tasks\218244\versions\7aca64d4ba289ced1a1431df88ed5bc5c3e9c9e2624f4a51fff0b959cae6a21c.evidence-v3.json","E:\02_area\股衍数据-数据cookbook\sql-static-lineage-data\task-projections\tasks\218244\versions\7aca64d4ba289ced1a1431df88ed5bc5c3e9c9e2624f4a51fff0b959cae6a21c.json"
"218252","sparkIndex","pdata_nds.aum_org_base_info","task:218252:statement:0:relation:root.(child-1).read.aum_org_base_info","CONFIRMED","NON_LITERAL_PRESENT","E:\02_area\股衍数据-数据cookbook\sql-static-lineage-data\task-projections\tasks\218252\versions\e68570426886177b279e28124b1f432f65924afa5cc979c80d5738dc05745738.evidence-v3.json","E:\02_area\股衍数据-数据cookbook\sql-static-lineage-data\task-projections\tasks\218252\versions\e68570426886177b279e28124b1f432f65924afa5cc979c80d5738dc05745738.json"
"218255","sparkIndex","pdata_nds.aum_org_base_info","task:218255:statement:0:relation:root.(child-1).read.aum_org_base_info","CONFIRMED","NON_LITERAL_PRESENT","E:\02_area\股衍数据-数据cookbook\sql-static-lineage-data\task-projections\tasks\218255\versions\442d079c6fc4b4cc46e792c052c1f1fe8c9db355e099c48e0c300a5a34897612.evidence-v3.json","E:\02_area\股衍数据-数据cookbook\sql-static-lineage-data\task-projections\tasks\218255\versions\442d079c6fc4b4cc46e792c052c1f1fe8c9db355e099c48e0c300a5a34897612.json"
"218404","sparkIndex","pdata_nds.aum_org_base_info","task:218404:statement:0:relation:root.(child-1).read.aum_org_base_info","CONFIRMED","NON_LITERAL_PRESENT","E:\02_area\股衍数据-数据cookbook\sql-static-lineage-data\task-projections\tasks\218404\versions\bba5a4349f456c9a82b9a62e693837ccd0f66c1afddd04f70da10c116dce803a.evidence-v3.json","E:\02_area\股衍数据-数据cookbook\sql-static-lineage-data\task-projections\tasks\218404\versions\bba5a4349f456c9a82b9a62e693837ccd0f66c1afddd04f70da10c116dce803a.json"
"219085","sparkIndex","pdata_n.t98_ficc_org_cust_info_ecr","task:219085:statement:0:relation:root.casttable.setop.b0.setop.b0.read.t98_ficc_org_cust_info_ecr","CONFIRMED","NONE","E:\02_area\股衍数据-数据cookbook\sql-static-lineage-data\task-projections\tasks\219085\versions\9d9dddb91d60f31f790ef8467190ba3d54fdffbe8125630c3e0e3bc94740f746.evidence-v3.json","E:\02_area\股衍数据-数据cookbook\sql-static-lineage-data\task-projections\tasks\219085\versions\9d9dddb91d60f31f790ef8467190ba3d54fdffbe8125630c3e0e3bc94740f746.json"
"219085","sparkIndex","pdata_nds.f_otc_derivative_counterparty","task:219085:statement:0:relation:root.casttable.setop.b0.setop.b1.odc.read.f_otc_derivative_counterparty","CONFIRMED","LITERAL","E:\02_area\股衍数据-数据cookbook\sql-static-lineage-data\task-projections\tasks\219085\versions\9d9dddb91d60f31f790ef8467190ba3d54fdffbe8125630c3e0e3bc94740f746.evidence-v3.json","E:\02_area\股衍数据-数据cookbook\sql-static-lineage-data\task-projections\tasks\219085\versions\9d9dddb91d60f31f790ef8467190ba3d54fdffbe8125630c3e0e3bc94740f746.json"
"219085","sparkIndex","dm_index_n.grp_tag_cstd_mngr_cstd_ecr_id_map_flag","task:219085:statement:0:relation:root.casttable.setop.b1.t2.read.grp_tag_cstd_mngr_cstd_ecr_id_map_flag","CONFIRMED","LITERAL","E:\02_area\股衍数据-数据cookbook\sql-static-lineage-data\task-projections\tasks\219085\versions\9d9dddb91d60f31f790ef8467190ba3d54fdffbe8125630c3e0e3bc94740f746.evidence-v3.json","E:\02_area\股衍数据-数据cookbook\sql-static-lineage-data\task-projections\tasks\219085\versions\9d9dddb91d60f31f790ef8467190ba3d54fdffbe8125630c3e0e3bc94740f746.json"
"222860","sparkIndex","pdata_n.t04_inr_org_exam_schm_use_scop","task:222860:statement:0:relation:root.(child).t2.a.read.t04_inr_org_exam_schm_use_scop","CONFIRMED","LITERAL","E:\02_area\股衍数据-数据cookbook\sql-static-lineage-data\task-projections\tasks\222860\versions\ca54644686e1d4c8efaaeb91bbc9d1b1949515923cac93b54a752ec95c46c82b.evidence-v3.json","E:\02_area\股衍数据-数据cookbook\sql-static-lineage-data\task-projections\tasks\222860\versions\ca54644686e1d4c8efaaeb91bbc9d1b1949515923cac93b54a752ec95c46c82b.json"
"222860","sparkIndex","pdata_nds.aum_org_base_info","task:222860:statement:0:relation:root.(child).t7.read.aum_org_base_info","CONFIRMED","NON_LITERAL_PRESENT","E:\02_area\股衍数据-数据cookbook\sql-static-lineage-data\task-projections\tasks\222860\versions\ca54644686e1d4c8efaaeb91bbc9d1b1949515923cac93b54a752ec95c46c82b.evidence-v3.json","E:\02_area\股衍数据-数据cookbook\sql-static-lineage-data\task-projections\tasks\222860\versions\ca54644686e1d4c8efaaeb91bbc9d1b1949515923cac93b54a752ec95c46c82b.json"
"224286","hive2postgre","dm_om_n.wt_smart_call_index_list","task:224286:statement:0:relation:root.setop.b0.setop.b0.read.t1","CONFIRMED","NON_LITERAL_PRESENT","E:\02_area\股衍数据-数据cookbook\sql-static-lineage-data\task-projections\tasks\224286\versions\538d671c5749388be24cfccbc6d2a5e44fc744f430d94bb1793eb0091879229a.evidence-v3.json","E:\02_area\股衍数据-数据cookbook\sql-static-lineage-data\task-projections\tasks\224286\versions\538d671c5749388be24cfccbc6d2a5e44fc744f430d94bb1793eb0091879229a.json"
"224741","sparkIndex","dm_index_n.grp_tag_client_aum_perf_exam","task:224741:statement:0:relation:root.(child-6).read.a","CONFIRMED","NON_LITERAL_PRESENT","E:\02_area\股衍数据-数据cookbook\sql-static-lineage-data\task-projections\tasks\224741\versions\3b53c2d1d815ca8843a87027e73938c780bc18a4bb56ea7826d2ef769aff272d.evidence-v3.json","E:\02_area\股衍数据-数据cookbook\sql-static-lineage-data\task-projections\tasks\224741\versions\3b53c2d1d815ca8843a87027e73938c780bc18a4bb56ea7826d2ef769aff272d.json"
"224741","sparkIndex","dm_index_n.index_grp1_cust_incm_allcali_mth_all","task:224741:statement:0:relation:root.(child-7).a.read.a","CONFIRMED","NON_LITERAL_PRESENT","E:\02_area\股衍数据-数据cookbook\sql-static-lineage-data\task-projections\tasks\224741\versions\3b53c2d1d815ca8843a87027e73938c780bc18a4bb56ea7826d2ef769aff272d.evidence-v3.json","E:\02_area\股衍数据-数据cookbook\sql-static-lineage-data\task-projections\tasks\224741\versions\3b53c2d1d815ca8843a87027e73938c780bc18a4bb56ea7826d2ef769aff272d.json"
"224741","sparkIndex","dm_index_n.index_grp2_emp_inr_incm_spaseat_mth","task:224741:statement:0:relation:root.(child-8).setop.b0.setop.b0.setop.b0.setop.b0.setop.b0.setop.b0.setop.b0.setop.b0.read.index_grp2_emp_inr_incm_spaseat_mth","CONFIRMED","NON_LITERAL_PRESENT","E:\02_area\股衍数据-数据cookbook\sql-static-lineage-data\task-projections\tasks\224741\versions\3b53c2d1d815ca8843a87027e73938c780bc18a4bb56ea7826d2ef769aff272d.evidence-v3.json","E:\02_area\股衍数据-数据cookbook\sql-static-lineage-data\task-projections\tasks\224741\versions\3b53c2d1d815ca8843a87027e73938c780bc18a4bb56ea7826d2ef769aff272d.json"
"224741","sparkIndex","dm_index_n.index_grp3_cust_prd_emp_income_nwsincome_aumdevrela_tdy","task:224741:statement:0:relation:root.(child-8).setop.b0.setop.b0.setop.b0.setop.b1.read.a","CONFIRMED","NON_LITERAL_PRESENT","E:\02_area\股衍数据-数据cookbook\sql-static-lineage-data\task-projections\tasks\224741\versions\3b53c2d1d815ca8843a87027e73938c780bc18a4bb56ea7826d2ef769aff272d.evidence-v3.json","E:\02_area\股衍数据-数据cookbook\sql-static-lineage-data\task-projections\tasks\224741\versions\3b53c2d1d815ca8843a87027e73938c780bc18a4bb56ea7826d2ef769aff272d.json"
"224741","sparkIndex","dm_index_n.index_grp2_cust_emp_incm_plfmvabusi_aum_tdy_all","task:224741:statement:0:relation:root.(child-8).setop.b0.setop.b0.setop.b1.t.setop.b0.read.a","CONFIRMED","NON_LITERAL_PRESENT","E:\02_area\股衍数据-数据cookbook\sql-static-lineage-data\task-projections\tasks\224741\versions\3b53c2d1d815ca8843a87027e73938c780bc18a4bb56ea7826d2ef769aff272d.evidence-v3.json","E:\02_area\股衍数据-数据cookbook\sql-static-lineage-data\task-projections\tasks\224741\versions\3b53c2d1d815ca8843a87027e73938c780bc18a4bb56ea7826d2ef769aff272d.json"
"224741","sparkIndex","dm_index_n.grp_tag_client_corp_busi_cust_type","task:224741:statement:0:relation:root.(child-9).setop.b0.setop.b0.setop.b0.setop.b0.setop.b1.read.g","CONFIRMED","NON_LITERAL_PRESENT","E:\02_area\股衍数据-数据cookbook\sql-static-lineage-data\task-projections\tasks\224741\versions\3b53c2d1d815ca8843a87027e73938c780bc18a4bb56ea7826d2ef769aff272d.evidence-v3.json","E:\02_area\股衍数据-数据cookbook\sql-static-lineage-data\task-projections\tasks\224741\versions\3b53c2d1d815ca8843a87027e73938c780bc18a4bb56ea7826d2ef769aff272d.json"
"224741","sparkIndex","dm_index_n.grp_tag_client_corp_busi_cust_type","task:224741:statement:0:relation:root.(child-9).setop.b0.setop.b0.setop.b0.setop.b1.read.g","CONFIRMED","NON_LITERAL_PRESENT","E:\02_area\股衍数据-数据cookbook\sql-static-lineage-data\task-projections\tasks\224741\versions\3b53c2d1d815ca8843a87027e73938c780bc18a4bb56ea7826d2ef769aff272d.evidence-v3.json","E:\02_area\股衍数据-数据cookbook\sql-static-lineage-data\task-projections\tasks\224741\versions\3b53c2d1d815ca8843a87027e73938c780bc18a4bb56ea7826d2ef769aff272d.json"
"224741","sparkIndex","dm_index_n.index_grp_corp_cust_in_type","task:224741:statement:0:relation:root.(child-9).setop.b0.setop.b0.setop.b1.read.g","CONFIRMED","NON_LITERAL_PRESENT","E:\02_area\股衍数据-数据cookbook\sql-static-lineage-data\task-projections\tasks\224741\versions\3b53c2d1d815ca8843a87027e73938c780bc18a4bb56ea7826d2ef769aff272d.evidence-v3.json","E:\02_area\股衍数据-数据cookbook\sql-static-lineage-data\task-projections\tasks\224741\versions\3b53c2d1d815ca8843a87027e73938c780bc18a4bb56ea7826d2ef769aff272d.json"
"224741","sparkIndex","dm_index_n.index_grp2_cust_org_asset_std_mthaccum_all","task:224741:statement:0:relation:root.(child-9).setop.b0.setop.b1.t.t1.read.index_grp2_cust_org_asset_std_mthaccum_all","CONFIRMED","NON_LITERAL_PRESENT","E:\02_area\股衍数据-数据cookbook\sql-static-lineage-data\task-projections\tasks\224741\versions\3b53c2d1d815ca8843a87027e73938c780bc18a4bb56ea7826d2ef769aff272d.evidence-v3.json","E:\02_area\股衍数据-数据cookbook\sql-static-lineage-data\task-projections\tasks\224741\versions\3b53c2d1d815ca8843a87027e73938c780bc18a4bb56ea7826d2ef769aff272d.json"
"224741","sparkIndex","dm_index_n.grp_tag_client_is_cust_judic_frz","task:224741:statement:0:relation:root.(child-9).setop.b1.a.read.grp_tag_client_is_cust_judic_frz","CONFIRMED","NON_LITERAL_PRESENT","E:\02_area\股衍数据-数据cookbook\sql-static-lineage-data\task-projections\tasks\224741\versions\3b53c2d1d815ca8843a87027e73938c780bc18a4bb56ea7826d2ef769aff272d.evidence-v3.json","E:\02_area\股衍数据-数据cookbook\sql-static-lineage-data\task-projections\tasks\224741\versions\3b53c2d1d815ca8843a87027e73938c780bc18a4bb56ea7826d2ef769aff272d.json"
"225926","sparkIndex","spdata_n.t98_our_cutp_grant_occp_det","task:225926:statement:0:relation:root.casttable.t3.c.a.t1.read.t98_our_cutp_grant_occp_det","CONFIRMED","NON_LITERAL_PRESENT","E:\02_area\股衍数据-数据cookbook\sql-static-lineage-data\task-projections\tasks\225926\versions\d34aaf98df07252d01584d86bba3c507d14abd1e88dbaf4537228b8151686153.evidence-v3.json","E:\02_area\股衍数据-数据cookbook\sql-static-lineage-data\task-projections\tasks\225926\versions\d34aaf98df07252d01584d86bba3c507d14abd1e88dbaf4537228b8151686153.json"
"225926","sparkIndex","spdata_n.t99_risk_grant_type_rel_ref","task:225926:statement:0:relation:root.casttable.t3.c.b.read.t99_risk_grant_type_rel_ref","CONFIRMED","NON_LITERAL_PRESENT","E:\02_area\股衍数据-数据cookbook\sql-static-lineage-data\task-projections\tasks\225926\versions\d34aaf98df07252d01584d86bba3c507d14abd1e88dbaf4537228b8151686153.evidence-v3.json","E:\02_area\股衍数据-数据cookbook\sql-static-lineage-data\task-projections\tasks\225926\versions\d34aaf98df07252d01584d86bba3c507d14abd1e88dbaf4537228b8151686153.json"
"228803","sparkIndex","dm_index_n.index_grp_apd_net_asset","task:228803:statement:0:relation:root.casttable.d.setop.b0.net.b.read.index_grp_apd_net_asset","CONFIRMED","NON_LITERAL_PRESENT","E:\02_area\股衍数据-数据cookbook\sql-static-lineage-data\task-projections\tasks\228803\versions\16bf1b495e002a40868d15b6229cdabba48fb97ebc611572073f3cbd3acd599f.evidence-v3.json","E:\02_area\股衍数据-数据cookbook\sql-static-lineage-data\task-projections\tasks\228803\versions\16bf1b495e002a40868d15b6229cdabba48fb97ebc611572073f3cbd3acd599f.json"
"228803","sparkIndex","dm_index_n.index_grp1_slp_emt_actv_date_appr_pst","task:228803:statement:0:relation:root.casttable.d.setop.b1.c.read.index_grp1_slp_emt_actv_date_appr_pst","CONFIRMED","NON_LITERAL_PRESENT","E:\02_area\股衍数据-数据cookbook\sql-static-lineage-data\task-projections\tasks\228803\versions\16bf1b495e002a40868d15b6229cdabba48fb97ebc611572073f3cbd3acd599f.evidence-v3.json","E:\02_area\股衍数据-数据cookbook\sql-static-lineage-data\task-projections\tasks\228803\versions\16bf1b495e002a40868d15b6229cdabba48fb97ebc611572073f3cbd3acd599f.json"
"228803","sparkIndex","dm_index_n.index_grp1_cust_incm_allcali_mth_all","task:228803:statement:0:relation:root.casttable.incm.a.read.index_grp1_cust_incm_allcali_mth_all","CONFIRMED","LITERAL","E:\02_area\股衍数据-数据cookbook\sql-static-lineage-data\task-projections\tasks\228803\versions\16bf1b495e002a40868d15b6229cdabba48fb97ebc611572073f3cbd3acd599f.evidence-v3.json","E:\02_area\股衍数据-数据cookbook\sql-static-lineage-data\task-projections\tasks\228803\versions\16bf1b495e002a40868d15b6229cdabba48fb97ebc611572073f3cbd3acd599f.json"
"228803","sparkIndex","dm_index_n.index_grp1_cust_nav_aum_tdy_all","task:228803:statement:0:relation:root.casttable.nav.b.read.index_grp1_cust_nav_aum_tdy_all","CONFIRMED","NON_LITERAL_PRESENT","E:\02_area\股衍数据-数据cookbook\sql-static-lineage-data\task-projections\tasks\228803\versions\16bf1b495e002a40868d15b6229cdabba48fb97ebc611572073f3cbd3acd599f.evidence-v3.json","E:\02_area\股衍数据-数据cookbook\sql-static-lineage-data\task-projections\tasks\228803\versions\16bf1b495e002a40868d15b6229cdabba48fb97ebc611572073f3cbd3acd599f.json"
"228803","sparkIndex","dm_index_n.index_grp_total_asset_avg_mon","task:228803:statement:0:relation:root.casttable.totl.a.read.index_grp_total_asset_avg_mon","CONFIRMED","NON_LITERAL_PRESENT","E:\02_area\股衍数据-数据cookbook\sql-static-lineage-data\task-projections\tasks\228803\versions\16bf1b495e002a40868d15b6229cdabba48fb97ebc611572073f3cbd3acd599f.evidence-v3.json","E:\02_area\股衍数据-数据cookbook\sql-static-lineage-data\task-projections\tasks\228803\versions\16bf1b495e002a40868d15b6229cdabba48fb97ebc611572073f3cbd3acd599f.json"
"228803","sparkIndex","dm_index_n.index_grp1_cust_incm_allcali_mth_all","task:228803:statement:0:relation:root.casttable.totl_incm_year.a.read.index_grp1_cust_incm_allcali_mth_all","CONFIRMED","NON_LITERAL_PRESENT","E:\02_area\股衍数据-数据cookbook\sql-static-lineage-data\task-projections\tasks\228803\versions\16bf1b495e002a40868d15b6229cdabba48fb97ebc611572073f3cbd3acd599f.evidence-v3.json","E:\02_area\股衍数据-数据cookbook\sql-static-lineage-data\task-projections\tasks\228803\versions\16bf1b495e002a40868d15b6229cdabba48fb97ebc611572073f3cbd3acd599f.json"
"229443","sparkIndex","dm_index_n.wide_cm_cust_lst","task:229443:statement:0:relation:root.(child-1).read.wide_cm_cust_lst","CONFIRMED","LITERAL","E:\02_area\股衍数据-数据cookbook\sql-static-lineage-data\task-projections\tasks\229443\versions\e6d7e8c8341d05c26684818b92dc939773f03057607860309de44bd5fd625f6f.evidence-v3.json","E:\02_area\股衍数据-数据cookbook\sql-static-lineage-data\task-projections\tasks\229443\versions\e6d7e8c8341d05c26684818b92dc939773f03057607860309de44bd5fd625f6f.json"
"230016","sparkIndex","dm_index_n.grp_tag_client_aum_perf_exam","task:230016:statement:0:relation:root.index.t.setop.b0.a.read.a","CONFIRMED","LITERAL","E:\02_area\股衍数据-数据cookbook\sql-static-lineage-data\task-projections\tasks\230016\versions\2cc5fd2ce177ef536fdb6f72642d60040131d9227b554cd6e2a4fb455da587d1.evidence-v3.json","E:\02_area\股衍数据-数据cookbook\sql-static-lineage-data\task-projections\tasks\230016\versions\2cc5fd2ce177ef536fdb6f72642d60040131d9227b554cd6e2a4fb455da587d1.json"
"230016","sparkIndex","dm_index_n.grp_tag_client_aum_perf_exam","task:230016:statement:0:relation:root.index.t.setop.b1.a.read.a","CONFIRMED","LITERAL","E:\02_area\股衍数据-数据cookbook\sql-static-lineage-data\task-projections\tasks\230016\versions\2cc5fd2ce177ef536fdb6f72642d60040131d9227b554cd6e2a4fb455da587d1.evidence-v3.json","E:\02_area\股衍数据-数据cookbook\sql-static-lineage-data\task-projections\tasks\230016\versions\2cc5fd2ce177ef536fdb6f72642d60040131d9227b554cd6e2a4fb455da587d1.json"
"230140","sparkIndex","dm_dg_n.dm_dbs_tbl_ct","task:230140:statement:0:relation:root.(child).read.t","CONFIRMED","LITERAL","E:\02_area\股衍数据-数据cookbook\sql-static-lineage-data\task-projections\tasks\230140\versions\3f84f19bb9d521b79fede9cd8d9ca899fc6b7bcc9ea7e8c6dce2189e6e13cc8a.evidence-v3.json","E:\02_area\股衍数据-数据cookbook\sql-static-lineage-data\task-projections\tasks\230140\versions\3f84f19bb9d521b79fede9cd8d9ca899fc6b7bcc9ea7e8c6dce2189e6e13cc8a.json"
"230829","hive2mysql","dm_dg_n.cust_rsk_lst_acct","task:230829:statement:0:relation:root.setop.b0.setop.b0.read.cust_rsk_lst_acct","CONFIRMED","NONE","E:\02_area\股衍数据-数据cookbook\sql-static-lineage-data\task-projections\tasks\230829\versions\a139859e2fc97bb2f4c9b42b3ddba99f0c7eace1bf1431aea3858999daffd685.evidence-v3.json","E:\02_area\股衍数据-数据cookbook\sql-static-lineage-data\task-projections\tasks\230829\versions\a139859e2fc97bb2f4c9b42b3ddba99f0c7eace1bf1431aea3858999daffd685.json"
"230829","hive2mysql","dm_dg_n.cust_rsk_lst_certno","task:230829:statement:0:relation:root.setop.b0.setop.b1.read.cust_rsk_lst_certno","CONFIRMED","NONE","E:\02_area\股衍数据-数据cookbook\sql-static-lineage-data\task-projections\tasks\230829\versions\a139859e2fc97bb2f4c9b42b3ddba99f0c7eace1bf1431aea3858999daffd685.evidence-v3.json","E:\02_area\股衍数据-数据cookbook\sql-static-lineage-data\task-projections\tasks\230829\versions\a139859e2fc97bb2f4c9b42b3ddba99f0c7eace1bf1431aea3858999daffd685.json"
"231804","sparkIndex","pdata_nds.aum_asset_ast_style_cd","task:231804:statement:0:relation:root.casttable.a.setop.b0.setop.b0.t3.read.aum_asset_ast_style_cd","CONFIRMED","NON_LITERAL_PRESENT","E:\02_area\股衍数据-数据cookbook\sql-static-lineage-data\task-projections\tasks\231804\versions\e8ee82da2081709bc21f1d302f35a52091df2f6e2e2ee6b24acb6adeb2c1880f.evidence-v3.json","E:\02_area\股衍数据-数据cookbook\sql-static-lineage-data\task-projections\tasks\231804\versions\e8ee82da2081709bc21f1d302f35a52091df2f6e2e2ee6b24acb6adeb2c1880f.json"
"231804","sparkIndex","pdata_nds.aum_asset_ast_style_cd","task:231804:statement:0:relation:root.casttable.a.setop.b0.setop.b1.t3.read.aum_asset_ast_style_cd","CONFIRMED","NON_LITERAL_PRESENT","E:\02_area\股衍数据-数据cookbook\sql-static-lineage-data\task-projections\tasks\231804\versions\e8ee82da2081709bc21f1d302f35a52091df2f6e2e2ee6b24acb6adeb2c1880f.evidence-v3.json","E:\02_area\股衍数据-数据cookbook\sql-static-lineage-data\task-projections\tasks\231804\versions\e8ee82da2081709bc21f1d302f35a52091df2f6e2e2ee6b24acb6adeb2c1880f.json"
"231804","sparkIndex","pdata_nds.aum_asset_ast_style_cd","task:231804:statement:0:relation:root.casttable.a.setop.b1.a.read.aum_asset_ast_style_cd","CONFIRMED","NON_LITERAL_PRESENT","E:\02_area\股衍数据-数据cookbook\sql-static-lineage-data\task-projections\tasks\231804\versions\e8ee82da2081709bc21f1d302f35a52091df2f6e2e2ee6b24acb6adeb2c1880f.evidence-v3.json","E:\02_area\股衍数据-数据cookbook\sql-static-lineage-data\task-projections\tasks\231804\versions\e8ee82da2081709bc21f1d302f35a52091df2f6e2e2ee6b24acb6adeb2c1880f.json"
"231821","sparkIndex","pdata_nds.aum_asset_ast_style_cd","task:231821:statement:0:relation:root.casttable.a.setop.b0.setop.b0.t3.read.aum_asset_ast_style_cd","CONFIRMED","NON_LITERAL_PRESENT","E:\02_area\股衍数据-数据cookbook\sql-static-lineage-data\task-projections\tasks\231821\versions\db7e90494e1731b5f4c49430e7bc458a0eed7ac9b8cc540f446bb009f94db5d7.evidence-v3.json","E:\02_area\股衍数据-数据cookbook\sql-static-lineage-data\task-projections\tasks\231821\versions\db7e90494e1731b5f4c49430e7bc458a0eed7ac9b8cc540f446bb009f94db5d7.json"
"231821","sparkIndex","pdata_nds.aum_asset_ast_style_cd","task:231821:statement:0:relation:root.casttable.a.setop.b0.setop.b1.t3.read.aum_asset_ast_style_cd","CONFIRMED","NON_LITERAL_PRESENT","E:\02_area\股衍数据-数据cookbook\sql-static-lineage-data\task-projections\tasks\231821\versions\db7e90494e1731b5f4c49430e7bc458a0eed7ac9b8cc540f446bb009f94db5d7.evidence-v3.json","E:\02_area\股衍数据-数据cookbook\sql-static-lineage-data\task-projections\tasks\231821\versions\db7e90494e1731b5f4c49430e7bc458a0eed7ac9b8cc540f446bb009f94db5d7.json"
"231821","sparkIndex","pdata_nds.aum_asset_ast_style_cd","task:231821:statement:0:relation:root.casttable.a.setop.b1.a.read.aum_asset_ast_style_cd","CONFIRMED","NON_LITERAL_PRESENT","E:\02_area\股衍数据-数据cookbook\sql-static-lineage-data\task-projections\tasks\231821\versions\db7e90494e1731b5f4c49430e7bc458a0eed7ac9b8cc540f446bb009f94db5d7.evidence-v3.json","E:\02_area\股衍数据-数据cookbook\sql-static-lineage-data\task-projections\tasks\231821\versions\db7e90494e1731b5f4c49430e7bc458a0eed7ac9b8cc540f446bb009f94db5d7.json"
"232164","sparkIndex","dm_index_n.index_grp2_cust_brch_avg_trd_net_asset_xsb_nts_covt_year_4th_qrt","task:232164:statement:0:relation:root.casttable.exam_ast.a1.read.index_grp2_cust_brch_avg_trd_net_asset_xsb_nts_covt_year_4th_qrt","CONFIRMED","LITERAL","E:\02_area\股衍数据-数据cookbook\sql-static-lineage-data\task-projections\tasks\232164\versions\ebc79620f3756517bbef3c5dc8432da3bb5670ef464b821c3b2b709b67057d7d.evidence-v3.json","E:\02_area\股衍数据-数据cookbook\sql-static-lineage-data\task-projections\tasks\232164\versions\ebc79620f3756517bbef3c5dc8432da3bb5670ef464b821c3b2b709b67057d7d.json"
"232164","sparkIndex","dm_index_n.index_grp1_prdcd_prdname_mval_ostscr_otcscr_hld_posmvaltop1_tdy","task:232164:statement:0:relation:root.casttable.hld.read.index_grp1_prdcd_prdname_mval_ostscr_otcscr_hld_posmvaltop1_tdy","CONFIRMED","NON_LITERAL_PRESENT","E:\02_area\股衍数据-数据cookbook\sql-static-lineage-data\task-projections\tasks\232164\versions\ebc79620f3756517bbef3c5dc8432da3bb5670ef464b821c3b2b709b67057d7d.evidence-v3.json","E:\02_area\股衍数据-数据cookbook\sql-static-lineage-data\task-projections\tasks\232164\versions\ebc79620f3756517bbef3c5dc8432da3bb5670ef464b821c3b2b709b67057d7d.json"
"232164","sparkIndex","dm_index_n.grp_tag_corp_cust_is_ib_kpi","task:232164:statement:0:relation:root.casttable.ib.read.grp_tag_corp_cust_is_ib_kpi","CONFIRMED","NON_LITERAL_PRESENT","E:\02_area\股衍数据-数据cookbook\sql-static-lineage-data\task-projections\tasks\232164\versions\ebc79620f3756517bbef3c5dc8432da3bb5670ef464b821c3b2b709b67057d7d.evidence-v3.json","E:\02_area\股衍数据-数据cookbook\sql-static-lineage-data\task-projections\tasks\232164\versions\ebc79620f3756517bbef3c5dc8432da3bb5670ef464b821c3b2b709b67057d7d.json"
"232164","sparkIndex","dm_index_n.index_grp1_net_ast","task:232164:statement:0:relation:root.casttable.lst1m_ast.read.index_grp1_net_ast","CONFIRMED","NON_LITERAL_PRESENT","E:\02_area\股衍数据-数据cookbook\sql-static-lineage-data\task-projections\tasks\232164\versions\ebc79620f3756517bbef3c5dc8432da3bb5670ef464b821c3b2b709b67057d7d.evidence-v3.json","E:\02_area\股衍数据-数据cookbook\sql-static-lineage-data\task-projections\tasks\232164\versions\ebc79620f3756517bbef3c5dc8432da3bb5670ef464b821c3b2b709b67057d7d.json"
"232164","sparkIndex","dm_index_n.index_grp1_bal_marg_yearapd","task:232164:statement:0:relation:root.casttable.marg_apd.read.index_grp1_bal_marg_yearapd","CONFIRMED","NON_LITERAL_PRESENT","E:\02_area\股衍数据-数据cookbook\sql-static-lineage-data\task-projections\tasks\232164\versions\ebc79620f3756517bbef3c5dc8432da3bb5670ef464b821c3b2b709b67057d7d.evidence-v3.json","E:\02_area\股衍数据-数据cookbook\sql-static-lineage-data\task-projections\tasks\232164\versions\ebc79620f3756517bbef3c5dc8432da3bb5670ef464b821c3b2b709b67057d7d.json"
"232164","sparkIndex","dm_index_n.index_grp1_ast","task:232164:statement:0:relation:root.casttable.mval.read.index_grp1_ast","CONFIRMED","NON_LITERAL_PRESENT","E:\02_area\股衍数据-数据cookbook\sql-static-lineage-data\task-projections\tasks\232164\versions\ebc79620f3756517bbef3c5dc8432da3bb5670ef464b821c3b2b709b67057d7d.evidence-v3.json","E:\02_area\股衍数据-数据cookbook\sql-static-lineage-data\task-projections\tasks\232164\versions\ebc79620f3756517bbef3c5dc8432da3bb5670ef464b821c3b2b709b67057d7d.json"
"232164","sparkIndex","dm_index_n.index_grp1_net_ast","task:232164:statement:0:relation:root.casttable.net_ast.read.index_grp1_net_ast","CONFIRMED","NON_LITERAL_PRESENT","E:\02_area\股衍数据-数据cookbook\sql-static-lineage-data\task-projections\tasks\232164\versions\ebc79620f3756517bbef3c5dc8432da3bb5670ef464b821c3b2b709b67057d7d.evidence-v3.json","E:\02_area\股衍数据-数据cookbook\sql-static-lineage-data\task-projections\tasks\232164\versions\ebc79620f3756517bbef3c5dc8432da3bb5670ef464b821c3b2b709b67057d7d.json"
"232164","sparkIndex","dm_index_n.grp_tag_client_cust_purch_finprd_type","task:232164:statement:0:relation:root.casttable.prd.read.grp_tag_client_cust_purch_finprd_type","CONFIRMED","NON_LITERAL_PRESENT","E:\02_area\股衍数据-数据cookbook\sql-static-lineage-data\task-projections\tasks\232164\versions\ebc79620f3756517bbef3c5dc8432da3bb5670ef464b821c3b2b709b67057d7d.evidence-v3.json","E:\02_area\股衍数据-数据cookbook\sql-static-lineage-data\task-projections\tasks\232164\versions\ebc79620f3756517bbef3c5dc8432da3bb5670ef464b821c3b2b709b67057d7d.json"
"232164","sparkIndex","dm_index_n.grp_tag_corp_cust_is_pvt_kpi","task:232164:statement:0:relation:root.casttable.pvt.read.grp_tag_corp_cust_is_pvt_kpi","CONFIRMED","NON_LITERAL_PRESENT","E:\02_area\股衍数据-数据cookbook\sql-static-lineage-data\task-projections\tasks\232164\versions\ebc79620f3756517bbef3c5dc8432da3bb5670ef464b821c3b2b709b67057d7d.evidence-v3.json","E:\02_area\股衍数据-数据cookbook\sql-static-lineage-data\task-projections\tasks\232164\versions\ebc79620f3756517bbef3c5dc8432da3bb5670ef464b821c3b2b709b67057d7d.json"
"232164","sparkIndex","dm_index_n.index_grp1_tbbbamt_srp_civ_tdy_retandorgcntr","task:232164:statement:0:relation:root.casttable.srp.a.setop.b0.read.index_grp1_tbbbamt_srp_civ_tdy_retandorgcntr","CONFIRMED","NON_LITERAL_PRESENT","E:\02_area\股衍数据-数据cookbook\sql-static-lineage-data\task-projections\tasks\232164\versions\ebc79620f3756517bbef3c5dc8432da3bb5670ef464b821c3b2b709b67057d7d.evidence-v3.json","E:\02_area\股衍数据-数据cookbook\sql-static-lineage-data\task-projections\tasks\232164\versions\ebc79620f3756517bbef3c5dc8432da3bb5670ef464b821c3b2b709b67057d7d.json"
"232164","sparkIndex","dm_index_n.index_grp1_tbbbamt_srp_assm_tdy_retandorgcntr","task:232164:statement:0:relation:root.casttable.srp.a.setop.b1.read.index_grp1_tbbbamt_srp_assm_tdy_retandorgcntr","CONFIRMED","NON_LITERAL_PRESENT","E:\02_area\股衍数据-数据cookbook\sql-static-lineage-data\task-projections\tasks\232164\versions\ebc79620f3756517bbef3c5dc8432da3bb5670ef464b821c3b2b709b67057d7d.evidence-v3.json","E:\02_area\股衍数据-数据cookbook\sql-static-lineage-data\task-projections\tasks\232164\versions\ebc79620f3756517bbef3c5dc8432da3bb5670ef464b821c3b2b709b67057d7d.json"
"232652","sparkIndex","pdata_nds.aum_org_base_info","task:232652:statement:0:relation:root.(child-1).read.aum_org_base_info","CONFIRMED","NON_LITERAL_PRESENT","E:\02_area\股衍数据-数据cookbook\sql-static-lineage-data\task-projections\tasks\232652\versions\aac6de29164f20a5bb97112d09952bf49b1e0fe20fd0175412314219e0a3929f.evidence-v3.json","E:\02_area\股衍数据-数据cookbook\sql-static-lineage-data\task-projections\tasks\232652\versions\aac6de29164f20a5bb97112d09952bf49b1e0fe20fd0175412314219e0a3929f.json"
"232675","sparkIndex","pdata_nds.aum_org_base_info","task:232675:statement:0:relation:root.(child-1).read.aum_org_base_info","CONFIRMED","NON_LITERAL_PRESENT","E:\02_area\股衍数据-数据cookbook\sql-static-lineage-data\task-projections\tasks\232675\versions\148f0838402834709c04332377530a1ff842f5618510845e1f052101276c8e2f.evidence-v3.json","E:\02_area\股衍数据-数据cookbook\sql-static-lineage-data\task-projections\tasks\232675\versions\148f0838402834709c04332377530a1ff842f5618510845e1f052101276c8e2f.json"
"232676","sparkIndex","pdata_nds.aum_org_base_info","task:232676:statement:0:relation:root.(child-1).read.aum_org_base_info","CONFIRMED","NON_LITERAL_PRESENT","E:\02_area\股衍数据-数据cookbook\sql-static-lineage-data\task-projections\tasks\232676\versions\8af7fbf5ca081bc6ea4cc42db934a04e188bc2089d9745b8824a2cd9f263df2c.evidence-v3.json","E:\02_area\股衍数据-数据cookbook\sql-static-lineage-data\task-projections\tasks\232676\versions\8af7fbf5ca081bc6ea4cc42db934a04e188bc2089d9745b8824a2cd9f263df2c.json"
"232677","sparkIndex","pdata_nds.aum_org_base_info","task:232677:statement:0:relation:root.(child-1).read.aum_org_base_info","CONFIRMED","NON_LITERAL_PRESENT","E:\02_area\股衍数据-数据cookbook\sql-static-lineage-data\task-projections\tasks\232677\versions\67d8ab2d3538fdf9957cba45650af03026a4f832f03b6592cd9a18656de5b43f.evidence-v3.json","E:\02_area\股衍数据-数据cookbook\sql-static-lineage-data\task-projections\tasks\232677\versions\67d8ab2d3538fdf9957cba45650af03026a4f832f03b6592cd9a18656de5b43f.json"
"232836","sparkIndex","spdata_n.t98_cid_xir_scr_acct","task:232836:statement:0:relation:root.casttable.setop.b0.setop.b0.setop.b0.setop.b0.setop.b0.setop.b0.setop.b0.setop.b0.setop.b0.setop.b0.act.read.t98_cid_xir_scr_acct","CONFIRMED","NON_LITERAL_PRESENT","E:\02_area\股衍数据-数据cookbook\sql-static-lineage-data\task-projections\tasks\232836\versions\bbbc9db084a4a12c886b661329e0feb19fce7fe9f901f9504dd86ffc771f4246.evidence-v3.json","E:\02_area\股衍数据-数据cookbook\sql-static-lineage-data\task-projections\tasks\232836\versions\bbbc9db084a4a12c886b661329e0feb19fce7fe9f901f9504dd86ffc771f4246.json"
"232836","sparkIndex","pdata_n.t98_info_divn_base_ecr","task:232836:statement:0:relation:root.casttable.setop.b0.setop.b0.setop.b0.setop.b0.setop.b0.setop.b0.setop.b0.setop.b0.setop.b0.setop.b0.div1.read.t98_info_divn_base_ecr","CONFIRMED","NON_LITERAL_PRESENT","E:\02_area\股衍数据-数据cookbook\sql-static-lineage-data\task-projections\tasks\232836\versions\bbbc9db084a4a12c886b661329e0feb19fce7fe9f901f9504dd86ffc771f4246.evidence-v3.json","E:\02_area\股衍数据-数据cookbook\sql-static-lineage-data\task-projections\tasks\232836\versions\bbbc9db084a4a12c886b661329e0feb19fce7fe9f901f9504dd86ffc771f4246.json"
"232836","sparkIndex","pdata_n.t98_info_divn_base_ecr","task:232836:statement:0:relation:root.casttable.setop.b0.setop.b0.setop.b0.setop.b0.setop.b0.setop.b0.setop.b0.setop.b0.setop.b0.setop.b0.div2.read.t98_info_divn_base_ecr","CONFIRMED","NON_LITERAL_PRESENT","E:\02_area\股衍数据-数据cookbook\sql-static-lineage-data\task-projections\tasks\232836\versions\bbbc9db084a4a12c886b661329e0feb19fce7fe9f901f9504dd86ffc771f4246.evidence-v3.json","E:\02_area\股衍数据-数据cookbook\sql-static-lineage-data\task-projections\tasks\232836\versions\bbbc9db084a4a12c886b661329e0feb19fce7fe9f901f9504dd86ffc771f4246.json"
"232836","sparkIndex","spdata_n.t98_ficc_trd_acct_hrch_info","task:232836:statement:0:relation:root.casttable.setop.b0.setop.b0.setop.b0.setop.b0.setop.b0.setop.b0.setop.b0.setop.b0.setop.b0.setop.b0.hrc.read.t98_ficc_trd_acct_hrch_info","CONFIRMED","NON_LITERAL_PRESENT","E:\02_area\股衍数据-数据cookbook\sql-static-lineage-data\task-projections\tasks\232836\versions\bbbc9db084a4a12c886b661329e0feb19fce7fe9f901f9504dd86ffc771f4246.evidence-v3.json","E:\02_area\股衍数据-数据cookbook\sql-static-lineage-data\task-projections\tasks\232836\versions\bbbc9db084a4a12c886b661329e0feb19fce7fe9f901f9504dd86ffc771f4246.json"
"232836","sparkIndex","spdata_n.t98_xir_cutp_hrch_info","task:232836:statement:0:relation:root.casttable.setop.b0.setop.b0.setop.b0.setop.b0.setop.b0.setop.b0.setop.b0.setop.b0.setop.b0.setop.b0.read.c","CONFIRMED","NON_LITERAL_PRESENT","E:\02_area\股衍数据-数据cookbook\sql-static-lineage-data\task-projections\tasks\232836\versions\bbbc9db084a4a12c886b661329e0feb19fce7fe9f901f9504dd86ffc771f4246.evidence-v3.json","E:\02_area\股衍数据-数据cookbook\sql-static-lineage-data\task-projections\tasks\232836\versions\bbbc9db084a4a12c886b661329e0feb19fce7fe9f901f9504dd86ffc771f4246.json"
"232836","sparkIndex","pdata_nds.s_v_crm_account_info","task:232836:statement:0:relation:root.casttable.setop.b0.setop.b0.setop.b0.setop.b0.setop.b0.setop.b0.setop.b0.setop.b0.setop.b0.setop.b0.y.read.s_v_crm_account_info","CONFIRMED","NON_LITERAL_PRESENT","E:\02_area\股衍数据-数据cookbook\sql-static-lineage-data\task-projections\tasks\232836\versions\bbbc9db084a4a12c886b661329e0feb19fce7fe9f901f9504dd86ffc771f4246.evidence-v3.json","E:\02_area\股衍数据-数据cookbook\sql-static-lineage-data\task-projections\tasks\232836\versions\bbbc9db084a4a12c886b661329e0feb19fce7fe9f901f9504dd86ffc771f4246.json"
"232836","sparkIndex","pdata_n.t98_info_divn_base_ecr","task:232836:statement:0:relation:root.casttable.setop.b0.setop.b0.setop.b0.setop.b0.setop.b0.setop.b0.setop.b0.setop.b0.setop.b0.setop.b1.div1.read.t98_info_divn_base_ecr","CONFIRMED","LITERAL","E:\02_area\股衍数据-数据cookbook\sql-static-lineage-data\task-projections\tasks\232836\versions\bbbc9db084a4a12c886b661329e0feb19fce7fe9f901f9504dd86ffc771f4246.evidence-v3.json","E:\02_area\股衍数据-数据cookbook\sql-static-lineage-data\task-projections\tasks\232836\versions\bbbc9db084a4a12c886b661329e0feb19fce7fe9f901f9504dd86ffc771f4246.json"
"232836","sparkIndex","pdata_n.t98_info_divn_base_ecr","task:232836:statement:0:relation:root.casttable.setop.b0.setop.b0.setop.b0.setop.b0.setop.b0.setop.b0.setop.b0.setop.b0.setop.b0.setop.b1.div2.read.t98_info_divn_base_ecr","CONFIRMED","LITERAL","E:\02_area\股衍数据-数据cookbook\sql-static-lineage-data\task-projections\tasks\232836\versions\bbbc9db084a4a12c886b661329e0feb19fce7fe9f901f9504dd86ffc771f4246.evidence-v3.json","E:\02_area\股衍数据-数据cookbook\sql-static-lineage-data\task-projections\tasks\232836\versions\bbbc9db084a4a12c886b661329e0feb19fce7fe9f901f9504dd86ffc771f4246.json"
"232836","sparkIndex","spdata_n.t98_ficc_trd_acct_hrch_info","task:232836:statement:0:relation:root.casttable.setop.b0.setop.b0.setop.b0.setop.b0.setop.b0.setop.b0.setop.b0.setop.b0.setop.b0.setop.b1.hrc.read.t98_ficc_trd_acct_hrch_info","CONFIRMED","LITERAL","E:\02_area\股衍数据-数据cookbook\sql-static-lineage-data\task-projections\tasks\232836\versions\bbbc9db084a4a12c886b661329e0feb19fce7fe9f901f9504dd86ffc771f4246.evidence-v3.json","E:\02_area\股衍数据-数据cookbook\sql-static-lineage-data\task-projections\tasks\232836\versions\bbbc9db084a4a12c886b661329e0feb19fce7fe9f901f9504dd86ffc771f4246.json"
"232836","sparkIndex","spdata_n.t98_cid_xir_bond_trd_base_info","task:232836:statement:0:relation:root.casttable.setop.b0.setop.b0.setop.b0.setop.b0.setop.b0.setop.b0.setop.b0.setop.b0.setop.b0.setop.b1.read.trd","CONFIRMED","LITERAL","E:\02_area\股衍数据-数据cookbook\sql-static-lineage-data\task-projections\tasks\232836\versions\bbbc9db084a4a12c886b661329e0feb19fce7fe9f901f9504dd86ffc771f4246.evidence-v3.json","E:\02_area\股衍数据-数据cookbook\sql-static-lineage-data\task-projections\tasks\232836\versions\bbbc9db084a4a12c886b661329e0feb19fce7fe9f901f9504dd86ffc771f4246.json"
"232836","sparkIndex","spdata_n.t98_cid_xir_scr_acct","task:232836:statement:0:relation:root.casttable.setop.b0.setop.b0.setop.b0.setop.b0.setop.b0.setop.b0.setop.b0.setop.b0.setop.b1.act.read.t98_cid_xir_scr_acct","CONFIRMED","NON_LITERAL_PRESENT","E:\02_area\股衍数据-数据cookbook\sql-static-lineage-data\task-projections\tasks\232836\versions\bbbc9db084a4a12c886b661329e0feb19fce7fe9f901f9504dd86ffc771f4246.evidence-v3.json","E:\02_area\股衍数据-数据cookbook\sql-static-lineage-data\task-projections\tasks\232836\versions\bbbc9db084a4a12c886b661329e0feb19fce7fe9f901f9504dd86ffc771f4246.json"
"232836","sparkIndex","pdata_n.t98_info_divn_base_ecr","task:232836:statement:0:relation:root.casttable.setop.b0.setop.b0.setop.b0.setop.b0.setop.b0.setop.b0.setop.b0.setop.b0.setop.b1.div1.read.t98_info_divn_base_ecr","CONFIRMED","NON_LITERAL_PRESENT","E:\02_area\股衍数据-数据cookbook\sql-static-lineage-data\task-projections\tasks\232836\versions\bbbc9db084a4a12c886b661329e0feb19fce7fe9f901f9504dd86ffc771f4246.evidence-v3.json","E:\02_area\股衍数据-数据cookbook\sql-static-lineage-data\task-projections\tasks\232836\versions\bbbc9db084a4a12c886b661329e0feb19fce7fe9f901f9504dd86ffc771f4246.json"
"232836","sparkIndex","pdata_n.t98_info_divn_base_ecr","task:232836:statement:0:relation:root.casttable.setop.b0.setop.b0.setop.b0.setop.b0.setop.b0.setop.b0.setop.b0.setop.b0.setop.b1.div2.read.t98_info_divn_base_ecr","CONFIRMED","NON_LITERAL_PRESENT","E:\02_area\股衍数据-数据cookbook\sql-static-lineage-data\task-projections\tasks\232836\versions\bbbc9db084a4a12c886b661329e0feb19fce7fe9f901f9504dd86ffc771f4246.evidence-v3.json","E:\02_area\股衍数据-数据cookbook\sql-static-lineage-data\task-projections\tasks\232836\versions\bbbc9db084a4a12c886b661329e0feb19fce7fe9f901f9504dd86ffc771f4246.json"
"232836","sparkIndex","spdata_n.t98_ficc_trd_acct_hrch_info","task:232836:statement:0:relation:root.casttable.setop.b0.setop.b0.setop.b0.setop.b0.setop.b0.setop.b0.setop.b0.setop.b0.setop.b1.hrc.read.t98_ficc_trd_acct_hrch_info","CONFIRMED","NON_LITERAL_PRESENT","E:\02_area\股衍数据-数据cookbook\sql-static-lineage-data\task-projections\tasks\232836\versions\bbbc9db084a4a12c886b661329e0feb19fce7fe9f901f9504dd86ffc771f4246.evidence-v3.json","E:\02_area\股衍数据-数据cookbook\sql-static-lineage-data\task-projections\tasks\232836\versions\bbbc9db084a4a12c886b661329e0feb19fce7fe9f901f9504dd86ffc771f4246.json"
"232836","sparkIndex","spdata_n.t98_xir_cutp_hrch_info","task:232836:statement:0:relation:root.casttable.setop.b0.setop.b0.setop.b0.setop.b0.setop.b0.setop.b0.setop.b0.setop.b0.setop.b1.read.c","CONFIRMED","NON_LITERAL_PRESENT","E:\02_area\股衍数据-数据cookbook\sql-static-lineage-data\task-projections\tasks\232836\versions\bbbc9db084a4a12c886b661329e0feb19fce7fe9f901f9504dd86ffc771f4246.evidence-v3.json","E:\02_area\股衍数据-数据cookbook\sql-static-lineage-data\task-projections\tasks\232836\versions\bbbc9db084a4a12c886b661329e0feb19fce7fe9f901f9504dd86ffc771f4246.json"
"232836","sparkIndex","pdata_nds.s_v_crm_account_info","task:232836:statement:0:relation:root.casttable.setop.b0.setop.b0.setop.b0.setop.b0.setop.b0.setop.b0.setop.b0.setop.b0.setop.b1.y.read.s_v_crm_account_info","CONFIRMED","NON_LITERAL_PRESENT","E:\02_area\股衍数据-数据cookbook\sql-static-lineage-data\task-projections\tasks\232836\versions\bbbc9db084a4a12c886b661329e0feb19fce7fe9f901f9504dd86ffc771f4246.evidence-v3.json","E:\02_area\股衍数据-数据cookbook\sql-static-lineage-data\task-projections\tasks\232836\versions\bbbc9db084a4a12c886b661329e0feb19fce7fe9f901f9504dd86ffc771f4246.json"
"232836","sparkIndex","spdata_n.t98_cid_xir_scr_acct","task:232836:statement:0:relation:root.casttable.setop.b0.setop.b0.setop.b0.setop.b0.setop.b0.setop.b0.setop.b0.setop.b1.act.read.t98_cid_xir_scr_acct","CONFIRMED","NON_LITERAL_PRESENT","E:\02_area\股衍数据-数据cookbook\sql-static-lineage-data\task-projections\tasks\232836\versions\bbbc9db084a4a12c886b661329e0feb19fce7fe9f901f9504dd86ffc771f4246.evidence-v3.json","E:\02_area\股衍数据-数据cookbook\sql-static-lineage-data\task-projections\tasks\232836\versions\bbbc9db084a4a12c886b661329e0feb19fce7fe9f901f9504dd86ffc771f4246.json"
"232836","sparkIndex","pdata_n.t98_info_divn_base_ecr","task:232836:statement:0:relation:root.casttable.setop.b0.setop.b0.setop.b0.setop.b0.setop.b0.setop.b0.setop.b0.setop.b1.div1.read.t98_info_divn_base_ecr","CONFIRMED","NON_LITERAL_PRESENT","E:\02_area\股衍数据-数据cookbook\sql-static-lineage-data\task-projections\tasks\232836\versions\bbbc9db084a4a12c886b661329e0feb19fce7fe9f901f9504dd86ffc771f4246.evidence-v3.json","E:\02_area\股衍数据-数据cookbook\sql-static-lineage-data\task-projections\tasks\232836\versions\bbbc9db084a4a12c886b661329e0feb19fce7fe9f901f9504dd86ffc771f4246.json"
"232836","sparkIndex","pdata_n.t98_info_divn_base_ecr","task:232836:statement:0:relation:root.casttable.setop.b0.setop.b0.setop.b0.setop.b0.setop.b0.setop.b0.setop.b0.setop.b1.div2.read.t98_info_divn_base_ecr","CONFIRMED","NON_LITERAL_PRESENT","E:\02_area\股衍数据-数据cookbook\sql-static-lineage-data\task-projections\tasks\232836\versions\bbbc9db084a4a12c886b661329e0feb19fce7fe9f901f9504dd86ffc771f4246.evidence-v3.json","E:\02_area\股衍数据-数据cookbook\sql-static-lineage-data\task-projections\tasks\232836\versions\bbbc9db084a4a12c886b661329e0feb19fce7fe9f901f9504dd86ffc771f4246.json"
"232836","sparkIndex","spdata_n.t98_ficc_trd_acct_hrch_info","task:232836:statement:0:relation:root.casttable.setop.b0.setop.b0.setop.b0.setop.b0.setop.b0.setop.b0.setop.b0.setop.b1.hrc.read.t98_ficc_trd_acct_hrch_info","CONFIRMED","NON_LITERAL_PRESENT","E:\02_area\股衍数据-数据cookbook\sql-static-lineage-data\task-projections\tasks\232836\versions\bbbc9db084a4a12c886b661329e0feb19fce7fe9f901f9504dd86ffc771f4246.evidence-v3.json","E:\02_area\股衍数据-数据cookbook\sql-static-lineage-data\task-projections\tasks\232836\versions\bbbc9db084a4a12c886b661329e0feb19fce7fe9f901f9504dd86ffc771f4246.json"
"232836","sparkIndex","spdata_n.t98_xir_cutp_hrch_info","task:232836:statement:0:relation:root.casttable.setop.b0.setop.b0.setop.b0.setop.b0.setop.b0.setop.b0.setop.b0.setop.b1.read.c","CONFIRMED","NON_LITERAL_PRESENT","E:\02_area\股衍数据-数据cookbook\sql-static-lineage-data\task-projections\tasks\232836\versions\bbbc9db084a4a12c886b661329e0feb19fce7fe9f901f9504dd86ffc771f4246.evidence-v3.json","E:\02_area\股衍数据-数据cookbook\sql-static-lineage-data\task-projections\tasks\232836\versions\bbbc9db084a4a12c886b661329e0feb19fce7fe9f901f9504dd86ffc771f4246.json"
"232836","sparkIndex","pdata_nds.s_v_crm_account_info","task:232836:statement:0:relation:root.casttable.setop.b0.setop.b0.setop.b0.setop.b0.setop.b0.setop.b0.setop.b0.setop.b1.y.read.s_v_crm_account_info","CONFIRMED","NON_LITERAL_PRESENT","E:\02_area\股衍数据-数据cookbook\sql-static-lineage-data\task-projections\tasks\232836\versions\bbbc9db084a4a12c886b661329e0feb19fce7fe9f901f9504dd86ffc771f4246.evidence-v3.json","E:\02_area\股衍数据-数据cookbook\sql-static-lineage-data\task-projections\tasks\232836\versions\bbbc9db084a4a12c886b661329e0feb19fce7fe9f901f9504dd86ffc771f4246.json"
"232836","sparkIndex","pdata_n.t98_info_divn_base_ecr","task:232836:statement:0:relation:root.casttable.setop.b0.setop.b0.setop.b0.setop.b0.setop.b0.setop.b0.setop.b1.div1.read.t98_info_divn_base_ecr","CONFIRMED","NON_LITERAL_PRESENT","E:\02_area\股衍数据-数据cookbook\sql-static-lineage-data\task-projections\tasks\232836\versions\bbbc9db084a4a12c886b661329e0feb19fce7fe9f901f9504dd86ffc771f4246.evidence-v3.json","E:\02_area\股衍数据-数据cookbook\sql-static-lineage-data\task-projections\tasks\232836\versions\bbbc9db084a4a12c886b661329e0feb19fce7fe9f901f9504dd86ffc771f4246.json"
"232836","sparkIndex","pdata_n.t98_info_divn_base_ecr","task:232836:statement:0:relation:root.casttable.setop.b0.setop.b0.setop.b0.setop.b0.setop.b0.setop.b0.setop.b1.div2.read.t98_info_divn_base_ecr","CONFIRMED","NON_LITERAL_PRESENT","E:\02_area\股衍数据-数据cookbook\sql-static-lineage-data\task-projections\tasks\232836\versions\bbbc9db084a4a12c886b661329e0feb19fce7fe9f901f9504dd86ffc771f4246.evidence-v3.json","E:\02_area\股衍数据-数据cookbook\sql-static-lineage-data\task-projections\tasks\232836\versions\bbbc9db084a4a12c886b661329e0feb19fce7fe9f901f9504dd86ffc771f4246.json"
"232836","sparkIndex","spdata_n.t98_ficc_trd_acct_hrch_info","task:232836:statement:0:relation:root.casttable.setop.b0.setop.b0.setop.b0.setop.b0.setop.b0.setop.b0.setop.b1.hrc.read.t98_ficc_trd_acct_hrch_info","CONFIRMED","NON_LITERAL_PRESENT","E:\02_area\股衍数据-数据cookbook\sql-static-lineage-data\task-projections\tasks\232836\versions\bbbc9db084a4a12c886b661329e0feb19fce7fe9f901f9504dd86ffc771f4246.evidence-v3.json","E:\02_area\股衍数据-数据cookbook\sql-static-lineage-data\task-projections\tasks\232836\versions\bbbc9db084a4a12c886b661329e0feb19fce7fe9f901f9504dd86ffc771f4246.json"
"232836","sparkIndex","spdata_n.t98_xir_cutp_hrch_info","task:232836:statement:0:relation:root.casttable.setop.b0.setop.b0.setop.b0.setop.b0.setop.b0.setop.b0.setop.b1.read.c","CONFIRMED","NON_LITERAL_PRESENT","E:\02_area\股衍数据-数据cookbook\sql-static-lineage-data\task-projections\tasks\232836\versions\bbbc9db084a4a12c886b661329e0feb19fce7fe9f901f9504dd86ffc771f4246.evidence-v3.json","E:\02_area\股衍数据-数据cookbook\sql-static-lineage-data\task-projections\tasks\232836\versions\bbbc9db084a4a12c886b661329e0feb19fce7fe9f901f9504dd86ffc771f4246.json"
"232836","sparkIndex","pdata_nds.s_v_crm_account_info","task:232836:statement:0:relation:root.casttable.setop.b0.setop.b0.setop.b0.setop.b0.setop.b0.setop.b0.setop.b1.y.read.s_v_crm_account_info","CONFIRMED","NON_LITERAL_PRESENT","E:\02_area\股衍数据-数据cookbook\sql-static-lineage-data\task-projections\tasks\232836\versions\bbbc9db084a4a12c886b661329e0feb19fce7fe9f901f9504dd86ffc771f4246.evidence-v3.json","E:\02_area\股衍数据-数据cookbook\sql-static-lineage-data\task-projections\tasks\232836\versions\bbbc9db084a4a12c886b661329e0feb19fce7fe9f901f9504dd86ffc771f4246.json"
"232836","sparkIndex","pdata_n.t98_info_divn_base_ecr","task:232836:statement:0:relation:root.casttable.setop.b0.setop.b0.setop.b0.setop.b0.setop.b0.setop.b1.div1.read.t98_info_divn_base_ecr","CONFIRMED","NON_LITERAL_PRESENT","E:\02_area\股衍数据-数据cookbook\sql-static-lineage-data\task-projections\tasks\232836\versions\bbbc9db084a4a12c886b661329e0feb19fce7fe9f901f9504dd86ffc771f4246.evidence-v3.json","E:\02_area\股衍数据-数据cookbook\sql-static-lineage-data\task-projections\tasks\232836\versions\bbbc9db084a4a12c886b661329e0feb19fce7fe9f901f9504dd86ffc771f4246.json"
"232836","sparkIndex","pdata_n.t98_info_divn_base_ecr","task:232836:statement:0:relation:root.casttable.setop.b0.setop.b0.setop.b0.setop.b0.setop.b0.setop.b1.div2.read.t98_info_divn_base_ecr","CONFIRMED","NON_LITERAL_PRESENT","E:\02_area\股衍数据-数据cookbook\sql-static-lineage-data\task-projections\tasks\232836\versions\bbbc9db084a4a12c886b661329e0feb19fce7fe9f901f9504dd86ffc771f4246.evidence-v3.json","E:\02_area\股衍数据-数据cookbook\sql-static-lineage-data\task-projections\tasks\232836\versions\bbbc9db084a4a12c886b661329e0feb19fce7fe9f901f9504dd86ffc771f4246.json"
"232836","sparkIndex","spdata_n.t98_ficc_trd_acct_hrch_info","task:232836:statement:0:relation:root.casttable.setop.b0.setop.b0.setop.b0.setop.b0.setop.b0.setop.b1.hrc.read.t98_ficc_trd_acct_hrch_info","CONFIRMED","NON_LITERAL_PRESENT","E:\02_area\股衍数据-数据cookbook\sql-static-lineage-data\task-projections\tasks\232836\versions\bbbc9db084a4a12c886b661329e0feb19fce7fe9f901f9504dd86ffc771f4246.evidence-v3.json","E:\02_area\股衍数据-数据cookbook\sql-static-lineage-data\task-projections\tasks\232836\versions\bbbc9db084a4a12c886b661329e0feb19fce7fe9f901f9504dd86ffc771f4246.json"
"232836","sparkIndex","spdata_n.t98_xir_cutp_hrch_info","task:232836:statement:0:relation:root.casttable.setop.b0.setop.b0.setop.b0.setop.b0.setop.b0.setop.b1.read.c","CONFIRMED","NON_LITERAL_PRESENT","E:\02_area\股衍数据-数据cookbook\sql-static-lineage-data\task-projections\tasks\232836\versions\bbbc9db084a4a12c886b661329e0feb19fce7fe9f901f9504dd86ffc771f4246.evidence-v3.json","E:\02_area\股衍数据-数据cookbook\sql-static-lineage-data\task-projections\tasks\232836\versions\bbbc9db084a4a12c886b661329e0feb19fce7fe9f901f9504dd86ffc771f4246.json"
"232836","sparkIndex","pdata_nds.s_v_crm_account_info","task:232836:statement:0:relation:root.casttable.setop.b0.setop.b0.setop.b0.setop.b0.setop.b0.setop.b1.y.read.s_v_crm_account_info","CONFIRMED","NON_LITERAL_PRESENT","E:\02_area\股衍数据-数据cookbook\sql-static-lineage-data\task-projections\tasks\232836\versions\bbbc9db084a4a12c886b661329e0feb19fce7fe9f901f9504dd86ffc771f4246.evidence-v3.json","E:\02_area\股衍数据-数据cookbook\sql-static-lineage-data\task-projections\tasks\232836\versions\bbbc9db084a4a12c886b661329e0feb19fce7fe9f901f9504dd86ffc771f4246.json"
"232836","sparkIndex","spdata_n.t98_xir_cutp_hrch_info","task:232836:statement:0:relation:root.casttable.setop.b0.setop.b0.setop.b0.setop.b0.setop.b1.read.c","CONFIRMED","NON_LITERAL_PRESENT","E:\02_area\股衍数据-数据cookbook\sql-static-lineage-data\task-projections\tasks\232836\versions\bbbc9db084a4a12c886b661329e0feb19fce7fe9f901f9504dd86ffc771f4246.evidence-v3.json","E:\02_area\股衍数据-数据cookbook\sql-static-lineage-data\task-projections\tasks\232836\versions\bbbc9db084a4a12c886b661329e0feb19fce7fe9f901f9504dd86ffc771f4246.json"
"232836","sparkIndex","pdata_nds.s_v_crm_account_info","task:232836:statement:0:relation:root.casttable.setop.b0.setop.b0.setop.b0.setop.b0.setop.b1.y.read.s_v_crm_account_info","CONFIRMED","NON_LITERAL_PRESENT","E:\02_area\股衍数据-数据cookbook\sql-static-lineage-data\task-projections\tasks\232836\versions\bbbc9db084a4a12c886b661329e0feb19fce7fe9f901f9504dd86ffc771f4246.evidence-v3.json","E:\02_area\股衍数据-数据cookbook\sql-static-lineage-data\task-projections\tasks\232836\versions\bbbc9db084a4a12c886b661329e0feb19fce7fe9f901f9504dd86ffc771f4246.json"
"232836","sparkIndex","spdata_n.t98_xir_cutp_hrch_info","task:232836:statement:0:relation:root.casttable.setop.b0.setop.b0.setop.b0.setop.b1.read.c","CONFIRMED","NON_LITERAL_PRESENT","E:\02_area\股衍数据-数据cookbook\sql-static-lineage-data\task-projections\tasks\232836\versions\bbbc9db084a4a12c886b661329e0feb19fce7fe9f901f9504dd86ffc771f4246.evidence-v3.json","E:\02_area\股衍数据-数据cookbook\sql-static-lineage-data\task-projections\tasks\232836\versions\bbbc9db084a4a12c886b661329e0feb19fce7fe9f901f9504dd86ffc771f4246.json"
"232836","sparkIndex","pdata_nds.s_v_crm_account_info","task:232836:statement:0:relation:root.casttable.setop.b0.setop.b0.setop.b0.setop.b1.y.read.s_v_crm_account_info","CONFIRMED","NON_LITERAL_PRESENT","E:\02_area\股衍数据-数据cookbook\sql-static-lineage-data\task-projections\tasks\232836\versions\bbbc9db084a4a12c886b661329e0feb19fce7fe9f901f9504dd86ffc771f4246.evidence-v3.json","E:\02_area\股衍数据-数据cookbook\sql-static-lineage-data\task-projections\tasks\232836\versions\bbbc9db084a4a12c886b661329e0feb19fce7fe9f901f9504dd86ffc771f4246.json"
"232836","sparkIndex","pdata_n.t98_info_divn_base_ecr","task:232836:statement:0:relation:root.casttable.setop.b0.setop.b0.setop.b1.div1.read.t98_info_divn_base_ecr","CONFIRMED","NON_LITERAL_PRESENT","E:\02_area\股衍数据-数据cookbook\sql-static-lineage-data\task-projections\tasks\232836\versions\bbbc9db084a4a12c886b661329e0feb19fce7fe9f901f9504dd86ffc771f4246.evidence-v3.json","E:\02_area\股衍数据-数据cookbook\sql-static-lineage-data\task-projections\tasks\232836\versions\bbbc9db084a4a12c886b661329e0feb19fce7fe9f901f9504dd86ffc771f4246.json"
"232836","sparkIndex","pdata_n.t98_info_divn_base_ecr","task:232836:statement:0:relation:root.casttable.setop.b0.setop.b0.setop.b1.div2.read.t98_info_divn_base_ecr","CONFIRMED","NON_LITERAL_PRESENT","E:\02_area\股衍数据-数据cookbook\sql-static-lineage-data\task-projections\tasks\232836\versions\bbbc9db084a4a12c886b661329e0feb19fce7fe9f901f9504dd86ffc771f4246.evidence-v3.json","E:\02_area\股衍数据-数据cookbook\sql-static-lineage-data\task-projections\tasks\232836\versions\bbbc9db084a4a12c886b661329e0feb19fce7fe9f901f9504dd86ffc771f4246.json"
"232836","sparkIndex","spdata_n.t98_ficc_trd_acct_hrch_info","task:232836:statement:0:relation:root.casttable.setop.b0.setop.b0.setop.b1.hrc.read.t98_ficc_trd_acct_hrch_info","CONFIRMED","NON_LITERAL_PRESENT","E:\02_area\股衍数据-数据cookbook\sql-static-lineage-data\task-projections\tasks\232836\versions\bbbc9db084a4a12c886b661329e0feb19fce7fe9f901f9504dd86ffc771f4246.evidence-v3.json","E:\02_area\股衍数据-数据cookbook\sql-static-lineage-data\task-projections\tasks\232836\versions\bbbc9db084a4a12c886b661329e0feb19fce7fe9f901f9504dd86ffc771f4246.json"
"232836","sparkIndex","spdata_n.t98_xir_cutp_hrch_info","task:232836:statement:0:relation:root.casttable.setop.b0.setop.b0.setop.b1.read.c","CONFIRMED","NON_LITERAL_PRESENT","E:\02_area\股衍数据-数据cookbook\sql-static-lineage-data\task-projections\tasks\232836\versions\bbbc9db084a4a12c886b661329e0feb19fce7fe9f901f9504dd86ffc771f4246.evidence-v3.json","E:\02_area\股衍数据-数据cookbook\sql-static-lineage-data\task-projections\tasks\232836\versions\bbbc9db084a4a12c886b661329e0feb19fce7fe9f901f9504dd86ffc771f4246.json"
"232836","sparkIndex","pdata_nds.s_v_crm_account_info","task:232836:statement:0:relation:root.casttable.setop.b0.setop.b0.setop.b1.y.read.s_v_crm_account_info","CONFIRMED","NON_LITERAL_PRESENT","E:\02_area\股衍数据-数据cookbook\sql-static-lineage-data\task-projections\tasks\232836\versions\bbbc9db084a4a12c886b661329e0feb19fce7fe9f901f9504dd86ffc771f4246.evidence-v3.json","E:\02_area\股衍数据-数据cookbook\sql-static-lineage-data\task-projections\tasks\232836\versions\bbbc9db084a4a12c886b661329e0feb19fce7fe9f901f9504dd86ffc771f4246.json"
"232836","sparkIndex","pdata_n.t98_info_divn_base_ecr","task:232836:statement:0:relation:root.casttable.setop.b0.setop.b1.div1.read.t98_info_divn_base_ecr","CONFIRMED","NON_LITERAL_PRESENT","E:\02_area\股衍数据-数据cookbook\sql-static-lineage-data\task-projections\tasks\232836\versions\bbbc9db084a4a12c886b661329e0feb19fce7fe9f901f9504dd86ffc771f4246.evidence-v3.json","E:\02_area\股衍数据-数据cookbook\sql-static-lineage-data\task-projections\tasks\232836\versions\bbbc9db084a4a12c886b661329e0feb19fce7fe9f901f9504dd86ffc771f4246.json"
"232836","sparkIndex","pdata_n.t98_info_divn_base_ecr","task:232836:statement:0:relation:root.casttable.setop.b0.setop.b1.div2.read.t98_info_divn_base_ecr","CONFIRMED","NON_LITERAL_PRESENT","E:\02_area\股衍数据-数据cookbook\sql-static-lineage-data\task-projections\tasks\232836\versions\bbbc9db084a4a12c886b661329e0feb19fce7fe9f901f9504dd86ffc771f4246.evidence-v3.json","E:\02_area\股衍数据-数据cookbook\sql-static-lineage-data\task-projections\tasks\232836\versions\bbbc9db084a4a12c886b661329e0feb19fce7fe9f901f9504dd86ffc771f4246.json"
"232836","sparkIndex","spdata_n.t98_ficc_trd_acct_hrch_info","task:232836:statement:0:relation:root.casttable.setop.b0.setop.b1.hrc.read.t98_ficc_trd_acct_hrch_info","CONFIRMED","NON_LITERAL_PRESENT","E:\02_area\股衍数据-数据cookbook\sql-static-lineage-data\task-projections\tasks\232836\versions\bbbc9db084a4a12c886b661329e0feb19fce7fe9f901f9504dd86ffc771f4246.evidence-v3.json","E:\02_area\股衍数据-数据cookbook\sql-static-lineage-data\task-projections\tasks\232836\versions\bbbc9db084a4a12c886b661329e0feb19fce7fe9f901f9504dd86ffc771f4246.json"
"232836","sparkIndex","spdata_n.t98_xir_cutp_hrch_info","task:232836:statement:0:relation:root.casttable.setop.b0.setop.b1.read.c","CONFIRMED","NON_LITERAL_PRESENT","E:\02_area\股衍数据-数据cookbook\sql-static-lineage-data\task-projections\tasks\232836\versions\bbbc9db084a4a12c886b661329e0feb19fce7fe9f901f9504dd86ffc771f4246.evidence-v3.json","E:\02_area\股衍数据-数据cookbook\sql-static-lineage-data\task-projections\tasks\232836\versions\bbbc9db084a4a12c886b661329e0feb19fce7fe9f901f9504dd86ffc771f4246.json"
"232836","sparkIndex","pdata_nds.s_v_crm_account_info","task:232836:statement:0:relation:root.casttable.setop.b0.setop.b1.y.read.s_v_crm_account_info","CONFIRMED","NON_LITERAL_PRESENT","E:\02_area\股衍数据-数据cookbook\sql-static-lineage-data\task-projections\tasks\232836\versions\bbbc9db084a4a12c886b661329e0feb19fce7fe9f901f9504dd86ffc771f4246.evidence-v3.json","E:\02_area\股衍数据-数据cookbook\sql-static-lineage-data\task-projections\tasks\232836\versions\bbbc9db084a4a12c886b661329e0feb19fce7fe9f901f9504dd86ffc771f4246.json"
"232836","sparkIndex","pdata_n.t98_info_divn_base_ecr","task:232836:statement:0:relation:root.casttable.setop.b1.div1.read.t98_info_divn_base_ecr","CONFIRMED","NON_LITERAL_PRESENT","E:\02_area\股衍数据-数据cookbook\sql-static-lineage-data\task-projections\tasks\232836\versions\bbbc9db084a4a12c886b661329e0feb19fce7fe9f901f9504dd86ffc771f4246.evidence-v3.json","E:\02_area\股衍数据-数据cookbook\sql-static-lineage-data\task-projections\tasks\232836\versions\bbbc9db084a4a12c886b661329e0feb19fce7fe9f901f9504dd86ffc771f4246.json"
"232836","sparkIndex","pdata_n.t98_info_divn_base_ecr","task:232836:statement:0:relation:root.casttable.setop.b1.div2.read.t98_info_divn_base_ecr","CONFIRMED","NON_LITERAL_PRESENT","E:\02_area\股衍数据-数据cookbook\sql-static-lineage-data\task-projections\tasks\232836\versions\bbbc9db084a4a12c886b661329e0feb19fce7fe9f901f9504dd86ffc771f4246.evidence-v3.json","E:\02_area\股衍数据-数据cookbook\sql-static-lineage-data\task-projections\tasks\232836\versions\bbbc9db084a4a12c886b661329e0feb19fce7fe9f901f9504dd86ffc771f4246.json"
"232836","sparkIndex","spdata_n.t98_ficc_trd_acct_hrch_info","task:232836:statement:0:relation:root.casttable.setop.b1.hrc.read.t98_ficc_trd_acct_hrch_info","CONFIRMED","NON_LITERAL_PRESENT","E:\02_area\股衍数据-数据cookbook\sql-static-lineage-data\task-projections\tasks\232836\versions\bbbc9db084a4a12c886b661329e0feb19fce7fe9f901f9504dd86ffc771f4246.evidence-v3.json","E:\02_area\股衍数据-数据cookbook\sql-static-lineage-data\task-projections\tasks\232836\versions\bbbc9db084a4a12c886b661329e0feb19fce7fe9f901f9504dd86ffc771f4246.json"
"232836","sparkIndex","spdata_n.t98_xir_cutp_hrch_info","task:232836:statement:0:relation:root.casttable.setop.b1.read.c","CONFIRMED","NON_LITERAL_PRESENT","E:\02_area\股衍数据-数据cookbook\sql-static-lineage-data\task-projections\tasks\232836\versions\bbbc9db084a4a12c886b661329e0feb19fce7fe9f901f9504dd86ffc771f4246.evidence-v3.json","E:\02_area\股衍数据-数据cookbook\sql-static-lineage-data\task-projections\tasks\232836\versions\bbbc9db084a4a12c886b661329e0feb19fce7fe9f901f9504dd86ffc771f4246.json"
"232836","sparkIndex","pdata_nds.s_v_crm_account_info","task:232836:statement:0:relation:root.casttable.setop.b1.y.read.s_v_crm_account_info","CONFIRMED","NON_LITERAL_PRESENT","E:\02_area\股衍数据-数据cookbook\sql-static-lineage-data\task-projections\tasks\232836\versions\bbbc9db084a4a12c886b661329e0feb19fce7fe9f901f9504dd86ffc771f4246.evidence-v3.json","E:\02_area\股衍数据-数据cookbook\sql-static-lineage-data\task-projections\tasks\232836\versions\bbbc9db084a4a12c886b661329e0feb19fce7fe9f901f9504dd86ffc771f4246.json"
"234130","sparkIndex","pdata_nds.aum_org_base_info","task:234130:statement:0:relation:root.(child-1).read.aum_org_base_info","CONFIRMED","NON_LITERAL_PRESENT","E:\02_area\股衍数据-数据cookbook\sql-static-lineage-data\task-projections\tasks\234130\versions\15275c84c9b7700f83d5c6296a8539b93b69c0d1aef69f8e7d887b422187b5d5.evidence-v3.json","E:\02_area\股衍数据-数据cookbook\sql-static-lineage-data\task-projections\tasks\234130\versions\15275c84c9b7700f83d5c6296a8539b93b69c0d1aef69f8e7d887b422187b5d5.json"
"234147","sparkIndex","dm_index_n.wt_cust_aum_income_fullcali_adv_linear_score","task:234147:statement:0:relation:root.(child).n.setop.b0.setop.b0.setop.b0.setop.b0.setop.b0.setop.b0.setop.b0.setop.b0.setop.b0.setop.b0.setop.b0.setop.b1.read.wt_cust_aum_income_fullcali_adv_linear_score","CONFIRMED","LITERAL","E:\02_area\股衍数据-数据cookbook\sql-static-lineage-data\task-projections\tasks\234147\versions\0bc6e6ea40efdaf08d442021ff7fb6b5a3669129c40080007b4e12506f1c8088.evidence-v3.json","E:\02_area\股衍数据-数据cookbook\sql-static-lineage-data\task-projections\tasks\234147\versions\0bc6e6ea40efdaf08d442021ff7fb6b5a3669129c40080007b4e12506f1c8088.json"
"234147","sparkIndex","dm_index_n.wt_cust_aum_propincrsrate_fullcali_rate_linear_score","task:234147:statement:0:relation:root.(child).n.setop.b0.setop.b0.setop.b0.setop.b0.setop.b0.setop.b0.setop.b0.setop.b0.setop.b0.setop.b0.setop.b1.read.wt_cust_aum_propincrsrate_fullcali_rate_linear_score","CONFIRMED","LITERAL","E:\02_area\股衍数据-数据cookbook\sql-static-lineage-data\task-projections\tasks\234147\versions\0bc6e6ea40efdaf08d442021ff7fb6b5a3669129c40080007b4e12506f1c8088.evidence-v3.json","E:\02_area\股衍数据-数据cookbook\sql-static-lineage-data\task-projections\tasks\234147\versions\0bc6e6ea40efdaf08d442021ff7fb6b5a3669129c40080007b4e12506f1c8088.json"
"234147","sparkIndex","dm_index_n.wt_cust_aum_aumnetast_muyield_fullcali_linear_score","task:234147:statement:0:relation:root.(child).n.setop.b0.setop.b0.setop.b0.setop.b0.setop.b0.setop.b0.setop.b0.setop.b0.setop.b1.read.wt_cust_aum_aumnetast_muyield_fullcali_linear_score","CONFIRMED","LITERAL","E:\02_area\股衍数据-数据cookbook\sql-static-lineage-data\task-projections\tasks\234147\versions\0bc6e6ea40efdaf08d442021ff7fb6b5a3669129c40080007b4e12506f1c8088.evidence-v3.json","E:\02_area\股衍数据-数据cookbook\sql-static-lineage-data\task-projections\tasks\234147\versions\0bc6e6ea40efdaf08d442021ff7fb6b5a3669129c40080007b4e12506f1c8088.json"
"234147","sparkIndex","dm_index_n.wt_cust_aum_aumnav_linear_score","task:234147:statement:0:relation:root.(child).n.setop.b0.setop.b0.setop.b0.setop.b0.setop.b0.setop.b0.setop.b0.setop.b1.read.wt_cust_aum_aumnav_linear_score","CONFIRMED","LITERAL","E:\02_area\股衍数据-数据cookbook\sql-static-lineage-data\task-projections\tasks\234147\versions\0bc6e6ea40efdaf08d442021ff7fb6b5a3669129c40080007b4e12506f1c8088.evidence-v3.json","E:\02_area\股衍数据-数据cookbook\sql-static-lineage-data\task-projections\tasks\234147\versions\0bc6e6ea40efdaf08d442021ff7fb6b5a3669129c40080007b4e12506f1c8088.json"
"234147","sparkIndex","dm_index_n.wt_cust_aum_wxent_penetration_score","task:234147:statement:0:relation:root.(child).n.setop.b0.setop.b0.setop.b0.setop.b0.setop.b0.setop.b0.setop.b1.read.wt_cust_aum_wxent_penetration_score","CONFIRMED","LITERAL","E:\02_area\股衍数据-数据cookbook\sql-static-lineage-data\task-projections\tasks\234147\versions\0bc6e6ea40efdaf08d442021ff7fb6b5a3669129c40080007b4e12506f1c8088.evidence-v3.json","E:\02_area\股衍数据-数据cookbook\sql-static-lineage-data\task-projections\tasks\234147\versions\0bc6e6ea40efdaf08d442021ff7fb6b5a3669129c40080007b4e12506f1c8088.json"
"234147","sparkIndex","dm_index_n.wt_cust_aum_wxent_penetration_score","task:234147:statement:0:relation:root.(child).n.setop.b0.setop.b0.setop.b0.setop.b0.setop.b0.setop.b1.read.wt_cust_aum_wxent_penetration_score","CONFIRMED","LITERAL","E:\02_area\股衍数据-数据cookbook\sql-static-lineage-data\task-projections\tasks\234147\versions\0bc6e6ea40efdaf08d442021ff7fb6b5a3669129c40080007b4e12506f1c8088.evidence-v3.json","E:\02_area\股衍数据-数据cookbook\sql-static-lineage-data\task-projections\tasks\234147\versions\0bc6e6ea40efdaf08d442021ff7fb6b5a3669129c40080007b4e12506f1c8088.json"
"234147","sparkIndex","dm_index_n.wt_cust_aum_wxent_penetration_score","task:234147:statement:0:relation:root.(child).n.setop.b0.setop.b0.setop.b0.setop.b0.setop.b1.read.wt_cust_aum_wxent_penetration_score","CONFIRMED","LITERAL","E:\02_area\股衍数据-数据cookbook\sql-static-lineage-data\task-projections\tasks\234147\versions\0bc6e6ea40efdaf08d442021ff7fb6b5a3669129c40080007b4e12506f1c8088.evidence-v3.json","E:\02_area\股衍数据-数据cookbook\sql-static-lineage-data\task-projections\tasks\234147\versions\0bc6e6ea40efdaf08d442021ff7fb6b5a3669129c40080007b4e12506f1c8088.json"
"234147","sparkIndex","dm_index_n.wt_cust_aum_wxent_penetration_score","task:234147:statement:0:relation:root.(child).n.setop.b0.setop.b0.setop.b0.setop.b1.read.wt_cust_aum_wxent_penetration_score","CONFIRMED","LITERAL","E:\02_area\股衍数据-数据cookbook\sql-static-lineage-data\task-projections\tasks\234147\versions\0bc6e6ea40efdaf08d442021ff7fb6b5a3669129c40080007b4e12506f1c8088.evidence-v3.json","E:\02_area\股衍数据-数据cookbook\sql-static-lineage-data\task-projections\tasks\234147\versions\0bc6e6ea40efdaf08d442021ff7fb6b5a3669129c40080007b4e12506f1c8088.json"
"234147","sparkIndex","dm_index_n.wt_cust_aum_wxent_penetration_score","task:234147:statement:0:relation:root.(child).n.setop.b0.setop.b0.setop.b1.read.wt_cust_aum_wxent_penetration_score","CONFIRMED","LITERAL","E:\02_area\股衍数据-数据cookbook\sql-static-lineage-data\task-projections\tasks\234147\versions\0bc6e6ea40efdaf08d442021ff7fb6b5a3669129c40080007b4e12506f1c8088.evidence-v3.json","E:\02_area\股衍数据-数据cookbook\sql-static-lineage-data\task-projections\tasks\234147\versions\0bc6e6ea40efdaf08d442021ff7fb6b5a3669129c40080007b4e12506f1c8088.json"
"234147","sparkIndex","dm_index_n.wt_cust_aum_wxent_penetration_score","task:234147:statement:0:relation:root.(child).n.setop.b0.setop.b1.read.wt_cust_aum_wxent_penetration_score","CONFIRMED","LITERAL","E:\02_area\股衍数据-数据cookbook\sql-static-lineage-data\task-projections\tasks\234147\versions\0bc6e6ea40efdaf08d442021ff7fb6b5a3669129c40080007b4e12506f1c8088.evidence-v3.json","E:\02_area\股衍数据-数据cookbook\sql-static-lineage-data\task-projections\tasks\234147\versions\0bc6e6ea40efdaf08d442021ff7fb6b5a3669129c40080007b4e12506f1c8088.json"
"234147","sparkIndex","dm_index_n.wt_cust_aum_wxent_penetration_score","task:234147:statement:0:relation:root.(child).n.setop.b1.read.wt_cust_aum_wxent_penetration_score","CONFIRMED","LITERAL","E:\02_area\股衍数据-数据cookbook\sql-static-lineage-data\task-projections\tasks\234147\versions\0bc6e6ea40efdaf08d442021ff7fb6b5a3669129c40080007b4e12506f1c8088.evidence-v3.json","E:\02_area\股衍数据-数据cookbook\sql-static-lineage-data\task-projections\tasks\234147\versions\0bc6e6ea40efdaf08d442021ff7fb6b5a3669129c40080007b4e12506f1c8088.json"
"234147","sparkIndex","pdata_nds.aum_org_base_info","task:234147:statement:0:relation:root.(child-4).t1.read.aum_org_base_info","CONFIRMED","LITERAL","E:\02_area\股衍数据-数据cookbook\sql-static-lineage-data\task-projections\tasks\234147\versions\0bc6e6ea40efdaf08d442021ff7fb6b5a3669129c40080007b4e12506f1c8088.evidence-v3.json","E:\02_area\股衍数据-数据cookbook\sql-static-lineage-data\task-projections\tasks\234147\versions\0bc6e6ea40efdaf08d442021ff7fb6b5a3669129c40080007b4e12506f1c8088.json"
"234147","sparkIndex","pdata_nds.aum_org_base_info","task:234147:statement:0:relation:root.(child-4).t2.read.aum_org_base_info","CONFIRMED","LITERAL","E:\02_area\股衍数据-数据cookbook\sql-static-lineage-data\task-projections\tasks\234147\versions\0bc6e6ea40efdaf08d442021ff7fb6b5a3669129c40080007b4e12506f1c8088.evidence-v3.json","E:\02_area\股衍数据-数据cookbook\sql-static-lineage-data\task-projections\tasks\234147\versions\0bc6e6ea40efdaf08d442021ff7fb6b5a3669129c40080007b4e12506f1c8088.json"
"234954","sparkIndex","dm_index_n.index_grp1_ast","task:234954:statement:0:relation:root.(child-2).t2.setop.b0.setop.b0.setop.b0.setop.b0.setop.b0.setop.b0.setop.b0.setop.b0.setop.b0.setop.b0.setop.b0.setop.b0.setop.b0.setop.b0.setop.b0.setop.b0.setop.b0.read.index_grp1_ast","CONFIRMED","LITERAL","E:\02_area\股衍数据-数据cookbook\sql-static-lineage-data\task-projections\tasks\234954\versions\bb8f76cc242b60c026e6d38ceda36031817bd0bd60805562fb76fd0c6a62fff9.evidence-v3.json","E:\02_area\股衍数据-数据cookbook\sql-static-lineage-data\task-projections\tasks\234954\versions\bb8f76cc242b60c026e6d38ceda36031817bd0bd60805562fb76fd0c6a62fff9.json"
"234954","sparkIndex","dm_index_n.index_grp1_ast","task:234954:statement:0:relation:root.(child-2).t2.setop.b0.setop.b0.setop.b0.setop.b0.setop.b0.setop.b0.setop.b0.setop.b0.setop.b0.setop.b0.setop.b0.setop.b0.setop.b0.setop.b0.setop.b0.setop.b0.setop.b1.read.index_grp1_ast","CONFIRMED","NON_LITERAL_PRESENT","E:\02_area\股衍数据-数据cookbook\sql-static-lineage-data\task-projections\tasks\234954\versions\bb8f76cc242b60c026e6d38ceda36031817bd0bd60805562fb76fd0c6a62fff9.evidence-v3.json","E:\02_area\股衍数据-数据cookbook\sql-static-lineage-data\task-projections\tasks\234954\versions\bb8f76cc242b60c026e6d38ceda36031817bd0bd60805562fb76fd0c6a62fff9.json"
"234954","sparkIndex","dm_index_n.index_grp1_cust_incm_allcali_mth_all","task:234954:statement:0:relation:root.(child-2).t2.setop.b0.setop.b0.setop.b0.setop.b0.setop.b0.setop.b0.setop.b0.setop.b0.setop.b0.setop.b0.setop.b0.setop.b0.setop.b1.read.index_grp1_cust_incm_allcali_mth_all","CONFIRMED","NON_LITERAL_PRESENT","E:\02_area\股衍数据-数据cookbook\sql-static-lineage-data\task-projections\tasks\234954\versions\bb8f76cc242b60c026e6d38ceda36031817bd0bd60805562fb76fd0c6a62fff9.evidence-v3.json","E:\02_area\股衍数据-数据cookbook\sql-static-lineage-data\task-projections\tasks\234954\versions\bb8f76cc242b60c026e6d38ceda36031817bd0bd60805562fb76fd0c6a62fff9.json"
"234954","sparkIndex","dm_index_n.index_grp1_cust_incm_allcali_mth_all","task:234954:statement:0:relation:root.(child-2).t2.setop.b0.setop.b0.setop.b0.setop.b0.setop.b0.setop.b0.setop.b0.setop.b0.setop.b0.setop.b0.setop.b0.setop.b1.read.index_grp1_cust_incm_allcali_mth_all","CONFIRMED","NON_LITERAL_PRESENT","E:\02_area\股衍数据-数据cookbook\sql-static-lineage-data\task-projections\tasks\234954\versions\bb8f76cc242b60c026e6d38ceda36031817bd0bd60805562fb76fd0c6a62fff9.evidence-v3.json","E:\02_area\股衍数据-数据cookbook\sql-static-lineage-data\task-projections\tasks\234954\versions\bb8f76cc242b60c026e6d38ceda36031817bd0bd60805562fb76fd0c6a62fff9.json"
"234954","sparkIndex","dm_index_n.index_grp1_cust_nav_aum_tdy_all","task:234954:statement:0:relation:root.(child-2).t2.setop.b0.setop.b0.setop.b0.setop.b0.setop.b0.setop.b0.setop.b0.setop.b0.setop.b0.setop.b0.setop.b1.read.index_grp1_cust_nav_aum_tdy_all","CONFIRMED","LITERAL","E:\02_area\股衍数据-数据cookbook\sql-static-lineage-data\task-projections\tasks\234954\versions\bb8f76cc242b60c026e6d38ceda36031817bd0bd60805562fb76fd0c6a62fff9.evidence-v3.json","E:\02_area\股衍数据-数据cookbook\sql-static-lineage-data\task-projections\tasks\234954\versions\bb8f76cc242b60c026e6d38ceda36031817bd0bd60805562fb76fd0c6a62fff9.json"
"234954","sparkIndex","dm_index_n.index_grp1_cust_nav_aum_tdy_all","task:234954:statement:0:relation:root.(child-2).t2.setop.b0.setop.b0.setop.b0.setop.b0.setop.b0.setop.b0.setop.b0.setop.b0.setop.b0.setop.b1.read.index_grp1_cust_nav_aum_tdy_all","CONFIRMED","NON_LITERAL_PRESENT","E:\02_area\股衍数据-数据cookbook\sql-static-lineage-data\task-projections\tasks\234954\versions\bb8f76cc242b60c026e6d38ceda36031817bd0bd60805562fb76fd0c6a62fff9.evidence-v3.json","E:\02_area\股衍数据-数据cookbook\sql-static-lineage-data\task-projections\tasks\234954\versions\bb8f76cc242b60c026e6d38ceda36031817bd0bd60805562fb76fd0c6a62fff9.json"
"234954","sparkIndex","dm_index_n.index_grp1_cust_aumnetast_muyield_fullcali_mth_all","task:234954:statement:0:relation:root.(child-2).t2.setop.b0.setop.b0.setop.b0.setop.b0.setop.b0.setop.b0.setop.b0.setop.b1.read.a","CONFIRMED","LITERAL","E:\02_area\股衍数据-数据cookbook\sql-static-lineage-data\task-projections\tasks\234954\versions\bb8f76cc242b60c026e6d38ceda36031817bd0bd60805562fb76fd0c6a62fff9.evidence-v3.json","E:\02_area\股衍数据-数据cookbook\sql-static-lineage-data\task-projections\tasks\234954\versions\bb8f76cc242b60c026e6d38ceda36031817bd0bd60805562fb76fd0c6a62fff9.json"
"234954","sparkIndex","dm_index_n.grp_tag_client_is_kyc_accts","task:234954:statement:0:relation:root.(child-2).t2.setop.b0.setop.b0.setop.b0.setop.b0.setop.b0.setop.b0.setop.b1.read.t","CONFIRMED","LITERAL","E:\02_area\股衍数据-数据cookbook\sql-static-lineage-data\task-projections\tasks\234954\versions\bb8f76cc242b60c026e6d38ceda36031817bd0bd60805562fb76fd0c6a62fff9.evidence-v3.json","E:\02_area\股衍数据-数据cookbook\sql-static-lineage-data\task-projections\tasks\234954\versions\bb8f76cc242b60c026e6d38ceda36031817bd0bd60805562fb76fd0c6a62fff9.json"
"234954","sparkIndex","dm_index_n.grp_tag_client_is_impsrv","task:234954:statement:0:relation:root.(child-2).t2.setop.b0.setop.b0.setop.b0.setop.b0.setop.b0.setop.b1.read.t","CONFIRMED","LITERAL","E:\02_area\股衍数据-数据cookbook\sql-static-lineage-data\task-projections\tasks\234954\versions\bb8f76cc242b60c026e6d38ceda36031817bd0bd60805562fb76fd0c6a62fff9.evidence-v3.json","E:\02_area\股衍数据-数据cookbook\sql-static-lineage-data\task-projections\tasks\234954\versions\bb8f76cc242b60c026e6d38ceda36031817bd0bd60805562fb76fd0c6a62fff9.json"
"234954","sparkIndex","dm_index_n.grp_tag_client_cust_year_ia_nws_new_addsign","task:234954:statement:0:relation:root.(child-2).t2.setop.b0.setop.b0.setop.b0.setop.b0.setop.b1.read.t","CONFIRMED","LITERAL","E:\02_area\股衍数据-数据cookbook\sql-static-lineage-data\task-projections\tasks\234954\versions\bb8f76cc242b60c026e6d38ceda36031817bd0bd60805562fb76fd0c6a62fff9.evidence-v3.json","E:\02_area\股衍数据-数据cookbook\sql-static-lineage-data\task-projections\tasks\234954\versions\bb8f76cc242b60c026e6d38ceda36031817bd0bd60805562fb76fd0c6a62fff9.json"
"234954","sparkIndex","dm_index_n.grp_tag_client_cust_year_product_tenure","task:234954:statement:0:relation:root.(child-2).t2.setop.b0.setop.b0.setop.b0.setop.b1.read.t","CONFIRMED","LITERAL","E:\02_area\股衍数据-数据cookbook\sql-static-lineage-data\task-projections\tasks\234954\versions\bb8f76cc242b60c026e6d38ceda36031817bd0bd60805562fb76fd0c6a62fff9.evidence-v3.json","E:\02_area\股衍数据-数据cookbook\sql-static-lineage-data\task-projections\tasks\234954\versions\bb8f76cc242b60c026e6d38ceda36031817bd0bd60805562fb76fd0c6a62fff9.json"
"234954","sparkIndex","dm_index_n.grp_tag_indv_cust_cust_year_buyria_newadd","task:234954:statement:0:relation:root.(child-2).t2.setop.b0.setop.b1.read.t","CONFIRMED","LITERAL","E:\02_area\股衍数据-数据cookbook\sql-static-lineage-data\task-projections\tasks\234954\versions\bb8f76cc242b60c026e6d38ceda36031817bd0bd60805562fb76fd0c6a62fff9.evidence-v3.json","E:\02_area\股衍数据-数据cookbook\sql-static-lineage-data\task-projections\tasks\234954\versions\bb8f76cc242b60c026e6d38ceda36031817bd0bd60805562fb76fd0c6a62fff9.json"
"234954","sparkIndex","dm_index_n.grp_tag_client_cust_year_marg_permeation","task:234954:statement:0:relation:root.(child-2).t2.setop.b1.read.t","CONFIRMED","LITERAL","E:\02_area\股衍数据-数据cookbook\sql-static-lineage-data\task-projections\tasks\234954\versions\bb8f76cc242b60c026e6d38ceda36031817bd0bd60805562fb76fd0c6a62fff9.evidence-v3.json","E:\02_area\股衍数据-数据cookbook\sql-static-lineage-data\task-projections\tasks\234954\versions\bb8f76cc242b60c026e6d38ceda36031817bd0bd60805562fb76fd0c6a62fff9.json"
"235142","sparkIndex","dm_index_n.grp_tag_client_aum_perf_exam","task:235142:statement:0:relation:root.index.t.b.b2.setop.b0.setop.b0.b22.b22_1.read.a","CONFIRMED","NON_LITERAL_PRESENT","E:\02_area\股衍数据-数据cookbook\sql-static-lineage-data\task-projections\tasks\235142\versions\2c72d723d1b04e6b583290f47dc2fe59b17e3ff12a6224b0433d5a3960fd5704.evidence-v3.json","E:\02_area\股衍数据-数据cookbook\sql-static-lineage-data\task-projections\tasks\235142\versions\2c72d723d1b04e6b583290f47dc2fe59b17e3ff12a6224b0433d5a3960fd5704.json"
"235871","sparkIndex","dm_index_n.grp_tag_client_aum_perf_exam","task:235871:statement:0:relation:root.index.t2.read.grp_tag_client_aum_perf_exam","CONFIRMED","LITERAL","E:\02_area\股衍数据-数据cookbook\sql-static-lineage-data\task-projections\tasks\235871\versions\c145566d0cddb251193b706e1a8559c2397b20f40da90c42eee929b1924e3c06.evidence-v3.json","E:\02_area\股衍数据-数据cookbook\sql-static-lineage-data\task-projections\tasks\235871\versions\c145566d0cddb251193b706e1a8559c2397b20f40da90c42eee929b1924e3c06.json"
"235878","sparkIndex","dm_index_n.grp_tag_client_aum_perf_exam","task:235878:statement:0:relation:root.index.t2.read.grp_tag_client_aum_perf_exam","CONFIRMED","LITERAL","E:\02_area\股衍数据-数据cookbook\sql-static-lineage-data\task-projections\tasks\235878\versions\33843fab35575af87b136007aca95778fb1f97438029a23b996739054fa08eee.evidence-v3.json","E:\02_area\股衍数据-数据cookbook\sql-static-lineage-data\task-projections\tasks\235878\versions\33843fab35575af87b136007aca95778fb1f97438029a23b996739054fa08eee.json"
"236184","sparkIndex","pdata_nds.aum_asset_ast_style_cd","task:236184:statement:0:relation:root.casttable.t4.read.aum_asset_ast_style_cd","CONFIRMED","NON_LITERAL_PRESENT","E:\02_area\股衍数据-数据cookbook\sql-static-lineage-data\task-projections\tasks\236184\versions\46f9c4c6c65f6f3a68af9fbc039cc5130608b8df1933dd96289a23016367c7f1.evidence-v3.json","E:\02_area\股衍数据-数据cookbook\sql-static-lineage-data\task-projections\tasks\236184\versions\46f9c4c6c65f6f3a68af9fbc039cc5130608b8df1933dd96289a23016367c7f1.json"
"236275","sparkIndex","dm_index_n.grp_tag_client_aum_perf_exam","task:236275:statement:0:relation:root.(child-1).read.a","CONFIRMED","LITERAL","E:\02_area\股衍数据-数据cookbook\sql-static-lineage-data\task-projections\tasks\236275\versions\b070003a4c1ad3ccf4993f1fd5fab4a44623c066637e66a338b93b7ab8fa4806.evidence-v3.json","E:\02_area\股衍数据-数据cookbook\sql-static-lineage-data\task-projections\tasks\236275\versions\b070003a4c1ad3ccf4993f1fd5fab4a44623c066637e66a338b93b7ab8fa4806.json"
"236483","sparkIndex","dm_index_n.index_grp1_cust_income_fullcali_mth_ricc","task:236483:statement:0:relation:root.(child).k.t1.read.index_grp1_cust_income_fullcali_mth_ricc","CONFIRMED","NON_LITERAL_PRESENT","E:\02_area\股衍数据-数据cookbook\sql-static-lineage-data\task-projections\tasks\236483\versions\62fedad43d11562f7e4465ac0ae06f1f641583e10ef48d6b0950dde684cb53c2.evidence-v3.json","E:\02_area\股衍数据-数据cookbook\sql-static-lineage-data\task-projections\tasks\236483\versions\62fedad43d11562f7e4465ac0ae06f1f641583e10ef48d6b0950dde684cb53c2.json"
"236483","sparkIndex","dm_index_n.index_grp1_cust_income_fullcali_mth_ricc","task:236483:statement:0:relation:root.(child-1).it2.it1.setop.b0.setop.b0.setop.b1.read.index_grp1_cust_income_fullcali_mth_ricc","CONFIRMED","NON_LITERAL_PRESENT","E:\02_area\股衍数据-数据cookbook\sql-static-lineage-data\task-projections\tasks\236483\versions\62fedad43d11562f7e4465ac0ae06f1f641583e10ef48d6b0950dde684cb53c2.evidence-v3.json","E:\02_area\股衍数据-数据cookbook\sql-static-lineage-data\task-projections\tasks\236483\versions\62fedad43d11562f7e4465ac0ae06f1f641583e10ef48d6b0950dde684cb53c2.json"
"236483","sparkIndex","dm_index_n.index_grp1_cust_income_fullcali_mth_ricc","task:236483:statement:0:relation:root.(child-1).it2.it1.setop.b0.setop.b1.read.index_grp1_cust_income_fullcali_mth_ricc","CONFIRMED","NON_LITERAL_PRESENT","E:\02_area\股衍数据-数据cookbook\sql-static-lineage-data\task-projections\tasks\236483\versions\62fedad43d11562f7e4465ac0ae06f1f641583e10ef48d6b0950dde684cb53c2.evidence-v3.json","E:\02_area\股衍数据-数据cookbook\sql-static-lineage-data\task-projections\tasks\236483\versions\62fedad43d11562f7e4465ac0ae06f1f641583e10ef48d6b0950dde684cb53c2.json"
"237113","sparkIndex","dm_index_n.grp_tag_client_is_cur_year_mts_valid_client","task:237113:statement:0:relation:root.(child).a.d.a.read.grp_tag_client_is_cur_year_mts_valid_client","CONFIRMED","LITERAL","E:\02_area\股衍数据-数据cookbook\sql-static-lineage-data\task-projections\tasks\237113\versions\6457dd16ed5e3dc35980de9f068f6e750fdc711deabd5b207badd47f0d8a81a2.evidence-v3.json","E:\02_area\股衍数据-数据cookbook\sql-static-lineage-data\task-projections\tasks\237113\versions\6457dd16ed5e3dc35980de9f068f6e750fdc711deabd5b207badd47f0d8a81a2.json"
"237113","sparkIndex","dm_index_n.index_grp_become_mts_valid_client_time_cur_year","task:237113:statement:0:relation:root.(child).a.d.b.read.index_grp_become_mts_valid_client_time_cur_year","CONFIRMED","LITERAL","E:\02_area\股衍数据-数据cookbook\sql-static-lineage-data\task-projections\tasks\237113\versions\6457dd16ed5e3dc35980de9f068f6e750fdc711deabd5b207badd47f0d8a81a2.evidence-v3.json","E:\02_area\股衍数据-数据cookbook\sql-static-lineage-data\task-projections\tasks\237113\versions\6457dd16ed5e3dc35980de9f068f6e750fdc711deabd5b207badd47f0d8a81a2.json"
"237113","sparkIndex","dm_index_n.index_grp1_margliabdate_last_tdy","task:237113:statement:0:relation:root.(child).a.f.read.index_grp1_margliabdate_last_tdy","CONFIRMED","LITERAL","E:\02_area\股衍数据-数据cookbook\sql-static-lineage-data\task-projections\tasks\237113\versions\6457dd16ed5e3dc35980de9f068f6e750fdc711deabd5b207badd47f0d8a81a2.evidence-v3.json","E:\02_area\股衍数据-数据cookbook\sql-static-lineage-data\task-projections\tasks\237113\versions\6457dd16ed5e3dc35980de9f068f6e750fdc711deabd5b207badd47f0d8a81a2.json"
"237113","sparkIndex","dm_index_n.index_grp_mts_actv_date_filter_by_client","task:237113:statement:0:relation:root.(child).a.g.read.index_grp_mts_actv_date_filter_by_client","CONFIRMED","LITERAL","E:\02_area\股衍数据-数据cookbook\sql-static-lineage-data\task-projections\tasks\237113\versions\6457dd16ed5e3dc35980de9f068f6e750fdc711deabd5b207badd47f0d8a81a2.evidence-v3.json","E:\02_area\股衍数据-数据cookbook\sql-static-lineage-data\task-projections\tasks\237113\versions\6457dd16ed5e3dc35980de9f068f6e750fdc711deabd5b207badd47f0d8a81a2.json"
"237113","sparkIndex","dm_index_n.grp_tag_client_is_mts_qual_pcus","task:237113:statement:0:relation:root.(child).b.t1.read.grp_tag_client_is_mts_qual_pcus","CONFIRMED","LITERAL","E:\02_area\股衍数据-数据cookbook\sql-static-lineage-data\task-projections\tasks\237113\versions\6457dd16ed5e3dc35980de9f068f6e750fdc711deabd5b207badd47f0d8a81a2.evidence-v3.json","E:\02_area\股衍数据-数据cookbook\sql-static-lineage-data\task-projections\tasks\237113\versions\6457dd16ed5e3dc35980de9f068f6e750fdc711deabd5b207badd47f0d8a81a2.json"
"237421","sparkIndex","pdata_nds.aum_org_base_info","task:237421:statement:0:relation:root.(child-1).read.aum_org_base_info","CONFIRMED","NON_LITERAL_PRESENT","E:\02_area\股衍数据-数据cookbook\sql-static-lineage-data\task-projections\tasks\237421\versions\5783de5528accd301d7fe6e2ff8105647fff3374727c2cb73f4f5f13b39e03ca.evidence-v3.json","E:\02_area\股衍数据-数据cookbook\sql-static-lineage-data\task-projections\tasks\237421\versions\5783de5528accd301d7fe6e2ff8105647fff3374727c2cb73f4f5f13b39e03ca.json"
"237421","sparkIndex","dm_index_n.index_grp1_cust_incm_allcali_mth_all","task:237421:statement:0:relation:root.(child-4).read.index_grp1_cust_incm_allcali_mth_all","CONFIRMED","NON_LITERAL_PRESENT","E:\02_area\股衍数据-数据cookbook\sql-static-lineage-data\task-projections\tasks\237421\versions\5783de5528accd301d7fe6e2ff8105647fff3374727c2cb73f4f5f13b39e03ca.evidence-v3.json","E:\02_area\股衍数据-数据cookbook\sql-static-lineage-data\task-projections\tasks\237421\versions\5783de5528accd301d7fe6e2ff8105647fff3374727c2cb73f4f5f13b39e03ca.json"
"237421","sparkIndex","dm_index_n.index_cust_prd_emp_kpiexamindx_finprd_day","task:237421:statement:0:relation:root.(child-5).a.read.index_cust_prd_emp_kpiexamindx_finprd_day","CONFIRMED","NON_LITERAL_PRESENT","E:\02_area\股衍数据-数据cookbook\sql-static-lineage-data\task-projections\tasks\237421\versions\5783de5528accd301d7fe6e2ff8105647fff3374727c2cb73f4f5f13b39e03ca.evidence-v3.json","E:\02_area\股衍数据-数据cookbook\sql-static-lineage-data\task-projections\tasks\237421\versions\5783de5528accd301d7fe6e2ff8105647fff3374727c2cb73f4f5f13b39e03ca.json"
"237421","sparkIndex","dm_index_n.grp_cust_open_marg_flag","task:237421:statement:0:relation:root.(child-9).t2.read.grp_cust_open_marg_flag","CONFIRMED","NON_LITERAL_PRESENT","E:\02_area\股衍数据-数据cookbook\sql-static-lineage-data\task-projections\tasks\237421\versions\5783de5528accd301d7fe6e2ff8105647fff3374727c2cb73f4f5f13b39e03ca.evidence-v3.json","E:\02_area\股衍数据-数据cookbook\sql-static-lineage-data\task-projections\tasks\237421\versions\5783de5528accd301d7fe6e2ff8105647fff3374727c2cb73f4f5f13b39e03ca.json"
"237505","sparkIndex","pdata_nds.aum_emp_base_info","task:237505:statement:0:relation:root.setop.b0.setop.b0..read.t3","CONFIRMED","NON_LITERAL_PRESENT","E:\02_area\股衍数据-数据cookbook\sql-static-lineage-data\task-projections\tasks\237505\versions\1f51a18d40411176fbb4611ca8c51bfead39037cfe0b4ce76be5047d99718f8d.evidence-v3.json","E:\02_area\股衍数据-数据cookbook\sql-static-lineage-data\task-projections\tasks\237505\versions\1f51a18d40411176fbb4611ca8c51bfead39037cfe0b4ce76be5047d99718f8d.json"
"237505","sparkIndex","pdata_nds.aum_emp_base_info","task:237505:statement:0:relation:root.setop.b0.setop.b1..read.t3","CONFIRMED","NON_LITERAL_PRESENT","E:\02_area\股衍数据-数据cookbook\sql-static-lineage-data\task-projections\tasks\237505\versions\1f51a18d40411176fbb4611ca8c51bfead39037cfe0b4ce76be5047d99718f8d.evidence-v3.json","E:\02_area\股衍数据-数据cookbook\sql-static-lineage-data\task-projections\tasks\237505\versions\1f51a18d40411176fbb4611ca8c51bfead39037cfe0b4ce76be5047d99718f8d.json"
"237505","sparkIndex","pdata_nds.aum_emp_base_info","task:237505:statement:0:relation:root.setop.b1..read.t3","CONFIRMED","NON_LITERAL_PRESENT","E:\02_area\股衍数据-数据cookbook\sql-static-lineage-data\task-projections\tasks\237505\versions\1f51a18d40411176fbb4611ca8c51bfead39037cfe0b4ce76be5047d99718f8d.evidence-v3.json","E:\02_area\股衍数据-数据cookbook\sql-static-lineage-data\task-projections\tasks\237505\versions\1f51a18d40411176fbb4611ca8c51bfead39037cfe0b4ce76be5047d99718f8d.json"
"237804","hive2postgre","dm_crd_n.wt_mts_qual_pcus_info_s","task:237804:statement:0:relation:root.b.read.wt_mts_qual_pcus_info_s","CONFIRMED","LITERAL","E:\02_area\股衍数据-数据cookbook\sql-static-lineage-data\task-projections\tasks\237804\versions\d20370128484536f875d49a9eb0301868e3b90598cc1f5c8c74484af82acf811.evidence-v3.json","E:\02_area\股衍数据-数据cookbook\sql-static-lineage-data\task-projections\tasks\237804\versions\d20370128484536f875d49a9eb0301868e3b90598cc1f5c8c74484af82acf811.json"
"237804","hive2postgre","dm_crd_n.wt_crd_potential_cust_dev_label_s","task:237804:statement:0:relation:root.c.read.wt_crd_potential_cust_dev_label_s","CONFIRMED","NON_LITERAL_PRESENT","E:\02_area\股衍数据-数据cookbook\sql-static-lineage-data\task-projections\tasks\237804\versions\d20370128484536f875d49a9eb0301868e3b90598cc1f5c8c74484af82acf811.evidence-v3.json","E:\02_area\股衍数据-数据cookbook\sql-static-lineage-data\task-projections\tasks\237804\versions\d20370128484536f875d49a9eb0301868e3b90598cc1f5c8c74484af82acf811.json"
"237804","hive2postgre","dm_index_n.index_grp_mktval_nts","task:237804:statement:0:relation:root.d.val.tags.read.index_grp_mktval_nts","CONFIRMED","LITERAL","E:\02_area\股衍数据-数据cookbook\sql-static-lineage-data\task-projections\tasks\237804\versions\d20370128484536f875d49a9eb0301868e3b90598cc1f5c8c74484af82acf811.evidence-v3.json","E:\02_area\股衍数据-数据cookbook\sql-static-lineage-data\task-projections\tasks\237804\versions\d20370128484536f875d49a9eb0301868e3b90598cc1f5c8c74484af82acf811.json"
"237804","hive2postgre","dm_index_n.index_grp1_ast","task:237804:statement:0:relation:root.e.val.tags.read.index_grp1_ast","CONFIRMED","LITERAL","E:\02_area\股衍数据-数据cookbook\sql-static-lineage-data\task-projections\tasks\237804\versions\d20370128484536f875d49a9eb0301868e3b90598cc1f5c8c74484af82acf811.evidence-v3.json","E:\02_area\股衍数据-数据cookbook\sql-static-lineage-data\task-projections\tasks\237804\versions\d20370128484536f875d49a9eb0301868e3b90598cc1f5c8c74484af82acf811.json"
"237804","hive2postgre","dm_index_n.grp_tag_client_is_a_scr_sharehold","task:237804:statement:0:relation:root.j.val.aub.setop.b0.read.grp_tag_client_is_a_scr_sharehold","CONFIRMED","LITERAL","E:\02_area\股衍数据-数据cookbook\sql-static-lineage-data\task-projections\tasks\237804\versions\d20370128484536f875d49a9eb0301868e3b90598cc1f5c8c74484af82acf811.evidence-v3.json","E:\02_area\股衍数据-数据cookbook\sql-static-lineage-data\task-projections\tasks\237804\versions\d20370128484536f875d49a9eb0301868e3b90598cc1f5c8c74484af82acf811.json"
"237804","hive2postgre","dm_index_n.grp_tag_client_is_a_scr_sharehold","task:237804:statement:0:relation:root.j.val.aub.setop.b1.read.grp_tag_client_is_a_scr_sharehold","CONFIRMED","LITERAL","E:\02_area\股衍数据-数据cookbook\sql-static-lineage-data\task-projections\tasks\237804\versions\d20370128484536f875d49a9eb0301868e3b90598cc1f5c8c74484af82acf811.evidence-v3.json","E:\02_area\股衍数据-数据cookbook\sql-static-lineage-data\task-projections\tasks\237804\versions\d20370128484536f875d49a9eb0301868e3b90598cc1f5c8c74484af82acf811.json"
"237807","sparkIndex","pdata_nds.aum_emp_base_info","task:237807:statement:0:relation:root.(child).t1.read.aum_emp_base_info","CONFIRMED","NON_LITERAL_PRESENT","E:\02_area\股衍数据-数据cookbook\sql-static-lineage-data\task-projections\tasks\237807\versions\3c34621a8612112a7a1ca1af8828bc3a0196afb4ecb979bc09b7cf3636c16804.evidence-v3.json","E:\02_area\股衍数据-数据cookbook\sql-static-lineage-data\task-projections\tasks\237807\versions\3c34621a8612112a7a1ca1af8828bc3a0196afb4ecb979bc09b7cf3636c16804.json"
"237807","sparkIndex","dm_index_n.grp_hold_relation","task:237807:statement:0:relation:root.(child-2).k.setop.b1.grp.read.grp_hold_relation","CONFIRMED","NON_LITERAL_PRESENT","E:\02_area\股衍数据-数据cookbook\sql-static-lineage-data\task-projections\tasks\237807\versions\3c34621a8612112a7a1ca1af8828bc3a0196afb4ecb979bc09b7cf3636c16804.evidence-v3.json","E:\02_area\股衍数据-数据cookbook\sql-static-lineage-data\task-projections\tasks\237807\versions\3c34621a8612112a7a1ca1af8828bc3a0196afb4ecb979bc09b7cf3636c16804.json"
"237807","sparkIndex","dm_index_n.hold_tag_relation","task:237807:statement:0:relation:root.(child-2).k.setop.b1.hh.read.hold_tag_relation","CONFIRMED","NON_LITERAL_PRESENT","E:\02_area\股衍数据-数据cookbook\sql-static-lineage-data\task-projections\tasks\237807\versions\3c34621a8612112a7a1ca1af8828bc3a0196afb4ecb979bc09b7cf3636c16804.evidence-v3.json","E:\02_area\股衍数据-数据cookbook\sql-static-lineage-data\task-projections\tasks\237807\versions\3c34621a8612112a7a1ca1af8828bc3a0196afb4ecb979bc09b7cf3636c16804.json"
"237888","sparkIndex","spdata_nds.xir_acct_tree_land","task:237888:statement:0:relation:root.casttable.setop.b0.setop.b0.setop.b1.acc.read.xir_acct_tree_land","CONFIRMED","LITERAL","E:\02_area\股衍数据-数据cookbook\sql-static-lineage-data\task-projections\tasks\237888\versions\bfaa53d78cb9cb7f338a077fcf4178920d6f401b74f0c066bae3d8bb7db7842b.evidence-v3.json","E:\02_area\股衍数据-数据cookbook\sql-static-lineage-data\task-projections\tasks\237888\versions\bfaa53d78cb9cb7f338a077fcf4178920d6f401b74f0c066bae3d8bb7db7842b.json"
"237888","sparkIndex","spdata_n.t01_pty_name","task:237888:statement:0:relation:root.casttable.setop.b0.setop.b0.setop.b1.cp.read.t01_pty_name","CONFIRMED","LITERAL","E:\02_area\股衍数据-数据cookbook\sql-static-lineage-data\task-projections\tasks\237888\versions\bfaa53d78cb9cb7f338a077fcf4178920d6f401b74f0c066bae3d8bb7db7842b.evidence-v3.json","E:\02_area\股衍数据-数据cookbook\sql-static-lineage-data\task-projections\tasks\237888\versions\bfaa53d78cb9cb7f338a077fcf4178920d6f401b74f0c066bae3d8bb7db7842b.json"
"237888","sparkIndex","spdata_nds.xir_acct_tree_land","task:237888:statement:0:relation:root.casttable.setop.b0.setop.b1.acc.read.xir_acct_tree_land","CONFIRMED","LITERAL","E:\02_area\股衍数据-数据cookbook\sql-static-lineage-data\task-projections\tasks\237888\versions\bfaa53d78cb9cb7f338a077fcf4178920d6f401b74f0c066bae3d8bb7db7842b.evidence-v3.json","E:\02_area\股衍数据-数据cookbook\sql-static-lineage-data\task-projections\tasks\237888\versions\bfaa53d78cb9cb7f338a077fcf4178920d6f401b74f0c066bae3d8bb7db7842b.json"
"237888","sparkIndex","spdata_n.t01_pty_name","task:237888:statement:0:relation:root.casttable.setop.b0.setop.b1.cp.read.t01_pty_name","CONFIRMED","LITERAL","E:\02_area\股衍数据-数据cookbook\sql-static-lineage-data\task-projections\tasks\237888\versions\bfaa53d78cb9cb7f338a077fcf4178920d6f401b74f0c066bae3d8bb7db7842b.evidence-v3.json","E:\02_area\股衍数据-数据cookbook\sql-static-lineage-data\task-projections\tasks\237888\versions\bfaa53d78cb9cb7f338a077fcf4178920d6f401b74f0c066bae3d8bb7db7842b.json"
"237888","sparkIndex","spdata_nds.xir_acct_tree_land","task:237888:statement:0:relation:root.casttable.setop.b1.acc.read.xir_acct_tree_land","CONFIRMED","LITERAL","E:\02_area\股衍数据-数据cookbook\sql-static-lineage-data\task-projections\tasks\237888\versions\bfaa53d78cb9cb7f338a077fcf4178920d6f401b74f0c066bae3d8bb7db7842b.evidence-v3.json","E:\02_area\股衍数据-数据cookbook\sql-static-lineage-data\task-projections\tasks\237888\versions\bfaa53d78cb9cb7f338a077fcf4178920d6f401b74f0c066bae3d8bb7db7842b.json"
"237888","sparkIndex","spdata_n.t01_pty_name","task:237888:statement:0:relation:root.casttable.setop.b1.cp.read.t01_pty_name","CONFIRMED","LITERAL","E:\02_area\股衍数据-数据cookbook\sql-static-lineage-data\task-projections\tasks\237888\versions\bfaa53d78cb9cb7f338a077fcf4178920d6f401b74f0c066bae3d8bb7db7842b.evidence-v3.json","E:\02_area\股衍数据-数据cookbook\sql-static-lineage-data\task-projections\tasks\237888\versions\bfaa53d78cb9cb7f338a077fcf4178920d6f401b74f0c066bae3d8bb7db7842b.json"
"237888","sparkIndex","spdata_n.t05_sb_otc_bond_trd","task:237888:statement:0:relation:root.casttable.setop.b1.fwd.read.t05_sb_otc_bond_trd","CONFIRMED","LITERAL","E:\02_area\股衍数据-数据cookbook\sql-static-lineage-data\task-projections\tasks\237888\versions\bfaa53d78cb9cb7f338a077fcf4178920d6f401b74f0c066bae3d8bb7db7842b.evidence-v3.json","E:\02_area\股衍数据-数据cookbook\sql-static-lineage-data\task-projections\tasks\237888\versions\bfaa53d78cb9cb7f338a077fcf4178920d6f401b74f0c066bae3d8bb7db7842b.json"
"239134","sparkIndex","dm_opt_n.cust_opt_ast_day","task:239134:statement:0:relation:root.casttable.setop.b0.ast.read.cust_opt_ast_day","CONFIRMED","NON_LITERAL_PRESENT","E:\02_area\股衍数据-数据cookbook\sql-static-lineage-data\task-projections\tasks\239134\versions\dbf48c171cfee07ab5005f25cdaed3906e0a757584e4caec8134555ec195f649.evidence-v3.json","E:\02_area\股衍数据-数据cookbook\sql-static-lineage-data\task-projections\tasks\239134\versions\dbf48c171cfee07ab5005f25cdaed3906e0a757584e4caec8134555ec195f649.json"
"239134","sparkIndex","pdata_n.t05_fnd_chg_evt","task:239134:statement:0:relation:root.casttable.setop.b0.fnd.jour.read.t05_fnd_chg_evt","CONFIRMED","NON_LITERAL_PRESENT","E:\02_area\股衍数据-数据cookbook\sql-static-lineage-data\task-projections\tasks\239134\versions\dbf48c171cfee07ab5005f25cdaed3906e0a757584e4caec8134555ec195f649.evidence-v3.json","E:\02_area\股衍数据-数据cookbook\sql-static-lineage-data\task-projections\tasks\239134\versions\dbf48c171cfee07ab5005f25cdaed3906e0a757584e4caec8134555ec195f649.json"
"239134","sparkIndex","dm_opt_n.cust_opt_base_info","task:239134:statement:0:relation:root.casttable.setop.b0.opt.read.cust_opt_base_info","CONFIRMED","LITERAL","E:\02_area\股衍数据-数据cookbook\sql-static-lineage-data\task-projections\tasks\239134\versions\dbf48c171cfee07ab5005f25cdaed3906e0a757584e4caec8134555ec195f649.evidence-v3.json","E:\02_area\股衍数据-数据cookbook\sql-static-lineage-data\task-projections\tasks\239134\versions\dbf48c171cfee07ab5005f25cdaed3906e0a757584e4caec8134555ec195f649.json"
"239134","sparkIndex","dm_opt_n.cust_opt_ast_day","task:239134:statement:0:relation:root.casttable.setop.b1.ast.read.cust_opt_ast_day","CONFIRMED","NON_LITERAL_PRESENT","E:\02_area\股衍数据-数据cookbook\sql-static-lineage-data\task-projections\tasks\239134\versions\dbf48c171cfee07ab5005f25cdaed3906e0a757584e4caec8134555ec195f649.evidence-v3.json","E:\02_area\股衍数据-数据cookbook\sql-static-lineage-data\task-projections\tasks\239134\versions\dbf48c171cfee07ab5005f25cdaed3906e0a757584e4caec8134555ec195f649.json"
"239134","sparkIndex","pdata_n.t05_fnd_chg_evt","task:239134:statement:0:relation:root.casttable.setop.b1.fnd.jour.read.t05_fnd_chg_evt","CONFIRMED","NON_LITERAL_PRESENT","E:\02_area\股衍数据-数据cookbook\sql-static-lineage-data\task-projections\tasks\239134\versions\dbf48c171cfee07ab5005f25cdaed3906e0a757584e4caec8134555ec195f649.evidence-v3.json","E:\02_area\股衍数据-数据cookbook\sql-static-lineage-data\task-projections\tasks\239134\versions\dbf48c171cfee07ab5005f25cdaed3906e0a757584e4caec8134555ec195f649.json"
"239134","sparkIndex","dm_opt_n.cust_opt_base_info","task:239134:statement:0:relation:root.casttable.setop.b1.opt.read.cust_opt_base_info","CONFIRMED","LITERAL","E:\02_area\股衍数据-数据cookbook\sql-static-lineage-data\task-projections\tasks\239134\versions\dbf48c171cfee07ab5005f25cdaed3906e0a757584e4caec8134555ec195f649.evidence-v3.json","E:\02_area\股衍数据-数据cookbook\sql-static-lineage-data\task-projections\tasks\239134\versions\dbf48c171cfee07ab5005f25cdaed3906e0a757584e4caec8134555ec195f649.json"
"244873","sparkIndex","dm_index_n.co_emp_seqab_projset","task:244873:statement:0:relation:root.casttable.n1.t.a1.read.co_emp_seqab_projset","CONFIRMED","NON_LITERAL_PRESENT","E:\02_area\股衍数据-数据cookbook\sql-static-lineage-data\task-projections\tasks\244873\versions\c515a469ddaef6500468f0dda70138a03702fb3be0b2a7943e4f321f0478e7ad.evidence-v3.json","E:\02_area\股衍数据-数据cookbook\sql-static-lineage-data\task-projections\tasks\244873\versions\c515a469ddaef6500468f0dda70138a03702fb3be0b2a7943e4f321f0478e7ad.json"
"244873","sparkIndex","dm_index_n.index_grp1_newintroprdqty_astcstdprd_mon","task:244873:statement:0:relation:root.casttable.n1.t.a10.read.index_grp1_newintroprdqty_astcstdprd_mon","CONFIRMED","NON_LITERAL_PRESENT","E:\02_area\股衍数据-数据cookbook\sql-static-lineage-data\task-projections\tasks\244873\versions\c515a469ddaef6500468f0dda70138a03702fb3be0b2a7943e4f321f0478e7ad.evidence-v3.json","E:\02_area\股衍数据-数据cookbook\sql-static-lineage-data\task-projections\tasks\244873\versions\c515a469ddaef6500468f0dda70138a03702fb3be0b2a7943e4f321f0478e7ad.json"
"244873","sparkIndex","dm_index_n.co_emp_seqab_projset","task:244873:statement:0:relation:root.casttable.n1.t.a11.read.co_emp_seqab_projset","CONFIRMED","NON_LITERAL_PRESENT","E:\02_area\股衍数据-数据cookbook\sql-static-lineage-data\task-projections\tasks\244873\versions\c515a469ddaef6500468f0dda70138a03702fb3be0b2a7943e4f321f0478e7ad.evidence-v3.json","E:\02_area\股衍数据-数据cookbook\sql-static-lineage-data\task-projections\tasks\244873\versions\c515a469ddaef6500468f0dda70138a03702fb3be0b2a7943e4f321f0478e7ad.json"
"244873","sparkIndex","dm_index_n.index_grp_staff_opt_corp_qual_cnt_year","task:244873:statement:0:relation:root.casttable.n1.t.a13_1.read.index_grp_staff_opt_corp_qual_cnt_year","CONFIRMED","NON_LITERAL_PRESENT","E:\02_area\股衍数据-数据cookbook\sql-static-lineage-data\task-projections\tasks\244873\versions\c515a469ddaef6500468f0dda70138a03702fb3be0b2a7943e4f321f0478e7ad.evidence-v3.json","E:\02_area\股衍数据-数据cookbook\sql-static-lineage-data\task-projections\tasks\244873\versions\c515a469ddaef6500468f0dda70138a03702fb3be0b2a7943e4f321f0478e7ad.json"
"244873","sparkIndex","dm_index_n.index_grp_staff_corp_bond_prof_qual_cnt_year","task:244873:statement:0:relation:root.casttable.n1.t.a14.read.index_grp_staff_corp_bond_prof_qual_cnt_year","CONFIRMED","NON_LITERAL_PRESENT","E:\02_area\股衍数据-数据cookbook\sql-static-lineage-data\task-projections\tasks\244873\versions\c515a469ddaef6500468f0dda70138a03702fb3be0b2a7943e4f321f0478e7ad.evidence-v3.json","E:\02_area\股衍数据-数据cookbook\sql-static-lineage-data\task-projections\tasks\244873\versions\c515a469ddaef6500468f0dda70138a03702fb3be0b2a7943e4f321f0478e7ad.json"
"244873","sparkIndex","dm_index_n.index_grp1_saleamt_finprd_delcash_pvtibcorp_clmrela_year","task:244873:statement:0:relation:root.casttable.n1.t.a16.read.index_grp1_saleamt_finprd_delcash_pvtibcorp_clmrela_year","CONFIRMED","NON_LITERAL_PRESENT","E:\02_area\股衍数据-数据cookbook\sql-static-lineage-data\task-projections\tasks\244873\versions\c515a469ddaef6500468f0dda70138a03702fb3be0b2a7943e4f321f0478e7ad.evidence-v3.json","E:\02_area\股衍数据-数据cookbook\sql-static-lineage-data\task-projections\tasks\244873\versions\c515a469ddaef6500468f0dda70138a03702fb3be0b2a7943e4f321f0478e7ad.json"
"244873","sparkIndex","dm_index_n.index_grp1_newintroprdscal_astcstdprd_mon","task:244873:statement:0:relation:root.casttable.n1.t.a17.read.index_grp1_newintroprdscal_astcstdprd_mon","CONFIRMED","NON_LITERAL_PRESENT","E:\02_area\股衍数据-数据cookbook\sql-static-lineage-data\task-projections\tasks\244873\versions\c515a469ddaef6500468f0dda70138a03702fb3be0b2a7943e4f321f0478e7ad.evidence-v3.json","E:\02_area\股衍数据-数据cookbook\sql-static-lineage-data\task-projections\tasks\244873\versions\c515a469ddaef6500468f0dda70138a03702fb3be0b2a7943e4f321f0478e7ad.json"
"244873","sparkIndex","dm_index_n.index_grp1_netintrincome_margdevrela_orgseqempkpiexam_yearmthavg","task:244873:statement:0:relation:root.casttable.n1.t.a18.read.index_grp1_netintrincome_margdevrela_orgseqempkpiexam_yearmthavg","CONFIRMED","NON_LITERAL_PRESENT","E:\02_area\股衍数据-数据cookbook\sql-static-lineage-data\task-projections\tasks\244873\versions\c515a469ddaef6500468f0dda70138a03702fb3be0b2a7943e4f321f0478e7ad.evidence-v3.json","E:\02_area\股衍数据-数据cookbook\sql-static-lineage-data\task-projections\tasks\244873\versions\c515a469ddaef6500468f0dda70138a03702fb3be0b2a7943e4f321f0478e7ad.json"
"244873","sparkIndex","dm_index_n.index_grp1_margbalincrsval_margdevrela_orgseqempkpiexam_yearapd","task:244873:statement:0:relation:root.casttable.n1.t.a19.read.index_grp1_margbalincrsval_margdevrela_orgseqempkpiexam_yearapd","CONFIRMED","NON_LITERAL_PRESENT","E:\02_area\股衍数据-数据cookbook\sql-static-lineage-data\task-projections\tasks\244873\versions\c515a469ddaef6500468f0dda70138a03702fb3be0b2a7943e4f321f0478e7ad.evidence-v3.json","E:\02_area\股衍数据-数据cookbook\sql-static-lineage-data\task-projections\tasks\244873\versions\c515a469ddaef6500468f0dda70138a03702fb3be0b2a7943e4f321f0478e7ad.json"
"244873","sparkIndex","dm_index_n.co_emp_seqab_projset","task:244873:statement:0:relation:root.casttable.n1.t.a2.read.co_emp_seqab_projset","CONFIRMED","NON_LITERAL_PRESENT","E:\02_area\股衍数据-数据cookbook\sql-static-lineage-data\task-projections\tasks\244873\versions\c515a469ddaef6500468f0dda70138a03702fb3be0b2a7943e4f321f0478e7ad.evidence-v3.json","E:\02_area\股衍数据-数据cookbook\sql-static-lineage-data\task-projections\tasks\244873\versions\c515a469ddaef6500468f0dda70138a03702fb3be0b2a7943e4f321f0478e7ad.json"
"244873","sparkIndex","dm_index_n.index_grp1_margbalincrsrate_margdevrela_orgseqempkpiexam_yearapd","task:244873:statement:0:relation:root.casttable.n1.t.a20.read.index_grp1_margbalincrsrate_margdevrela_orgseqempkpiexam_yearapd","CONFIRMED","NON_LITERAL_PRESENT","E:\02_area\股衍数据-数据cookbook\sql-static-lineage-data\task-projections\tasks\244873\versions\c515a469ddaef6500468f0dda70138a03702fb3be0b2a7943e4f321f0478e7ad.evidence-v3.json","E:\02_area\股衍数据-数据cookbook\sql-static-lineage-data\task-projections\tasks\244873\versions\c515a469ddaef6500468f0dda70138a03702fb3be0b2a7943e4f321f0478e7ad.json"
"244873","sparkIndex","dm_index_n.co_emp_seqab_projset","task:244873:statement:0:relation:root.casttable.n1.t.a3.read.co_emp_seqab_projset","CONFIRMED","NON_LITERAL_PRESENT","E:\02_area\股衍数据-数据cookbook\sql-static-lineage-data\task-projections\tasks\244873\versions\c515a469ddaef6500468f0dda70138a03702fb3be0b2a7943e4f321f0478e7ad.evidence-v3.json","E:\02_area\股衍数据-数据cookbook\sql-static-lineage-data\task-projections\tasks\244873\versions\c515a469ddaef6500468f0dda70138a03702fb3be0b2a7943e4f321f0478e7ad.json"
"244873","sparkIndex","dm_index_n.co_emp_seqab_projset","task:244873:statement:0:relation:root.casttable.n1.t.a4.read.co_emp_seqab_projset","CONFIRMED","NON_LITERAL_PRESENT","E:\02_area\股衍数据-数据cookbook\sql-static-lineage-data\task-projections\tasks\244873\versions\c515a469ddaef6500468f0dda70138a03702fb3be0b2a7943e4f321f0478e7ad.evidence-v3.json","E:\02_area\股衍数据-数据cookbook\sql-static-lineage-data\task-projections\tasks\244873\versions\c515a469ddaef6500468f0dda70138a03702fb3be0b2a7943e4f321f0478e7ad.json"
"244873","sparkIndex","dm_index_n.co_emp_seqab_projset","task:244873:statement:0:relation:root.casttable.n1.t.a5.read.co_emp_seqab_projset","CONFIRMED","NON_LITERAL_PRESENT","E:\02_area\股衍数据-数据cookbook\sql-static-lineage-data\task-projections\tasks\244873\versions\c515a469ddaef6500468f0dda70138a03702fb3be0b2a7943e4f321f0478e7ad.evidence-v3.json","E:\02_area\股衍数据-数据cookbook\sql-static-lineage-data\task-projections\tasks\244873\versions\c515a469ddaef6500468f0dda70138a03702fb3be0b2a7943e4f321f0478e7ad.json"
"244873","sparkIndex","dm_index_n.co_emp_seqab_projset","task:244873:statement:0:relation:root.casttable.n1.t.a6.read.co_emp_seqab_projset","CONFIRMED","NON_LITERAL_PRESENT","E:\02_area\股衍数据-数据cookbook\sql-static-lineage-data\task-projections\tasks\244873\versions\c515a469ddaef6500468f0dda70138a03702fb3be0b2a7943e4f321f0478e7ad.evidence-v3.json","E:\02_area\股衍数据-数据cookbook\sql-static-lineage-data\task-projections\tasks\244873\versions\c515a469ddaef6500468f0dda70138a03702fb3be0b2a7943e4f321f0478e7ad.json"
"244873","sparkIndex","dm_index_n.index_grp_divd_avg_lend_scal","task:244873:statement:0:relation:root.casttable.n1.t.a7.read.index_grp_divd_avg_lend_scal","CONFIRMED","NON_LITERAL_PRESENT","E:\02_area\股衍数据-数据cookbook\sql-static-lineage-data\task-projections\tasks\244873\versions\c515a469ddaef6500468f0dda70138a03702fb3be0b2a7943e4f321f0478e7ad.evidence-v3.json","E:\02_area\股衍数据-数据cookbook\sql-static-lineage-data\task-projections\tasks\244873\versions\c515a469ddaef6500468f0dda70138a03702fb3be0b2a7943e4f321f0478e7ad.json"
"244873","sparkIndex","dm_index_n.index_emp_crd_valid_compact_amt_perday","task:244873:statement:0:relation:root.casttable.n1.t.a8.t.setop.b0.read.index_emp_crd_valid_compact_amt_perday","CONFIRMED","NON_LITERAL_PRESENT","E:\02_area\股衍数据-数据cookbook\sql-static-lineage-data\task-projections\tasks\244873\versions\c515a469ddaef6500468f0dda70138a03702fb3be0b2a7943e4f321f0478e7ad.evidence-v3.json","E:\02_area\股衍数据-数据cookbook\sql-static-lineage-data\task-projections\tasks\244873\versions\c515a469ddaef6500468f0dda70138a03702fb3be0b2a7943e4f321f0478e7ad.json"
"244873","sparkIndex","dm_index_n.index_grp1_staff_apd_net_asset_adj","task:244873:statement:0:relation:root.casttable.n1.t.a9.t.read.index_grp1_staff_apd_net_asset_adj","CONFIRMED","NON_LITERAL_PRESENT","E:\02_area\股衍数据-数据cookbook\sql-static-lineage-data\task-projections\tasks\244873\versions\c515a469ddaef6500468f0dda70138a03702fb3be0b2a7943e4f321f0478e7ad.evidence-v3.json","E:\02_area\股衍数据-数据cookbook\sql-static-lineage-data\task-projections\tasks\244873\versions\c515a469ddaef6500468f0dda70138a03702fb3be0b2a7943e4f321f0478e7ad.json"
"244873","sparkIndex","dm_index_n.co_emp_seqab_projset","task:244873:statement:0:relation:root.casttable.n1.t.b2.read.co_emp_seqab_projset","CONFIRMED","NON_LITERAL_PRESENT","E:\02_area\股衍数据-数据cookbook\sql-static-lineage-data\task-projections\tasks\244873\versions\c515a469ddaef6500468f0dda70138a03702fb3be0b2a7943e4f321f0478e7ad.evidence-v3.json","E:\02_area\股衍数据-数据cookbook\sql-static-lineage-data\task-projections\tasks\244873\versions\c515a469ddaef6500468f0dda70138a03702fb3be0b2a7943e4f321f0478e7ad.json"
"244873","sparkIndex","dm_index_n.co_emp_seqab_projset","task:244873:statement:0:relation:root.casttable.n1.t.b3.read.co_emp_seqab_projset","CONFIRMED","NON_LITERAL_PRESENT","E:\02_area\股衍数据-数据cookbook\sql-static-lineage-data\task-projections\tasks\244873\versions\c515a469ddaef6500468f0dda70138a03702fb3be0b2a7943e4f321f0478e7ad.evidence-v3.json","E:\02_area\股衍数据-数据cookbook\sql-static-lineage-data\task-projections\tasks\244873\versions\c515a469ddaef6500468f0dda70138a03702fb3be0b2a7943e4f321f0478e7ad.json"
"244873","sparkIndex","dm_index_n.co_emp_seqab_projset","task:244873:statement:0:relation:root.casttable.n1.t.b7.read.co_emp_seqab_projset","CONFIRMED","NON_LITERAL_PRESENT","E:\02_area\股衍数据-数据cookbook\sql-static-lineage-data\task-projections\tasks\244873\versions\c515a469ddaef6500468f0dda70138a03702fb3be0b2a7943e4f321f0478e7ad.evidence-v3.json","E:\02_area\股衍数据-数据cookbook\sql-static-lineage-data\task-projections\tasks\244873\versions\c515a469ddaef6500468f0dda70138a03702fb3be0b2a7943e4f321f0478e7ad.json"
"244873","sparkIndex","dm_index_n.index_grp1_emp_projnum_brchexam_mth_an","task:244873:statement:0:relation:root.casttable.n1.t.c1.read.index_grp1_emp_projnum_brchexam_mth_an","CONFIRMED","NON_LITERAL_PRESENT","E:\02_area\股衍数据-数据cookbook\sql-static-lineage-data\task-projections\tasks\244873\versions\c515a469ddaef6500468f0dda70138a03702fb3be0b2a7943e4f321f0478e7ad.evidence-v3.json","E:\02_area\股衍数据-数据cookbook\sql-static-lineage-data\task-projections\tasks\244873\versions\c515a469ddaef6500468f0dda70138a03702fb3be0b2a7943e4f321f0478e7ad.json"
"244873","sparkIndex","dm_index_n.index_grp1_income_fullcali_astpkgrela_orgbusicust_mth_ricc","task:244873:statement:0:relation:root.casttable.n1.t.j.read.index_grp1_income_fullcali_astpkgrela_orgbusicust_mth_ricc","CONFIRMED","NON_LITERAL_PRESENT","E:\02_area\股衍数据-数据cookbook\sql-static-lineage-data\task-projections\tasks\244873\versions\c515a469ddaef6500468f0dda70138a03702fb3be0b2a7943e4f321f0478e7ad.evidence-v3.json","E:\02_area\股衍数据-数据cookbook\sql-static-lineage-data\task-projections\tasks\244873\versions\c515a469ddaef6500468f0dda70138a03702fb3be0b2a7943e4f321f0478e7ad.json"
"76185","hiveTask","pdata_n.t05_fnd_chg_evt","task:76185:statement:0:relation:root.p.b.read.t05_fnd_chg_evt","CONFIRMED","NON_LITERAL_PRESENT","E:\02_area\股衍数据-数据cookbook\sql-static-lineage-data\task-projections\tasks\76185\versions\292572611814aa290a5f4e17a7fa3e9170e63f8688dcaa5d1c7f271afcd7068c.evidence-v3.json","E:\02_area\股衍数据-数据cookbook\sql-static-lineage-data\task-projections\tasks\76185\versions\292572611814aa290a5f4e17a7fa3e9170e63f8688dcaa5d1c7f271afcd7068c.json"
"76185","hiveTask","pdata_n.t05_fnd_chg_evt","task:76185:statement:1:relation:root.p.b.read.t05_fnd_chg_evt","CONFIRMED","NON_LITERAL_PRESENT","E:\02_area\股衍数据-数据cookbook\sql-static-lineage-data\task-projections\tasks\76185\versions\292572611814aa290a5f4e17a7fa3e9170e63f8688dcaa5d1c7f271afcd7068c.evidence-v3.json","E:\02_area\股衍数据-数据cookbook\sql-static-lineage-data\task-projections\tasks\76185\versions\292572611814aa290a5f4e17a7fa3e9170e63f8688dcaa5d1c7f271afcd7068c.json"
"87970","hive2postgre","pdata_n.t98_crm_oact_pty_id_mobile_map_info","task:87970:statement:0:relation:root.t3.read.t98_crm_oact_pty_id_mobile_map_info","CONFIRMED","LITERAL","E:\02_area\股衍数据-数据cookbook\sql-static-lineage-data\task-projections\tasks\87970\versions\fd83a820b63e3e8efa2e84ebe8339b9f9071da49a3c28aad986e1c66bf6be59a.evidence-v3.json","E:\02_area\股衍数据-数据cookbook\sql-static-lineage-data\task-projections\tasks\87970\versions\fd83a820b63e3e8efa2e84ebe8339b9f9071da49a3c28aad986e1c66bf6be59a.json"
"95834","hive2postgre","dm_om_n.wt_taum_emp_assn_indi_data","task:95834:statement:0:relation:root.k.read.wt_taum_emp_assn_indi_data","CONFIRMED","NON_LITERAL_PRESENT","E:\02_area\股衍数据-数据cookbook\sql-static-lineage-data\task-projections\tasks\95834\versions\886bf24c2dd26b149e96b5f46de5bb202011dc330feda13ff8ccd3be362841b4.evidence-v3.json","E:\02_area\股衍数据-数据cookbook\sql-static-lineage-data\task-projections\tasks\95834\versions\886bf24c2dd26b149e96b5f46de5bb202011dc330feda13ff8ccd3be362841b4.json"
"95854","hive2postgre","dm_om_n.wt_taum_ins_assn_indi_data","task:95854:statement:0:relation:root.k.read.wt_taum_ins_assn_indi_data","CONFIRMED","NON_LITERAL_PRESENT","E:\02_area\股衍数据-数据cookbook\sql-static-lineage-data\task-projections\tasks\95854\versions\695fe0caf96bab505ccf4025815cf4cb1686f4e5a583fd97229ef40733e92518.evidence-v3.json","E:\02_area\股衍数据-数据cookbook\sql-static-lineage-data\task-projections\tasks\95854\versions\695fe0caf96bab505ccf4025815cf4cb1686f4e5a583fd97229ef40733e92518.json"