consumerTaskId,readOccurrenceId,table,status,candidateTaskIds,candidateCount,confirmedCount,partitionStatuses,gapReasons
"100130","task:100130:statement:0:relation:root.casttable.t.t1.t3.read.index_grp_gks_restore_order_pty_id","dm_index_n.index_grp_gks_restore_order_pty_id","CANDIDATE_ONLY","87348","1","0","UNKNOWN","WRITER_PARTITION_UNKNOWN"
"100130","task:100130:statement:0:relation:root.casttable.t.t10.read.index_grp_gks_restore_order_lvl3_chan","dm_index_n.index_grp_gks_restore_order_lvl3_chan","CANDIDATE_ONLY","87211","1","0","UNKNOWN","WRITER_PARTITION_UNKNOWN"
"100130","task:100130:statement:0:relation:root.casttable.t.t11.t2.read.index_grp_devpr_emp_id","dm_index_n.index_grp_devpr_emp_id","CANDIDATE_ONLY","97635","1","0","UNKNOWN","PARTITION_NON_LITERAL|WRITER_PARTITION_UNKNOWN"
"100130","task:100130:statement:0:relation:root.casttable.t.t11.t3.t1.read.index_grp1_net_ast","dm_index_n.index_grp1_net_ast","CANDIDATE_ONLY","158338","1","0","UNKNOWN","PARTITION_NON_LITERAL|WRITER_PARTITION_UNKNOWN"
"100130","task:100130:statement:0:relation:root.casttable.t.t11.t4.read.grp_tag_client_whth_valid_flag","dm_index_n.grp_tag_client_whth_valid_flag","CANDIDATE_ONLY","101399","1","0","ASSUMED",""
"100130","task:100130:statement:0:relation:root.casttable.t.t12.read.index_grp_gks_restore_order_bef_devpr_emp_id","dm_index_n.index_grp_gks_restore_order_bef_devpr_emp_id","CANDIDATE_ONLY","87175","1","0","UNKNOWN","WRITER_PARTITION_UNKNOWN"
"100130","task:100130:statement:0:relation:root.casttable.t.t14.read.index_grp_gks_restore_order_fir_abt_serv_time","dm_index_n.index_grp_gks_restore_order_fir_abt_serv_time","CANDIDATE_ONLY","89236","1","0","UNKNOWN","WRITER_PARTITION_UNKNOWN"
"100130","task:100130:statement:0:relation:root.casttable.t.t15.read.index_grp_gks_restore_order_lock_refr_flag","dm_index_n.index_grp_gks_restore_order_lock_refr_flag","CANDIDATE_ONLY","89450","1","0","UNKNOWN","WRITER_PARTITION_UNKNOWN"
"100130","task:100130:statement:0:relation:root.casttable.t.t16.read.index_grp_gks_restore_order_lock_org_flag","dm_index_n.index_grp_gks_restore_order_lock_org_flag","CANDIDATE_ONLY","89449","1","0","UNKNOWN","WRITER_PARTITION_UNKNOWN"
"100130","task:100130:statement:0:relation:root.casttable.t.t3.read.index_grp_gks_restore_order_fir_open_app_time","dm_index_n.index_grp_gks_restore_order_fir_open_app_time","CANDIDATE_ONLY","87100","1","0","UNKNOWN","WRITER_PARTITION_UNKNOWN"
"100130","task:100130:statement:0:relation:root.casttable.t.t4.read.index_grp_gks_restore_order_fir_call_time","dm_index_n.index_grp_gks_restore_order_fir_call_time","CANDIDATE_ONLY","87097","1","0","UNKNOWN","WRITER_PARTITION_UNKNOWN"
"100130","task:100130:statement:0:relation:root.casttable.t.t5.read.index_grp_gks_restore_order_sum_dura","dm_index_n.index_grp_gks_restore_order_sum_dura","CANDIDATE_ONLY","87141","1","0","UNKNOWN","WRITER_PARTITION_UNKNOWN"
"100130","task:100130:statement:0:relation:root.casttable.t.t6.read.index_grp_gks_restore_order_call_times","dm_index_n.index_grp_gks_restore_order_call_times","CANDIDATE_ONLY","87130","1","0","UNKNOWN","WRITER_PARTITION_UNKNOWN"
"100130","task:100130:statement:0:relation:root.casttable.t.t7.read.index_grp_gks_restore_order_chan","dm_index_n.index_grp_gks_restore_order_chan","CANDIDATE_ONLY","87202","1","0","UNKNOWN","WRITER_PARTITION_UNKNOWN"
"100130","task:100130:statement:0:relation:root.casttable.t.t8.read.index_grp_gks_restore_order_lvl1_chan","dm_index_n.index_grp_gks_restore_order_lvl1_chan","CANDIDATE_ONLY","87209","1","0","UNKNOWN","WRITER_PARTITION_UNKNOWN"
"100130","task:100130:statement:0:relation:root.casttable.t.t9.read.index_grp_gks_restore_order_lvl2_chan","dm_index_n.index_grp_gks_restore_order_lvl2_chan","CANDIDATE_ONLY","87210","1","0","UNKNOWN","WRITER_PARTITION_UNKNOWN"
"104454","task:104454:statement:0:relation:root.casttable.clbk.m1.a.read.grp_tag_indv_highage_clbk_cust","dm_index_n.grp_tag_indv_highage_clbk_cust","FULLY_CONFIRMED","104345","1","1","CONFIRMED",""
"104454","task:104454:statement:0:relation:root.casttable.clbk.m1.b.read.index_grp_highage_cust_slhp_auth_year_erlst_date","dm_index_n.index_grp_highage_cust_slhp_auth_year_erlst_date","FULLY_CONFIRMED","103884","1","1","CONFIRMED",""
"104454","task:104454:statement:0:relation:root.casttable.clbk.m1.c.read.index_grp_highage_cust_cstsv_clbk_year_erlst_date","dm_index_n.index_grp_highage_cust_cstsv_clbk_year_erlst_date","FULLY_CONFIRMED","103886","1","1","CONFIRMED",""
"104454","task:104454:statement:0:relation:root.casttable.clbk.m1.d.read.index_grp_highage_cust_cstsv_brch_clbk_year_erlst_date","dm_index_n.index_grp_highage_cust_cstsv_brch_clbk_year_erlst_date","FULLY_CONFIRMED","103888","1","1","CONFIRMED",""
"104454","task:104454:statement:0:relation:root.casttable.clbk.m1.e.read.index_grp_highage_cust_oth_auth_year_erlst_date","dm_index_n.index_grp_highage_cust_oth_auth_year_erlst_date","FULLY_CONFIRMED","103889","1","1","CONFIRMED",""
"110695","task:110695:statement:0:relation:root.read.wt_tcust_oth_comp_stat_mon","dm_om_n.wt_tcust_oth_comp_stat_mon","CANDIDATE_ONLY","197701","1","0","UNKNOWN","PARTITION_NON_LITERAL|WRITER_PARTITION_UNKNOWN"
"112088","task:112088:statement:0:relation:root.casttable.sub.read.t03_intel_cond_ord","pdata_n.t03_intel_cond_ord","FULLY_CONFIRMED","189432|189434|80256|80257|80258|93518","6","1","DISJOINT|CONFIRMED",""
"121469","task:121469:statement:0:relation:root.casttable.t2.a.setop.b0.read.index_grp_client_secu_mkt_val","dm_index_n.index_grp_client_secu_mkt_val","ALL_DISJOINT","93524","1","0","DISJOINT","PARTITION_NO_MATCH"
"121469","task:121469:statement:0:relation:root.casttable.t2.a.setop.b1.read.index_grp_client_mkt_val_off","dm_index_n.index_grp_client_mkt_val_off","ALL_DISJOINT","91519","1","0","DISJOINT","PARTITION_NO_MATCH"
"121469","task:121469:statement:0:relation:root.casttable.t3.read.index_grp1_ast","dm_index_n.index_grp1_ast","CANDIDATE_ONLY","157103","1","0","UNKNOWN","WRITER_PARTITION_UNKNOWN"
"125761","task:125761:statement:0:relation:root.b.read.wt_mts_qual_pcus_info_s","dm_crd_n.wt_mts_qual_pcus_info_s","FULLY_CONFIRMED","206945","1","1","CONFIRMED",""
"125761","task:125761:statement:0:relation:root.c.read.wt_crd_potential_cust_dev_label_s","dm_crd_n.wt_crd_potential_cust_dev_label_s","CANDIDATE_ONLY","170408","1","0","UNKNOWN","PARTITION_NON_LITERAL|WRITER_PARTITION_UNKNOWN"
"127360","task:127360:statement:1:relation:root.read.t1","pdata_n.t98_otc_trd_cutp_dms_info","FULLY_CONFIRMED","123776","1","1","CONFIRMED",""
"127360","task:127360:statement:2:relation:root.crm.t1.read.t","dm_scrm_n.wt_sign_dmb_info","FULLY_CONFIRMED","107383","1","1","CONFIRMED",""
"134690","task:134690:statement:0:relation:root.casttable.st.read.t02_oth_assm_busi_plac","pdata_news_n.t02_oth_assm_busi_plac","FULLY_CONFIRMED","114607","1","1","CONFIRMED",""
"136594","task:136594:statement:0:relation:root.(child-1).t.setop.b0.val.read.grp_tag_client_brk_inc_cust_type","dm_index_n.grp_tag_client_brk_inc_cust_type","FULLY_CONFIRMED","217770","1","1","CONFIRMED",""
"136594","task:136594:statement:0:relation:root.(child-1).t.setop.b1.read.grp_tag_corp_cust_organ_cust_type","dm_index_n.grp_tag_corp_cust_organ_cust_type","FULLY_CONFIRMED","137362","1","1","CONFIRMED",""
"136594","task:136594:statement:0:relation:root.(child-2).t1.read.grp_tag_client_is_cur_year_mts_valid_client","dm_index_n.grp_tag_client_is_cur_year_mts_valid_client","FULLY_CONFIRMED","97696","1","1","CONFIRMED",""
"136594","task:136594:statement:0:relation:root.(child-2).t2.read.index_grp_become_mts_valid_client_time_cur_year","dm_index_n.index_grp_become_mts_valid_client_time_cur_year","FULLY_CONFIRMED","103077","1","1","CONFIRMED",""
"136594","task:136594:statement:0:relation:root.casttable.setop.b0.cust.cust_list.asset.read.index_grp1_ast","dm_index_n.index_grp1_ast","CANDIDATE_ONLY","157103","1","0","UNKNOWN","PARTITION_NON_LITERAL|WRITER_PARTITION_UNKNOWN"
"137467","task:137467:statement:0:relation:root.casttable.t1.read.grp_tag_client_is_mts_qual_pcus","dm_index_n.grp_tag_client_is_mts_qual_pcus","FULLY_CONFIRMED","134604","1","1","CONFIRMED",""
"137467","task:137467:statement:0:relation:root.casttable.t5.read.grp_tag_client_is_elig_match_mts","dm_index_n.grp_tag_client_is_elig_match_mts","FULLY_CONFIRMED","110993","1","1","CONFIRMED",""
"137467","task:137467:statement:0:relation:root.casttable.t7.t.setop.b0.setop.b0.setop.b0.read.index_grp1_palprop_stkast_hy_nothremark","dm_index_n.index_grp1_palprop_stkast_hy_nothremark","FULLY_CONFIRMED","167458","1","1","CONFIRMED",""
"137467","task:137467:statement:0:relation:root.casttable.t7.t.setop.b0.setop.b0.setop.b1.read.index_grp1_palprop_stkast_year_nothremark","dm_index_n.index_grp1_palprop_stkast_year_nothremark","FULLY_CONFIRMED","167463","1","1","CONFIRMED",""
"137467","task:137467:statement:0:relation:root.casttable.t7.t.setop.b0.setop.b1.read.index_grp1_palprop_stkast_treyear_nothremark","dm_index_n.index_grp1_palprop_stkast_treyear_nothremark","FULLY_CONFIRMED","167466","1","1","CONFIRMED",""
"137467","task:137467:statement:0:relation:root.casttable.t7.t.setop.b1.read.index_grp1_tr_stkfnd_mth_retandorgcntr_recent_1y","dm_index_n.index_grp1_tr_stkfnd_mth_retandorgcntr_recent_1y","FULLY_CONFIRMED","129461","1","1","CONFIRMED",""
"140633","task:140633:statement:0:relation:root.casttable.a.read.t03_intel_cond_ord","pdata_n.t03_intel_cond_ord","FULLY_CONFIRMED","189432|189434|80256|80257|80258|93518","6","1","DISJOINT|CONFIRMED",""
"143497","task:143497:statement:0:relation:root.k.read.wt_taum_emp_indi_dim_data","dm_om_n.wt_taum_emp_indi_dim_data","CANDIDATE_ONLY","202354","1","0","UNKNOWN","PARTITION_NON_LITERAL|WRITER_PARTITION_UNKNOWN"
"144891","task:144891:statement:0:relation:root.(child).a.setop.b0.setop.b0.setop.b0.setop.b0.setop.b0.setop.b0.setop.b0.setop.b0.cwr.read.t05_wecom_kyc_auth_evt","pdata_n.t05_wecom_kyc_auth_evt","FULLY_CONFIRMED","65920","1","1","CONFIRMED",""
"144891","task:144891:statement:0:relation:root.(child).a.setop.b0.setop.b0.setop.b0.setop.b0.setop.b0.setop.b0.setop.b0.setop.b0.khxx.setop.b0.a.setop.b0.setop.b0.setop.b0.setop.b0.setop.b0.setop.b0.setop.b0.setop.b0.setop.b0.setop.b0.setop.b0.setop.b0.setop.b0.setop.b0.setop.b0.setop.b0.setop.b0.setop.b0.setop.b0.setop.b0.setop.b0.setop.b0.setop.b0.setop.b0.setop.b0.setop.b0.setop.b0.setop.b0.setop.b0.setop.b0.setop.b0.setop.b0.setop.b0.setop.b0.read.grp_tag_client_cust_sex","dm_index_n.grp_tag_client_cust_sex","FULLY_CONFIRMED","98517","1","1","CONFIRMED",""
"144891","task:144891:statement:0:relation:root.(child).a.setop.b0.setop.b0.setop.b0.setop.b0.setop.b0.setop.b0.setop.b0.setop.b0.khxx.setop.b0.a.setop.b0.setop.b0.setop.b0.setop.b0.setop.b0.setop.b0.setop.b0.setop.b0.setop.b0.setop.b0.setop.b0.setop.b0.setop.b0.setop.b0.setop.b0.setop.b0.setop.b0.setop.b0.setop.b0.setop.b0.setop.b0.setop.b0.setop.b0.setop.b0.setop.b0.setop.b0.setop.b0.setop.b0.setop.b0.setop.b0.setop.b0.setop.b0.setop.b0.setop.b1.read.grp_tag_client_rich_cust_flag","dm_index_n.grp_tag_client_rich_cust_flag","CANDIDATE_ONLY","101358","1","0","UNKNOWN","PARTITION_NON_LITERAL|WRITER_PARTITION_UNKNOWN"
"144891","task:144891:statement:0:relation:root.(child).a.setop.b0.setop.b0.setop.b0.setop.b0.setop.b0.setop.b0.setop.b0.setop.b0.khxx.setop.b0.a.setop.b0.setop.b0.setop.b0.setop.b0.setop.b0.setop.b0.setop.b0.setop.b0.setop.b0.setop.b0.setop.b0.setop.b0.setop.b0.setop.b0.setop.b0.setop.b0.setop.b0.setop.b0.setop.b0.setop.b0.setop.b0.setop.b0.setop.b0.setop.b0.setop.b0.setop.b0.setop.b0.setop.b0.setop.b0.setop.b0.setop.b0.setop.b0.setop.b1.read.grp_tag_client_is_open_cash_chrem","dm_index_n.grp_tag_client_is_open_cash_chrem","FULLY_CONFIRMED","99207","1","1","CONFIRMED",""
"144891","task:144891:statement:0:relation:root.(child).a.setop.b0.setop.b0.setop.b0.setop.b0.setop.b0.setop.b0.setop.b0.setop.b0.khxx.setop.b0.a.setop.b0.setop.b0.setop.b0.setop.b0.setop.b0.setop.b0.setop.b0.setop.b0.setop.b0.setop.b0.setop.b0.setop.b0.setop.b0.setop.b0.setop.b0.setop.b0.setop.b0.setop.b0.setop.b0.setop.b0.setop.b0.setop.b0.setop.b0.setop.b0.setop.b0.setop.b0.setop.b0.setop.b0.setop.b0.setop.b0.setop.b1.read.grp_tag_client_is_sign_qual_promis","dm_index_n.grp_tag_client_is_sign_qual_promis","FULLY_CONFIRMED","95164","1","1","CONFIRMED",""
"144891","task:144891:statement:0:relation:root.(child).a.setop.b0.setop.b0.setop.b0.setop.b0.setop.b0.setop.b0.setop.b0.setop.b0.khxx.setop.b0.a.setop.b0.setop.b0.setop.b0.setop.b0.setop.b0.setop.b0.setop.b0.setop.b0.setop.b0.setop.b0.setop.b0.setop.b0.setop.b0.setop.b0.setop.b0.setop.b0.setop.b0.setop.b0.setop.b0.setop.b0.setop.b0.setop.b0.setop.b0.setop.b0.setop.b0.setop.b0.setop.b0.setop.b0.setop.b0.setop.b1.read.grp_tag_client_cust_whth_open_bse_righ","dm_index_n.grp_tag_client_cust_whth_open_bse_righ","FULLY_CONFIRMED","123569","1","1","CONFIRMED",""
"144891","task:144891:statement:0:relation:root.(child).a.setop.b0.setop.b0.setop.b0.setop.b0.setop.b0.setop.b0.setop.b0.setop.b0.khxx.setop.b0.a.setop.b0.setop.b0.setop.b0.setop.b0.setop.b0.setop.b0.setop.b0.setop.b0.setop.b0.setop.b0.setop.b0.setop.b0.setop.b0.setop.b0.setop.b0.setop.b0.setop.b0.setop.b0.setop.b0.setop.b0.setop.b0.setop.b0.setop.b0.setop.b0.setop.b0.setop.b0.setop.b0.setop.b0.setop.b1.read.grp_tag_client_cust_whth_open_opt_ia_nws_busi_righ","dm_index_n.grp_tag_client_cust_whth_open_opt_ia_nws_busi_righ","FULLY_CONFIRMED","135975","1","1","CONFIRMED",""
"144891","task:144891:statement:0:relation:root.(child).a.setop.b0.setop.b0.setop.b0.setop.b0.setop.b0.setop.b0.setop.b0.setop.b0.khxx.setop.b0.a.setop.b0.setop.b0.setop.b0.setop.b0.setop.b0.setop.b0.setop.b0.setop.b0.setop.b0.setop.b0.setop.b0.setop.b0.setop.b0.setop.b0.setop.b0.setop.b0.setop.b0.setop.b0.setop.b0.setop.b0.setop.b0.setop.b0.setop.b0.setop.b0.setop.b0.setop.b0.setop.b0.setop.b1.read.grp_cust_open_gem_flag","dm_index_n.grp_cust_open_gem_flag","FULLY_CONFIRMED","123593","1","1","CONFIRMED",""
"144891","task:144891:statement:0:relation:root.(child).a.setop.b0.setop.b0.setop.b0.setop.b0.setop.b0.setop.b0.setop.b0.setop.b0.khxx.setop.b0.a.setop.b0.setop.b0.setop.b0.setop.b0.setop.b0.setop.b0.setop.b0.setop.b0.setop.b0.setop.b0.setop.b0.setop.b0.setop.b0.setop.b0.setop.b0.setop.b0.setop.b0.setop.b0.setop.b0.setop.b0.setop.b0.setop.b0.setop.b0.setop.b0.setop.b0.setop.b0.setop.b1.read.grp_tag_client_neeq_right_opend","dm_index_n.grp_tag_client_neeq_right_opend","FULLY_CONFIRMED","109095","1","1","CONFIRMED",""
"144891","task:144891:statement:0:relation:root.(child).a.setop.b0.setop.b0.setop.b0.setop.b0.setop.b0.setop.b0.setop.b0.setop.b0.khxx.setop.b0.a.setop.b0.setop.b0.setop.b0.setop.b0.setop.b0.setop.b0.setop.b0.setop.b0.setop.b0.setop.b0.setop.b0.setop.b0.setop.b0.setop.b0.setop.b0.setop.b0.setop.b0.setop.b0.setop.b0.setop.b0.setop.b0.setop.b0.setop.b0.setop.b0.setop.b0.setop.b1.read.grp_tag_client_open_stib","dm_index_n.grp_tag_client_open_stib","FULLY_CONFIRMED","112602","1","1","CONFIRMED",""
"144891","task:144891:statement:0:relation:root.(child).a.setop.b0.setop.b0.setop.b0.setop.b0.setop.b0.setop.b0.setop.b0.setop.b0.khxx.setop.b0.a.setop.b0.setop.b0.setop.b0.setop.b0.setop.b0.setop.b0.setop.b0.setop.b0.setop.b0.setop.b0.setop.b0.setop.b0.setop.b0.setop.b0.setop.b0.setop.b0.setop.b0.setop.b0.setop.b0.setop.b0.setop.b0.setop.b0.setop.b0.setop.b0.setop.b1.read.grp_cust_open_marg_flag","dm_index_n.grp_cust_open_marg_flag","FULLY_CONFIRMED","123590","1","1","CONFIRMED",""
"144891","task:144891:statement:0:relation:root.(child).a.setop.b0.setop.b0.setop.b0.setop.b0.setop.b0.setop.b0.setop.b0.setop.b0.khxx.setop.b0.a.setop.b0.setop.b0.setop.b0.setop.b0.setop.b0.setop.b0.setop.b0.setop.b0.setop.b0.setop.b0.setop.b0.setop.b0.setop.b0.setop.b0.setop.b0.setop.b0.setop.b0.setop.b0.setop.b0.setop.b0.setop.b0.setop.b0.setop.b0.setop.b1.read.grp_tag_ecif_corp_gf_opt_flag","dm_index_n.grp_tag_ecif_corp_gf_opt_flag","FULLY_CONFIRMED","109744","1","1","CONFIRMED",""
"144891","task:144891:statement:0:relation:root.(child).a.setop.b0.setop.b0.setop.b0.setop.b0.setop.b0.setop.b0.setop.b0.setop.b0.khxx.setop.b0.a.setop.b0.setop.b0.setop.b0.setop.b0.setop.b0.setop.b0.setop.b0.setop.b0.setop.b0.setop.b0.setop.b0.setop.b0.setop.b0.setop.b0.setop.b0.setop.b0.setop.b0.setop.b0.setop.b0.setop.b0.setop.b0.setop.b0.setop.b1.read.grp_tag_client_is_open_srp","dm_index_n.grp_tag_client_is_open_srp","FULLY_CONFIRMED","114555","1","1","CONFIRMED",""
"144891","task:144891:statement:0:relation:root.(child).a.setop.b0.setop.b0.setop.b0.setop.b0.setop.b0.setop.b0.setop.b0.setop.b0.khxx.setop.b0.a.setop.b0.setop.b0.setop.b0.setop.b0.setop.b0.setop.b0.setop.b0.setop.b0.setop.b0.setop.b0.setop.b0.setop.b0.setop.b0.setop.b0.setop.b0.setop.b0.setop.b0.setop.b0.setop.b0.setop.b0.setop.b0.setop.b1.read.grp_cust_open_sh_mhs_flag","dm_index_n.grp_cust_open_sh_mhs_flag","FULLY_CONFIRMED","123713","1","1","CONFIRMED",""
"144891","task:144891:statement:0:relation:root.(child).a.setop.b0.setop.b0.setop.b0.setop.b0.setop.b0.setop.b0.setop.b0.setop.b0.khxx.setop.b0.a.setop.b0.setop.b0.setop.b0.setop.b0.setop.b0.setop.b0.setop.b0.setop.b0.setop.b0.setop.b0.setop.b0.setop.b0.setop.b0.setop.b0.setop.b0.setop.b0.setop.b0.setop.b0.setop.b0.setop.b0.setop.b1.read.grp_cust_open_sz_mhs_flag","dm_index_n.grp_cust_open_sz_mhs_flag","FULLY_CONFIRMED","123712","1","1","CONFIRMED",""
"144891","task:144891:statement:0:relation:root.(child).a.setop.b0.setop.b0.setop.b0.setop.b0.setop.b0.setop.b0.setop.b0.setop.b0.khxx.setop.b0.a.setop.b0.setop.b0.setop.b0.setop.b0.setop.b0.setop.b0.setop.b0.setop.b0.setop.b0.setop.b0.setop.b0.setop.b0.setop.b0.setop.b0.setop.b0.setop.b0.setop.b0.setop.b0.setop.b0.setop.b1.read.grp_tag_client_cust_whth_open_fnd_fix_ivst_busi_righ","dm_index_n.grp_tag_client_cust_whth_open_fnd_fix_ivst_busi_righ","FULLY_CONFIRMED","135974","1","1","CONFIRMED",""
"144891","task:144891:statement:0:relation:root.(child).a.setop.b0.setop.b0.setop.b0.setop.b0.setop.b0.setop.b0.setop.b0.setop.b0.khxx.setop.b0.a.setop.b0.setop.b0.setop.b0.setop.b0.setop.b0.setop.b0.setop.b0.setop.b0.setop.b0.setop.b0.setop.b0.setop.b0.setop.b0.setop.b0.setop.b0.setop.b0.setop.b0.setop.b0.setop.b1.read.grp_tag_indv_cust_bse_bcust_flag","dm_index_n.grp_tag_indv_cust_bse_bcust_flag","FULLY_CONFIRMED","112835","1","1","CONFIRMED",""
"144891","task:144891:statement:0:relation:root.(child).a.setop.b0.setop.b0.setop.b0.setop.b0.setop.b0.setop.b0.setop.b0.setop.b0.khxx.setop.b0.a.setop.b0.setop.b0.setop.b0.setop.b0.setop.b0.setop.b0.setop.b0.setop.b0.setop.b0.setop.b0.setop.b0.setop.b0.setop.b0.setop.b0.setop.b0.setop.b0.setop.b0.setop.b1.read.grp_tag_client_cust_whth_stib_pcus","dm_index_n.grp_tag_client_cust_whth_stib_pcus","FULLY_CONFIRMED","135973","1","1","CONFIRMED",""
"144891","task:144891:statement:0:relation:root.(child).a.setop.b0.setop.b0.setop.b0.setop.b0.setop.b0.setop.b0.setop.b0.setop.b0.khxx.setop.b0.a.setop.b0.setop.b0.setop.b0.setop.b0.setop.b0.setop.b0.setop.b0.setop.b0.setop.b0.setop.b0.setop.b0.setop.b0.setop.b0.setop.b0.setop.b0.setop.b0.setop.b1.read.grp_tag_client_potn_flag","dm_index_n.grp_tag_client_potn_flag","FULLY_CONFIRMED","121726","1","1","CONFIRMED",""
"144891","task:144891:statement:0:relation:root.(child).a.setop.b0.setop.b0.setop.b0.setop.b0.setop.b0.setop.b0.setop.b0.setop.b0.khxx.setop.b0.a.setop.b0.setop.b0.setop.b0.setop.b0.setop.b0.setop.b0.setop.b0.setop.b0.setop.b0.setop.b0.setop.b0.setop.b0.setop.b0.setop.b0.setop.b0.setop.b1.read.grp_tag_client_potn_gem_cust_flag","dm_index_n.grp_tag_client_potn_gem_cust_flag","FULLY_CONFIRMED","121401","1","1","CONFIRMED",""
"144891","task:144891:statement:0:relation:root.(child).a.setop.b0.setop.b0.setop.b0.setop.b0.setop.b0.setop.b0.setop.b0.setop.b0.khxx.setop.b0.a.setop.b0.setop.b0.setop.b0.setop.b0.setop.b0.setop.b0.setop.b0.setop.b0.setop.b0.setop.b0.setop.b0.setop.b0.setop.b0.setop.b1.read.grp_tag_client_cust_whth_leav_actv_pcus","dm_index_n.grp_tag_client_cust_whth_leav_actv_pcus","FULLY_CONFIRMED","135972","1","1","CONFIRMED",""
"144891","task:144891:statement:0:relation:root.(child).a.setop.b0.setop.b0.setop.b0.setop.b0.setop.b0.setop.b0.setop.b0.setop.b0.khxx.setop.b0.a.setop.b0.setop.b0.setop.b0.setop.b0.setop.b0.setop.b0.setop.b0.setop.b0.setop.b0.setop.b0.setop.b0.setop.b0.setop.b1.read.grp_tag_client_cust_whth_neeq_pcus","dm_index_n.grp_tag_client_cust_whth_neeq_pcus","FULLY_CONFIRMED","141103","1","1","CONFIRMED",""
"144891","task:144891:statement:0:relation:root.(child).a.setop.b0.setop.b0.setop.b0.setop.b0.setop.b0.setop.b0.setop.b0.setop.b0.khxx.setop.b0.a.setop.b0.setop.b0.setop.b0.setop.b0.setop.b0.setop.b0.setop.b0.setop.b0.setop.b0.setop.b0.setop.b0.setop.b1.read.grp_tag_client_is_elig_std_covt_bond","dm_index_n.grp_tag_client_is_elig_std_covt_bond","FULLY_CONFIRMED","119797","1","1","CONFIRMED",""
"144891","task:144891:statement:0:relation:root.(child).a.setop.b0.setop.b0.setop.b0.setop.b0.setop.b0.setop.b0.setop.b0.setop.b0.khxx.setop.b0.a.setop.b0.setop.b0.setop.b0.setop.b0.setop.b0.setop.b0.setop.b0.setop.b0.setop.b0.setop.b0.setop.b1.read.grp_tag_client_is_mts_purp","dm_index_n.grp_tag_client_is_mts_purp","FULLY_CONFIRMED","200180","1","1","CONFIRMED",""
"144891","task:144891:statement:0:relation:root.(child).a.setop.b0.setop.b0.setop.b0.setop.b0.setop.b0.setop.b0.setop.b0.setop.b0.khxx.setop.b0.a.setop.b0.setop.b0.setop.b0.setop.b0.setop.b0.setop.b0.setop.b0.setop.b0.setop.b0.setop.b1.read.grp_tag_client_cust_mts_type","dm_index_n.grp_tag_client_cust_mts_type","FULLY_CONFIRMED","199760","1","1","CONFIRMED",""
"144891","task:144891:statement:0:relation:root.(child).a.setop.b0.setop.b0.setop.b0.setop.b0.setop.b0.setop.b0.setop.b0.setop.b0.khxx.setop.b0.a.setop.b0.setop.b0.setop.b0.setop.b0.setop.b0.setop.b0.setop.b0.setop.b0.setop.b1.read.grp_tag_indv_cust_is_high_age_pty","dm_index_n.grp_tag_indv_cust_is_high_age_pty","FULLY_CONFIRMED","207560","1","1","CONFIRMED",""
"144891","task:144891:statement:0:relation:root.(child).a.setop.b0.setop.b0.setop.b0.setop.b0.setop.b0.setop.b0.setop.b0.setop.b0.khxx.setop.b0.a.setop.b0.setop.b0.setop.b0.setop.b0.setop.b0.setop.b0.setop.b0.setop.b1.read.grp_tag_client_corp_busi_cust_type","dm_index_n.grp_tag_client_corp_busi_cust_type","FULLY_CONFIRMED","98223","1","1","CONFIRMED",""
"144891","task:144891:statement:0:relation:root.(child).a.setop.b0.setop.b0.setop.b0.setop.b0.setop.b0.setop.b0.setop.b0.setop.b0.khxx.setop.b0.a.setop.b0.setop.b0.setop.b0.setop.b0.setop.b0.setop.b0.setop.b1.read.grp_tag_client_emp_cust_inhr_src","dm_index_n.grp_tag_client_emp_cust_inhr_src","FULLY_CONFIRMED","138708","1","1","CONFIRMED",""
"144891","task:144891:statement:0:relation:root.(child).a.setop.b0.setop.b0.setop.b0.setop.b0.setop.b0.setop.b0.setop.b0.setop.b0.khxx.setop.b0.a.setop.b0.setop.b0.setop.b0.setop.b0.setop.b0.setop.b1.read.grp_tag_client_is_long_not_cont","dm_index_n.grp_tag_client_is_long_not_cont","FULLY_CONFIRMED","138715","1","1","CONFIRMED",""
"144891","task:144891:statement:0:relation:root.(child).a.setop.b0.setop.b0.setop.b0.setop.b0.setop.b0.setop.b0.setop.b0.setop.b0.khxx.setop.b0.a.setop.b0.setop.b0.setop.b0.setop.b0.setop.b1.read.grp_tag_client_is_wlth_hnw_cust_flag","dm_index_n.grp_tag_client_is_wlth_hnw_cust_flag","FULLY_CONFIRMED","143951","1","1","CONFIRMED",""
"144891","task:144891:statement:0:relation:root.(child).a.setop.b0.setop.b0.setop.b0.setop.b0.setop.b0.setop.b0.setop.b0.setop.b0.khxx.setop.b0.a.setop.b0.setop.b0.setop.b0.setop.b1.read.grp_tag_client_is_new_valid","dm_index_n.grp_tag_client_is_new_valid","FULLY_CONFIRMED","146788","1","1","CONFIRMED",""
"144891","task:144891:statement:0:relation:root.(child).a.setop.b0.setop.b0.setop.b0.setop.b0.setop.b0.setop.b0.setop.b0.setop.b0.khxx.setop.b0.a.setop.b0.setop.b0.setop.b1.read.grp_tag_client_cust_whth_szhk_sc_pcus","dm_index_n.grp_tag_client_cust_whth_szhk_sc_pcus","FULLY_CONFIRMED","156245","1","1","CONFIRMED",""
"144891","task:144891:statement:0:relation:root.(child).a.setop.b0.setop.b0.setop.b0.setop.b0.setop.b0.setop.b0.setop.b0.setop.b0.khxx.setop.b0.a.setop.b0.setop.b1.read.grp_tag_client_cust_whth_shhk_sc_pcus","dm_index_n.grp_tag_client_cust_whth_shhk_sc_pcus","FULLY_CONFIRMED","156244","1","1","CONFIRMED",""
"144891","task:144891:statement:0:relation:root.(child).a.setop.b0.setop.b0.setop.b0.setop.b0.setop.b0.setop.b0.setop.b0.setop.b0.khxx.setop.b0.a.setop.b1.read.grp_tag_indv_cust_is_actv","dm_index_n.grp_tag_indv_cust_is_actv","FULLY_CONFIRMED","187781","1","1","CONFIRMED",""
"144891","task:144891:statement:0:relation:root.(child).a.setop.b0.setop.b0.setop.b0.setop.b0.setop.b0.setop.b0.setop.b0.setop.b1.cwr.read.t05_wecom_kyc_auth_evt","pdata_n.t05_wecom_kyc_auth_evt","FULLY_CONFIRMED","65920","1","1","CONFIRMED",""
"144891","task:144891:statement:0:relation:root.(child).a.setop.b0.setop.b0.setop.b0.setop.b0.setop.b0.setop.b0.setop.b1.cwr.read.t05_wecom_kyc_auth_evt","pdata_n.t05_wecom_kyc_auth_evt","FULLY_CONFIRMED","65920","1","1","CONFIRMED",""
"144891","task:144891:statement:0:relation:root.(child).a.setop.b0.setop.b0.setop.b0.setop.b0.setop.b0.setop.b1.cwr.read.t05_wecom_kyc_auth_evt","pdata_n.t05_wecom_kyc_auth_evt","FULLY_CONFIRMED","65920","1","1","CONFIRMED",""
"144891","task:144891:statement:0:relation:root.(child).a.setop.b0.setop.b0.setop.b0.setop.b0.setop.b1.cwr.read.t05_wecom_kyc_auth_evt","pdata_n.t05_wecom_kyc_auth_evt","FULLY_CONFIRMED","65920","1","1","CONFIRMED",""
"144891","task:144891:statement:0:relation:root.(child).a.setop.b0.setop.b0.setop.b0.setop.b1.cwr.read.t05_wecom_kyc_auth_evt","pdata_n.t05_wecom_kyc_auth_evt","FULLY_CONFIRMED","65920","1","1","CONFIRMED",""
"144891","task:144891:statement:0:relation:root.(child).a.setop.b0.setop.b0.setop.b1.cwr.read.t05_wecom_kyc_auth_evt","pdata_n.t05_wecom_kyc_auth_evt","FULLY_CONFIRMED","65920","1","1","CONFIRMED",""
"144891","task:144891:statement:0:relation:root.(child).a.setop.b0.setop.b1.cwr.read.t05_wecom_kyc_auth_evt","pdata_n.t05_wecom_kyc_auth_evt","FULLY_CONFIRMED","65920","1","1","CONFIRMED",""
"144891","task:144891:statement:0:relation:root.(child).a.setop.b1.cwr.read.t05_wecom_kyc_auth_evt","pdata_n.t05_wecom_kyc_auth_evt","FULLY_CONFIRMED","65920","1","1","CONFIRMED",""
"144891","task:144891:statement:0:relation:root.(child-1).cwr.read.t05_wecom_kyc_auth_evt","pdata_n.t05_wecom_kyc_auth_evt","FULLY_CONFIRMED","65920","1","1","CONFIRMED",""
"144891","task:144891:statement:0:relation:root.(child-2).setop.b0.t2.b.read.t99_lbl_info","pdata_n.t99_lbl_info","ALL_DISJOINT","200745|85260|88789","3","0","DISJOINT","PARTITION_NO_MATCH"
"144891","task:144891:statement:0:relation:root.(child-2).setop.b0.t3.read.t99_lbl_grp_info","pdata_n.t99_lbl_grp_info","ALL_DISJOINT","143846","1","0","DISJOINT","PARTITION_NO_MATCH"
"144891","task:144891:statement:0:relation:root.(child-2).setop.b1.t2.b.read.t99_lbl_info","pdata_n.t99_lbl_info","ALL_DISJOINT","200745|85260|88789","3","0","DISJOINT","PARTITION_NO_MATCH"
"144891","task:144891:statement:0:relation:root.(child-2).setop.b1.t3.read.t99_lbl_grp_info","pdata_n.t99_lbl_grp_info","ALL_DISJOINT","143846","1","0","DISJOINT","PARTITION_NO_MATCH"
"144891","task:144891:statement:0:relation:root.(child-3).a.b.read.t05_wecom_kyc_auth_evt","pdata_n.t05_wecom_kyc_auth_evt","FULLY_CONFIRMED","65920","1","1","CONFIRMED",""
"144891","task:144891:statement:0:relation:root.(child-3).b.t2.b.read.t99_lbl_info","pdata_n.t99_lbl_info","ALL_DISJOINT","200745|85260|88789","3","0","DISJOINT","PARTITION_NO_MATCH"
"144891","task:144891:statement:0:relation:root.(child-3).b.t3.read.t99_lbl_grp_info","pdata_n.t99_lbl_grp_info","ALL_DISJOINT","143846","1","0","DISJOINT","PARTITION_NO_MATCH"
"148368","task:148368:statement:0:relation:root.(child-1).t1.t.setop.b0.temp.t.read.t01_crm_ofst_oact_cust_div","pdata_n.t01_crm_ofst_oact_cust_div","FULLY_CONFIRMED","69189","1","1","CONFIRMED",""
"148368","task:148368:statement:0:relation:root.(child-1).t1.t.setop.b1.temp.t2.read.t01_crm_ofst_oact_cust_div","pdata_n.t01_crm_ofst_oact_cust_div","FULLY_CONFIRMED","69189","1","1","CONFIRMED",""
"148368","task:148368:statement:0:relation:root.(child-2).a.setop.b0.setop.b0.setop.b0.setop.b0.setop.b0.a.s1.t1.read.index_grp2_cust_org_asset_std_mthaccum_all","dm_index_n.index_grp2_cust_org_asset_std_mthaccum_all","CANDIDATE_ONLY","147847","1","0","UNKNOWN","PARTITION_NON_LITERAL|WRITER_PARTITION_UNKNOWN"
"148368","task:148368:statement:0:relation:root.(child-2).a.setop.b0.setop.b0.setop.b0.setop.b0.setop.b0.a.s2.setop.b0.t1.a.read.index_grp1_lvrgastprop_prdcust_mth","dm_index_n.index_grp1_lvrgastprop_prdcust_mth","FULLY_CONFIRMED","149249","1","1","CONFIRMED",""
"148368","task:148368:statement:0:relation:root.(child-2).a.setop.b0.setop.b0.setop.b0.setop.b0.setop.b0.a.s2.setop.b0.t1.b.read.index_grp2_tnrprop_prdcust_mth","dm_index_n.index_grp2_tnrprop_prdcust_mth","CANDIDATE_ONLY","149270","1","0","UNKNOWN","PARTITION_NON_LITERAL|WRITER_PARTITION_UNKNOWN"
"148368","task:148368:statement:0:relation:root.(child-2).a.setop.b0.setop.b0.setop.b0.setop.b0.setop.b1.read.index_grp2_apdtnramt_2026yearaumexamcali_mthapd","dm_index_n.index_grp2_apdtnramt_2026yearaumexamcali_mthapd","CANDIDATE_ONLY","226278","1","0","UNKNOWN","PARTITION_NON_LITERAL|WRITER_PARTITION_UNKNOWN"
"148368","task:148368:statement:0:relation:root.(child-2).a.setop.b0.setop.b0.setop.b1.read.index_grp3_org_emp_cstdprd_avgast_aum_mon","dm_index_n.index_grp3_org_emp_cstdprd_avgast_aum_mon","CANDIDATE_ONLY","149053","1","0","UNKNOWN","PARTITION_NON_LITERAL|WRITER_PARTITION_UNKNOWN"
"148368","task:148368:statement:0:relation:root.(child-2).b.read.aum_asset_ast_style_cd","pdata_nds.aum_asset_ast_style_cd","FULLY_CONFIRMED","164766","1","1","CONFIRMED",""
"148368","task:148368:statement:0:relation:root.index.b.t.setop.b0.a.read.grp_tag_client_is_aum_exam_del","dm_index_n.grp_tag_client_is_aum_exam_del","CANDIDATE_ONLY","187693","1","0","UNKNOWN","PARTITION_NON_LITERAL|WRITER_PARTITION_UNKNOWN"
"148368","task:148368:statement:0:relation:root.index.b.t.setop.b1.read.grp_tag_client_is_cust_judic_frz","dm_index_n.grp_tag_client_is_cust_judic_frz","CANDIDATE_ONLY","158659","1","0","ASSUMED",""
"148419","task:148419:statement:0:relation:root.(child).setop.b1.read.index_grp3_org_emp_cstdprd_avgast_aum_year","dm_index_n.index_grp3_org_emp_cstdprd_avgast_aum_year","FULLY_CONFIRMED","149054","1","1","CONFIRMED",""
"148419","task:148419:statement:0:relation:root.(child-1).setop.b1.read.index_grp3_org_emp_cstdprd_avgast_aum_year","dm_index_n.index_grp3_org_emp_cstdprd_avgast_aum_year","CANDIDATE_ONLY","149054","1","0","UNKNOWN","PARTITION_NON_LITERAL|WRITER_PARTITION_UNKNOWN"
"148763","task:148763:statement:0:relation:root.(child).t.setop.b0.setop.b0.a2.a.setop.b0.a.read.grp_tag_client_corp_busi_cust_type","dm_index_n.grp_tag_client_corp_busi_cust_type","CANDIDATE_ONLY","98223","1","0","UNKNOWN","PARTITION_NON_LITERAL|WRITER_PARTITION_UNKNOWN"
"148763","task:148763:statement:0:relation:root.(child).t.setop.b0.setop.b0.a2.a.setop.b1.a.read.grp_tag_client_corp_busi_cust_type","dm_index_n.grp_tag_client_corp_busi_cust_type","CANDIDATE_ONLY","98223","1","0","UNKNOWN","PARTITION_NON_LITERAL|WRITER_PARTITION_UNKNOWN"
"148763","task:148763:statement:0:relation:root.(child).t.setop.b0.setop.b1.a.read.index_grp_corp_cust_in_type","dm_index_n.index_grp_corp_cust_in_type","FULLY_CONFIRMED","102073","1","1","CONFIRMED",""
"148763","task:148763:statement:0:relation:root.(child-1).a.setop.b0.setop.b0.a.read.grp_tag_client_corp_busi_cust_type","dm_index_n.grp_tag_client_corp_busi_cust_type","CANDIDATE_ONLY","98223","1","0","UNKNOWN","PARTITION_NON_LITERAL|WRITER_PARTITION_UNKNOWN"
"148763","task:148763:statement:0:relation:root.(child-1).a.setop.b0.setop.b1.a.read.grp_tag_client_corp_busi_cust_type","dm_index_n.grp_tag_client_corp_busi_cust_type","CANDIDATE_ONLY","98223","1","0","UNKNOWN","PARTITION_NON_LITERAL|WRITER_PARTITION_UNKNOWN"
"148763","task:148763:statement:0:relation:root.(child-3).t1.t.setop.b0.temp.t.read.t01_crm_ofst_oact_cust_div","pdata_n.t01_crm_ofst_oact_cust_div","FULLY_CONFIRMED","69189","1","1","CONFIRMED",""
"148763","task:148763:statement:0:relation:root.(child-3).t1.t.setop.b1.temp.t2.read.t01_crm_ofst_oact_cust_div","pdata_n.t01_crm_ofst_oact_cust_div","FULLY_CONFIRMED","69189","1","1","CONFIRMED",""
"148763","task:148763:statement:0:relation:root.(child-4).t.setop.b0.a.mkt.setop.b0.t.a.t1.t11.read.pcav_hold_index","dm_index_n.pcav_hold_index","PARTLY_CONFIRMED","149814|150221|151652|151655|152824|152924|153067|154147|164123|164124|164647|167963|168844|170348|184842","15","2","UNKNOWN|CONFIRMED|DISJOINT","PARTITION_NON_LITERAL|WRITER_PARTITION_UNKNOWN"
"148763","task:148763:statement:0:relation:root.(child-4).t.setop.b0.a.mkt.setop.b0.t.a.t2.read.pcav_hold_index","dm_index_n.pcav_hold_index","PARTLY_CONFIRMED","149814|150221|151652|151655|152824|152924|153067|154147|164123|164124|164647|167963|168844|170348|184842","15","3","UNKNOWN|DISJOINT|CONFIRMED","PARTITION_NON_LITERAL|WRITER_PARTITION_UNKNOWN"
"148763","task:148763:statement:0:relation:root.(child-4).t.setop.b0.a.mkt.setop.b0.t.a.t3.read.hold_tag_relation","dm_index_n.hold_tag_relation","ALL_DISJOINT","154181|157148|163725|176356|177297|66411|66412|66413|66415|66416|66417|66418|66419|66425|66471|66539|66551|66616|66632|66665|66670|66676|66686|66704|71585|73382|83444|85033|89260|90018|91298|91304|95146|95173","34","0","DISJOINT","PARTITION_NO_MATCH"
"148763","task:148763:statement:0:relation:root.(child-4).t.setop.b0.a.mkt.setop.b1.b.read.index_grp1_ast_apptredpbusi_guar_tdy","dm_index_n.index_grp1_ast_apptredpbusi_guar_tdy","CANDIDATE_ONLY","145137","1","0","UNKNOWN","PARTITION_NON_LITERAL|WRITER_PARTITION_UNKNOWN"
"148763","task:148763:statement:0:relation:root.(child-4).t.setop.b1.b.read.index_grp1_cust_divd_avg_lend_scal","dm_index_n.index_grp1_cust_divd_avg_lend_scal","CANDIDATE_ONLY","146553","1","0","UNKNOWN","PARTITION_NON_LITERAL|WRITER_PARTITION_UNKNOWN"
"148763","task:148763:statement:0:relation:root.(child-5).a1.t2.read.dm_co_t0_trd_prnt_stmt_perf","dm_index_n.dm_co_t0_trd_prnt_stmt_perf","CANDIDATE_ONLY","205098","1","0","UNKNOWN","PARTITION_NON_LITERAL|WRITER_PARTITION_UNKNOWN"
"148763","task:148763:statement:0:relation:root.(child-6).s1.setop.b0.setop.b0.setop.b0.t1.setop.b0.t1.read.index_grp2_cust_org_asset_std_mthaccum_all","dm_index_n.index_grp2_cust_org_asset_std_mthaccum_all","FULLY_CONFIRMED","147847","1","1","CONFIRMED",""
"148763","task:148763:statement:0:relation:root.(child-6).s1.setop.b0.setop.b0.setop.b1.t1.a.opt.a.read.index_grp1_net_ast","dm_index_n.index_grp1_net_ast","CANDIDATE_ONLY","158338","1","0","UNKNOWN","PARTITION_NON_LITERAL|WRITER_PARTITION_UNKNOWN"
"148763","task:148763:statement:0:relation:root.(child-6).s1.setop.b0.setop.b0.setop.b1.t1.b.t.a.a.read.index_grp1_net_ast","dm_index_n.index_grp1_net_ast","CANDIDATE_ONLY","158338","1","0","UNKNOWN","PARTITION_NON_LITERAL|WRITER_PARTITION_UNKNOWN"
"148763","task:148763:statement:0:relation:root.(child-6).s2.setop.b0.t1.a.read.index_grp1_lvrgastprop_prdcust_mth","dm_index_n.index_grp1_lvrgastprop_prdcust_mth","FULLY_CONFIRMED","149249","1","1","CONFIRMED",""
"148763","task:148763:statement:0:relation:root.(child-6).s2.setop.b0.t1.b.read.index_grp2_tnrprop_prdcust_mth","dm_index_n.index_grp2_tnrprop_prdcust_mth","CANDIDATE_ONLY","149270","1","0","UNKNOWN","PARTITION_NON_LITERAL|WRITER_PARTITION_UNKNOWN"
"148763","task:148763:statement:0:relation:root.(child-7).setop.b0.setop.b0.t.read.aum_asset_ast_style_cd","pdata_nds.aum_asset_ast_style_cd","FULLY_CONFIRMED","164766","1","1","CONFIRMED",""
"148763","task:148763:statement:0:relation:root.(child-7).setop.b1.a4.t.a.read.index_grp1_ast","dm_index_n.index_grp1_ast","CANDIDATE_ONLY","157103","1","0","UNKNOWN","PARTITION_NON_LITERAL|WRITER_PARTITION_UNKNOWN"
"148763","task:148763:statement:0:relation:root.(child-7).setop.b1.a4.t.b.read.index_grp1_net_ast","dm_index_n.index_grp1_net_ast","CANDIDATE_ONLY","158338","1","0","UNKNOWN","PARTITION_NON_LITERAL|WRITER_PARTITION_UNKNOWN"
"148763","task:148763:statement:0:relation:root.index.b.t.setop.b0.a.read.grp_tag_client_is_aum_exam_del","dm_index_n.grp_tag_client_is_aum_exam_del","CANDIDATE_ONLY","187693","1","0","UNKNOWN","PARTITION_NON_LITERAL|WRITER_PARTITION_UNKNOWN"
"148763","task:148763:statement:0:relation:root.index.b.t.setop.b1.read.grp_tag_client_is_cust_judic_frz","dm_index_n.grp_tag_client_is_cust_judic_frz","CANDIDATE_ONLY","158659","1","0","ASSUMED",""
"149001","task:149001:statement:0:relation:root.casttable.a.setop.b0.t3.read.aum_asset_ast_style_cd","pdata_nds.aum_asset_ast_style_cd","FULLY_CONFIRMED","164766","1","1","CONFIRMED",""
"149001","task:149001:statement:0:relation:root.casttable.a.setop.b1.a.read.aum_asset_ast_style_cd","pdata_nds.aum_asset_ast_style_cd","FULLY_CONFIRMED","164766","1","1","CONFIRMED",""
"149048","task:149048:statement:0:relation:root.(child).setop.b1.read.index_grp3_org_emp_cstdprd_avgast_aum_year","dm_index_n.index_grp3_org_emp_cstdprd_avgast_aum_year","FULLY_CONFIRMED","149054","1","1","CONFIRMED",""
"149048","task:149048:statement:0:relation:root.(child-1).setop.b1.read.index_grp3_org_emp_cstdprd_avgast_aum_year","dm_index_n.index_grp3_org_emp_cstdprd_avgast_aum_year","CANDIDATE_ONLY","149054","1","0","UNKNOWN","PARTITION_NON_LITERAL|WRITER_PARTITION_UNKNOWN"
"149236","task:149236:statement:0:relation:root.(child).setop.b1.read.index_grp3_org_emp_cstdprd_avgast_aum_year","dm_index_n.index_grp3_org_emp_cstdprd_avgast_aum_year","FULLY_CONFIRMED","149054","1","1","CONFIRMED",""
"149841","task:149841:statement:0:relation:root.casttable.a.setop.b0.t3.read.aum_asset_ast_style_cd","pdata_nds.aum_asset_ast_style_cd","FULLY_CONFIRMED","164766","1","1","CONFIRMED",""
"149841","task:149841:statement:0:relation:root.casttable.a.setop.b1.a.read.aum_asset_ast_style_cd","pdata_nds.aum_asset_ast_style_cd","FULLY_CONFIRMED","164766","1","1","CONFIRMED",""
"149951","task:149951:statement:0:relation:root.(child).setop.b1.read.index_grp3_org_emp_cstdprd_avgast_aum_year","dm_index_n.index_grp3_org_emp_cstdprd_avgast_aum_year","FULLY_CONFIRMED","149054","1","1","CONFIRMED",""
"150023","task:150023:statement:0:relation:root.casttable.idx.a.setop.b0.setop.b0.setop.b0.setop.b0.setop.b0.setop.b0.setop.b0.setop.b0.setop.b0.setop.b0.setop.b0.setop.b0.setop.b0.setop.b0.setop.b0.setop.b0.setop.b0.setop.b0.setop.b0.setop.b0.setop.b0.setop.b0.setop.b0.setop.b0.setop.b0.setop.b0.setop.b0.setop.b0.setop.b0.setop.b0.setop.b0.setop.b0.setop.b0.setop.b0.setop.b0.setop.b0.read.grp_tag_client_is_pvt_org_prd_cust","dm_index_n.grp_tag_client_is_pvt_org_prd_cust","CANDIDATE_ONLY","149946","1","0","UNKNOWN","PARTITION_NON_LITERAL|WRITER_PARTITION_UNKNOWN"
"150023","task:150023:statement:0:relation:root.casttable.idx.a.setop.b0.setop.b0.setop.b0.setop.b0.setop.b0.setop.b0.setop.b0.setop.b0.setop.b0.setop.b0.setop.b0.setop.b0.setop.b0.setop.b0.setop.b0.setop.b0.setop.b0.setop.b0.setop.b0.setop.b0.setop.b0.setop.b0.setop.b0.setop.b0.setop.b0.setop.b0.setop.b0.setop.b0.setop.b0.setop.b0.setop.b0.setop.b0.setop.b0.setop.b0.setop.b0.setop.b1.read.grp_tag_client_is_bank_prd_cust","dm_index_n.grp_tag_client_is_bank_prd_cust","CANDIDATE_ONLY","149932","1","0","UNKNOWN","PARTITION_NON_LITERAL|WRITER_PARTITION_UNKNOWN"
"150023","task:150023:statement:0:relation:root.casttable.idx.a.setop.b0.setop.b0.setop.b0.setop.b0.setop.b0.setop.b0.setop.b0.setop.b0.setop.b0.setop.b0.setop.b0.setop.b0.setop.b0.setop.b0.setop.b0.setop.b0.setop.b0.setop.b0.setop.b0.setop.b0.setop.b0.setop.b0.setop.b0.setop.b0.setop.b0.setop.b0.setop.b0.setop.b0.setop.b0.setop.b0.setop.b0.setop.b0.setop.b0.setop.b0.setop.b1.read.grp_tag_client_is_custd_org_cust","dm_index_n.grp_tag_client_is_custd_org_cust","CANDIDATE_ONLY","149929","1","0","UNKNOWN","PARTITION_NON_LITERAL|WRITER_PARTITION_UNKNOWN"
"150023","task:150023:statement:0:relation:root.casttable.idx.a.setop.b0.setop.b0.setop.b0.setop.b0.setop.b0.setop.b0.setop.b0.setop.b0.setop.b0.setop.b0.setop.b0.setop.b0.setop.b0.setop.b0.setop.b0.setop.b0.setop.b0.setop.b0.setop.b0.setop.b0.setop.b0.setop.b0.setop.b0.setop.b0.setop.b0.setop.b0.setop.b0.setop.b0.setop.b0.setop.b0.setop.b0.setop.b0.setop.b0.setop.b1.read.grp_tag_client_is_brok_sett_cust","dm_index_n.grp_tag_client_is_brok_sett_cust","CANDIDATE_ONLY","149916","1","0","UNKNOWN","PARTITION_NON_LITERAL|WRITER_PARTITION_UNKNOWN"
"150023","task:150023:statement:0:relation:root.casttable.idx.a.setop.b0.setop.b0.setop.b0.setop.b0.setop.b0.setop.b0.setop.b0.setop.b0.setop.b0.setop.b0.setop.b0.setop.b0.setop.b0.setop.b0.setop.b0.setop.b0.setop.b0.setop.b0.setop.b0.setop.b0.setop.b0.setop.b0.setop.b0.setop.b0.setop.b0.setop.b0.setop.b0.setop.b0.setop.b0.setop.b0.setop.b0.setop.b0.setop.b1.read.grp_tag_client_is_serv_cstd_cust","dm_index_n.grp_tag_client_is_serv_cstd_cust","CANDIDATE_ONLY","149908","1","0","UNKNOWN","PARTITION_NON_LITERAL|WRITER_PARTITION_UNKNOWN"
"150023","task:150023:statement:0:relation:root.casttable.idx.a.setop.b0.setop.b0.setop.b0.setop.b0.setop.b0.setop.b0.setop.b0.setop.b0.setop.b0.setop.b0.setop.b0.setop.b0.setop.b0.setop.b0.setop.b0.setop.b0.setop.b0.setop.b0.setop.b0.setop.b0.setop.b0.setop.b0.setop.b0.setop.b0.setop.b0.setop.b0.setop.b0.setop.b0.setop.b0.setop.b0.setop.b0.setop.b1.read.grp_tag_client_is_tyt_cust","dm_index_n.grp_tag_client_is_tyt_cust","CANDIDATE_ONLY","149948","1","0","UNKNOWN","PARTITION_NON_LITERAL|WRITER_PARTITION_UNKNOWN"
"150023","task:150023:statement:0:relation:root.casttable.idx.a.setop.b0.setop.b0.setop.b0.setop.b0.setop.b0.setop.b0.setop.b0.setop.b0.setop.b0.setop.b0.setop.b0.setop.b0.setop.b0.setop.b0.setop.b0.setop.b0.setop.b0.setop.b0.setop.b0.setop.b0.setop.b0.setop.b0.setop.b0.setop.b0.setop.b0.setop.b0.setop.b0.setop.b0.setop.b0.setop.b0.setop.b1.read.grp_tag_client_gpb_cust_type","dm_index_n.grp_tag_client_gpb_cust_type","FULLY_CONFIRMED","150197","1","1","CONFIRMED",""
"150023","task:150023:statement:0:relation:root.casttable.idx.a.setop.b0.setop.b0.setop.b0.setop.b0.setop.b0.setop.b0.setop.b0.setop.b0.setop.b0.setop.b0.setop.b0.setop.b0.setop.b0.setop.b0.setop.b0.setop.b0.setop.b0.setop.b0.setop.b0.setop.b0.setop.b0.setop.b0.setop.b0.setop.b0.setop.b0.setop.b0.setop.b0.setop.b0.setop.b0.setop.b1.read.index_grp1_ast","dm_index_n.index_grp1_ast","CANDIDATE_ONLY","157103","1","0","UNKNOWN","WRITER_PARTITION_UNKNOWN"
"150023","task:150023:statement:0:relation:root.casttable.idx.a.setop.b0.setop.b0.setop.b0.setop.b0.setop.b0.setop.b0.setop.b0.setop.b0.setop.b0.setop.b0.setop.b0.setop.b0.setop.b0.setop.b0.setop.b0.setop.b0.setop.b0.setop.b0.setop.b0.setop.b0.setop.b0.setop.b0.setop.b0.setop.b0.setop.b0.setop.b0.setop.b0.setop.b0.setop.b1.read.index_grp1_ast","dm_index_n.index_grp1_ast","CANDIDATE_ONLY","157103","1","0","UNKNOWN","WRITER_PARTITION_UNKNOWN"
"150023","task:150023:statement:0:relation:root.casttable.idx.a.setop.b0.setop.b0.setop.b0.setop.b0.setop.b0.setop.b0.setop.b0.setop.b0.setop.b0.setop.b0.setop.b0.setop.b0.setop.b0.setop.b0.setop.b0.setop.b0.setop.b0.setop.b0.setop.b0.setop.b0.setop.b0.setop.b0.setop.b0.setop.b0.setop.b0.setop.b0.setop.b0.setop.b1.read.index_grp1_ast","dm_index_n.index_grp1_ast","CANDIDATE_ONLY","157103","1","0","UNKNOWN","WRITER_PARTITION_UNKNOWN"
"150023","task:150023:statement:0:relation:root.casttable.idx.a.setop.b0.setop.b0.setop.b0.setop.b0.setop.b0.setop.b0.setop.b0.setop.b0.setop.b0.setop.b0.setop.b0.setop.b0.setop.b0.setop.b0.setop.b0.setop.b0.setop.b0.setop.b0.setop.b0.setop.b0.setop.b0.setop.b0.setop.b0.setop.b0.setop.b0.setop.b0.setop.b1.read.index_grp1_ast","dm_index_n.index_grp1_ast","CANDIDATE_ONLY","157103","1","0","UNKNOWN","WRITER_PARTITION_UNKNOWN"
"150023","task:150023:statement:0:relation:root.casttable.idx.a.setop.b0.setop.b0.setop.b0.setop.b0.setop.b0.setop.b0.setop.b0.setop.b0.setop.b0.setop.b0.setop.b0.setop.b0.setop.b0.setop.b0.setop.b0.setop.b0.setop.b0.setop.b0.setop.b0.setop.b0.setop.b0.setop.b0.setop.b0.setop.b0.setop.b0.setop.b1.read.index_grp1_ast","dm_index_n.index_grp1_ast","CANDIDATE_ONLY","157103","1","0","UNKNOWN","WRITER_PARTITION_UNKNOWN"
"150023","task:150023:statement:0:relation:root.casttable.idx.a.setop.b0.setop.b0.setop.b0.setop.b0.setop.b0.setop.b0.setop.b0.setop.b0.setop.b0.setop.b0.setop.b0.setop.b0.setop.b0.setop.b0.setop.b0.setop.b0.setop.b0.setop.b0.setop.b0.setop.b0.setop.b0.setop.b0.setop.b0.setop.b0.setop.b1.read.index_grp1_ast","dm_index_n.index_grp1_ast","CANDIDATE_ONLY","157103","1","0","UNKNOWN","WRITER_PARTITION_UNKNOWN"
"150023","task:150023:statement:0:relation:root.casttable.idx.a.setop.b0.setop.b0.setop.b0.setop.b0.setop.b0.setop.b0.setop.b0.setop.b0.setop.b0.setop.b0.setop.b0.setop.b0.setop.b0.setop.b0.setop.b0.setop.b0.setop.b0.setop.b0.setop.b0.setop.b0.setop.b0.setop.b0.setop.b0.setop.b1.read.index_grp1_ast","dm_index_n.index_grp1_ast","CANDIDATE_ONLY","157103","1","0","UNKNOWN","WRITER_PARTITION_UNKNOWN"
"150023","task:150023:statement:0:relation:root.casttable.idx.a.setop.b0.setop.b0.setop.b0.setop.b0.setop.b0.setop.b0.setop.b0.setop.b0.setop.b0.setop.b0.setop.b0.setop.b0.setop.b0.setop.b0.setop.b0.setop.b0.setop.b0.setop.b0.setop.b0.setop.b0.setop.b0.setop.b0.setop.b1.read.index_grp_trade_amt_exch","dm_index_n.index_grp_trade_amt_exch","ALL_DISJOINT","80025","1","0","DISJOINT","PARTITION_NO_MATCH"
"150023","task:150023:statement:0:relation:root.casttable.idx.a.setop.b0.setop.b0.setop.b0.setop.b0.setop.b0.setop.b0.setop.b0.setop.b0.setop.b0.setop.b0.setop.b0.setop.b0.setop.b0.setop.b0.setop.b0.setop.b0.setop.b0.setop.b0.setop.b0.setop.b1.read.index_grp_trade_amt_exch_mon","dm_index_n.index_grp_trade_amt_exch_mon","CANDIDATE_ONLY","91651","1","0","UNKNOWN","WRITER_PARTITION_UNKNOWN"
"150023","task:150023:statement:0:relation:root.casttable.idx.a.setop.b0.setop.b0.setop.b0.setop.b0.setop.b0.setop.b0.setop.b0.setop.b0.setop.b0.setop.b0.setop.b0.setop.b0.setop.b0.setop.b0.setop.b0.setop.b0.setop.b0.setop.b0.setop.b1.read.index_grp_opt_trd_amt_mth_rcc","dm_index_n.index_grp_opt_trd_amt_mth_rcc","FULLY_CONFIRMED","114545","1","1","CONFIRMED",""
"150023","task:150023:statement:0:relation:root.casttable.idx.a.setop.b0.setop.b0.setop.b0.setop.b0.setop.b0.setop.b0.setop.b0.setop.b0.setop.b0.setop.b0.setop.b0.setop.b0.setop.b0.setop.b0.setop.b0.setop.b0.setop.b0.setop.b1.read.index_grp_trade_amt_exch_mon","dm_index_n.index_grp_trade_amt_exch_mon","CANDIDATE_ONLY","91651","1","0","UNKNOWN","WRITER_PARTITION_UNKNOWN"
"150023","task:150023:statement:0:relation:root.casttable.idx.a.setop.b0.setop.b0.setop.b0.setop.b0.setop.b0.setop.b0.setop.b0.setop.b0.setop.b0.setop.b0.setop.b0.setop.b0.setop.b0.setop.b0.setop.b0.setop.b0.setop.b1.read.index_grp_trade_amt_exch_mon","dm_index_n.index_grp_trade_amt_exch_mon","CANDIDATE_ONLY","91651","1","0","UNKNOWN","WRITER_PARTITION_UNKNOWN"
"150023","task:150023:statement:0:relation:root.casttable.idx.a.setop.b0.setop.b0.setop.b0.setop.b0.setop.b0.setop.b0.setop.b0.setop.b0.setop.b0.setop.b0.setop.b0.setop.b0.setop.b0.setop.b0.setop.b0.setop.b1.read.index_grp_trade_amt_exch_mon","dm_index_n.index_grp_trade_amt_exch_mon","CANDIDATE_ONLY","91651","1","0","UNKNOWN","WRITER_PARTITION_UNKNOWN"
"150023","task:150023:statement:0:relation:root.casttable.idx.a.setop.b0.setop.b0.setop.b0.setop.b0.setop.b0.setop.b0.setop.b0.setop.b0.setop.b0.setop.b0.setop.b0.setop.b0.setop.b0.setop.b0.setop.b1.read.index_grp_trade_amt_exch_mon","dm_index_n.index_grp_trade_amt_exch_mon","CANDIDATE_ONLY","91651","1","0","UNKNOWN","WRITER_PARTITION_UNKNOWN"
"150023","task:150023:statement:0:relation:root.casttable.idx.a.setop.b0.setop.b0.setop.b0.setop.b0.setop.b0.setop.b0.setop.b0.setop.b0.setop.b0.setop.b0.setop.b0.setop.b0.setop.b0.setop.b1.read.index_grp_trade_amt_exch_mon","dm_index_n.index_grp_trade_amt_exch_mon","CANDIDATE_ONLY","91651","1","0","UNKNOWN","WRITER_PARTITION_UNKNOWN"
"150023","task:150023:statement:0:relation:root.casttable.idx.a.setop.b0.setop.b0.setop.b0.setop.b0.setop.b0.setop.b0.setop.b0.setop.b0.setop.b0.setop.b0.setop.b0.setop.b0.setop.b1.read.index_grp_opt_trd_amt_mth_rcc","dm_index_n.index_grp_opt_trd_amt_mth_rcc","FULLY_CONFIRMED","114545","1","1","CONFIRMED",""
"150023","task:150023:statement:0:relation:root.casttable.idx.a.setop.b0.setop.b0.setop.b0.setop.b0.setop.b0.setop.b0.setop.b0.setop.b0.setop.b0.setop.b0.setop.b0.setop.b1.read.index_grp_tramt_mon_rcc","dm_index_n.index_grp_tramt_mon_rcc","FULLY_CONFIRMED","92113","1","1","CONFIRMED",""
"150023","task:150023:statement:0:relation:root.casttable.idx.a.setop.b0.setop.b0.setop.b0.setop.b0.setop.b0.setop.b0.setop.b0.setop.b0.setop.b0.setop.b0.setop.b1.read.index_grp_tramt_mon_icc","dm_index_n.index_grp_tramt_mon_icc","FULLY_CONFIRMED","92112","1","1","CONFIRMED",""
"150023","task:150023:statement:0:relation:root.casttable.idx.a.setop.b0.setop.b0.setop.b0.setop.b0.setop.b0.setop.b0.setop.b0.setop.b0.setop.b0.setop.b1.read.index_grp1_all_entr_num_mon","dm_index_n.index_grp1_all_entr_num_mon","CANDIDATE_ONLY","149982","1","0","UNKNOWN","WRITER_PARTITION_UNKNOWN"
"150023","task:150023:statement:0:relation:root.casttable.idx.a.setop.b0.setop.b0.setop.b0.setop.b0.setop.b0.setop.b0.setop.b0.setop.b0.setop.b1.read.index_grp_trade_amt_exch_year","dm_index_n.index_grp_trade_amt_exch_year","CANDIDATE_ONLY","97630","1","0","UNKNOWN","WRITER_PARTITION_UNKNOWN"
"150023","task:150023:statement:0:relation:root.casttable.idx.a.setop.b0.setop.b0.setop.b0.setop.b0.setop.b0.setop.b0.setop.b0.setop.b1.read.index_grp1_grp_opt_trd_amt_year_rcc","dm_index_n.index_grp1_grp_opt_trd_amt_year_rcc","CANDIDATE_ONLY","149991","1","0","UNKNOWN","WRITER_PARTITION_UNKNOWN"
"150023","task:150023:statement:0:relation:root.casttable.idx.a.setop.b0.setop.b0.setop.b0.setop.b0.setop.b0.setop.b0.setop.b1.read.index_grp_trade_amt_exch_year","dm_index_n.index_grp_trade_amt_exch_year","CANDIDATE_ONLY","97630","1","0","UNKNOWN","WRITER_PARTITION_UNKNOWN"
"150023","task:150023:statement:0:relation:root.casttable.idx.a.setop.b0.setop.b0.setop.b0.setop.b0.setop.b0.setop.b1.read.index_grp_trade_amt_exch_year","dm_index_n.index_grp_trade_amt_exch_year","CANDIDATE_ONLY","97630","1","0","UNKNOWN","WRITER_PARTITION_UNKNOWN"
"150023","task:150023:statement:0:relation:root.casttable.idx.a.setop.b0.setop.b0.setop.b0.setop.b0.setop.b1.read.index_grp_trade_amt_exch_year","dm_index_n.index_grp_trade_amt_exch_year","CANDIDATE_ONLY","97630","1","0","UNKNOWN","WRITER_PARTITION_UNKNOWN"
"150023","task:150023:statement:0:relation:root.casttable.idx.a.setop.b0.setop.b0.setop.b0.setop.b1.read.index_grp_trade_amt_exch_year","dm_index_n.index_grp_trade_amt_exch_year","CANDIDATE_ONLY","97630","1","0","UNKNOWN","WRITER_PARTITION_UNKNOWN"
"150023","task:150023:statement:0:relation:root.casttable.idx.a.setop.b0.setop.b0.setop.b1.read.index_grp_trade_amt_exch_year","dm_index_n.index_grp_trade_amt_exch_year","CANDIDATE_ONLY","97630","1","0","UNKNOWN","WRITER_PARTITION_UNKNOWN"
"150023","task:150023:statement:0:relation:root.casttable.idx.a.setop.b0.setop.b1.read.index_grp1_grp_opt_trd_amt_year_rcc","dm_index_n.index_grp1_grp_opt_trd_amt_year_rcc","CANDIDATE_ONLY","149991","1","0","UNKNOWN","WRITER_PARTITION_UNKNOWN"
"150023","task:150023:statement:0:relation:root.casttable.idx.a.setop.b1.read.index_grp1_all_entr_num_recentyear","dm_index_n.index_grp1_all_entr_num_recentyear","CANDIDATE_ONLY","149973","1","0","UNKNOWN","WRITER_PARTITION_UNKNOWN"
"152234","task:152234:statement:0:relation:root.casttable.a.t5.read.aum_asset_ast_style_cd","pdata_nds.aum_asset_ast_style_cd","FULLY_CONFIRMED","164766","1","1","CONFIRMED",""
"152257","task:152257:statement:0:relation:root.casttable.a.t5.read.aum_asset_ast_style_cd","pdata_nds.aum_asset_ast_style_cd","FULLY_CONFIRMED","164766","1","1","CONFIRMED",""
"153126","task:153126:statement:0:relation:root.(child-3).read.a","dm_index_n.grp_tag_client_aum_perf_exam","FULLY_CONFIRMED","190620","1","1","CONFIRMED",""
"153126","task:153126:statement:0:relation:root.(child-4).setop.b0.setop.b0.setop.b0.setop.b0.setop.b1.read.g","dm_index_n.grp_tag_client_corp_busi_cust_type","FULLY_CONFIRMED","98223","1","1","CONFIRMED",""
"153126","task:153126:statement:0:relation:root.(child-4).setop.b0.setop.b0.setop.b0.setop.b1.read.g","dm_index_n.grp_tag_client_corp_busi_cust_type","FULLY_CONFIRMED","98223","1","1","CONFIRMED",""
"153126","task:153126:statement:0:relation:root.(child-4).setop.b0.setop.b0.setop.b1.read.g","dm_index_n.index_grp_corp_cust_in_type","FULLY_CONFIRMED","102073","1","1","CONFIRMED",""
"153126","task:153126:statement:0:relation:root.(child-4).setop.b0.setop.b1.t.t1.read.index_grp2_cust_org_asset_std_mthaccum_all","dm_index_n.index_grp2_cust_org_asset_std_mthaccum_all","CANDIDATE_ONLY","147847","1","0","ASSUMED",""
"153126","task:153126:statement:0:relation:root.(child-4).setop.b1.a.read.grp_tag_client_is_cust_judic_frz","dm_index_n.grp_tag_client_is_cust_judic_frz","FULLY_CONFIRMED","158659","1","1","CONFIRMED",""
"153126","task:153126:statement:0:relation:root.(child-7).read.a","dm_index_n.grp_tag_client_aum_perf_exam","CANDIDATE_ONLY","190620","1","0","UNKNOWN","PARTITION_NON_LITERAL|WRITER_PARTITION_UNKNOWN"
"153126","task:153126:statement:0:relation:root.(child-8).setop.b0.setop.b0.setop.b0.setop.b0.setop.b1.read.g","dm_index_n.grp_tag_client_corp_busi_cust_type","CANDIDATE_ONLY","98223","1","0","UNKNOWN","PARTITION_NON_LITERAL|WRITER_PARTITION_UNKNOWN"
"153126","task:153126:statement:0:relation:root.(child-8).setop.b0.setop.b0.setop.b0.setop.b1.read.g","dm_index_n.grp_tag_client_corp_busi_cust_type","CANDIDATE_ONLY","98223","1","0","UNKNOWN","PARTITION_NON_LITERAL|WRITER_PARTITION_UNKNOWN"
"153126","task:153126:statement:0:relation:root.(child-8).setop.b0.setop.b0.setop.b1.read.g","dm_index_n.index_grp_corp_cust_in_type","CANDIDATE_ONLY","102073","1","0","UNKNOWN","PARTITION_NON_LITERAL|WRITER_PARTITION_UNKNOWN"
"153126","task:153126:statement:0:relation:root.(child-8).setop.b0.setop.b1.t.t1.read.index_grp2_cust_org_asset_std_mthaccum_all","dm_index_n.index_grp2_cust_org_asset_std_mthaccum_all","CANDIDATE_ONLY","147847","1","0","ASSUMED",""
"153126","task:153126:statement:0:relation:root.(child-8).setop.b1.a.read.grp_tag_client_is_cust_judic_frz","dm_index_n.grp_tag_client_is_cust_judic_frz","CANDIDATE_ONLY","158659","1","0","UNKNOWN","PARTITION_NON_LITERAL|WRITER_PARTITION_UNKNOWN"
"155612","task:155612:statement:0:relation:root.casttable.t3.read.aum_asset_ast_style_cd","pdata_nds.aum_asset_ast_style_cd","FULLY_CONFIRMED","164766","1","1","CONFIRMED",""
"155612","task:155612:statement:0:relation:root.casttable.t6.a.read.grp_tag_client_aum_asset_cbs_cust","dm_index_n.grp_tag_client_aum_asset_cbs_cust","CANDIDATE_ONLY","186494","1","0","UNKNOWN","PARTITION_NON_LITERAL|WRITER_PARTITION_UNKNOWN"
"158480","task:158480:statement:0:relation:root.(child-13).read.a","dm_index_n.grp_tag_client_aum_perf_exam","CANDIDATE_ONLY","190620","1","0","UNKNOWN","PARTITION_NON_LITERAL|WRITER_PARTITION_UNKNOWN"
"158480","task:158480:statement:0:relation:root.(child-14).read.a","dm_index_n.index_grp1_cust_incm_allcali_mth_all","CANDIDATE_ONLY","152879","1","0","UNKNOWN","PARTITION_NON_LITERAL|WRITER_PARTITION_UNKNOWN"
"158480","task:158480:statement:0:relation:root.(child-15).setop.b0.setop.b0.setop.b0.setop.b0.setop.b0.setop.b0.setop.b0.setop.b0.read.a","dm_index_n.index_grp2_emp_inr_incm_spaseat_mth","ALL_DISJOINT","239434","1","0","DISJOINT","PARTITION_NO_MATCH"
"158480","task:158480:statement:0:relation:root.(child-15).setop.b0.setop.b0.setop.b0.setop.b1.read.a","dm_index_n.index_grp3_cust_prd_emp_income_nwsincome_aumdevrela_tdy","CANDIDATE_ONLY","154232","1","0","UNKNOWN","PARTITION_NON_LITERAL|WRITER_PARTITION_UNKNOWN"
"158480","task:158480:statement:0:relation:root.(child-15).setop.b0.setop.b0.setop.b1.t.read.a","dm_index_n.index_grp2_cust_emp_incm_plfmvabusi_aum_tdy_all","FULLY_CONFIRMED","184787","1","1","CONFIRMED",""
"158480","task:158480:statement:0:relation:root.(child-4).read.a","dm_index_n.grp_tag_client_aum_perf_exam","FULLY_CONFIRMED","190620","1","1","CONFIRMED",""
"158480","task:158480:statement:0:relation:root.(child-5).read.a","dm_index_n.index_grp1_cust_incm_allcali_mth_all","CANDIDATE_ONLY","152879","1","0","UNKNOWN","WRITER_PARTITION_UNKNOWN"
"158480","task:158480:statement:0:relation:root.(child-6).setop.b0.setop.b0.setop.b0.setop.b0.setop.b0.setop.b0.setop.b0.setop.b0.read.a","dm_index_n.index_grp2_emp_inr_incm_spaseat_mth","ALL_DISJOINT","239434","1","0","DISJOINT","PARTITION_NO_MATCH"
"158480","task:158480:statement:0:relation:root.(child-6).setop.b0.setop.b0.setop.b0.setop.b1.read.a","dm_index_n.index_grp3_cust_prd_emp_income_nwsincome_aumdevrela_tdy","CANDIDATE_ONLY","154232","1","0","UNKNOWN","PARTITION_NON_LITERAL|WRITER_PARTITION_UNKNOWN"
"158480","task:158480:statement:0:relation:root.(child-6).setop.b0.setop.b0.setop.b1.t.setop.b0.read.a","dm_index_n.index_grp2_cust_emp_incm_plfmvabusi_aum_tdy_all","FULLY_CONFIRMED","184787","1","1","CONFIRMED",""
"158972","task:158972:statement:0:relation:root.(child-1).t6.a.read.index_grp1_ast","dm_index_n.index_grp1_ast","CANDIDATE_ONLY","157103","1","0","UNKNOWN","PARTITION_NON_LITERAL|WRITER_PARTITION_UNKNOWN"
"159756","task:159756:statement:0:relation:root.(child-11).read.a","dm_index_n.index_grp1_cust_incm_allcali_mth_all","CANDIDATE_ONLY","152879","1","0","UNKNOWN","WRITER_PARTITION_UNKNOWN"
"160518","task:160518:statement:0:relation:root.(child).a.setop.b0.read.index_grp1_10to25apd_net_ast_aft_fst_pos","dm_index_n.index_grp1_10to25apd_net_ast_aft_fst_pos","FULLY_CONFIRMED","125666","1","1","CONFIRMED",""
"160518","task:160518:statement:0:relation:root.(child).a.setop.b1.read.index_grp1_net_ast","dm_index_n.index_grp1_net_ast","CANDIDATE_ONLY","158338","1","0","UNKNOWN","PARTITION_NON_LITERAL|WRITER_PARTITION_UNKNOWN"
"160518","task:160518:statement:0:relation:root.(child-1).sfkh.a.c1.read.index_grp2_cust_ast_algo_open_date","dm_index_n.index_grp2_cust_ast_algo_open_date","FULLY_CONFIRMED","162821","1","1","CONFIRMED",""
"160518","task:160518:statement:0:relation:root.(child-1).sfkh.a.c2.read.index_grp2_cust_astacct_algo_trd_amt_day","dm_index_n.index_grp2_cust_astacct_algo_trd_amt_day","CANDIDATE_ONLY","159303","1","0","UNKNOWN","PARTITION_NON_LITERAL|WRITER_PARTITION_UNKNOWN"
"160518","task:160518:statement:0:relation:root.(child-3).idx1.idx0.setop.b0.setop.b0.setop.b0.setop.b0.setop.b0.setop.b0.setop.b0.setop.b0.setop.b0.read.index_grp2_cust_astacct_tramt_mulplr_mkt_vwap_slip","dm_index_n.index_grp2_cust_astacct_tramt_mulplr_mkt_vwap_slip","CANDIDATE_ONLY","170804","1","0","UNKNOWN","PARTITION_NON_LITERAL|WRITER_PARTITION_UNKNOWN"
"160518","task:160518:statement:0:relation:root.(child-3).idx1.idx0.setop.b0.setop.b0.setop.b0.setop.b0.setop.b0.setop.b0.setop.b0.setop.b0.setop.b1.read.index_grp2_cust_astacct_tramt_mulplr_mkt_strk","dm_index_n.index_grp2_cust_astacct_tramt_mulplr_mkt_strk","CANDIDATE_ONLY","170818","1","0","UNKNOWN","PARTITION_NON_LITERAL|WRITER_PARTITION_UNKNOWN"
"160518","task:160518:statement:0:relation:root.(child-3).idx1.idx0.setop.b0.setop.b0.setop.b0.setop.b0.setop.b0.setop.b0.setop.b0.setop.b1.read.index_grp2_cust_astacct_entr_qty","dm_index_n.index_grp2_cust_astacct_entr_qty","CANDIDATE_ONLY","170822","1","0","UNKNOWN","PARTITION_NON_LITERAL|WRITER_PARTITION_UNKNOWN"
"160518","task:160518:statement:0:relation:root.(child-3).idx1.idx0.setop.b0.setop.b0.setop.b0.setop.b0.setop.b0.setop.b0.setop.b1.read.index_grp2_cust_astacct_trd_qty","dm_index_n.index_grp2_cust_astacct_trd_qty","CANDIDATE_ONLY","170832","1","0","UNKNOWN","PARTITION_NON_LITERAL|WRITER_PARTITION_UNKNOWN"
"160518","task:160518:statement:0:relation:root.(child-3).idx1.idx0.setop.b0.setop.b0.setop.b0.setop.b0.setop.b0.setop.b1.read.index_grp2_cust_astacct_algo_trd_amt_day","dm_index_n.index_grp2_cust_astacct_algo_trd_amt_day","CANDIDATE_ONLY","159303","1","0","UNKNOWN","PARTITION_NON_LITERAL|WRITER_PARTITION_UNKNOWN"
"160518","task:160518:statement:0:relation:root.(child-3).idx1.idx0.setop.b0.setop.b0.setop.b0.setop.b0.setop.b1.read.index_grp2_cust_astacct_algo_trd_net_cms","dm_index_n.index_grp2_cust_astacct_algo_trd_net_cms","CANDIDATE_ONLY","159287","1","0","UNKNOWN","PARTITION_NON_LITERAL|WRITER_PARTITION_UNKNOWN"
"160518","task:160518:statement:0:relation:root.(child-3).idx1.idx0.setop.b0.setop.b0.setop.b0.setop.b1.read.index_grp2_cust_astacct_algo_net_cms_income","dm_index_n.index_grp2_cust_astacct_algo_net_cms_income","CANDIDATE_ONLY","169317","1","0","UNKNOWN","PARTITION_NON_LITERAL|WRITER_PARTITION_UNKNOWN"
"160518","task:160518:statement:0:relation:root.(child-3).idx1.idx0.setop.b0.setop.b0.setop.b1.read.index_grp2_cust_astacct_algo_flow_fee","dm_index_n.index_grp2_cust_astacct_algo_flow_fee","CANDIDATE_ONLY","169368","1","0","UNKNOWN","PARTITION_NON_LITERAL|WRITER_PARTITION_UNKNOWN"
"160518","task:160518:statement:0:relation:root.(child-3).idx1.idx0.setop.b0.setop.b1.read.index_grp2_cust_astacct_algo_value_added_cms","dm_index_n.index_grp2_cust_astacct_algo_value_added_cms","CANDIDATE_ONLY","170275","1","0","UNKNOWN","PARTITION_NON_LITERAL|WRITER_PARTITION_UNKNOWN"
"160518","task:160518:statement:0:relation:root.(child-3).idx1.idx0.setop.b1.read.index_grp2_cust_astacct_algo_vendor_fee","dm_index_n.index_grp2_cust_astacct_algo_vendor_fee","CANDIDATE_ONLY","170281","1","0","UNKNOWN","PARTITION_NON_LITERAL|WRITER_PARTITION_UNKNOWN"
"160773","task:160773:statement:0:relation:root.(child).setop.b0.setop.b1.read.index_grp3_org_emp_cstdprd_avgast_aum_mon","dm_index_n.index_grp3_org_emp_cstdprd_avgast_aum_mon","CANDIDATE_ONLY","149053","1","0","UNKNOWN","PARTITION_NON_LITERAL|WRITER_PARTITION_UNKNOWN"
"160780","task:160780:statement:0:relation:root.(child).setop.b0.setop.b1.read.index_grp3_org_emp_cstdprd_avgast_aum_mon","dm_index_n.index_grp3_org_emp_cstdprd_avgast_aum_mon","CANDIDATE_ONLY","149053","1","0","UNKNOWN","PARTITION_NON_LITERAL|WRITER_PARTITION_UNKNOWN"
"161054","task:161054:statement:0:relation:root.(child).setop.b1.read.index_grp3_org_emp_cstdprd_avgast_aum_year","dm_index_n.index_grp3_org_emp_cstdprd_avgast_aum_year","FULLY_CONFIRMED","149054","1","1","CONFIRMED",""
"161054","task:161054:statement:0:relation:root.(child-3).setop.b1.read.index_grp3_org_emp_cstdprd_avgast_aum_year","dm_index_n.index_grp3_org_emp_cstdprd_avgast_aum_year","CANDIDATE_ONLY","149054","1","0","UNKNOWN","PARTITION_NON_LITERAL|WRITER_PARTITION_UNKNOWN"
"161152","task:161152:statement:0:relation:root.(child).setop.b1.read.index_grp3_org_emp_cstdprd_avgast_aum_year","dm_index_n.index_grp3_org_emp_cstdprd_avgast_aum_year","FULLY_CONFIRMED","149054","1","1","CONFIRMED",""
"161152","task:161152:statement:0:relation:root.(child-3).setop.b1.read.index_grp3_org_emp_cstdprd_avgast_aum_year","dm_index_n.index_grp3_org_emp_cstdprd_avgast_aum_year","CANDIDATE_ONLY","149054","1","0","UNKNOWN","PARTITION_NON_LITERAL|WRITER_PARTITION_UNKNOWN"
"162676","task:162676:statement:0:relation:root.casttable.r.n.read.gfhk_currency_hkd_usd_rate","dm_index_n.gfhk_currency_hkd_usd_rate","FULLY_CONFIRMED","171396","1","1","CONFIRMED",""
"163640","task:163640:statement:0:relation:root.casttable.r.n.read.gfhk_currency_hkd_usd_rate","dm_index_n.gfhk_currency_hkd_usd_rate","FULLY_CONFIRMED","171396","1","1","CONFIRMED",""
"165154","task:165154:statement:0:relation:root.(child-2).a.setop.b0.setop.b1.read.index_grp3_org_emp_cstdprd_avgast_aum_mon","dm_index_n.index_grp3_org_emp_cstdprd_avgast_aum_mon","CANDIDATE_ONLY","149053","1","0","UNKNOWN","PARTITION_NON_LITERAL|WRITER_PARTITION_UNKNOWN"
"165154","task:165154:statement:0:relation:root.(child-2).a.setop.b1.read.index_grp3_apdtnramt_2026yearaumexamcali_mthapd","dm_index_n.index_grp3_apdtnramt_2026yearaumexamcali_mthapd","CANDIDATE_ONLY","234860","1","0","UNKNOWN","PARTITION_NON_LITERAL|WRITER_PARTITION_UNKNOWN"
"165154","task:165154:statement:0:relation:root.(child-2).b.read.aum_asset_ast_style_cd","pdata_nds.aum_asset_ast_style_cd","FULLY_CONFIRMED","164766","1","1","CONFIRMED",""
"165154","task:165154:statement:0:relation:root.(child-3).b.read.aum_asset_ast_style_cd","pdata_nds.aum_asset_ast_style_cd","FULLY_CONFIRMED","164766","1","1","CONFIRMED",""
"165154","task:165154:statement:0:relation:root.index.b.t.setop.b0.a.read.grp_tag_client_is_aum_exam_del","dm_index_n.grp_tag_client_is_aum_exam_del","CANDIDATE_ONLY","187693","1","0","UNKNOWN","PARTITION_NON_LITERAL|WRITER_PARTITION_UNKNOWN"
"165154","task:165154:statement:0:relation:root.index.b.t.setop.b1.read.grp_tag_client_is_cust_judic_frz","dm_index_n.grp_tag_client_is_cust_judic_frz","CANDIDATE_ONLY","158659","1","0","ASSUMED",""
"167299","task:167299:statement:0:relation:root.casttable.setop.b1.t.setop.b0.setop.b0.setop.b0.setop.b0.qywx_weekly_report_com.c.read.t98_brok_imp_cust_list","pdata_n.t98_brok_imp_cust_list","CANDIDATE_ONLY","68005","1","0","UNKNOWN","PARTITION_NON_LITERAL|WRITER_PARTITION_UNKNOWN"
"167299","task:167299:statement:0:relation:root.casttable.setop.b1.t.setop.b0.setop.b0.setop.b0.setop.b1.qywx_weekly_report_dept.t1.c.read.t98_brok_imp_cust_list","pdata_n.t98_brok_imp_cust_list","CANDIDATE_ONLY","68005","1","0","UNKNOWN","PARTITION_NON_LITERAL|WRITER_PARTITION_UNKNOWN"
"167299","task:167299:statement:0:relation:root.casttable.setop.b1.t.setop.b0.setop.b0.setop.b1.qywx_weekly_report_org.a.t4.read.a","pdata_n.t05_wecom_kyc_auth_evt","FULLY_CONFIRMED","65920","1","1","CONFIRMED",""
"167299","task:167299:statement:0:relation:root.casttable.setop.b1.t.setop.b0.setop.b0.setop.b1.qywx_weekly_report_org.a.t5.read.t98_brok_imp_cust_list","pdata_n.t98_brok_imp_cust_list","CANDIDATE_ONLY","68005","1","0","UNKNOWN","PARTITION_NON_LITERAL|WRITER_PARTITION_UNKNOWN"
"167299","task:167299:statement:0:relation:root.casttable.setop.b1.t.setop.b0.setop.b0.setop.b1.qywx_weekly_report_org.e.read.t98_brok_imp_cust_list","pdata_n.t98_brok_imp_cust_list","CANDIDATE_ONLY","68005","1","0","UNKNOWN","PARTITION_NON_LITERAL|WRITER_PARTITION_UNKNOWN"
"168458","task:168458:statement:0:relation:root.(child).typ.read.grp_tag_client_rich_cust_flag","dm_index_n.grp_tag_client_rich_cust_flag","CANDIDATE_ONLY","101358","1","0","UNKNOWN","PARTITION_NON_LITERAL|WRITER_PARTITION_UNKNOWN"
"168458","task:168458:statement:0:relation:root.(child).vld.read.grp_tag_client_whth_valid_flag","dm_index_n.grp_tag_client_whth_valid_flag","CANDIDATE_ONLY","101399","1","0","UNKNOWN","PARTITION_NON_LITERAL|WRITER_PARTITION_UNKNOWN"
"168458","task:168458:statement:0:relation:root.casttable.setop.b0.setop.b0.setop.b0.setop.b0.ast.read.index_grp1_ast","dm_index_n.index_grp1_ast","CANDIDATE_ONLY","157103","1","0","UNKNOWN","PARTITION_NON_LITERAL|WRITER_PARTITION_UNKNOWN"
"168458","task:168458:statement:0:relation:root.casttable.setop.b0.setop.b0.setop.b0.setop.b0.ymt.read.index_grp1_net_ast_net_in_amt_year","dm_index_n.index_grp1_net_ast_net_in_amt_year","ALL_DISJOINT","165692","1","0","DISJOINT","PARTITION_NO_MATCH"
"168458","task:168458:statement:0:relation:root.casttable.setop.b0.setop.b0.setop.b0.setop.b0.ypo.read.index_grp1_yield_fullacct_year_retandorgcntr","dm_index_n.index_grp1_yield_fullacct_year_retandorgcntr","CANDIDATE_ONLY","170011","1","0","UNKNOWN","WRITER_PARTITION_UNKNOWN"
"168458","task:168458:statement:0:relation:root.casttable.setop.b0.setop.b0.setop.b0.setop.b0.yqr.read.index_grp1_yieldamt_fullacct_year_retandorgcntr","dm_index_n.index_grp1_yieldamt_fullacct_year_retandorgcntr","FULLY_CONFIRMED","170002","1","1","CONFIRMED",""
"168458","task:168458:statement:0:relation:root.casttable.setop.b0.setop.b0.setop.b0.setop.b1.ast.read.index_grp1_ast","dm_index_n.index_grp1_ast","CANDIDATE_ONLY","157103","1","0","UNKNOWN","PARTITION_NON_LITERAL|WRITER_PARTITION_UNKNOWN"
"168458","task:168458:statement:0:relation:root.casttable.setop.b0.setop.b0.setop.b0.setop.b1.ymt.read.index_grp1_net_ast_net_in_amt_year","dm_index_n.index_grp1_net_ast_net_in_amt_year","FULLY_CONFIRMED","165692","1","1","CONFIRMED",""
"168458","task:168458:statement:0:relation:root.casttable.setop.b0.setop.b0.setop.b0.setop.b1.ypo.read.index_grp1_yield_fullacct_year_retandorgcntr","dm_index_n.index_grp1_yield_fullacct_year_retandorgcntr","CANDIDATE_ONLY","170011","1","0","UNKNOWN","WRITER_PARTITION_UNKNOWN"
"168458","task:168458:statement:0:relation:root.casttable.setop.b0.setop.b0.setop.b0.setop.b1.yqr.read.index_grp1_yieldamt_fullacct_year_retandorgcntr","dm_index_n.index_grp1_yieldamt_fullacct_year_retandorgcntr","FULLY_CONFIRMED","170002","1","1","CONFIRMED",""
"168458","task:168458:statement:0:relation:root.casttable.setop.b0.setop.b0.setop.b1.ast.read.index_grp1_ast","dm_index_n.index_grp1_ast","CANDIDATE_ONLY","157103","1","0","UNKNOWN","PARTITION_NON_LITERAL|WRITER_PARTITION_UNKNOWN"
"168458","task:168458:statement:0:relation:root.casttable.setop.b0.setop.b0.setop.b1.ymt.read.index_grp1_net_ast_net_in_amt_year","dm_index_n.index_grp1_net_ast_net_in_amt_year","FULLY_CONFIRMED","165692","1","1","CONFIRMED",""
"168458","task:168458:statement:0:relation:root.casttable.setop.b0.setop.b0.setop.b1.ypo.read.index_grp1_yield_fullacct_year_retandorgcntr","dm_index_n.index_grp1_yield_fullacct_year_retandorgcntr","CANDIDATE_ONLY","170011","1","0","UNKNOWN","WRITER_PARTITION_UNKNOWN"
"168458","task:168458:statement:0:relation:root.casttable.setop.b0.setop.b0.setop.b1.yqr.read.index_grp1_yieldamt_fullacct_year_retandorgcntr","dm_index_n.index_grp1_yieldamt_fullacct_year_retandorgcntr","FULLY_CONFIRMED","170002","1","1","CONFIRMED",""
"168458","task:168458:statement:0:relation:root.casttable.setop.b0.setop.b1.ast.read.index_grp1_ast","dm_index_n.index_grp1_ast","CANDIDATE_ONLY","157103","1","0","UNKNOWN","PARTITION_NON_LITERAL|WRITER_PARTITION_UNKNOWN"
"168458","task:168458:statement:0:relation:root.casttable.setop.b0.setop.b1.ymt.read.index_grp1_net_ast_net_in_amt_year","dm_index_n.index_grp1_net_ast_net_in_amt_year","FULLY_CONFIRMED","165692","1","1","CONFIRMED",""
"168458","task:168458:statement:0:relation:root.casttable.setop.b0.setop.b1.ypo.read.index_grp1_yield_fullacct_year_retandorgcntr","dm_index_n.index_grp1_yield_fullacct_year_retandorgcntr","CANDIDATE_ONLY","170011","1","0","UNKNOWN","WRITER_PARTITION_UNKNOWN"
"168458","task:168458:statement:0:relation:root.casttable.setop.b0.setop.b1.yqr.read.index_grp1_yieldamt_fullacct_year_retandorgcntr","dm_index_n.index_grp1_yieldamt_fullacct_year_retandorgcntr","FULLY_CONFIRMED","170002","1","1","CONFIRMED",""
"168458","task:168458:statement:0:relation:root.casttable.setop.b1.ast.read.index_grp1_ast","dm_index_n.index_grp1_ast","CANDIDATE_ONLY","157103","1","0","UNKNOWN","PARTITION_NON_LITERAL|WRITER_PARTITION_UNKNOWN"
"168458","task:168458:statement:0:relation:root.casttable.setop.b1.ymt.read.index_grp1_net_ast_net_in_amt_year","dm_index_n.index_grp1_net_ast_net_in_amt_year","FULLY_CONFIRMED","165692","1","1","CONFIRMED",""
"168458","task:168458:statement:0:relation:root.casttable.setop.b1.ypo.read.index_grp1_yield_fullacct_year_retandorgcntr","dm_index_n.index_grp1_yield_fullacct_year_retandorgcntr","CANDIDATE_ONLY","170011","1","0","UNKNOWN","WRITER_PARTITION_UNKNOWN"
"168458","task:168458:statement:0:relation:root.casttable.setop.b1.yqr.read.index_grp1_yieldamt_fullacct_year_retandorgcntr","dm_index_n.index_grp1_yieldamt_fullacct_year_retandorgcntr","FULLY_CONFIRMED","170002","1","1","CONFIRMED",""
"173057","task:173057:statement:0:relation:root.(child).ast.read.index_grp1_ast","dm_index_n.index_grp1_ast","CANDIDATE_ONLY","157103","1","0","UNKNOWN","PARTITION_NON_LITERAL|WRITER_PARTITION_UNKNOWN"
"173057","task:173057:statement:0:relation:root.(child).vld.read.grp_tag_client_whth_valid_flag","dm_index_n.grp_tag_client_whth_valid_flag","CANDIDATE_ONLY","101399","1","0","UNKNOWN","PARTITION_NON_LITERAL|WRITER_PARTITION_UNKNOWN"
"174041","task:174041:statement:0:relation:root.read.wt_cust_comm_incm_mon","dm_om_n.wt_cust_comm_incm_mon","CANDIDATE_ONLY","125079","1","0","UNKNOWN","PARTITION_NON_LITERAL|WRITER_PARTITION_UNKNOWN"
"174129","task:174129:statement:0:relation:root.read.wt_cust_oth_incm_mon","dm_om_n.wt_cust_oth_incm_mon","CANDIDATE_ONLY","125840","1","0","UNKNOWN","PARTITION_NON_LITERAL|WRITER_PARTITION_UNKNOWN"
"174163","task:174163:statement:0:relation:root.read.wt_cust_opt_incm_mon","dm_om_n.wt_cust_opt_incm_mon","CANDIDATE_ONLY","123726","1","0","UNKNOWN","PARTITION_NON_LITERAL|WRITER_PARTITION_UNKNOWN"
"174164","task:174164:statement:0:relation:root.read.wt_cust_csfc_incm_mon","dm_om_n.wt_cust_csfc_incm_mon","CANDIDATE_ONLY","126255","1","0","UNKNOWN","PARTITION_NON_LITERAL|WRITER_PARTITION_UNKNOWN"
"174370","task:174370:statement:0:relation:root.(child).ast.read.index_grp1_ast","dm_index_n.index_grp1_ast","CANDIDATE_ONLY","157103","1","0","UNKNOWN","PARTITION_NON_LITERAL|WRITER_PARTITION_UNKNOWN"
"174370","task:174370:statement:0:relation:root.(child).vld.read.grp_tag_client_whth_valid_flag","dm_index_n.grp_tag_client_whth_valid_flag","CANDIDATE_ONLY","101399","1","0","UNKNOWN","PARTITION_NON_LITERAL|WRITER_PARTITION_UNKNOWN"
"174537","task:174537:statement:0:relation:root.(child).vld.read.grp_tag_client_whth_valid_flag","dm_index_n.grp_tag_client_whth_valid_flag","CANDIDATE_ONLY","101399","1","0","UNKNOWN","PARTITION_NON_LITERAL|WRITER_PARTITION_UNKNOWN"
"174537","task:174537:statement:0:relation:root.(child).ymt.read.index_grp1_net_ast_net_in_amt_year","dm_index_n.index_grp1_net_ast_net_in_amt_year","ALL_DISJOINT","165692","1","0","DISJOINT","PARTITION_NO_MATCH"
"174918","task:174918:statement:0:relation:root.(child).vld.read.grp_tag_client_whth_valid_flag","dm_index_n.grp_tag_client_whth_valid_flag","CANDIDATE_ONLY","101399","1","0","UNKNOWN","PARTITION_NON_LITERAL|WRITER_PARTITION_UNKNOWN"
"174918","task:174918:statement:0:relation:root.(child).ypo.read.index_grp1_yield_fullacct_year_retandorgcntr","dm_index_n.index_grp1_yield_fullacct_year_retandorgcntr","CANDIDATE_ONLY","170011","1","0","UNKNOWN","WRITER_PARTITION_UNKNOWN"
"174918","task:174918:statement:0:relation:root.(child).yqr.read.index_grp1_yieldamt_fullacct_year_retandorgcntr","dm_index_n.index_grp1_yieldamt_fullacct_year_retandorgcntr","FULLY_CONFIRMED","170002","1","1","CONFIRMED",""
"174933","task:174933:statement:0:relation:root.(child).vld.read.grp_tag_client_whth_valid_flag","dm_index_n.grp_tag_client_whth_valid_flag","CANDIDATE_ONLY","101399","1","0","UNKNOWN","PARTITION_NON_LITERAL|WRITER_PARTITION_UNKNOWN"
"174933","task:174933:statement:0:relation:root.(child).ypo.read.index_grp1_yield_fullacct_year_retandorgcntr","dm_index_n.index_grp1_yield_fullacct_year_retandorgcntr","CANDIDATE_ONLY","170011","1","0","UNKNOWN","WRITER_PARTITION_UNKNOWN"
"175419","task:175419:statement:0:relation:root.casttable.covt.a.setop.b0.read.index_grp1_cust_docbkamt_covtrmb_tdy_all","dm_index_n.index_grp1_cust_docbkamt_covtrmb_tdy_all","CANDIDATE_ONLY","166108","1","0","UNKNOWN","PARTITION_NON_LITERAL|WRITER_PARTITION_UNKNOWN"
"175419","task:175419:statement:0:relation:root.casttable.covt.a.setop.b1.read.index_grp1_cust_doctranoamt_covtrmb_tdy_all","dm_index_n.index_grp1_cust_doctranoamt_covtrmb_tdy_all","CANDIDATE_ONLY","166106","1","0","UNKNOWN","PARTITION_NON_LITERAL|WRITER_PARTITION_UNKNOWN"
"175419","task:175419:statement:0:relation:root.casttable.incm.a.read.index_grp1_cust_incm_allcali_tdy_all","dm_index_n.index_grp1_cust_incm_allcali_tdy_all","CANDIDATE_ONLY","152846","1","0","UNKNOWN","PARTITION_NON_LITERAL|WRITER_PARTITION_UNKNOWN"
"175419","task:175419:statement:0:relation:root.casttable.total.a.read.index_grp_total_asset_avg_mon","dm_index_n.index_grp_total_asset_avg_mon","CANDIDATE_ONLY","95516","1","0","UNKNOWN","PARTITION_NON_LITERAL|WRITER_PARTITION_UNKNOWN"
"175419","task:175419:statement:0:relation:root.casttable.trade.a.read.index_grp_trade_amt_exch","dm_index_n.index_grp_trade_amt_exch","ALL_DISJOINT","80025","1","0","DISJOINT","PARTITION_NO_MATCH"
"175427","task:175427:statement:0:relation:root.casttable.covt.a.setop.b0.read.index_grp1_cust_docbkamt_covtrmb_tdy_all","dm_index_n.index_grp1_cust_docbkamt_covtrmb_tdy_all","CANDIDATE_ONLY","166108","1","0","UNKNOWN","PARTITION_NON_LITERAL|WRITER_PARTITION_UNKNOWN"
"175427","task:175427:statement:0:relation:root.casttable.covt.a.setop.b1.read.index_grp1_cust_doctranoamt_covtrmb_tdy_all","dm_index_n.index_grp1_cust_doctranoamt_covtrmb_tdy_all","CANDIDATE_ONLY","166106","1","0","UNKNOWN","PARTITION_NON_LITERAL|WRITER_PARTITION_UNKNOWN"
"175427","task:175427:statement:0:relation:root.casttable.incm.a.read.index_grp1_cust_incm_allcali_tdy_all","dm_index_n.index_grp1_cust_incm_allcali_tdy_all","CANDIDATE_ONLY","152846","1","0","UNKNOWN","PARTITION_NON_LITERAL|WRITER_PARTITION_UNKNOWN"
"175427","task:175427:statement:0:relation:root.casttable.total.a.read.index_grp_total_asset_avg_mon","dm_index_n.index_grp_total_asset_avg_mon","CANDIDATE_ONLY","95516","1","0","UNKNOWN","PARTITION_NON_LITERAL|WRITER_PARTITION_UNKNOWN"
"175427","task:175427:statement:0:relation:root.casttable.trade.a.read.index_grp_trade_amt_exch","dm_index_n.index_grp_trade_amt_exch","ALL_DISJOINT","80025","1","0","DISJOINT","PARTITION_NO_MATCH"
"176693","task:176693:statement:0:relation:root.casttable.covt.a.setop.b0.read.index_grp1_cust_docbkamt_covtrmb_tdy_all","dm_index_n.index_grp1_cust_docbkamt_covtrmb_tdy_all","CANDIDATE_ONLY","166108","1","0","UNKNOWN","PARTITION_NON_LITERAL|WRITER_PARTITION_UNKNOWN"
"176693","task:176693:statement:0:relation:root.casttable.covt.a.setop.b1.read.index_grp1_cust_doctranoamt_covtrmb_tdy_all","dm_index_n.index_grp1_cust_doctranoamt_covtrmb_tdy_all","CANDIDATE_ONLY","166106","1","0","UNKNOWN","PARTITION_NON_LITERAL|WRITER_PARTITION_UNKNOWN"
"176693","task:176693:statement:0:relation:root.casttable.incm.a.read.index_grp1_cust_incm_allcali_tdy_all","dm_index_n.index_grp1_cust_incm_allcali_tdy_all","CANDIDATE_ONLY","152846","1","0","UNKNOWN","PARTITION_NON_LITERAL|WRITER_PARTITION_UNKNOWN"
"176693","task:176693:statement:0:relation:root.casttable.total.a.read.index_grp_total_asset_avg_mon","dm_index_n.index_grp_total_asset_avg_mon","CANDIDATE_ONLY","95516","1","0","UNKNOWN","PARTITION_NON_LITERAL|WRITER_PARTITION_UNKNOWN"
"176693","task:176693:statement:0:relation:root.casttable.trade.a.read.index_grp_trade_amt_exch","dm_index_n.index_grp_trade_amt_exch","ALL_DISJOINT","80025","1","0","DISJOINT","PARTITION_NO_MATCH"
"176826","task:176826:statement:0:relation:root.setop.b0.k1.read.wt_taum_cust_stat_rela_incm_mon","dm_om_n.wt_taum_cust_stat_rela_incm_mon","CANDIDATE_ONLY","171292","1","0","UNKNOWN","PARTITION_NON_LITERAL|WRITER_PARTITION_UNKNOWN"
"176826","task:176826:statement:0:relation:root.setop.b1.k.read.wt_taum_cust_stat_rela_incm_mon","dm_om_n.wt_taum_cust_stat_rela_incm_mon","CANDIDATE_ONLY","171292","1","0","UNKNOWN","PARTITION_NON_LITERAL|WRITER_PARTITION_UNKNOWN"
"176826","task:176826:statement:0:relation:root.setop.b1.read.c","dm_om_n.wt_aum_temployee","FULLY_CONFIRMED","95888","1","1","CONFIRMED",""
"177390","task:177390:statement:0:relation:root.casttable.setop.b0.t1.read.t01_pty_idty_info","spdata_n.t01_pty_idty_info","PARTLY_CONFIRMED","100911|100919|225910|63130","4","3","CONFIRMED|UNKNOWN","PARTITION_NON_LITERAL|WRITER_PARTITION_UNKNOWN"
"177390","task:177390:statement:0:relation:root.casttable.setop.b0.t2.read.t01_pty_idty_info","spdata_n.t01_pty_idty_info","PARTLY_CONFIRMED","100911|100919|225910|63130","4","3","CONFIRMED|UNKNOWN","PARTITION_NON_LITERAL|WRITER_PARTITION_UNKNOWN"
"177390","task:177390:statement:0:relation:root.casttable.setop.b0.t3.read.t01_pty_idty_info","spdata_n.t01_pty_idty_info","PARTLY_CONFIRMED","100911|100919|225910|63130","4","3","CONFIRMED|UNKNOWN","PARTITION_NON_LITERAL|WRITER_PARTITION_UNKNOWN"
"177390","task:177390:statement:0:relation:root.casttable.setop.b0.t6.read.t01_pty_addr_info","spdata_n.t01_pty_addr_info","PARTLY_CONFIRMED","102003|198092|211856|225912|229762|63177|77083","7","4","UNKNOWN|CONFIRMED","PARTITION_NON_LITERAL|WRITER_PARTITION_UNKNOWN"
"177390","task:177390:statement:0:relation:root.casttable.setop.b0.t7.read.t01_pty_name","spdata_n.t01_pty_name","PARTLY_CONFIRMED","225908|63192","2","1","UNKNOWN|CONFIRMED","PARTITION_NON_LITERAL|WRITER_PARTITION_UNKNOWN"
"177395","task:177395:statement:0:relation:root.(child).a.incm.a.read.index_grp1_cust_incm_allcali_mth_all","dm_index_n.index_grp1_cust_incm_allcali_mth_all","CANDIDATE_ONLY","152879","1","0","UNKNOWN","PARTITION_NON_LITERAL|WRITER_PARTITION_UNKNOWN"
"177395","task:177395:statement:0:relation:root.(child).a.net.b.read.index_grp_apd_net_asset","dm_index_n.index_grp_apd_net_asset","CANDIDATE_ONLY","87089","1","0","UNKNOWN","PARTITION_NON_LITERAL|WRITER_PARTITION_UNKNOWN"
"177395","task:177395:statement:0:relation:root.(child).a.the_net.b.read.index_grp_apd_net_asset","dm_index_n.index_grp_apd_net_asset","CANDIDATE_ONLY","87089","1","0","UNKNOWN","PARTITION_NON_LITERAL|WRITER_PARTITION_UNKNOWN"
"177395","task:177395:statement:0:relation:root.(child).a.totl.a.read.index_grp_total_asset_avg_mon","dm_index_n.index_grp_total_asset_avg_mon","CANDIDATE_ONLY","95516","1","0","UNKNOWN","PARTITION_NON_LITERAL|WRITER_PARTITION_UNKNOWN"
"177407","task:177407:statement:0:relation:root.(child).a.incm.a.read.index_grp1_cust_incm_allcali_mth_all","dm_index_n.index_grp1_cust_incm_allcali_mth_all","CANDIDATE_ONLY","152879","1","0","UNKNOWN","PARTITION_NON_LITERAL|WRITER_PARTITION_UNKNOWN"
"177407","task:177407:statement:0:relation:root.(child).a.net.b.read.index_grp_apd_net_asset","dm_index_n.index_grp_apd_net_asset","CANDIDATE_ONLY","87089","1","0","UNKNOWN","PARTITION_NON_LITERAL|WRITER_PARTITION_UNKNOWN"
"177407","task:177407:statement:0:relation:root.(child).a.the_net.b.read.index_grp_apd_net_asset","dm_index_n.index_grp_apd_net_asset","CANDIDATE_ONLY","87089","1","0","UNKNOWN","PARTITION_NON_LITERAL|WRITER_PARTITION_UNKNOWN"
"177407","task:177407:statement:0:relation:root.(child).a.totl.a.read.index_grp_total_asset_avg_mon","dm_index_n.index_grp_total_asset_avg_mon","CANDIDATE_ONLY","95516","1","0","UNKNOWN","PARTITION_NON_LITERAL|WRITER_PARTITION_UNKNOWN"
"177585","task:177585:statement:0:relation:root.(child-2).read.aum_org_base_info","dm_om_n.aum_org_base_info","FULLY_CONFIRMED","95634","1","1","CONFIRMED",""
"177585","task:177585:statement:0:relation:root.(child-3).b.read.aum_emp_base_info","dm_om_n.aum_emp_base_info","FULLY_CONFIRMED","95614","1","1","CONFIRMED",""
"177585","task:177585:statement:0:relation:root.(child-4).b.n.setop.b0.setop.b0.read.wt_taum_emp_indi_data","dm_om_n.wt_taum_emp_indi_data","CANDIDATE_ONLY","167523","1","0","UNKNOWN","PARTITION_NON_LITERAL|WRITER_PARTITION_UNKNOWN"
"177585","task:177585:statement:0:relation:root.(child-4).b.n.setop.b1.read.wt_taum_emp_indi_dim_data","dm_om_n.wt_taum_emp_indi_dim_data","CANDIDATE_ONLY","202354","1","0","UNKNOWN","PARTITION_NON_LITERAL|WRITER_PARTITION_UNKNOWN"
"177585","task:177585:statement:0:relation:root.t1.setop.b0.setop.b0.setop.b0.a.setop.b0.read.aum_org_base_info","dm_om_n.aum_org_base_info","FULLY_CONFIRMED","95634","1","1","CONFIRMED",""
"177585","task:177585:statement:0:relation:root.t1.setop.b0.setop.b0.setop.b0.a.setop.b1.read.aum_org_base_info","dm_om_n.aum_org_base_info","FULLY_CONFIRMED","95634","1","1","CONFIRMED",""
"177585","task:177585:statement:0:relation:root.t1.setop.b0.setop.b0.setop.b0.b.k.setop.b1.read.wt_ins_indi_data_others","dm_om_n.wt_ins_indi_data_others","CANDIDATE_ONLY","210413","1","0","UNKNOWN","PARTITION_NON_LITERAL|WRITER_PARTITION_UNKNOWN"
"177585","task:177585:statement:0:relation:root.t1.setop.b0.setop.b0.setop.b1.read.wt_ins_indi_data","dm_om_n.wt_ins_indi_data","CANDIDATE_ONLY","134263","1","0","UNKNOWN","PARTITION_NON_LITERAL|WRITER_PARTITION_UNKNOWN"
"177585","task:177585:statement:0:relation:root.t1.setop.b0.setop.b1.read.wt_ins_indi_data_others","dm_om_n.wt_ins_indi_data_others","CANDIDATE_ONLY","210413","1","0","UNKNOWN","PARTITION_NON_LITERAL|WRITER_PARTITION_UNKNOWN"
"177677","task:177677:statement:0:relation:root.casttable.a.incm.a.read.index_grp1_cust_incm_allcali_mth_all","dm_index_n.index_grp1_cust_incm_allcali_mth_all","CANDIDATE_ONLY","152879","1","0","UNKNOWN","WRITER_PARTITION_UNKNOWN"
"177677","task:177677:statement:0:relation:root.casttable.a.net.b.read.index_grp_apd_net_asset","dm_index_n.index_grp_apd_net_asset","CANDIDATE_ONLY","87089","1","0","UNKNOWN","PARTITION_NON_LITERAL|WRITER_PARTITION_UNKNOWN"
"177677","task:177677:statement:0:relation:root.casttable.a.totl.a.read.index_grp_total_asset_avg_mon","dm_index_n.index_grp_total_asset_avg_mon","CANDIDATE_ONLY","95516","1","0","UNKNOWN","PARTITION_NON_LITERAL|WRITER_PARTITION_UNKNOWN"
"177677","task:177677:statement:0:relation:root.casttable.b.incm.a.read.index_grp1_cust_incm_allcali_mth_all","dm_index_n.index_grp1_cust_incm_allcali_mth_all","CANDIDATE_ONLY","152879","1","0","UNKNOWN","PARTITION_NON_LITERAL|WRITER_PARTITION_UNKNOWN"
"177677","task:177677:statement:0:relation:root.casttable.b.totl.a.read.index_grp_total_asset_avg_mon","dm_index_n.index_grp_total_asset_avg_mon","CANDIDATE_ONLY","95516","1","0","UNKNOWN","PARTITION_NON_LITERAL|WRITER_PARTITION_UNKNOWN"
"177681","task:177681:statement:0:relation:root.casttable.a.incm.a.read.index_grp1_cust_incm_allcali_mth_all","dm_index_n.index_grp1_cust_incm_allcali_mth_all","CANDIDATE_ONLY","152879","1","0","UNKNOWN","WRITER_PARTITION_UNKNOWN"
"177681","task:177681:statement:0:relation:root.casttable.a.net.b.read.index_grp_apd_net_asset","dm_index_n.index_grp_apd_net_asset","CANDIDATE_ONLY","87089","1","0","UNKNOWN","PARTITION_NON_LITERAL|WRITER_PARTITION_UNKNOWN"
"177681","task:177681:statement:0:relation:root.casttable.a.the_net.b.read.index_grp_apd_net_asset","dm_index_n.index_grp_apd_net_asset","CANDIDATE_ONLY","87089","1","0","UNKNOWN","PARTITION_NON_LITERAL|WRITER_PARTITION_UNKNOWN"
"177681","task:177681:statement:0:relation:root.casttable.a.totl.a.read.index_grp_total_asset_avg_mon","dm_index_n.index_grp_total_asset_avg_mon","CANDIDATE_ONLY","95516","1","0","UNKNOWN","PARTITION_NON_LITERAL|WRITER_PARTITION_UNKNOWN"
"178667","task:178667:statement:0:relation:root.k.setop.b0.setop.b0.setop.b0.b.k.setop.b1.read.wt_taum_emp_indi_dim_data","dm_om_n.wt_taum_emp_indi_dim_data","CANDIDATE_ONLY","202354","1","0","UNKNOWN","PARTITION_NON_LITERAL|WRITER_PARTITION_UNKNOWN"
"178667","task:178667:statement:0:relation:root.k.setop.b0.setop.b0.setop.b0.c.read.aum_emp_base_info","dm_om_n.aum_emp_base_info","FULLY_CONFIRMED","95614","1","1","CONFIRMED",""
"178667","task:178667:statement:0:relation:root.k.setop.b0.setop.b0.setop.b1.read.wt_taum_emp_indi_data","dm_om_n.wt_taum_emp_indi_data","CANDIDATE_ONLY","167523","1","0","UNKNOWN","PARTITION_NON_LITERAL|WRITER_PARTITION_UNKNOWN"
"178667","task:178667:statement:0:relation:root.k.setop.b1.read.wt_taum_emp_indi_dim_data","dm_om_n.wt_taum_emp_indi_dim_data","CANDIDATE_ONLY","202354","1","0","UNKNOWN","PARTITION_NON_LITERAL|WRITER_PARTITION_UNKNOWN"
"178833","task:178833:statement:0:relation:root.casttable.setop.b0.setop.b1.read.t98_ficc_prd_cust_info_ecr","pdata_n.t98_ficc_prd_cust_info_ecr","FULLY_CONFIRMED","209974","1","1","CONFIRMED",""
"184973","task:184973:statement:0:relation:root.index.t2.read.grp_tag_client_aum_perf_exam","dm_index_n.grp_tag_client_aum_perf_exam","FULLY_CONFIRMED","190620","1","1","CONFIRMED",""
"184974","task:184974:statement:0:relation:root.index.t2.read.grp_tag_client_aum_perf_exam","dm_index_n.grp_tag_client_aum_perf_exam","FULLY_CONFIRMED","190620","1","1","CONFIRMED",""
"185515","task:185515:statement:0:relation:root.casttable.t0.read.a","dm_opt_n.doten_covt_exch_list","FULLY_CONFIRMED","135567","1","1","CONFIRMED",""
"187687","task:187687:statement:0:relation:root.casttable.setop.b0.setop.b0.setop.b0.setop.b0.setop.b0.setop.b0.setop.b0.setop.b0.setop.b0.setop.b0.setop.b1.read.emp","pdata_n.t98_info_emp_base_ecr","FULLY_CONFIRMED","170132","1","1","CONFIRMED",""
"187687","task:187687:statement:0:relation:root.casttable.setop.b0.setop.b0.setop.b0.setop.b0.setop.b0.setop.b0.setop.b1.read.t98_cust_info_of_res_serv_ecr","pdata_n.t98_cust_info_of_res_serv_ecr","FULLY_CONFIRMED","200096","1","1","CONFIRMED",""
"187687","task:187687:statement:0:relation:root.casttable.setop.b0.setop.b0.setop.b0.setop.b0.setop.b0.setop.b1.read.a","pdata_n.t00_proj_mem_info","CANDIDATE_ONLY","102413|102414","2","0","UNKNOWN","WRITER_PARTITION_UNKNOWN"
"187687","task:187687:statement:0:relation:root.casttable.setop.b0.setop.b0.setop.b0.setop.b0.setop.b1.read.t4","pdata_n.t98_info_emp_base_ecr","FULLY_CONFIRMED","170132","1","1","CONFIRMED",""
"187687","task:187687:statement:0:relation:root.casttable.setop.b0.setop.b0.setop.b0.setop.b1.rel.read.s_bg_acs_rel_emp_v","pdata_nds.s_bg_acs_rel_emp_v","FULLY_CONFIRMED","212965","1","1","CONFIRMED",""
"187687","task:187687:statement:0:relation:root.casttable.setop.b0.setop.b0.setop.b1.rel.read.s_bg_acs_rel_emp_v","pdata_nds.s_bg_acs_rel_emp_v","FULLY_CONFIRMED","212965","1","1","CONFIRMED",""
"187687","task:187687:statement:0:relation:root.casttable.setop.b1.read.f_view_act_pe_xm","pdata_nds.f_view_act_pe_xm","FULLY_CONFIRMED","224769","1","1","CONFIRMED",""
"189181","task:189181:statement:0:relation:root.(child-2).read.a","dm_index_n.grp_tag_client_aum_perf_exam","FULLY_CONFIRMED","190620","1","1","CONFIRMED",""
"189181","task:189181:statement:0:relation:root.(child-3).read.a","dm_index_n.index_grp1_cust_incm_allcali_mth_all","CANDIDATE_ONLY","152879","1","0","UNKNOWN","WRITER_PARTITION_UNKNOWN"
"189181","task:189181:statement:0:relation:root.(child-4).setop.b0.setop.b0.setop.b0.setop.b0.setop.b0.setop.b0.setop.b0.setop.b0.read.index_grp2_emp_inr_incm_spaseat_mth","dm_index_n.index_grp2_emp_inr_incm_spaseat_mth","ALL_DISJOINT","239434","1","0","DISJOINT","PARTITION_NO_MATCH"
"189181","task:189181:statement:0:relation:root.(child-4).setop.b0.setop.b0.setop.b0.setop.b1.read.a","dm_index_n.index_grp3_cust_prd_emp_income_nwsincome_aumdevrela_tdy","CANDIDATE_ONLY","154232","1","0","UNKNOWN","PARTITION_NON_LITERAL|WRITER_PARTITION_UNKNOWN"
"189181","task:189181:statement:0:relation:root.(child-4).setop.b0.setop.b0.setop.b1.t.setop.b0.read.a","dm_index_n.index_grp2_cust_emp_incm_plfmvabusi_aum_tdy_all","FULLY_CONFIRMED","184787","1","1","CONFIRMED",""
"189181","task:189181:statement:0:relation:root.(child-7).read.a","dm_index_n.grp_tag_client_aum_perf_exam","CANDIDATE_ONLY","190620","1","0","UNKNOWN","PARTITION_NON_LITERAL|WRITER_PARTITION_UNKNOWN"
"189181","task:189181:statement:0:relation:root.(child-8).read.a","dm_index_n.index_grp1_cust_incm_allcali_mth_all","CANDIDATE_ONLY","152879","1","0","UNKNOWN","PARTITION_NON_LITERAL|WRITER_PARTITION_UNKNOWN"
"189181","task:189181:statement:0:relation:root.(child-9).setop.b0.setop.b0.setop.b0.setop.b0.setop.b0.setop.b0.setop.b0.setop.b0.read.index_grp2_emp_inr_incm_spaseat_mth","dm_index_n.index_grp2_emp_inr_incm_spaseat_mth","ALL_DISJOINT","239434","1","0","DISJOINT","PARTITION_NO_MATCH"
"189181","task:189181:statement:0:relation:root.(child-9).setop.b0.setop.b0.setop.b0.setop.b1.read.a","dm_index_n.index_grp3_cust_prd_emp_income_nwsincome_aumdevrela_tdy","CANDIDATE_ONLY","154232","1","0","UNKNOWN","PARTITION_NON_LITERAL|WRITER_PARTITION_UNKNOWN"
"189181","task:189181:statement:0:relation:root.(child-9).setop.b0.setop.b0.setop.b1.t.setop.b0.read.a","dm_index_n.index_grp2_cust_emp_incm_plfmvabusi_aum_tdy_all","FULLY_CONFIRMED","184787","1","1","CONFIRMED",""
"190435","task:190435:statement:0:relation:root.(child-6).read.a","dm_index_n.grp_tag_client_aum_perf_exam","FULLY_CONFIRMED","190620","1","1","CONFIRMED",""
"190435","task:190435:statement:0:relation:root.(child-7).a.read.a","dm_index_n.index_grp1_cust_incm_allcali_mth_all","CANDIDATE_ONLY","152879","1","0","UNKNOWN","WRITER_PARTITION_UNKNOWN"
"190435","task:190435:statement:0:relation:root.(child-8).setop.b0.setop.b0.setop.b0.setop.b0.setop.b0.setop.b0.setop.b0.setop.b0.read.index_grp2_emp_inr_incm_spaseat_mth","dm_index_n.index_grp2_emp_inr_incm_spaseat_mth","FULLY_CONFIRMED","239434","1","1","CONFIRMED",""
"190435","task:190435:statement:0:relation:root.(child-8).setop.b0.setop.b0.setop.b0.setop.b1.read.a","dm_index_n.index_grp3_cust_prd_emp_income_nwsincome_aumdevrela_tdy","FULLY_CONFIRMED","154232","1","1","CONFIRMED",""
"190435","task:190435:statement:0:relation:root.(child-8).setop.b0.setop.b0.setop.b1.t.setop.b0.read.a","dm_index_n.index_grp2_cust_emp_incm_plfmvabusi_aum_tdy_all","FULLY_CONFIRMED","184787","1","1","CONFIRMED",""
"190435","task:190435:statement:0:relation:root.(child-9).setop.b0.setop.b0.setop.b0.setop.b0.setop.b1.read.g","dm_index_n.grp_tag_client_corp_busi_cust_type","FULLY_CONFIRMED","98223","1","1","CONFIRMED",""
"190435","task:190435:statement:0:relation:root.(child-9).setop.b0.setop.b0.setop.b0.setop.b1.read.g","dm_index_n.grp_tag_client_corp_busi_cust_type","FULLY_CONFIRMED","98223","1","1","CONFIRMED",""
"190435","task:190435:statement:0:relation:root.(child-9).setop.b0.setop.b0.setop.b1.read.g","dm_index_n.index_grp_corp_cust_in_type","FULLY_CONFIRMED","102073","1","1","CONFIRMED",""
"190435","task:190435:statement:0:relation:root.(child-9).setop.b0.setop.b1.t.t1.read.index_grp2_cust_org_asset_std_mthaccum_all","dm_index_n.index_grp2_cust_org_asset_std_mthaccum_all","CANDIDATE_ONLY","147847","1","0","ASSUMED",""
"190435","task:190435:statement:0:relation:root.(child-9).setop.b1.a.read.grp_tag_client_is_cust_judic_frz","dm_index_n.grp_tag_client_is_cust_judic_frz","FULLY_CONFIRMED","158659","1","1","CONFIRMED",""
"192442","task:192442:statement:0:relation:root.casttable.covt.a.setop.b0.read.index_grp1_cust_docbkamt_covtrmb_tdy_all","dm_index_n.index_grp1_cust_docbkamt_covtrmb_tdy_all","CANDIDATE_ONLY","166108","1","0","UNKNOWN","PARTITION_NON_LITERAL|WRITER_PARTITION_UNKNOWN"
"192442","task:192442:statement:0:relation:root.casttable.covt.a.setop.b1.read.index_grp1_cust_doctranoamt_covtrmb_tdy_all","dm_index_n.index_grp1_cust_doctranoamt_covtrmb_tdy_all","CANDIDATE_ONLY","166106","1","0","UNKNOWN","PARTITION_NON_LITERAL|WRITER_PARTITION_UNKNOWN"
"192442","task:192442:statement:0:relation:root.casttable.incm.a.read.index_grp1_cust_incm_allcali_tdy_all","dm_index_n.index_grp1_cust_incm_allcali_tdy_all","CANDIDATE_ONLY","152846","1","0","UNKNOWN","PARTITION_NON_LITERAL|WRITER_PARTITION_UNKNOWN"
"192442","task:192442:statement:0:relation:root.casttable.total.a.read.index_grp_total_asset_avg_mon","dm_index_n.index_grp_total_asset_avg_mon","CANDIDATE_ONLY","95516","1","0","UNKNOWN","PARTITION_NON_LITERAL|WRITER_PARTITION_UNKNOWN"
"192442","task:192442:statement:0:relation:root.casttable.trade.a.read.index_grp_trade_amt_exch","dm_index_n.index_grp_trade_amt_exch","ALL_DISJOINT","80025","1","0","DISJOINT","PARTITION_NO_MATCH"
"193642","task:193642:statement:0:relation:root.(child-6).read.a","dm_index_n.grp_tag_client_aum_perf_exam","FULLY_CONFIRMED","190620","1","1","CONFIRMED",""
"193671","task:193671:statement:0:relation:root.(child-6).read.a","dm_index_n.grp_tag_client_aum_perf_exam","FULLY_CONFIRMED","190620","1","1","CONFIRMED",""
"193686","task:193686:statement:0:relation:root.(child-4).read.a","dm_index_n.grp_tag_client_aum_perf_exam","FULLY_CONFIRMED","190620","1","1","CONFIRMED",""
"193691","task:193691:statement:0:relation:root.(child-4).read.a","dm_index_n.grp_tag_client_aum_perf_exam","FULLY_CONFIRMED","190620","1","1","CONFIRMED",""
"193766","task:193766:statement:0:relation:root.(child-3).read.a","dm_index_n.grp_tag_client_aum_perf_exam","FULLY_CONFIRMED","190620","1","1","CONFIRMED",""
"193770","task:193770:statement:0:relation:root.(child-3).read.a","dm_index_n.grp_tag_client_aum_perf_exam","FULLY_CONFIRMED","190620","1","1","CONFIRMED",""
"193799","task:193799:statement:0:relation:root.(child-3).read.a","dm_index_n.grp_tag_client_aum_perf_exam","FULLY_CONFIRMED","190620","1","1","CONFIRMED",""
"193800","task:193800:statement:0:relation:root.(child-3).read.a","dm_index_n.grp_tag_client_aum_perf_exam","FULLY_CONFIRMED","190620","1","1","CONFIRMED",""
"193805","task:193805:statement:0:relation:root.(child-1).read.a","dm_index_n.grp_tag_client_aum_perf_exam","FULLY_CONFIRMED","190620","1","1","CONFIRMED",""
"193806","task:193806:statement:0:relation:root.(child-1).read.a","dm_index_n.grp_tag_client_aum_perf_exam","FULLY_CONFIRMED","190620","1","1","CONFIRMED",""
"196245","task:196245:statement:0:relation:root.(child).d.setop.b0.setop.b0.setop.b0.setop.b0.net.b.read.index_grp_apd_net_asset","dm_index_n.index_grp_apd_net_asset","CANDIDATE_ONLY","87089","1","0","UNKNOWN","PARTITION_NON_LITERAL|WRITER_PARTITION_UNKNOWN"
"196245","task:196245:statement:0:relation:root.(child).incm.a.read.index_grp1_cust_incm_allcali_mth_all","dm_index_n.index_grp1_cust_incm_allcali_mth_all","CANDIDATE_ONLY","152879","1","0","UNKNOWN","PARTITION_NON_LITERAL|WRITER_PARTITION_UNKNOWN"
"196245","task:196245:statement:0:relation:root.(child).totl.a.read.index_grp_total_asset_avg_mon","dm_index_n.index_grp_total_asset_avg_mon","CANDIDATE_ONLY","95516","1","0","UNKNOWN","PARTITION_NON_LITERAL|WRITER_PARTITION_UNKNOWN"
"196245","task:196245:statement:0:relation:root.(child).totl_incm_year.a.read.index_grp1_cust_incm_allcali_mth_all","dm_index_n.index_grp1_cust_incm_allcali_mth_all","CANDIDATE_ONLY","152879","1","0","UNKNOWN","PARTITION_NON_LITERAL|WRITER_PARTITION_UNKNOWN"
"196248","task:196248:statement:0:relation:root.(child).d.setop.b0.setop.b0.setop.b0.setop.b0.net.b.read.index_grp_apd_net_asset","dm_index_n.index_grp_apd_net_asset","CANDIDATE_ONLY","87089","1","0","UNKNOWN","PARTITION_NON_LITERAL|WRITER_PARTITION_UNKNOWN"
"196248","task:196248:statement:0:relation:root.(child).incm.a.read.index_grp1_cust_incm_allcali_mth_all","dm_index_n.index_grp1_cust_incm_allcali_mth_all","CANDIDATE_ONLY","152879","1","0","UNKNOWN","PARTITION_NON_LITERAL|WRITER_PARTITION_UNKNOWN"
"196248","task:196248:statement:0:relation:root.(child).totl.a.read.index_grp_total_asset_avg_mon","dm_index_n.index_grp_total_asset_avg_mon","CANDIDATE_ONLY","95516","1","0","UNKNOWN","PARTITION_NON_LITERAL|WRITER_PARTITION_UNKNOWN"
"196248","task:196248:statement:0:relation:root.(child).totl_incm_year.a.read.index_grp1_cust_incm_allcali_mth_all","dm_index_n.index_grp1_cust_incm_allcali_mth_all","CANDIDATE_ONLY","152879","1","0","UNKNOWN","PARTITION_NON_LITERAL|WRITER_PARTITION_UNKNOWN"
"196465","task:196465:statement:0:relation:root.casttable.a.d.setop.b0.setop.b0.setop.b0.setop.b0.net.b.read.index_grp_apd_net_asset","dm_index_n.index_grp_apd_net_asset","CANDIDATE_ONLY","87089","1","0","UNKNOWN","PARTITION_NON_LITERAL|WRITER_PARTITION_UNKNOWN"
"196465","task:196465:statement:0:relation:root.casttable.a.incm.a.read.index_grp1_cust_incm_allcali_mth_all","dm_index_n.index_grp1_cust_incm_allcali_mth_all","CANDIDATE_ONLY","152879","1","0","UNKNOWN","WRITER_PARTITION_UNKNOWN"
"196465","task:196465:statement:0:relation:root.casttable.a.nav.b.read.index_grp1_emp_nav_aum_tdy_all","dm_index_n.index_grp1_emp_nav_aum_tdy_all","FULLY_CONFIRMED","194864","1","1","CONFIRMED",""
"196465","task:196465:statement:0:relation:root.casttable.a.shr.b.read.index_grp1_emp_shr_aum_tdy_all","dm_index_n.index_grp1_emp_shr_aum_tdy_all","FULLY_CONFIRMED","194860","1","1","CONFIRMED",""
"196465","task:196465:statement:0:relation:root.casttable.a.totl.a.read.index_grp_total_asset_avg_mon","dm_index_n.index_grp_total_asset_avg_mon","CANDIDATE_ONLY","95516","1","0","UNKNOWN","PARTITION_NON_LITERAL|WRITER_PARTITION_UNKNOWN"
"196465","task:196465:statement:0:relation:root.casttable.a.year_incm.a.read.index_grp1_cust_incm_allcali_mth_all","dm_index_n.index_grp1_cust_incm_allcali_mth_all","CANDIDATE_ONLY","152879","1","0","UNKNOWN","PARTITION_NON_LITERAL|WRITER_PARTITION_UNKNOWN"
"197534","task:197534:statement:0:relation:root.casttable.d.setop.b0.net.b.read.index_grp_apd_net_asset","dm_index_n.index_grp_apd_net_asset","CANDIDATE_ONLY","87089","1","0","UNKNOWN","PARTITION_NON_LITERAL|WRITER_PARTITION_UNKNOWN"
"197534","task:197534:statement:0:relation:root.casttable.d.setop.b1.c.read.index_grp1_slp_emt_actv_date_appr_pst","dm_index_n.index_grp1_slp_emt_actv_date_appr_pst","FULLY_CONFIRMED","195334","1","1","CONFIRMED",""
"197534","task:197534:statement:0:relation:root.casttable.incm.a.read.index_grp1_cust_incm_allcali_mth_all","dm_index_n.index_grp1_cust_incm_allcali_mth_all","CANDIDATE_ONLY","152879","1","0","UNKNOWN","WRITER_PARTITION_UNKNOWN"
"197534","task:197534:statement:0:relation:root.casttable.nav.b.read.index_grp1_cust_nav_aum_tdy_all","dm_index_n.index_grp1_cust_nav_aum_tdy_all","FULLY_CONFIRMED","184082","1","1","CONFIRMED",""
"197534","task:197534:statement:0:relation:root.casttable.totl.a.read.index_grp_total_asset_avg_mon","dm_index_n.index_grp_total_asset_avg_mon","CANDIDATE_ONLY","95516","1","0","UNKNOWN","PARTITION_NON_LITERAL|WRITER_PARTITION_UNKNOWN"
"197534","task:197534:statement:0:relation:root.casttable.totl_incm_year.a.read.index_grp1_cust_incm_allcali_mth_all","dm_index_n.index_grp1_cust_incm_allcali_mth_all","CANDIDATE_ONLY","152879","1","0","UNKNOWN","PARTITION_NON_LITERAL|WRITER_PARTITION_UNKNOWN"
"197653","task:197653:statement:0:relation:root.casttable.a.t.net_ast.read.index_grp1_net_ast","dm_index_n.index_grp1_net_ast","CANDIDATE_ONLY","158338","1","0","UNKNOWN","WRITER_PARTITION_UNKNOWN"
"197653","task:197653:statement:0:relation:root.casttable.a.t.t0_cust.a.read.index_grp2_cust_ast_algo_open_date","dm_index_n.index_grp2_cust_ast_algo_open_date","FULLY_CONFIRMED","162821","1","1","CONFIRMED",""
"197653","task:197653:statement:0:relation:root.casttable.a.t.t0_cust.trd.trd.read.dm_co_t0_trd_prnt_stmt_perf","dm_index_n.dm_co_t0_trd_prnt_stmt_perf","CANDIDATE_ONLY","205098","1","0","UNKNOWN","PARTITION_NON_LITERAL|WRITER_PARTITION_UNKNOWN"
"197653","task:197653:statement:0:relation:root.casttable.task.read.dm_co_t0_trd_prnt_stmt_perf","dm_index_n.dm_co_t0_trd_prnt_stmt_perf","FULLY_CONFIRMED","205098","1","1","CONFIRMED",""
"197760","task:197760:statement:0:relation:root.(child).incm.a.read.index_grp1_cust_incm_allcali_mth_all","dm_index_n.index_grp1_cust_incm_allcali_mth_all","CANDIDATE_ONLY","152879","1","0","UNKNOWN","PARTITION_NON_LITERAL|WRITER_PARTITION_UNKNOWN"
"197760","task:197760:statement:0:relation:root.(child).totl.a.read.index_grp_total_asset_avg_mon","dm_index_n.index_grp_total_asset_avg_mon","CANDIDATE_ONLY","95516","1","0","UNKNOWN","PARTITION_NON_LITERAL|WRITER_PARTITION_UNKNOWN"
"197997","task:197997:statement:0:relation:root.(child-1).t.setop.b0.temp.t1.read.t01_crm_ofst_oact_cust_div","pdata_n.t01_crm_ofst_oact_cust_div","FULLY_CONFIRMED","69189","1","1","CONFIRMED",""
"197997","task:197997:statement:0:relation:root.(child-1).t.setop.b1.te.t2.read.t01_crm_ofst_oact_cust_div","pdata_n.t01_crm_ofst_oact_cust_div","FULLY_CONFIRMED","69189","1","1","CONFIRMED",""
"197997","task:197997:statement:0:relation:root.(child-3).a1.setop.b0.b.read.grp_tag_client_rich_cust_flag","dm_index_n.grp_tag_client_rich_cust_flag","CANDIDATE_ONLY","101358","1","0","UNKNOWN","PARTITION_NON_LITERAL|WRITER_PARTITION_UNKNOWN"
"197997","task:197997:statement:0:relation:root.casttable.setop.b0.b.b2.read.index_grp1_ast","dm_index_n.index_grp1_ast","CANDIDATE_ONLY","157103","1","0","UNKNOWN","PARTITION_NON_LITERAL|WRITER_PARTITION_UNKNOWN"
"197997","task:197997:statement:0:relation:root.casttable.setop.b0.b.b3.read.index_grp1_tbbbamt_srp_civ_tdy_retandorgcntr","dm_index_n.index_grp1_tbbbamt_srp_civ_tdy_retandorgcntr","CANDIDATE_ONLY","136285","1","0","UNKNOWN","PARTITION_NON_LITERAL|WRITER_PARTITION_UNKNOWN"
"197997","task:197997:statement:0:relation:root.casttable.setop.b0.b.b5.read.index_grp_whl_prd_ret_amt","dm_index_n.index_grp_whl_prd_ret_amt","CANDIDATE_ONLY","105497","1","0","UNKNOWN","PARTITION_NON_LITERAL|WRITER_PARTITION_UNKNOWN"
"197997","task:197997:statement:0:relation:root.casttable.setop.b0.c.read.t01_crm_ofst_oact_cust_div","pdata_n.t01_crm_ofst_oact_cust_div","FULLY_CONFIRMED","69189","1","1","CONFIRMED",""
"197997","task:197997:statement:0:relation:root.casttable.setop.b0.e.read.grp_tag_client_is_mts_qual_pcus","dm_index_n.grp_tag_client_is_mts_qual_pcus","CANDIDATE_ONLY","134604","1","0","UNKNOWN","PARTITION_NON_LITERAL|WRITER_PARTITION_UNKNOWN"
"198806","task:198806:statement:0:relation:root.casttable.acc.read.y_bd_acc_fi_int","pdata_nds.y_bd_acc_fi_int","FULLY_CONFIRMED","212507","1","1","CONFIRMED",""
"198929","task:198929:statement:0:relation:root.casttable.acc.read.y_bd_acc_fi_int","pdata_nds.y_bd_acc_fi_int","FULLY_CONFIRMED","212507","1","1","CONFIRMED",""
"200199","task:200199:statement:0:relation:root.casttable.acc.read.y_bd_acc_fi_int","pdata_nds.y_bd_acc_fi_int","FULLY_CONFIRMED","212507","1","1","CONFIRMED",""
"201133","task:201133:statement:0:relation:root.casttable.acc.read.y_bd_acc_fi_int","pdata_nds.y_bd_acc_fi_int","FULLY_CONFIRMED","212507","1","1","CONFIRMED",""
"201626","task:201626:statement:0:relation:root.(child-1).t.setop.b0.temp.t1.read.t01_crm_ofst_oact_cust_div","pdata_n.t01_crm_ofst_oact_cust_div","FULLY_CONFIRMED","69189","1","1","CONFIRMED",""
"201626","task:201626:statement:0:relation:root.(child-1).t.setop.b1.te.t2.read.t01_crm_ofst_oact_cust_div","pdata_n.t01_crm_ofst_oact_cust_div","FULLY_CONFIRMED","69189","1","1","CONFIRMED",""
"201626","task:201626:statement:0:relation:root.(child-3).a1.setop.b0.b.read.grp_tag_client_rich_cust_flag","dm_index_n.grp_tag_client_rich_cust_flag","CANDIDATE_ONLY","101358","1","0","ASSUMED",""
"201626","task:201626:statement:0:relation:root.(child-4).setop.b0.b.b2.read.index_grp1_ast","dm_index_n.index_grp1_ast","CANDIDATE_ONLY","157103","1","0","UNKNOWN","PARTITION_NON_LITERAL|WRITER_PARTITION_UNKNOWN"
"201626","task:201626:statement:0:relation:root.(child-4).setop.b0.b.b3.read.index_grp1_tbbbamt_srp_civ_tdy_retandorgcntr","dm_index_n.index_grp1_tbbbamt_srp_civ_tdy_retandorgcntr","CANDIDATE_ONLY","136285","1","0","UNKNOWN","PARTITION_NON_LITERAL|WRITER_PARTITION_UNKNOWN"
"201626","task:201626:statement:0:relation:root.(child-4).setop.b0.b.b5.read.index_grp_whl_prd_ret_amt","dm_index_n.index_grp_whl_prd_ret_amt","CANDIDATE_ONLY","105497","1","0","UNKNOWN","PARTITION_NON_LITERAL|WRITER_PARTITION_UNKNOWN"
"201626","task:201626:statement:0:relation:root.(child-4).setop.b0.c.read.t01_crm_ofst_oact_cust_div","pdata_n.t01_crm_ofst_oact_cust_div","FULLY_CONFIRMED","69189","1","1","CONFIRMED",""
"201626","task:201626:statement:0:relation:root.(child-4).setop.b0.e.read.grp_tag_client_is_mts_qual_pcus","dm_index_n.grp_tag_client_is_mts_qual_pcus","CANDIDATE_ONLY","134604","1","0","UNKNOWN","PARTITION_NON_LITERAL|WRITER_PARTITION_UNKNOWN"
"202091","task:202091:statement:0:relation:root.casttable.t3.setop.b0.setop.b0.setop.b0.setop.b0.setop.b0.setop.b0.setop.b0.setop.b0.setop.b0.setop.b0.setop.b0.setop.b0.setop.b0.setop.b0.setop.b0.setop.b0.setop.b0.setop.b1.read.index_grp1_emp_totincome_devrela_teamleader_mth","dm_index_n.index_grp1_emp_totincome_devrela_teamleader_mth","FULLY_CONFIRMED","199245","1","1","CONFIRMED",""
"202091","task:202091:statement:0:relation:root.casttable.t3.setop.b0.setop.b0.setop.b0.setop.b0.setop.b0.setop.b0.setop.b0.setop.b0.setop.b0.setop.b0.setop.b0.setop.b0.setop.b0.setop.b0.setop.b0.setop.b0.setop.b1.read.index_grp1_emp_totincome_devrela_teamleader_mth","dm_index_n.index_grp1_emp_totincome_devrela_teamleader_mth","CANDIDATE_ONLY","199245","1","0","UNKNOWN","PARTITION_NON_LITERAL|WRITER_PARTITION_UNKNOWN"
"202091","task:202091:statement:0:relation:root.casttable.t3.setop.b0.setop.b0.setop.b0.setop.b0.setop.b0.setop.b0.setop.b0.setop.b0.setop.b0.setop.b0.setop.b0.setop.b0.setop.b0.setop.b0.setop.b0.setop.b1.read.index_grp1_emp_totincome_devrela_teamleader_mth","dm_index_n.index_grp1_emp_totincome_devrela_teamleader_mth","CANDIDATE_ONLY","199245","1","0","UNKNOWN","PARTITION_NON_LITERAL|WRITER_PARTITION_UNKNOWN"
"202091","task:202091:statement:0:relation:root.casttable.t3.setop.b0.setop.b0.setop.b0.setop.b0.setop.b0.setop.b0.setop.b0.setop.b0.setop.b0.setop.b1.read.index_grp1_income_fullcali_devrela_delredpfee_3mthavg","dm_index_n.index_grp1_income_fullcali_devrela_delredpfee_3mthavg","FULLY_CONFIRMED","196985","1","1","CONFIRMED",""
"202091","task:202091:statement:0:relation:root.casttable.t3.setop.b0.setop.b0.setop.b0.setop.b0.setop.b0.setop.b0.setop.b1.read.index_grp1_emp_manp_activity_mth","dm_index_n.index_grp1_emp_manp_activity_mth","FULLY_CONFIRMED","199244","1","1","CONFIRMED",""
"202091","task:202091:statement:0:relation:root.casttable.t3.setop.b0.setop.b0.setop.b0.setop.b0.setop.b0.setop.b1.read.grp_tag_staff_human_efficiency_standard","dm_index_n.grp_tag_staff_human_efficiency_standard","CANDIDATE_ONLY","199246","1","0","ASSUMED",""
"202091","task:202091:statement:0:relation:root.casttable.t3.setop.b0.setop.b0.setop.b0.setop.b0.setop.b1.read.index_grp1_emp_manp_qualrate_delnotprtcexamprsn_qtrmthavg","dm_index_n.index_grp1_emp_manp_qualrate_delnotprtcexamprsn_qtrmthavg","FULLY_CONFIRMED","205915","1","1","CONFIRMED",""
"202091","task:202091:statement:0:relation:root.casttable.t3.setop.b0.setop.b0.setop.b0.setop.b1.read.index_grp1_emp_addnetast_normdevrela_qtrmthavg","dm_index_n.index_grp1_emp_addnetast_normdevrela_qtrmthavg","CANDIDATE_ONLY","199241","1","0","ASSUMED",""
"202091","task:202091:statement:0:relation:root.casttable.t3.setop.b0.setop.b0.setop.b1.read.index_grp1_addnetast_normdevrela_teamleader_delnotprtcexamprsn_qtrmthavg","dm_index_n.index_grp1_addnetast_normdevrela_teamleader_delnotprtcexamprsn_qtrmthavg","FULLY_CONFIRMED","199240","1","1","CONFIRMED",""
"202091","task:202091:statement:0:relation:root.casttable.t3.setop.b0.setop.b1.read.index_grp1_emp_manpcost_accotteamrelasum_mth","dm_index_n.index_grp1_emp_manpcost_accotteamrelasum_mth","FULLY_CONFIRMED","203828","1","1","CONFIRMED",""
"202091","task:202091:statement:0:relation:root.casttable.t3.setop.b1.read.index_grp1_emp_totincome_devrela_teamleader_ninclteamleader_mth","dm_index_n.index_grp1_emp_totincome_devrela_teamleader_ninclteamleader_mth","FULLY_CONFIRMED","207351","1","1","CONFIRMED",""
"202286","task:202286:statement:0:relation:root.index.a.setop.b0.read.index_grp1_cust_income_fullcali_mth_ricc","dm_index_n.index_grp1_cust_income_fullcali_mth_ricc","CANDIDATE_ONLY","201299","1","0","UNKNOWN","PARTITION_NON_LITERAL|WRITER_PARTITION_UNKNOWN"
"202510","task:202510:statement:0:relation:root.casttable.acc.read.y_bd_acc_fi_int","pdata_nds.y_bd_acc_fi_int","FULLY_CONFIRMED","212507","1","1","CONFIRMED",""
"202861","task:202861:statement:0:relation:root.casttable.aaa.c.d.read.t01_pty_idty_info","spdata_n.t01_pty_idty_info","CANDIDATE_ONLY","100911|100919|225910|63130","4","0","UNKNOWN|DISJOINT","PARTITION_NON_LITERAL|WRITER_PARTITION_UNKNOWN"
"203119","task:203119:statement:0:relation:root.(child).a1.a.read.grp_tag_client_is_net_hnw_cust","dm_index_n.grp_tag_client_is_net_hnw_cust","CANDIDATE_ONLY","203676","1","0","UNKNOWN","PARTITION_NON_LITERAL|WRITER_PARTITION_UNKNOWN"
"203119","task:203119:statement:0:relation:root.(child).a9.read.t01_pty_inr_list_det","pdata_n.t01_pty_inr_list_det","CANDIDATE_ONLY","105920|199198|212185|63240|91107|94958|95304","7","0","DISJOINT|UNKNOWN","WRITER_PARTITION_UNKNOWN"
"203119","task:203119:statement:0:relation:root.(child).t1.a.setop.b0.setop.b0.setop.b0.setop.b0.setop.b0.setop.b0.setop.b0.setop.b0.setop.b0.setop.b0.setop.b0.setop.b0.setop.b0.setop.b0.setop.b0.setop.b0.setop.b0.setop.b0.setop.b0.setop.b0.setop.b0.setop.b0.setop.b0.setop.b0.setop.b0.setop.b0.setop.b0.setop.b1.read.index_grp1_cust_qtrapd_incomeincrsrate_fullcali_mth_all","dm_index_n.index_grp1_cust_qtrapd_incomeincrsrate_fullcali_mth_all","CANDIDATE_ONLY","203102","1","0","UNKNOWN","WRITER_PARTITION_UNKNOWN"
"203119","task:203119:statement:0:relation:root.(child).t1.a.setop.b0.setop.b0.setop.b0.setop.b0.setop.b0.setop.b0.setop.b0.setop.b0.setop.b0.setop.b0.setop.b0.setop.b0.setop.b0.setop.b0.setop.b0.setop.b0.setop.b0.setop.b0.setop.b0.setop.b0.setop.b0.setop.b0.setop.b0.setop.b0.setop.b0.setop.b0.setop.b1.a.setop.b0.read.index_grp1_cust_incm_allcali_mth_all","dm_index_n.index_grp1_cust_incm_allcali_mth_all","CANDIDATE_ONLY","152879","1","0","UNKNOWN","PARTITION_NON_LITERAL|WRITER_PARTITION_UNKNOWN"
"203119","task:203119:statement:0:relation:root.(child).t1.a.setop.b0.setop.b0.setop.b0.setop.b0.setop.b0.setop.b0.setop.b0.setop.b0.setop.b0.setop.b0.setop.b0.setop.b0.setop.b0.setop.b0.setop.b0.setop.b0.setop.b0.setop.b0.setop.b0.setop.b0.setop.b0.setop.b0.setop.b0.setop.b0.setop.b0.setop.b0.setop.b1.a.setop.b1.read.index_grp1_cust_incm_allcali_mth_all","dm_index_n.index_grp1_cust_incm_allcali_mth_all","CANDIDATE_ONLY","152879","1","0","UNKNOWN","PARTITION_NON_LITERAL|WRITER_PARTITION_UNKNOWN"
"203119","task:203119:statement:0:relation:root.(child).t1.a.setop.b0.setop.b0.setop.b0.setop.b0.setop.b0.setop.b0.setop.b0.setop.b0.setop.b0.setop.b0.setop.b0.setop.b0.setop.b0.setop.b0.setop.b0.setop.b0.setop.b0.setop.b0.setop.b0.setop.b0.setop.b1.read.index_grp1_cust_incm_allcali_mth_all","dm_index_n.index_grp1_cust_incm_allcali_mth_all","CANDIDATE_ONLY","152879","1","0","UNKNOWN","WRITER_PARTITION_UNKNOWN"
"203119","task:203119:statement:0:relation:root.(child).t1.a.setop.b0.setop.b0.setop.b0.setop.b0.setop.b0.setop.b0.setop.b0.setop.b0.setop.b0.setop.b0.setop.b0.setop.b0.setop.b0.setop.b0.setop.b0.setop.b0.setop.b0.setop.b0.setop.b0.setop.b1.read.index_grp1_cust_propincrsrate_fullcali_mth_ricc","dm_index_n.index_grp1_cust_propincrsrate_fullcali_mth_ricc","FULLY_CONFIRMED","202399","1","1","CONFIRMED",""
"203119","task:203119:statement:0:relation:root.(child).t1.a.setop.b0.setop.b0.setop.b0.setop.b0.setop.b0.setop.b0.setop.b0.setop.b0.setop.b0.setop.b0.setop.b0.setop.b0.setop.b0.setop.b0.setop.b0.setop.b0.setop.b0.setop.b1.read.index_grp1_cust_nav_aum_tdy_all","dm_index_n.index_grp1_cust_nav_aum_tdy_all","FULLY_CONFIRMED","184082","1","1","CONFIRMED",""
"203119","task:203119:statement:0:relation:root.(child).t1.a.setop.b0.setop.b0.setop.b0.setop.b0.setop.b0.setop.b0.setop.b0.setop.b0.setop.b0.setop.b0.setop.b0.setop.b0.setop.b0.setop.b0.setop.b0.setop.b0.setop.b1.read.index_grp1_cust_newmvalprop_mth_ricc","dm_index_n.index_grp1_cust_newmvalprop_mth_ricc","FULLY_CONFIRMED","202692","1","1","CONFIRMED",""
"203119","task:203119:statement:0:relation:root.(child).t1.a.setop.b0.setop.b0.setop.b0.setop.b0.setop.b0.setop.b0.setop.b0.setop.b0.setop.b0.setop.b0.setop.b0.setop.b0.setop.b0.setop.b0.setop.b0.setop.b1.read.index_grp_apd_net_asset","dm_index_n.index_grp_apd_net_asset","CANDIDATE_ONLY","87089","1","0","UNKNOWN","PARTITION_NON_LITERAL|WRITER_PARTITION_UNKNOWN"
"203119","task:203119:statement:0:relation:root.(child).t1.a.setop.b0.setop.b0.setop.b0.setop.b0.setop.b0.setop.b0.setop.b0.setop.b0.setop.b0.setop.b0.setop.b0.setop.b0.setop.b0.setop.b0.setop.b1.grp.read.grp_hold_relation","dm_index_n.grp_hold_relation","FULLY_CONFIRMED","164410|66492|66493|66502|66592","5","2","DISJOINT|CONFIRMED",""
"203119","task:203119:statement:0:relation:root.(child).t1.a.setop.b0.setop.b0.setop.b0.setop.b0.setop.b0.setop.b0.setop.b0.setop.b0.setop.b0.setop.b0.setop.b0.setop.b0.setop.b0.setop.b0.setop.b1.hh.read.hold_tag_relation","dm_index_n.hold_tag_relation","CANDIDATE_ONLY","154181|157148|163725|176356|177297|66411|66412|66413|66415|66416|66417|66418|66419|66425|66471|66539|66551|66616|66632|66665|66670|66676|66686|66704|71585|73382|83444|85033|89260|90018|91298|91304|95146|95173","34","0","UNKNOWN","PARTITION_NON_LITERAL|WRITER_PARTITION_UNKNOWN"
"203119","task:203119:statement:0:relation:root.(child).t1.a.setop.b0.setop.b0.setop.b0.setop.b0.setop.b0.setop.b0.setop.b0.setop.b0.setop.b0.setop.b0.setop.b0.setop.b0.setop.b0.setop.b1.read.grp_tag_client_is_all_user_wecon_auth","dm_index_n.grp_tag_client_is_all_user_wecon_auth","FULLY_CONFIRMED","140003","1","1","CONFIRMED",""
"203119","task:203119:statement:0:relation:root.(child).t1.a.setop.b0.setop.b0.setop.b0.setop.b0.setop.b0.setop.b0.setop.b0.setop.b0.setop.b0.setop.b0.setop.b0.setop.b0.setop.b1.read.grp_cust_open_gem_flag","dm_index_n.grp_cust_open_gem_flag","FULLY_CONFIRMED","123593","1","1","CONFIRMED",""
"203119","task:203119:statement:0:relation:root.(child).t1.a.setop.b0.setop.b0.setop.b0.setop.b0.setop.b0.setop.b0.setop.b0.setop.b0.setop.b0.setop.b0.setop.b0.setop.b1.read.grp_tag_client_open_stib","dm_index_n.grp_tag_client_open_stib","FULLY_CONFIRMED","112602","1","1","CONFIRMED",""
"203119","task:203119:statement:0:relation:root.(child).t1.a.setop.b0.setop.b0.setop.b0.setop.b0.setop.b0.setop.b0.setop.b0.setop.b0.setop.b0.setop.b0.setop.b1.read.grp_tag_client_cust_whth_open_bse_righ","dm_index_n.grp_tag_client_cust_whth_open_bse_righ","CANDIDATE_ONLY","123569","1","0","UNKNOWN","PARTITION_NON_LITERAL|WRITER_PARTITION_UNKNOWN"
"203119","task:203119:statement:0:relation:root.(child).t1.a.setop.b0.setop.b0.setop.b0.setop.b0.setop.b0.setop.b0.setop.b0.setop.b0.setop.b0.setop.b1.read.grp_cust_open_sz_mhs_flag","dm_index_n.grp_cust_open_sz_mhs_flag","FULLY_CONFIRMED","123712","1","1","CONFIRMED",""
"203119","task:203119:statement:0:relation:root.(child).t1.a.setop.b0.setop.b0.setop.b0.setop.b0.setop.b0.setop.b0.setop.b0.setop.b0.setop.b1.read.grp_cust_open_sh_mhs_flag","dm_index_n.grp_cust_open_sh_mhs_flag","FULLY_CONFIRMED","123713","1","1","CONFIRMED",""
"203119","task:203119:statement:0:relation:root.(child).t1.a.setop.b0.setop.b0.setop.b0.setop.b0.setop.b0.setop.b0.setop.b0.setop.b1.read.grp_cust_open_marg_flag","dm_index_n.grp_cust_open_marg_flag","CANDIDATE_ONLY","123590","1","0","UNKNOWN","PARTITION_NON_LITERAL|WRITER_PARTITION_UNKNOWN"
"203119","task:203119:statement:0:relation:root.(child).t1.a.setop.b0.setop.b0.setop.b0.setop.b0.setop.b0.setop.b0.setop.b1.read.grp_tag_client_whth_pvt_qual_ivstr","dm_index_n.grp_tag_client_whth_pvt_qual_ivstr","CANDIDATE_ONLY","101646","1","0","UNKNOWN","PARTITION_NON_LITERAL|WRITER_PARTITION_UNKNOWN"
"203119","task:203119:statement:0:relation:root.(child).t1.a.setop.b0.setop.b0.setop.b0.setop.b0.setop.b1.read.grp_tag_client_cust_year_product_tenure","dm_index_n.grp_tag_client_cust_year_product_tenure","FULLY_CONFIRMED","202398","1","1","CONFIRMED",""
"203119","task:203119:statement:0:relation:root.(child).t1.a.setop.b0.setop.b0.setop.b0.setop.b1.read.grp_tag_client_cust_year_ia_nws_new_addsign","dm_index_n.grp_tag_client_cust_year_ia_nws_new_addsign","FULLY_CONFIRMED","202397","1","1","CONFIRMED",""
"203119","task:203119:statement:0:relation:root.(child).t1.a.setop.b0.setop.b0.setop.b1.read.grp_tag_indv_cust_cust_year_buyria_newadd","dm_index_n.grp_tag_indv_cust_cust_year_buyria_newadd","FULLY_CONFIRMED","202550","1","1","CONFIRMED",""
"203119","task:203119:statement:0:relation:root.(child).t1.a.setop.b0.setop.b1.read.grp_tag_client_cust_year_marg_permeation","dm_index_n.grp_tag_client_cust_year_marg_permeation","FULLY_CONFIRMED","202688","1","1","CONFIRMED",""
"203119","task:203119:statement:0:relation:root.(child-1).a.a1.a.read.grp_tag_client_is_net_hnw_cust","dm_index_n.grp_tag_client_is_net_hnw_cust","CANDIDATE_ONLY","203676","1","0","UNKNOWN","PARTITION_NON_LITERAL|WRITER_PARTITION_UNKNOWN"
"203384","task:203384:statement:0:relation:root.casttable.c.read.co_emp_seqc_csincome","dm_co_test.co_emp_seqc_csincome","CANDIDATE_ONLY","202972","1","0","ASSUMED",""
"203384","task:203384:statement:0:relation:root.casttable.u.setop.b0.setop.b0.setop.b0.setop.b0.setop.b0.setop.b0.setop.b0.setop.b0.setop.b0.setop.b0.read.co_cust_addamtindx_brchexam","dm_co_n.co_cust_addamtindx_brchexam","CANDIDATE_ONLY","147889","1","0","ASSUMED",""
"203384","task:203384:statement:0:relation:root.casttable.u.setop.b0.setop.b0.setop.b0.setop.b0.setop.b0.setop.b0.setop.b0.setop.b0.setop.b0.setop.b1.read.co_cust_addamtindx_brchexam","dm_co_n.co_cust_addamtindx_brchexam","CANDIDATE_ONLY","147889","1","0","ASSUMED",""
"203384","task:203384:statement:0:relation:root.casttable.u.setop.b0.setop.b0.setop.b0.setop.b0.setop.b0.setop.b0.setop.b0.setop.b0.setop.b1.read.co_listcorp_eff_empvstevt_brchexam","dm_co_n.co_listcorp_eff_empvstevt_brchexam","CANDIDATE_ONLY","147945","1","0","ASSUMED",""
"203384","task:203384:statement:0:relation:root.casttable.u.setop.b0.setop.b0.setop.b0.setop.b0.setop.b0.setop.b0.setop.b0.setop.b1.read.co_seqan_exam_busiprojcnt","dm_co_n.co_seqan_exam_busiprojcnt","CANDIDATE_ONLY","201197","1","0","UNKNOWN","PARTITION_NON_LITERAL|WRITER_PARTITION_UNKNOWN"
"203384","task:203384:statement:0:relation:root.casttable.u.setop.b0.setop.b0.setop.b0.setop.b0.setop.b0.setop.b0.setop.b1.read.co_seqan_exam_busiprojcnt","dm_co_n.co_seqan_exam_busiprojcnt","CANDIDATE_ONLY","201197","1","0","UNKNOWN","PARTITION_NON_LITERAL|WRITER_PARTITION_UNKNOWN"
"203384","task:203384:statement:0:relation:root.casttable.u.setop.b0.setop.b0.setop.b0.setop.b0.setop.b0.setop.b1.read.co_seqan_exam_busiprojcnt","dm_co_n.co_seqan_exam_busiprojcnt","CANDIDATE_ONLY","201197","1","0","UNKNOWN","PARTITION_NON_LITERAL|WRITER_PARTITION_UNKNOWN"
"203384","task:203384:statement:0:relation:root.casttable.u.setop.b0.setop.b0.setop.b0.setop.b0.setop.b1.read.co_seqan_exam_busiprojcnt","dm_co_n.co_seqan_exam_busiprojcnt","CANDIDATE_ONLY","201197","1","0","UNKNOWN","PARTITION_NON_LITERAL|WRITER_PARTITION_UNKNOWN"
"203384","task:203384:statement:0:relation:root.casttable.u.setop.b0.setop.b0.setop.b0.setop.b1.read.co_seqb2_exam_csincome","dm_co_n.co_seqb2_exam_csincome","CANDIDATE_ONLY","202071","1","0","UNKNOWN","PARTITION_NON_LITERAL|WRITER_PARTITION_UNKNOWN"
"203384","task:203384:statement:0:relation:root.casttable.u.setop.b0.setop.b0.setop.b1.read.recmd_dir_ivst_emp_brchexam","dm_co_n.recmd_dir_ivst_emp_brchexam","CANDIDATE_ONLY","152727","1","0","UNKNOWN","PARTITION_NON_LITERAL|WRITER_PARTITION_UNKNOWN"
"203384","task:203384:statement:0:relation:root.casttable.u.setop.b0.setop.b1.read.co_cust_futrib_brchexam","dm_co_n.co_cust_futrib_brchexam","CANDIDATE_ONLY","147985","1","0","ASSUMED",""
"203384","task:203384:statement:0:relation:root.casttable.u.setop.b1.val.setop.b0.setop.b0.setop.b0.setop.b0.setop.b0.setop.b0.setop.b0.setop.b0.read.index_grp_divd_avg_lend_scal","dm_index_n.index_grp_divd_avg_lend_scal","CANDIDATE_ONLY","92220","1","0","ASSUMED",""
"203384","task:203384:statement:0:relation:root.casttable.u.setop.b1.val.setop.b0.setop.b0.setop.b0.setop.b0.setop.b0.setop.b0.setop.b0.setop.b1.read.index_grp1_margbalincrsval_margdevrela_orgseqempkpiexam_yearapd","dm_index_n.index_grp1_margbalincrsval_margdevrela_orgseqempkpiexam_yearapd","CANDIDATE_ONLY","235230","1","0","ASSUMED",""
"203384","task:203384:statement:0:relation:root.casttable.u.setop.b1.val.setop.b0.setop.b0.setop.b0.setop.b0.setop.b0.setop.b0.setop.b1.read.index_grp1_staff_apd_net_asset_adj","dm_index_n.index_grp1_staff_apd_net_asset_adj","CANDIDATE_ONLY","102792","1","0","UNKNOWN","PARTITION_NON_LITERAL|WRITER_PARTITION_UNKNOWN"
"203384","task:203384:statement:0:relation:root.casttable.u.setop.b1.val.setop.b0.setop.b0.setop.b0.setop.b0.setop.b0.setop.b1.read.index_grp1_newintroprdqty_astcstdprd_mon","dm_index_n.index_grp1_newintroprdqty_astcstdprd_mon","FULLY_CONFIRMED","158205","1","1","CONFIRMED",""
"203384","task:203384:statement:0:relation:root.casttable.u.setop.b1.val.setop.b0.setop.b0.setop.b0.setop.b1.read.index_grp_staff_opt_corp_qual_cnt_year","dm_index_n.index_grp_staff_opt_corp_qual_cnt_year","CANDIDATE_ONLY","100500","1","0","ASSUMED",""
"203384","task:203384:statement:0:relation:root.casttable.u.setop.b1.val.setop.b0.setop.b0.setop.b1.read.index_grp_staff_corp_bond_prof_qual_cnt_year","dm_index_n.index_grp_staff_corp_bond_prof_qual_cnt_year","CANDIDATE_ONLY","100478","1","0","ASSUMED",""
"203384","task:203384:statement:0:relation:root.casttable.u.setop.b1.val.setop.b0.setop.b1.read.index_grp1_saleamt_finprd_delcash_pvtibcorp_clmrela_year","dm_index_n.index_grp1_saleamt_finprd_delcash_pvtibcorp_clmrela_year","FULLY_CONFIRMED","159248","1","1","CONFIRMED",""
"203384","task:203384:statement:0:relation:root.casttable.u.setop.b1.val.setop.b1.read.index_grp1_newintroprdscal_astcstdprd_mon","dm_index_n.index_grp1_newintroprdscal_astcstdprd_mon","FULLY_CONFIRMED","158207","1","1","CONFIRMED",""
"203407","task:203407:statement:0:relation:root.casttable.c.read.co_emp_seqc_csincome","dm_co_test.co_emp_seqc_csincome","CANDIDATE_ONLY","202972","1","0","ASSUMED",""
"203407","task:203407:statement:0:relation:root.casttable.m.c.read.co_emp_seqc_csincome","dm_co_test.co_emp_seqc_csincome","CANDIDATE_ONLY","202972","1","0","ASSUMED",""
"203958","task:203958:statement:0:relation:root.casttable.t1.read.aum_org_base_info","pdata_nds.aum_org_base_info","FULLY_CONFIRMED","186430","1","1","CONFIRMED",""
"203958","task:203958:statement:0:relation:root.casttable.t3.setop.b0.setop.b0.setop.b0.setop.b0.setop.b0.setop.b0.setop.b0.setop.b0.setop.b0.setop.b0.setop.b0.setop.b0.setop.b0.setop.b0.setop.b0.setop.b0.setop.b0.setop.b0.setop.b0.setop.b0.setop.b0.setop.b0.setop.b0.setop.b0.setop.b0.setop.b0.setop.b0.setop.b0.setop.b0.setop.b0.setop.b0.setop.b0.setop.b0.setop.b0.setop.b0.setop.b0.setop.b0.setop.b0.setop.b0.setop.b0.setop.b0.setop.b0.setop.b0.setop.b0.setop.b0.setop.b0.setop.b0.setop.b0.setop.b0.setop.b1.read.index_grp1_org_propincrsval_fullcali_oactrela_mth_ricc","dm_index_n.index_grp1_org_propincrsval_fullcali_oactrela_mth_ricc","FULLY_CONFIRMED","202073","1","1","CONFIRMED",""
"203958","task:203958:statement:0:relation:root.casttable.t3.setop.b0.setop.b0.setop.b0.setop.b0.setop.b0.setop.b0.setop.b0.setop.b0.setop.b0.setop.b0.setop.b0.setop.b0.setop.b0.setop.b0.setop.b0.setop.b0.setop.b0.setop.b0.setop.b0.setop.b0.setop.b0.setop.b0.setop.b0.setop.b0.setop.b0.setop.b0.setop.b0.setop.b0.setop.b0.setop.b0.setop.b0.setop.b0.setop.b0.setop.b0.setop.b0.setop.b0.setop.b0.setop.b0.setop.b0.setop.b0.setop.b0.setop.b0.setop.b0.setop.b0.setop.b0.setop.b0.setop.b0.setop.b0.setop.b1.read.index_grp1_org_propincrsval_fullcali_oactrela_mth_ricc","dm_index_n.index_grp1_org_propincrsval_fullcali_oactrela_mth_ricc","FULLY_CONFIRMED","202073","1","1","CONFIRMED",""
"203958","task:203958:statement:0:relation:root.casttable.t3.setop.b0.setop.b0.setop.b0.setop.b0.setop.b0.setop.b0.setop.b0.setop.b0.setop.b0.setop.b0.setop.b0.setop.b0.setop.b0.setop.b0.setop.b0.setop.b0.setop.b0.setop.b0.setop.b0.setop.b0.setop.b0.setop.b0.setop.b0.setop.b0.setop.b0.setop.b0.setop.b0.setop.b0.setop.b0.setop.b0.setop.b0.setop.b0.setop.b0.setop.b0.setop.b0.setop.b0.setop.b0.setop.b0.setop.b0.setop.b0.setop.b0.setop.b0.setop.b0.setop.b0.setop.b0.setop.b0.setop.b0.setop.b1.read.index_grp1_org_propincrsval_fullcali_oactrela_mth_ricc","dm_index_n.index_grp1_org_propincrsval_fullcali_oactrela_mth_ricc","FULLY_CONFIRMED","202073","1","1","CONFIRMED",""
"203958","task:203958:statement:0:relation:root.casttable.t3.setop.b0.setop.b0.setop.b0.setop.b0.setop.b0.setop.b0.setop.b0.setop.b0.setop.b0.setop.b0.setop.b0.setop.b0.setop.b0.setop.b0.setop.b0.setop.b0.setop.b0.setop.b0.setop.b0.setop.b0.setop.b0.setop.b0.setop.b0.setop.b0.setop.b0.setop.b0.setop.b0.setop.b0.setop.b0.setop.b0.setop.b0.setop.b0.setop.b0.setop.b0.setop.b0.setop.b0.setop.b0.setop.b0.setop.b0.setop.b0.setop.b0.setop.b0.setop.b0.setop.b0.setop.b0.setop.b0.setop.b1.read.index_grp1_org_propincrsrate_fullcali_oactrela_mth_ricc","dm_index_n.index_grp1_org_propincrsrate_fullcali_oactrela_mth_ricc","FULLY_CONFIRMED","202353","1","1","CONFIRMED",""
"203958","task:203958:statement:0:relation:root.casttable.t3.setop.b0.setop.b0.setop.b0.setop.b0.setop.b0.setop.b0.setop.b0.setop.b0.setop.b0.setop.b0.setop.b0.setop.b0.setop.b0.setop.b0.setop.b0.setop.b0.setop.b0.setop.b0.setop.b0.setop.b0.setop.b0.setop.b0.setop.b0.setop.b0.setop.b0.setop.b0.setop.b0.setop.b0.setop.b0.setop.b0.setop.b0.setop.b0.setop.b0.setop.b0.setop.b0.setop.b0.setop.b0.setop.b0.setop.b0.setop.b0.setop.b0.setop.b0.setop.b0.setop.b0.setop.b0.setop.b1.read.index_grp1_org_propincrsrate_fullcali_oactrela_mth_ricc","dm_index_n.index_grp1_org_propincrsrate_fullcali_oactrela_mth_ricc","FULLY_CONFIRMED","202353","1","1","CONFIRMED",""
"203958","task:203958:statement:0:relation:root.casttable.t3.setop.b0.setop.b0.setop.b0.setop.b0.setop.b0.setop.b0.setop.b0.setop.b0.setop.b0.setop.b0.setop.b0.setop.b0.setop.b0.setop.b0.setop.b0.setop.b0.setop.b0.setop.b0.setop.b0.setop.b0.setop.b0.setop.b0.setop.b0.setop.b0.setop.b0.setop.b0.setop.b0.setop.b0.setop.b0.setop.b0.setop.b0.setop.b0.setop.b0.setop.b0.setop.b0.setop.b0.setop.b0.setop.b0.setop.b0.setop.b0.setop.b0.setop.b0.setop.b0.setop.b0.setop.b1.read.index_grp1_org_propincrsrate_fullcali_oactrela_mth_ricc","dm_index_n.index_grp1_org_propincrsrate_fullcali_oactrela_mth_ricc","FULLY_CONFIRMED","202353","1","1","CONFIRMED",""
"203958","task:203958:statement:0:relation:root.casttable.t3.setop.b0.setop.b0.setop.b0.setop.b0.setop.b0.setop.b0.setop.b0.setop.b0.setop.b0.setop.b0.setop.b0.setop.b0.setop.b0.setop.b0.setop.b0.setop.b0.setop.b0.setop.b0.setop.b0.setop.b0.setop.b0.setop.b0.setop.b0.setop.b0.setop.b0.setop.b0.setop.b0.setop.b0.setop.b0.setop.b0.setop.b0.setop.b0.setop.b0.setop.b0.setop.b0.setop.b0.setop.b0.setop.b0.setop.b0.setop.b0.setop.b1.read.index_grp1_org_aumnetast_muyield_oactrela_mth_all","dm_index_n.index_grp1_org_aumnetast_muyield_oactrela_mth_all","FULLY_CONFIRMED","202294","1","1","CONFIRMED",""
"203958","task:203958:statement:0:relation:root.casttable.t3.setop.b0.setop.b0.setop.b0.setop.b0.setop.b0.setop.b0.setop.b0.setop.b0.setop.b0.setop.b0.setop.b0.setop.b0.setop.b0.setop.b0.setop.b0.setop.b0.setop.b0.setop.b0.setop.b0.setop.b0.setop.b0.setop.b0.setop.b0.setop.b0.setop.b0.setop.b0.setop.b0.setop.b0.setop.b0.setop.b0.setop.b0.setop.b0.setop.b0.setop.b0.setop.b0.setop.b0.setop.b0.setop.b0.setop.b0.setop.b1.read.index_grp1_org_aumnetast_muyield_oactrela_mth_all","dm_index_n.index_grp1_org_aumnetast_muyield_oactrela_mth_all","FULLY_CONFIRMED","202294","1","1","CONFIRMED",""
"203958","task:203958:statement:0:relation:root.casttable.t3.setop.b0.setop.b0.setop.b0.setop.b0.setop.b0.setop.b0.setop.b0.setop.b0.setop.b0.setop.b0.setop.b0.setop.b0.setop.b0.setop.b0.setop.b0.setop.b0.setop.b0.setop.b0.setop.b0.setop.b0.setop.b0.setop.b0.setop.b0.setop.b0.setop.b0.setop.b0.setop.b0.setop.b0.setop.b0.setop.b0.setop.b0.setop.b0.setop.b0.setop.b0.setop.b0.setop.b0.setop.b0.setop.b0.setop.b1.read.index_grp1_org_aumnetast_muyield_oactrela_mth_all","dm_index_n.index_grp1_org_aumnetast_muyield_oactrela_mth_all","FULLY_CONFIRMED","202294","1","1","CONFIRMED",""
"203958","task:203958:statement:0:relation:root.casttable.t3.setop.b0.setop.b0.setop.b0.setop.b0.setop.b0.setop.b0.setop.b0.setop.b0.setop.b0.setop.b0.setop.b0.setop.b0.setop.b0.setop.b0.setop.b0.setop.b0.setop.b0.setop.b0.setop.b0.setop.b0.setop.b0.setop.b0.setop.b0.setop.b0.setop.b0.setop.b0.setop.b0.setop.b0.setop.b0.setop.b0.setop.b0.setop.b0.setop.b0.setop.b0.setop.b0.setop.b0.setop.b0.setop.b1.read.index_grp1_org_custaum_navsupernetrate_oactrela_mth_all","dm_index_n.index_grp1_org_custaum_navsupernetrate_oactrela_mth_all","FULLY_CONFIRMED","202307","1","1","CONFIRMED",""
"203958","task:203958:statement:0:relation:root.casttable.t3.setop.b0.setop.b0.setop.b0.setop.b0.setop.b0.setop.b0.setop.b0.setop.b0.setop.b0.setop.b0.setop.b0.setop.b0.setop.b0.setop.b0.setop.b0.setop.b0.setop.b0.setop.b0.setop.b0.setop.b0.setop.b0.setop.b0.setop.b0.setop.b0.setop.b0.setop.b0.setop.b0.setop.b0.setop.b0.setop.b0.setop.b0.setop.b0.setop.b0.setop.b0.setop.b0.setop.b0.setop.b1.read.index_grp1_org_custaum_navsupernetrate_oactrela_mth_all","dm_index_n.index_grp1_org_custaum_navsupernetrate_oactrela_mth_all","FULLY_CONFIRMED","202307","1","1","CONFIRMED",""
"203958","task:203958:statement:0:relation:root.casttable.t3.setop.b0.setop.b0.setop.b0.setop.b0.setop.b0.setop.b0.setop.b0.setop.b0.setop.b0.setop.b0.setop.b0.setop.b0.setop.b0.setop.b0.setop.b0.setop.b0.setop.b0.setop.b0.setop.b0.setop.b0.setop.b0.setop.b0.setop.b0.setop.b0.setop.b0.setop.b0.setop.b0.setop.b0.setop.b0.setop.b0.setop.b0.setop.b0.setop.b0.setop.b0.setop.b0.setop.b1.read.index_grp1_org_custaum_navsupernetrate_oactrela_mth_all","dm_index_n.index_grp1_org_custaum_navsupernetrate_oactrela_mth_all","FULLY_CONFIRMED","202307","1","1","CONFIRMED",""
"203958","task:203958:statement:0:relation:root.casttable.t3.setop.b0.setop.b0.setop.b0.setop.b0.setop.b0.setop.b0.setop.b0.setop.b0.setop.b0.setop.b0.setop.b0.setop.b0.setop.b0.setop.b0.setop.b0.setop.b0.setop.b0.setop.b0.setop.b0.setop.b0.setop.b0.setop.b0.setop.b0.setop.b0.setop.b0.setop.b0.setop.b0.setop.b0.setop.b0.setop.b0.setop.b0.setop.b0.setop.b0.setop.b0.setop.b1.read.index_grp1_org_empaum_navsupernetrate_mth_all","dm_index_n.index_grp1_org_empaum_navsupernetrate_mth_all","FULLY_CONFIRMED","202681","1","1","CONFIRMED",""
"203958","task:203958:statement:0:relation:root.casttable.t3.setop.b0.setop.b0.setop.b0.setop.b0.setop.b0.setop.b0.setop.b0.setop.b0.setop.b0.setop.b0.setop.b0.setop.b0.setop.b0.setop.b0.setop.b0.setop.b0.setop.b0.setop.b0.setop.b0.setop.b0.setop.b0.setop.b0.setop.b0.setop.b0.setop.b0.setop.b0.setop.b0.setop.b0.setop.b0.setop.b0.setop.b0.setop.b0.setop.b0.setop.b1.read.index_grp1_org_empaum_navsupernetrate_mth_all","dm_index_n.index_grp1_org_empaum_navsupernetrate_mth_all","FULLY_CONFIRMED","202681","1","1","CONFIRMED",""
"203958","task:203958:statement:0:relation:root.casttable.t3.setop.b0.setop.b0.setop.b0.setop.b0.setop.b0.setop.b0.setop.b0.setop.b0.setop.b0.setop.b0.setop.b0.setop.b0.setop.b0.setop.b0.setop.b0.setop.b0.setop.b0.setop.b0.setop.b0.setop.b0.setop.b0.setop.b0.setop.b0.setop.b0.setop.b0.setop.b0.setop.b0.setop.b0.setop.b0.setop.b0.setop.b0.setop.b0.setop.b1.read.index_grp1_org_empaum_navsupernetrate_mth_all","dm_index_n.index_grp1_org_empaum_navsupernetrate_mth_all","FULLY_CONFIRMED","202681","1","1","CONFIRMED",""
"203958","task:203958:statement:0:relation:root.casttable.t3.setop.b0.setop.b0.setop.b0.setop.b0.setop.b0.setop.b0.setop.b0.setop.b0.setop.b0.setop.b0.setop.b0.setop.b0.setop.b0.setop.b0.setop.b0.setop.b0.setop.b0.setop.b0.setop.b0.setop.b0.setop.b0.setop.b0.setop.b0.setop.b0.setop.b0.setop.b0.setop.b0.setop.b0.setop.b1.read.index_grp1_servcovrg_impcust_astpkgrela_year","dm_index_n.index_grp1_servcovrg_impcust_astpkgrela_year","FULLY_CONFIRMED","202516","1","1","CONFIRMED",""
"203958","task:203958:statement:0:relation:root.casttable.t3.setop.b0.setop.b0.setop.b0.setop.b0.setop.b0.setop.b0.setop.b0.setop.b0.setop.b0.setop.b0.setop.b0.setop.b0.setop.b0.setop.b0.setop.b0.setop.b0.setop.b0.setop.b0.setop.b0.setop.b0.setop.b0.setop.b0.setop.b0.setop.b0.setop.b0.setop.b0.setop.b0.setop.b1.read.index_grp1_servcovrg_impcust_astpkgrela_year","dm_index_n.index_grp1_servcovrg_impcust_astpkgrela_year","FULLY_CONFIRMED","202516","1","1","CONFIRMED",""
"203958","task:203958:statement:0:relation:root.casttable.t3.setop.b0.setop.b0.setop.b0.setop.b0.setop.b0.setop.b0.setop.b0.setop.b0.setop.b0.setop.b0.setop.b0.setop.b0.setop.b0.setop.b0.setop.b0.setop.b0.setop.b0.setop.b0.setop.b0.setop.b0.setop.b0.setop.b0.setop.b0.setop.b0.setop.b0.setop.b0.setop.b1.read.index_grp1_servcovrg_impcust_astpkgrela_year","dm_index_n.index_grp1_servcovrg_impcust_astpkgrela_year","FULLY_CONFIRMED","202516","1","1","CONFIRMED",""
"203958","task:203958:statement:0:relation:root.casttable.t3.setop.b0.setop.b0.setop.b0.setop.b0.setop.b0.setop.b0.setop.b0.setop.b0.setop.b0.setop.b0.setop.b0.setop.b0.setop.b0.setop.b0.setop.b0.setop.b0.setop.b0.setop.b0.setop.b0.setop.b0.setop.b0.setop.b0.setop.b0.setop.b0.setop.b0.setop.b1.read.index_grp1_losrate_richhnwcust_year","dm_index_n.index_grp1_losrate_richhnwcust_year","FULLY_CONFIRMED","202836","1","1","CONFIRMED",""
"203958","task:203958:statement:0:relation:root.casttable.t3.setop.b0.setop.b0.setop.b0.setop.b0.setop.b0.setop.b0.setop.b0.setop.b0.setop.b0.setop.b0.setop.b0.setop.b0.setop.b0.setop.b0.setop.b0.setop.b0.setop.b0.setop.b0.setop.b0.setop.b0.setop.b0.setop.b0.setop.b0.setop.b0.setop.b1.read.index_grp1_losrate_richhnwcust_year","dm_index_n.index_grp1_losrate_richhnwcust_year","FULLY_CONFIRMED","202836","1","1","CONFIRMED",""
"203958","task:203958:statement:0:relation:root.casttable.t3.setop.b0.setop.b0.setop.b0.setop.b0.setop.b0.setop.b0.setop.b0.setop.b0.setop.b0.setop.b0.setop.b0.setop.b0.setop.b0.setop.b0.setop.b0.setop.b0.setop.b0.setop.b0.setop.b0.setop.b0.setop.b0.setop.b0.setop.b0.setop.b1.read.index_grp1_losrate_richhnwcust_year","dm_index_n.index_grp1_losrate_richhnwcust_year","FULLY_CONFIRMED","202836","1","1","CONFIRMED",""
"203958","task:203958:statement:0:relation:root.casttable.t3.setop.b0.setop.b0.setop.b0.setop.b0.setop.b0.setop.b0.setop.b0.setop.b0.setop.b0.setop.b0.setop.b0.setop.b0.setop.b0.setop.b0.setop.b0.setop.b0.setop.b0.setop.b0.setop.b0.setop.b0.setop.b0.setop.b0.setop.b1.read.index_grp1_org_newsign_custcount_ianws_mth_ricc","dm_index_n.index_grp1_org_newsign_custcount_ianws_mth_ricc","FULLY_CONFIRMED","202401","1","1","CONFIRMED",""
"203958","task:203958:statement:0:relation:root.casttable.t3.setop.b0.setop.b0.setop.b0.setop.b0.setop.b0.setop.b0.setop.b0.setop.b0.setop.b0.setop.b0.setop.b0.setop.b0.setop.b0.setop.b0.setop.b0.setop.b0.setop.b0.setop.b0.setop.b0.setop.b0.setop.b0.setop.b1.read.index_grp1_org_newsign_custcount_ianws_mth_ricc","dm_index_n.index_grp1_org_newsign_custcount_ianws_mth_ricc","CANDIDATE_ONLY","202401","1","0","UNKNOWN","PARTITION_NON_LITERAL|WRITER_PARTITION_UNKNOWN"
"203958","task:203958:statement:0:relation:root.casttable.t3.setop.b0.setop.b0.setop.b0.setop.b0.setop.b0.setop.b0.setop.b0.setop.b0.setop.b0.setop.b0.setop.b0.setop.b0.setop.b0.setop.b0.setop.b0.setop.b0.setop.b0.setop.b0.setop.b0.setop.b0.setop.b1.read.index_grp1_org_newsign_custcount_ianws_mth_ricc","dm_index_n.index_grp1_org_newsign_custcount_ianws_mth_ricc","CANDIDATE_ONLY","202401","1","0","UNKNOWN","PARTITION_NON_LITERAL|WRITER_PARTITION_UNKNOWN"
"203958","task:203958:statement:0:relation:root.casttable.t3.setop.b0.setop.b0.setop.b0.setop.b0.setop.b0.setop.b0.setop.b0.setop.b0.setop.b0.setop.b0.setop.b0.setop.b0.setop.b0.setop.b0.setop.b0.setop.b0.setop.b0.setop.b0.setop.b0.setop.b1.read.index_grp1_covrg_fullprdtnrcust_oactrela_accumtomth_ricc","dm_index_n.index_grp1_covrg_fullprdtnrcust_oactrela_accumtomth_ricc","FULLY_CONFIRMED","202402","1","1","CONFIRMED",""
"203958","task:203958:statement:0:relation:root.casttable.t3.setop.b0.setop.b0.setop.b0.setop.b0.setop.b0.setop.b0.setop.b0.setop.b0.setop.b0.setop.b0.setop.b0.setop.b0.setop.b0.setop.b0.setop.b0.setop.b0.setop.b0.setop.b0.setop.b1.read.index_grp1_covrg_fullprdtnrcust_oactrela_accumtomth_ricc","dm_index_n.index_grp1_covrg_fullprdtnrcust_oactrela_accumtomth_ricc","FULLY_CONFIRMED","202402","1","1","CONFIRMED",""
"203958","task:203958:statement:0:relation:root.casttable.t3.setop.b0.setop.b0.setop.b0.setop.b0.setop.b0.setop.b0.setop.b0.setop.b0.setop.b0.setop.b0.setop.b0.setop.b0.setop.b0.setop.b0.setop.b0.setop.b0.setop.b0.setop.b1.read.index_grp1_covrg_fullprdtnrcust_oactrela_accumtomth_ricc","dm_index_n.index_grp1_covrg_fullprdtnrcust_oactrela_accumtomth_ricc","FULLY_CONFIRMED","202402","1","1","CONFIRMED",""
"203958","task:203958:statement:0:relation:root.casttable.t3.setop.b0.setop.b0.setop.b0.setop.b0.setop.b0.setop.b0.setop.b0.setop.b0.setop.b0.setop.b0.setop.b0.setop.b0.setop.b0.setop.b0.setop.b0.setop.b0.setop.b1.read.index_grp1_org_addcust_optbusi_oactrela_mth_ricc","dm_index_n.index_grp1_org_addcust_optbusi_oactrela_mth_ricc","FULLY_CONFIRMED","202538","1","1","CONFIRMED",""
"203958","task:203958:statement:0:relation:root.casttable.t3.setop.b0.setop.b0.setop.b0.setop.b0.setop.b0.setop.b0.setop.b0.setop.b0.setop.b0.setop.b0.setop.b0.setop.b0.setop.b0.setop.b0.setop.b0.setop.b1.read.index_grp1_org_addcust_optbusi_oactrela_mth_ricc","dm_index_n.index_grp1_org_addcust_optbusi_oactrela_mth_ricc","CANDIDATE_ONLY","202538","1","0","UNKNOWN","PARTITION_NON_LITERAL|WRITER_PARTITION_UNKNOWN"
"203958","task:203958:statement:0:relation:root.casttable.t3.setop.b0.setop.b0.setop.b0.setop.b0.setop.b0.setop.b0.setop.b0.setop.b0.setop.b0.setop.b0.setop.b0.setop.b0.setop.b0.setop.b0.setop.b1.read.index_grp1_org_addcust_optbusi_oactrela_mth_ricc","dm_index_n.index_grp1_org_addcust_optbusi_oactrela_mth_ricc","CANDIDATE_ONLY","202538","1","0","UNKNOWN","PARTITION_NON_LITERAL|WRITER_PARTITION_UNKNOWN"
"203958","task:203958:statement:0:relation:root.casttable.t3.setop.b0.setop.b0.setop.b0.setop.b0.setop.b0.setop.b0.setop.b0.setop.b0.setop.b0.setop.b0.setop.b0.setop.b0.setop.b0.setop.b1.read.index_grp1_org_addcust_buyria_oactrela_mth_ricc","dm_index_n.index_grp1_org_addcust_buyria_oactrela_mth_ricc","FULLY_CONFIRMED","202541","1","1","CONFIRMED",""
"203958","task:203958:statement:0:relation:root.casttable.t3.setop.b0.setop.b0.setop.b0.setop.b0.setop.b0.setop.b0.setop.b0.setop.b0.setop.b0.setop.b0.setop.b0.setop.b0.setop.b1.read.index_grp1_org_addcust_buyria_oactrela_mth_ricc","dm_index_n.index_grp1_org_addcust_buyria_oactrela_mth_ricc","CANDIDATE_ONLY","202541","1","0","UNKNOWN","PARTITION_NON_LITERAL|WRITER_PARTITION_UNKNOWN"
"203958","task:203958:statement:0:relation:root.casttable.t3.setop.b0.setop.b0.setop.b0.setop.b0.setop.b0.setop.b0.setop.b0.setop.b0.setop.b0.setop.b0.setop.b0.setop.b1.read.index_grp1_org_addcust_buyria_oactrela_mth_ricc","dm_index_n.index_grp1_org_addcust_buyria_oactrela_mth_ricc","CANDIDATE_ONLY","202541","1","0","UNKNOWN","PARTITION_NON_LITERAL|WRITER_PARTITION_UNKNOWN"
"203958","task:203958:statement:0:relation:root.casttable.t3.setop.b0.setop.b0.setop.b0.setop.b0.setop.b0.setop.b0.setop.b0.setop.b0.setop.b0.setop.b0.setop.b1.read.index_grp1_org_perrate_margcust_oactrela_mth_ricc","dm_index_n.index_grp1_org_perrate_margcust_oactrela_mth_ricc","FULLY_CONFIRMED","202693","1","1","CONFIRMED",""
"203958","task:203958:statement:0:relation:root.casttable.t3.setop.b0.setop.b0.setop.b0.setop.b0.setop.b0.setop.b0.setop.b0.setop.b0.setop.b0.setop.b1.read.index_grp1_org_perrate_margcust_oactrela_mth_ricc","dm_index_n.index_grp1_org_perrate_margcust_oactrela_mth_ricc","FULLY_CONFIRMED","202693","1","1","CONFIRMED",""
"203958","task:203958:statement:0:relation:root.casttable.t3.setop.b0.setop.b0.setop.b0.setop.b0.setop.b0.setop.b0.setop.b0.setop.b0.setop.b1.read.index_grp1_org_perrate_margcust_oactrela_mth_ricc","dm_index_n.index_grp1_org_perrate_margcust_oactrela_mth_ricc","FULLY_CONFIRMED","202693","1","1","CONFIRMED",""
"203958","task:203958:statement:0:relation:root.casttable.t3.setop.b0.setop.b0.setop.b0.setop.b0.setop.b0.setop.b0.setop.b0.setop.b1.read.index_grp1_org_newmvalprop_oactrela_mth_ricc","dm_index_n.index_grp1_org_newmvalprop_oactrela_mth_ricc","FULLY_CONFIRMED","202691","1","1","CONFIRMED",""
"203958","task:203958:statement:0:relation:root.casttable.t3.setop.b0.setop.b0.setop.b0.setop.b0.setop.b0.setop.b0.setop.b1.read.index_grp1_org_newmvalprop_oactrela_mth_ricc","dm_index_n.index_grp1_org_newmvalprop_oactrela_mth_ricc","FULLY_CONFIRMED","202691","1","1","CONFIRMED",""
"203958","task:203958:statement:0:relation:root.casttable.t3.setop.b0.setop.b0.setop.b0.setop.b0.setop.b0.setop.b1.read.index_grp1_org_newmvalprop_oactrela_mth_ricc","dm_index_n.index_grp1_org_newmvalprop_oactrela_mth_ricc","FULLY_CONFIRMED","202691","1","1","CONFIRMED",""
"203958","task:203958:statement:0:relation:root.casttable.t3.setop.b0.setop.b0.setop.b0.setop.b0.setop.b1.read.index_grp2_avgservtimes_aumimpcust_astpkgrela_yearendmth_ricc","dm_index_n.index_grp2_avgservtimes_aumimpcust_astpkgrela_yearendmth_ricc","CANDIDATE_ONLY","212242","1","0","UNKNOWN","WRITER_PARTITION_UNKNOWN"
"203958","task:203958:statement:0:relation:root.casttable.t3.setop.b0.setop.b0.setop.b0.setop.b1.read.index_grp2_avgservtimes_aumimpcust_astpkgrela_yearendmth_ricc","dm_index_n.index_grp2_avgservtimes_aumimpcust_astpkgrela_yearendmth_ricc","CANDIDATE_ONLY","212242","1","0","UNKNOWN","WRITER_PARTITION_UNKNOWN"
"203958","task:203958:statement:0:relation:root.casttable.t3.setop.b0.setop.b0.setop.b1.read.index_grp2_avgservtimes_aumimpcust_astpkgrela_yearendmth_ricc","dm_index_n.index_grp2_avgservtimes_aumimpcust_astpkgrela_yearendmth_ricc","CANDIDATE_ONLY","212242","1","0","UNKNOWN","WRITER_PARTITION_UNKNOWN"
"203979","task:203979:statement:0:relation:root.casttable.t3.setop.b0.setop.b0.setop.b0.setop.b0.setop.b0.setop.b0.setop.b0.setop.b0.setop.b0.setop.b0.setop.b0.setop.b0.setop.b0.setop.b0.setop.b0.setop.b0.setop.b0.setop.b0.setop.b0.setop.b0.setop.b0.setop.b0.setop.b0.setop.b0.setop.b0.setop.b0.setop.b0.setop.b0.setop.b0.setop.b0.setop.b0.setop.b0.setop.b0.setop.b0.setop.b0.setop.b0.setop.b0.setop.b0.setop.b0.setop.b1.read.index_grp1_emp_aumnetast_muyield_aumastpkgrela_mth_ricc","dm_index_n.index_grp1_emp_aumnetast_muyield_aumastpkgrela_mth_ricc","FULLY_CONFIRMED","205645","1","1","CONFIRMED",""
"203979","task:203979:statement:0:relation:root.casttable.t3.setop.b0.setop.b0.setop.b0.setop.b0.setop.b0.setop.b0.setop.b0.setop.b0.setop.b0.setop.b0.setop.b0.setop.b0.setop.b0.setop.b0.setop.b0.setop.b0.setop.b0.setop.b0.setop.b0.setop.b0.setop.b0.setop.b0.setop.b0.setop.b0.setop.b0.setop.b0.setop.b0.setop.b0.setop.b0.setop.b0.setop.b0.setop.b0.setop.b0.setop.b0.setop.b0.setop.b0.setop.b0.setop.b0.setop.b1.read.index_grp1_emp_aumnetast_muyield_aumastpkgrela_mth_ricc","dm_index_n.index_grp1_emp_aumnetast_muyield_aumastpkgrela_mth_ricc","FULLY_CONFIRMED","205645","1","1","CONFIRMED",""
"203979","task:203979:statement:0:relation:root.casttable.t3.setop.b0.setop.b0.setop.b0.setop.b0.setop.b0.setop.b0.setop.b0.setop.b0.setop.b0.setop.b0.setop.b0.setop.b0.setop.b0.setop.b0.setop.b0.setop.b0.setop.b0.setop.b0.setop.b0.setop.b0.setop.b0.setop.b0.setop.b0.setop.b0.setop.b0.setop.b0.setop.b0.setop.b0.setop.b0.setop.b0.setop.b0.setop.b0.setop.b0.setop.b0.setop.b0.setop.b0.setop.b0.setop.b1.read.index_grp1_emp_aumnetast_muyield_aumastpkgrela_mth_ricc","dm_index_n.index_grp1_emp_aumnetast_muyield_aumastpkgrela_mth_ricc","FULLY_CONFIRMED","205645","1","1","CONFIRMED",""
"203979","task:203979:statement:0:relation:root.casttable.t3.setop.b0.setop.b0.setop.b0.setop.b0.setop.b0.setop.b0.setop.b0.setop.b0.setop.b0.setop.b0.setop.b0.setop.b0.setop.b0.setop.b0.setop.b0.setop.b0.setop.b0.setop.b0.setop.b0.setop.b0.setop.b0.setop.b0.setop.b0.setop.b0.setop.b0.setop.b0.setop.b0.setop.b0.setop.b0.setop.b0.setop.b0.setop.b0.setop.b0.setop.b0.setop.b0.setop.b0.setop.b1.read.index_grp1_emp_custaum_navsupernetrate_astpkgrela_mth_all","dm_index_n.index_grp1_emp_custaum_navsupernetrate_astpkgrela_mth_all","FULLY_CONFIRMED","202673","1","1","CONFIRMED",""
"203979","task:203979:statement:0:relation:root.casttable.t3.setop.b0.setop.b0.setop.b0.setop.b0.setop.b0.setop.b0.setop.b0.setop.b0.setop.b0.setop.b0.setop.b0.setop.b0.setop.b0.setop.b0.setop.b0.setop.b0.setop.b0.setop.b0.setop.b0.setop.b0.setop.b0.setop.b0.setop.b0.setop.b0.setop.b0.setop.b0.setop.b0.setop.b0.setop.b0.setop.b0.setop.b0.setop.b0.setop.b0.setop.b0.setop.b0.setop.b1.read.index_grp1_emp_custaum_navsupernetrate_astpkgrela_mth_all","dm_index_n.index_grp1_emp_custaum_navsupernetrate_astpkgrela_mth_all","FULLY_CONFIRMED","202673","1","1","CONFIRMED",""
"203979","task:203979:statement:0:relation:root.casttable.t3.setop.b0.setop.b0.setop.b0.setop.b0.setop.b0.setop.b0.setop.b0.setop.b0.setop.b0.setop.b0.setop.b0.setop.b0.setop.b0.setop.b0.setop.b0.setop.b0.setop.b0.setop.b0.setop.b0.setop.b0.setop.b0.setop.b0.setop.b0.setop.b0.setop.b0.setop.b0.setop.b0.setop.b0.setop.b0.setop.b0.setop.b0.setop.b0.setop.b0.setop.b0.setop.b1.read.index_grp1_emp_custaum_navsupernetrate_astpkgrela_mth_all","dm_index_n.index_grp1_emp_custaum_navsupernetrate_astpkgrela_mth_all","FULLY_CONFIRMED","202673","1","1","CONFIRMED",""
"203979","task:203979:statement:0:relation:root.casttable.t3.setop.b0.setop.b0.setop.b0.setop.b0.setop.b0.setop.b0.setop.b0.setop.b0.setop.b0.setop.b0.setop.b0.setop.b0.setop.b0.setop.b0.setop.b0.setop.b0.setop.b0.setop.b0.setop.b0.setop.b0.setop.b0.setop.b0.setop.b0.setop.b0.setop.b0.setop.b0.setop.b0.setop.b0.setop.b0.setop.b0.setop.b0.setop.b0.setop.b0.setop.b1.read.index_grp1_emp_nav_aum_tdy_all","dm_index_n.index_grp1_emp_nav_aum_tdy_all","FULLY_CONFIRMED","194864","1","1","CONFIRMED",""
"203979","task:203979:statement:0:relation:root.casttable.t3.setop.b0.setop.b0.setop.b0.setop.b0.setop.b0.setop.b0.setop.b0.setop.b0.setop.b0.setop.b0.setop.b0.setop.b0.setop.b0.setop.b0.setop.b0.setop.b0.setop.b0.setop.b0.setop.b0.setop.b0.setop.b0.setop.b0.setop.b0.setop.b0.setop.b0.setop.b0.setop.b0.setop.b0.setop.b0.setop.b0.setop.b0.setop.b0.setop.b1.read.index_grp1_emp_nav_aum_tdy_all","dm_index_n.index_grp1_emp_nav_aum_tdy_all","FULLY_CONFIRMED","194864","1","1","CONFIRMED",""
"203979","task:203979:statement:0:relation:root.casttable.t3.setop.b0.setop.b0.setop.b0.setop.b0.setop.b0.setop.b0.setop.b0.setop.b0.setop.b0.setop.b0.setop.b0.setop.b0.setop.b0.setop.b0.setop.b0.setop.b0.setop.b0.setop.b0.setop.b0.setop.b0.setop.b0.setop.b0.setop.b0.setop.b0.setop.b0.setop.b0.setop.b0.setop.b0.setop.b0.setop.b0.setop.b0.setop.b1.read.index_grp1_emp_nav_aum_tdy_all","dm_index_n.index_grp1_emp_nav_aum_tdy_all","FULLY_CONFIRMED","194864","1","1","CONFIRMED",""
"203979","task:203979:statement:0:relation:root.casttable.t3.setop.b0.setop.b0.setop.b0.setop.b0.setop.b0.setop.b0.setop.b0.setop.b0.setop.b0.setop.b0.setop.b0.setop.b0.setop.b0.setop.b0.setop.b0.setop.b0.setop.b0.setop.b0.setop.b0.setop.b0.setop.b0.setop.b0.setop.b0.setop.b0.setop.b0.setop.b0.setop.b0.setop.b0.setop.b0.setop.b0.setop.b1.read.index_grp1_authcust_servordevrela_endtdy","dm_index_n.index_grp1_authcust_servordevrela_endtdy","FULLY_CONFIRMED","190237","1","1","CONFIRMED",""
"203979","task:203979:statement:0:relation:root.casttable.t3.setop.b0.setop.b0.setop.b0.setop.b0.setop.b0.setop.b0.setop.b0.setop.b0.setop.b0.setop.b0.setop.b0.setop.b0.setop.b0.setop.b0.setop.b0.setop.b0.setop.b0.setop.b0.setop.b0.setop.b0.setop.b0.setop.b0.setop.b0.setop.b0.setop.b0.setop.b0.setop.b0.setop.b0.setop.b0.setop.b1.read.index_grp1_authcust_servordevrela_endtdy","dm_index_n.index_grp1_authcust_servordevrela_endtdy","FULLY_CONFIRMED","190237","1","1","CONFIRMED",""
"203979","task:203979:statement:0:relation:root.casttable.t3.setop.b0.setop.b0.setop.b0.setop.b0.setop.b0.setop.b0.setop.b0.setop.b0.setop.b0.setop.b0.setop.b0.setop.b0.setop.b0.setop.b0.setop.b0.setop.b0.setop.b0.setop.b0.setop.b0.setop.b0.setop.b0.setop.b0.setop.b0.setop.b0.setop.b0.setop.b0.setop.b0.setop.b0.setop.b1.read.index_grp1_authcust_servordevrela_endtdy","dm_index_n.index_grp1_authcust_servordevrela_endtdy","FULLY_CONFIRMED","190237","1","1","CONFIRMED",""
"203979","task:203979:statement:0:relation:root.casttable.t3.setop.b0.setop.b0.setop.b0.setop.b0.setop.b0.setop.b0.setop.b0.setop.b0.setop.b0.setop.b0.setop.b0.setop.b0.setop.b0.setop.b0.setop.b0.setop.b0.setop.b0.setop.b0.setop.b0.setop.b0.setop.b0.setop.b0.setop.b0.setop.b0.setop.b0.setop.b0.setop.b0.setop.b1.read.index_grp1_servcovrg_impcust_astpkgrela_year","dm_index_n.index_grp1_servcovrg_impcust_astpkgrela_year","FULLY_CONFIRMED","202516","1","1","CONFIRMED",""
"203979","task:203979:statement:0:relation:root.casttable.t3.setop.b0.setop.b0.setop.b0.setop.b0.setop.b0.setop.b0.setop.b0.setop.b0.setop.b0.setop.b0.setop.b0.setop.b0.setop.b0.setop.b0.setop.b0.setop.b0.setop.b0.setop.b0.setop.b0.setop.b0.setop.b0.setop.b0.setop.b0.setop.b0.setop.b0.setop.b0.setop.b1.read.index_grp1_servcovrg_impcust_astpkgrela_year","dm_index_n.index_grp1_servcovrg_impcust_astpkgrela_year","FULLY_CONFIRMED","202516","1","1","CONFIRMED",""
"203979","task:203979:statement:0:relation:root.casttable.t3.setop.b0.setop.b0.setop.b0.setop.b0.setop.b0.setop.b0.setop.b0.setop.b0.setop.b0.setop.b0.setop.b0.setop.b0.setop.b0.setop.b0.setop.b0.setop.b0.setop.b0.setop.b0.setop.b0.setop.b0.setop.b0.setop.b0.setop.b0.setop.b0.setop.b0.setop.b1.read.index_grp1_servcovrg_impcust_astpkgrela_year","dm_index_n.index_grp1_servcovrg_impcust_astpkgrela_year","FULLY_CONFIRMED","202516","1","1","CONFIRMED",""
"203979","task:203979:statement:0:relation:root.casttable.t3.setop.b0.setop.b0.setop.b0.setop.b0.setop.b0.setop.b0.setop.b0.setop.b0.setop.b0.setop.b0.setop.b0.setop.b0.setop.b0.setop.b0.setop.b0.setop.b0.setop.b0.setop.b0.setop.b0.setop.b0.setop.b0.setop.b0.setop.b0.setop.b0.setop.b1.read.index_grp1_custlosrate_richhnwcust_astpkgrela_qtr","dm_index_n.index_grp1_custlosrate_richhnwcust_astpkgrela_qtr","FULLY_CONFIRMED","203115","1","1","CONFIRMED",""
"203979","task:203979:statement:0:relation:root.casttable.t3.setop.b0.setop.b0.setop.b0.setop.b0.setop.b0.setop.b0.setop.b0.setop.b0.setop.b0.setop.b0.setop.b0.setop.b0.setop.b0.setop.b0.setop.b0.setop.b0.setop.b0.setop.b0.setop.b0.setop.b0.setop.b0.setop.b0.setop.b0.setop.b1.read.index_grp1_custlosrate_richhnwcust_astpkgrela_qtr","dm_index_n.index_grp1_custlosrate_richhnwcust_astpkgrela_qtr","FULLY_CONFIRMED","203115","1","1","CONFIRMED",""
"203979","task:203979:statement:0:relation:root.casttable.t3.setop.b0.setop.b0.setop.b0.setop.b0.setop.b0.setop.b0.setop.b0.setop.b0.setop.b0.setop.b0.setop.b0.setop.b0.setop.b0.setop.b0.setop.b0.setop.b0.setop.b0.setop.b0.setop.b0.setop.b0.setop.b0.setop.b0.setop.b1.read.index_grp1_custlosrate_richhnwcust_astpkgrela_qtr","dm_index_n.index_grp1_custlosrate_richhnwcust_astpkgrela_qtr","FULLY_CONFIRMED","203115","1","1","CONFIRMED",""
"203979","task:203979:statement:0:relation:root.casttable.t3.setop.b0.setop.b0.setop.b0.setop.b0.setop.b0.setop.b0.setop.b0.setop.b0.setop.b0.setop.b0.setop.b0.setop.b0.setop.b0.setop.b0.setop.b0.setop.b0.setop.b0.setop.b0.setop.b0.setop.b0.setop.b0.setop.b1.read.index_grp1_emp_newsign_custcount_ianws_mth_ricc","dm_index_n.index_grp1_emp_newsign_custcount_ianws_mth_ricc","FULLY_CONFIRMED","202400","1","1","CONFIRMED",""
"203979","task:203979:statement:0:relation:root.casttable.t3.setop.b0.setop.b0.setop.b0.setop.b0.setop.b0.setop.b0.setop.b0.setop.b0.setop.b0.setop.b0.setop.b0.setop.b0.setop.b0.setop.b0.setop.b0.setop.b0.setop.b0.setop.b0.setop.b0.setop.b0.setop.b1.read.index_grp1_emp_newsign_custcount_ianws_mth_ricc","dm_index_n.index_grp1_emp_newsign_custcount_ianws_mth_ricc","CANDIDATE_ONLY","202400","1","0","UNKNOWN","PARTITION_NON_LITERAL|WRITER_PARTITION_UNKNOWN"
"203979","task:203979:statement:0:relation:root.casttable.t3.setop.b0.setop.b0.setop.b0.setop.b0.setop.b0.setop.b0.setop.b0.setop.b0.setop.b0.setop.b0.setop.b0.setop.b0.setop.b0.setop.b0.setop.b0.setop.b0.setop.b0.setop.b0.setop.b0.setop.b1.read.index_grp1_emp_newsign_custcount_ianws_mth_ricc","dm_index_n.index_grp1_emp_newsign_custcount_ianws_mth_ricc","CANDIDATE_ONLY","202400","1","0","UNKNOWN","PARTITION_NON_LITERAL|WRITER_PARTITION_UNKNOWN"
"203979","task:203979:statement:0:relation:root.casttable.t3.setop.b0.setop.b0.setop.b0.setop.b0.setop.b0.setop.b0.setop.b0.setop.b0.setop.b0.setop.b0.setop.b0.setop.b0.setop.b0.setop.b0.setop.b0.setop.b0.setop.b0.setop.b0.setop.b1.read.index_grp1_emp_covrg_fullprdtnrcust_astpkgrela_accumtomth_ricc","dm_index_n.index_grp1_emp_covrg_fullprdtnrcust_astpkgrela_accumtomth_ricc","FULLY_CONFIRMED","202403","1","1","CONFIRMED",""
"203979","task:203979:statement:0:relation:root.casttable.t3.setop.b0.setop.b0.setop.b0.setop.b0.setop.b0.setop.b0.setop.b0.setop.b0.setop.b0.setop.b0.setop.b0.setop.b0.setop.b0.setop.b0.setop.b0.setop.b0.setop.b0.setop.b1.read.index_grp1_emp_covrg_fullprdtnrcust_astpkgrela_accumtomth_ricc","dm_index_n.index_grp1_emp_covrg_fullprdtnrcust_astpkgrela_accumtomth_ricc","FULLY_CONFIRMED","202403","1","1","CONFIRMED",""
"203979","task:203979:statement:0:relation:root.casttable.t3.setop.b0.setop.b0.setop.b0.setop.b0.setop.b0.setop.b0.setop.b0.setop.b0.setop.b0.setop.b0.setop.b0.setop.b0.setop.b0.setop.b0.setop.b0.setop.b0.setop.b1.read.index_grp1_emp_covrg_fullprdtnrcust_astpkgrela_accumtomth_ricc","dm_index_n.index_grp1_emp_covrg_fullprdtnrcust_astpkgrela_accumtomth_ricc","FULLY_CONFIRMED","202403","1","1","CONFIRMED",""
"203979","task:203979:statement:0:relation:root.casttable.t3.setop.b0.setop.b0.setop.b0.setop.b0.setop.b0.setop.b0.setop.b0.setop.b0.setop.b0.setop.b0.setop.b0.setop.b0.setop.b0.setop.b0.setop.b0.setop.b1.read.index_grp1_emp_addcust_optbusi_optdevrela_mth_ricc","dm_index_n.index_grp1_emp_addcust_optbusi_optdevrela_mth_ricc","FULLY_CONFIRMED","202539","1","1","CONFIRMED",""
"203979","task:203979:statement:0:relation:root.casttable.t3.setop.b0.setop.b0.setop.b0.setop.b0.setop.b0.setop.b0.setop.b0.setop.b0.setop.b0.setop.b0.setop.b0.setop.b0.setop.b0.setop.b0.setop.b1.read.index_grp1_emp_addcust_optbusi_optdevrela_mth_ricc","dm_index_n.index_grp1_emp_addcust_optbusi_optdevrela_mth_ricc","CANDIDATE_ONLY","202539","1","0","UNKNOWN","PARTITION_NON_LITERAL|WRITER_PARTITION_UNKNOWN"
"203979","task:203979:statement:0:relation:root.casttable.t3.setop.b0.setop.b0.setop.b0.setop.b0.setop.b0.setop.b0.setop.b0.setop.b0.setop.b0.setop.b0.setop.b0.setop.b0.setop.b0.setop.b1.read.index_grp1_emp_addcust_optbusi_optdevrela_mth_ricc","dm_index_n.index_grp1_emp_addcust_optbusi_optdevrela_mth_ricc","CANDIDATE_ONLY","202539","1","0","UNKNOWN","PARTITION_NON_LITERAL|WRITER_PARTITION_UNKNOWN"
"203979","task:203979:statement:0:relation:root.casttable.t3.setop.b0.setop.b0.setop.b0.setop.b0.setop.b0.setop.b0.setop.b0.setop.b0.setop.b0.setop.b0.setop.b0.setop.b0.setop.b1.read.index_grp1_emp_addcust_buyria_astpkgrela_mth_ricc","dm_index_n.index_grp1_emp_addcust_buyria_astpkgrela_mth_ricc","FULLY_CONFIRMED","202540","1","1","CONFIRMED",""
"203979","task:203979:statement:0:relation:root.casttable.t3.setop.b0.setop.b0.setop.b0.setop.b0.setop.b0.setop.b0.setop.b0.setop.b0.setop.b0.setop.b0.setop.b0.setop.b1.read.index_grp1_emp_addcust_buyria_astpkgrela_mth_ricc","dm_index_n.index_grp1_emp_addcust_buyria_astpkgrela_mth_ricc","CANDIDATE_ONLY","202540","1","0","UNKNOWN","PARTITION_NON_LITERAL|WRITER_PARTITION_UNKNOWN"
"203979","task:203979:statement:0:relation:root.casttable.t3.setop.b0.setop.b0.setop.b0.setop.b0.setop.b0.setop.b0.setop.b0.setop.b0.setop.b0.setop.b0.setop.b1.read.index_grp1_emp_addcust_buyria_astpkgrela_mth_ricc","dm_index_n.index_grp1_emp_addcust_buyria_astpkgrela_mth_ricc","CANDIDATE_ONLY","202540","1","0","UNKNOWN","PARTITION_NON_LITERAL|WRITER_PARTITION_UNKNOWN"
"203979","task:203979:statement:0:relation:root.casttable.t3.setop.b0.setop.b0.setop.b0.setop.b0.setop.b0.setop.b0.setop.b0.setop.b0.setop.b0.setop.b1.read.index_grp1_emp_perrate_marg_astpkgrela_mth_ricc","dm_index_n.index_grp1_emp_perrate_marg_astpkgrela_mth_ricc","FULLY_CONFIRMED","202694","1","1","CONFIRMED",""
"203979","task:203979:statement:0:relation:root.casttable.t3.setop.b0.setop.b0.setop.b0.setop.b0.setop.b0.setop.b0.setop.b0.setop.b0.setop.b1.read.index_grp1_emp_perrate_marg_astpkgrela_mth_ricc","dm_index_n.index_grp1_emp_perrate_marg_astpkgrela_mth_ricc","FULLY_CONFIRMED","202694","1","1","CONFIRMED",""
"203979","task:203979:statement:0:relation:root.casttable.t3.setop.b0.setop.b0.setop.b0.setop.b0.setop.b0.setop.b0.setop.b0.setop.b1.read.index_grp1_emp_perrate_marg_astpkgrela_mth_ricc","dm_index_n.index_grp1_emp_perrate_marg_astpkgrela_mth_ricc","FULLY_CONFIRMED","202694","1","1","CONFIRMED",""
"203979","task:203979:statement:0:relation:root.casttable.t3.setop.b0.setop.b0.setop.b0.setop.b0.setop.b0.setop.b0.setop.b1.read.index_grp1_emp_newmvalprop_astpkgrela_mth_ricc","dm_index_n.index_grp1_emp_newmvalprop_astpkgrela_mth_ricc","FULLY_CONFIRMED","202689","1","1","CONFIRMED",""
"203979","task:203979:statement:0:relation:root.casttable.t3.setop.b0.setop.b0.setop.b0.setop.b0.setop.b0.setop.b1.read.index_grp1_emp_newmvalprop_astpkgrela_mth_ricc","dm_index_n.index_grp1_emp_newmvalprop_astpkgrela_mth_ricc","FULLY_CONFIRMED","202689","1","1","CONFIRMED",""
"203979","task:203979:statement:0:relation:root.casttable.t3.setop.b0.setop.b0.setop.b0.setop.b0.setop.b1.read.index_grp1_emp_newmvalprop_astpkgrela_mth_ricc","dm_index_n.index_grp1_emp_newmvalprop_astpkgrela_mth_ricc","FULLY_CONFIRMED","202689","1","1","CONFIRMED",""
"203979","task:203979:statement:0:relation:root.casttable.t3.setop.b0.setop.b0.setop.b0.setop.b1.read.index_grp2_avgservtimes_aumimpcust_astpkgrela_yearendmth_ricc","dm_index_n.index_grp2_avgservtimes_aumimpcust_astpkgrela_yearendmth_ricc","CANDIDATE_ONLY","212242","1","0","UNKNOWN","WRITER_PARTITION_UNKNOWN"
"203979","task:203979:statement:0:relation:root.casttable.t3.setop.b0.setop.b0.setop.b1.read.index_grp2_avgservtimes_aumimpcust_astpkgrela_yearendmth_ricc","dm_index_n.index_grp2_avgservtimes_aumimpcust_astpkgrela_yearendmth_ricc","CANDIDATE_ONLY","212242","1","0","UNKNOWN","WRITER_PARTITION_UNKNOWN"
"203979","task:203979:statement:0:relation:root.casttable.t3.setop.b0.setop.b1.read.index_grp2_avgservtimes_aumimpcust_astpkgrela_yearendmth_ricc","dm_index_n.index_grp2_avgservtimes_aumimpcust_astpkgrela_yearendmth_ricc","CANDIDATE_ONLY","212242","1","0","UNKNOWN","WRITER_PARTITION_UNKNOWN"
"203979","task:203979:statement:0:relation:root.casttable.t3.setop.b1.read.index_grp1_npssatiqstnnscor_refr_mth","dm_index_n.index_grp1_npssatiqstnnscor_refr_mth","FULLY_CONFIRMED","231751","1","1","CONFIRMED",""
"205988","task:205988:statement:0:relation:root.setop.b0.setop.b0.read.t1","dm_om_n.wt_smart_call_index_list","CANDIDATE_ONLY","140940","1","0","UNKNOWN","PARTITION_NON_LITERAL|WRITER_PARTITION_UNKNOWN"
"206314","task:206314:statement:0:relation:root.casttable.c.a.read.t98_our_cutp_grant_occp_det","spdata_n.t98_our_cutp_grant_occp_det","FULLY_CONFIRMED","216526","1","1","CONFIRMED",""
"206314","task:206314:statement:0:relation:root.casttable.c.b.read.t99_risk_grant_type_rel_ref","spdata_n.t99_risk_grant_type_rel_ref","FULLY_CONFIRMED","218212","1","1","CONFIRMED",""
"206454","task:206454:statement:0:relation:root.casttable..setop.b0.setop.b0.setop.b0.setop.b0.setop.b0.setop.b0.setop.b0.setop.b0.setop.b0.setop.b0.setop.b0.setop.b0.setop.b0.setop.b0.setop.b0.setop.b0.setop.b0.setop.b0.setop.b0.setop.b0.setop.b0.setop.b0.setop.b0.setop.b0.setop.b0.setop.b0.setop.b0.setop.b0.setop.b0.read.index_grp1_cust_netastandresmval_20trddayapd_ricc","dm_index_n.index_grp1_cust_netastandresmval_20trddayapd_ricc","FULLY_CONFIRMED","203566","1","1","CONFIRMED",""
"206454","task:206454:statement:0:relation:root.casttable..setop.b0.setop.b0.setop.b0.setop.b0.setop.b0.setop.b0.setop.b0.setop.b0.setop.b0.setop.b0.setop.b0.setop.b0.setop.b0.setop.b0.setop.b0.setop.b0.setop.b0.setop.b0.setop.b0.setop.b0.setop.b0.setop.b0.setop.b0.setop.b0.setop.b0.setop.b0.setop.b0.setop.b0.setop.b1.read.index_grp1_get_net_ast_1w_dealdays_last545day","dm_index_n.index_grp1_get_net_ast_1w_dealdays_last545day","FULLY_CONFIRMED","150631","1","1","CONFIRMED",""
"206454","task:206454:statement:0:relation:root.casttable..setop.b0.setop.b0.setop.b0.setop.b0.setop.b0.setop.b0.setop.b0.setop.b0.setop.b0.setop.b0.setop.b0.setop.b0.setop.b0.setop.b0.setop.b0.setop.b0.setop.b0.setop.b0.setop.b0.setop.b0.setop.b0.setop.b0.setop.b0.setop.b0.setop.b0.setop.b0.setop.b0.setop.b1.read.index_grp1_fst_net_ast_get_thrh_date_add_10dealdays_last545day","dm_index_n.index_grp1_fst_net_ast_get_thrh_date_add_10dealdays_last545day","FULLY_CONFIRMED","150646","1","1","CONFIRMED",""
"206454","task:206454:statement:0:relation:root.casttable..setop.b0.setop.b0.setop.b0.setop.b0.setop.b0.setop.b0.setop.b0.setop.b0.setop.b0.setop.b0.setop.b0.setop.b0.setop.b0.setop.b0.setop.b0.setop.b0.setop.b0.setop.b0.setop.b0.setop.b0.setop.b0.setop.b0.setop.b0.setop.b0.setop.b0.setop.b0.setop.b1.read.index_grp1_firqualtotastmaxvaldate_endtdy","dm_index_n.index_grp1_firqualtotastmaxvaldate_endtdy","FULLY_CONFIRMED","183028","1","1","CONFIRMED",""
"206454","task:206454:statement:0:relation:root.casttable..setop.b0.setop.b0.setop.b0.setop.b0.setop.b0.setop.b0.setop.b0.setop.b0.setop.b0.setop.b0.setop.b0.setop.b0.setop.b0.setop.b0.setop.b0.setop.b0.setop.b0.setop.b0.setop.b0.setop.b0.setop.b0.setop.b0.setop.b0.setop.b0.setop.b1.read.index_grp1_cust_relacoef_since2019_retandorgcntr","dm_index_n.index_grp1_cust_relacoef_since2019_retandorgcntr","FULLY_CONFIRMED","175726","1","1","CONFIRMED",""
"206454","task:206454:statement:0:relation:root.casttable..setop.b0.setop.b0.setop.b0.setop.b0.setop.b0.setop.b0.setop.b0.setop.b0.setop.b0.setop.b0.setop.b0.setop.b0.setop.b0.setop.b0.setop.b0.setop.b0.setop.b0.setop.b0.setop.b0.setop.b0.setop.b0.setop.b0.setop.b0.setop.b1.read.index_grp_apdmval_vari_last20td_compr_one_year","dm_index_n.index_grp_apdmval_vari_last20td_compr_one_year","CANDIDATE_ONLY","122736","1","0","UNKNOWN","WRITER_PARTITION_UNKNOWN"
"206454","task:206454:statement:0:relation:root.casttable..setop.b0.setop.b0.setop.b0.setop.b0.setop.b0.setop.b0.setop.b0.setop.b0.setop.b0.setop.b0.setop.b0.setop.b0.setop.b0.setop.b0.setop.b0.setop.b0.setop.b0.setop.b0.setop.b0.setop.b0.setop.b0.setop.b0.setop.b1.read.index_grp1_fir_net_ast_reaching_thrh_date_from20231226","dm_index_n.index_grp1_fir_net_ast_reaching_thrh_date_from20231226","FULLY_CONFIRMED","141353","1","1","CONFIRMED",""
"206454","task:206454:statement:0:relation:root.casttable..setop.b0.setop.b0.setop.b0.setop.b0.setop.b0.setop.b0.setop.b0.setop.b0.setop.b0.setop.b0.setop.b0.setop.b0.setop.b0.setop.b0.setop.b0.setop.b0.setop.b0.setop.b0.setop.b0.setop.b0.setop.b0.setop.b1.read.index_grp1_astchgrate_retandorgcntr","dm_index_n.index_grp1_astchgrate_retandorgcntr","FULLY_CONFIRMED","141904","1","1","CONFIRMED",""
"206454","task:206454:statement:0:relation:root.casttable..setop.b0.setop.b0.setop.b0.setop.b0.setop.b0.setop.b0.setop.b0.setop.b0.setop.b0.setop.b0.setop.b0.setop.b0.setop.b0.setop.b0.setop.b0.setop.b0.setop.b0.setop.b0.setop.b0.setop.b0.setop.b1.read.index_grp1_apdtnramt_finprd_1year","dm_index_n.index_grp1_apdtnramt_finprd_1year","CANDIDATE_ONLY","177473","1","0","UNKNOWN","WRITER_PARTITION_UNKNOWN"
"206454","task:206454:statement:0:relation:root.casttable..setop.b0.setop.b0.setop.b0.setop.b0.setop.b0.setop.b0.setop.b0.setop.b0.setop.b0.setop.b0.setop.b0.setop.b0.setop.b0.setop.b0.setop.b0.setop.b0.setop.b0.setop.b0.setop.b0.setop.b1.read.index_grp1_premdlscor_ast_lvl","dm_index_n.index_grp1_premdlscor_ast_lvl","FULLY_CONFIRMED","131654","1","1","CONFIRMED",""
"206454","task:206454:statement:0:relation:root.casttable..setop.b0.setop.b0.setop.b0.setop.b0.setop.b0.setop.b0.setop.b0.setop.b0.setop.b0.setop.b0.setop.b0.setop.b0.setop.b0.setop.b0.setop.b0.setop.b0.setop.b0.setop.b0.setop.b1.read.index_grp1_ast_gt1w_trds_year","dm_index_n.index_grp1_ast_gt1w_trds_year","FULLY_CONFIRMED","193068","1","1","CONFIRMED",""
"206454","task:206454:statement:0:relation:root.casttable..setop.b0.setop.b0.setop.b0.setop.b0.setop.b0.setop.b0.setop.b0.setop.b0.setop.b0.setop.b0.setop.b0.setop.b0.setop.b0.setop.b0.setop.b0.setop.b0.setop.b0.setop.b1.read.index_grp_total_net_asset_fst_pos","dm_index_n.index_grp_total_net_asset_fst_pos","CANDIDATE_ONLY","92502","1","0","UNKNOWN","WRITER_PARTITION_UNKNOWN"
"206454","task:206454:statement:0:relation:root.casttable..setop.b0.setop.b0.setop.b0.setop.b0.setop.b0.setop.b0.setop.b0.setop.b0.setop.b0.setop.b0.setop.b0.setop.b0.setop.b0.setop.b0.setop.b0.setop.b1.read.index_grp1_last30d_net_ast_ge_asgn_amt_days","dm_index_n.index_grp1_last30d_net_ast_ge_asgn_amt_days","FULLY_CONFIRMED","160235","1","1","CONFIRMED",""
"206454","task:206454:statement:0:relation:root.casttable..setop.b0.setop.b0.setop.b0.setop.b0.setop.b0.setop.b0.setop.b0.setop.b0.setop.b0.setop.b0.setop.b0.setop.b0.setop.b1.read.index_grp_add_net_asset","dm_index_n.index_grp_add_net_asset","FULLY_CONFIRMED","103369","1","1","CONFIRMED",""
"206454","task:206454:statement:0:relation:root.casttable..setop.b0.setop.b0.setop.b0.setop.b0.setop.b0.setop.b0.setop.b0.setop.b0.setop.b0.setop.b0.setop.b1.read.index_grp1_yieldamt_year","dm_index_n.index_grp1_yieldamt_year","CANDIDATE_ONLY","180850","1","0","UNKNOWN","WRITER_PARTITION_UNKNOWN"
"206454","task:206454:statement:0:relation:root.casttable..setop.b0.setop.b0.setop.b0.setop.b0.setop.b0.setop.b0.setop.b0.setop.b1.read.index_cust_prdqty_trd_hld_pos_12mth","dm_index_n.index_cust_prdqty_trd_hld_pos_12mth","FULLY_CONFIRMED","176398","1","1","CONFIRMED",""
"206454","task:206454:statement:0:relation:root.casttable..setop.b0.setop.b0.setop.b0.setop.b0.setop.b0.setop.b0.setop.b1.read.index_grp1_netast_bond_tdy_inclcash","dm_index_n.index_grp1_netast_bond_tdy_inclcash","FULLY_CONFIRMED","145235","1","1","CONFIRMED",""
"206454","task:206454:statement:0:relation:root.casttable..setop.b0.setop.b0.setop.b0.setop.b0.setop.b1.read.index_grp_cust_astnetinamt_mth","dm_index_n.index_grp_cust_astnetinamt_mth","FULLY_CONFIRMED","119889","1","1","CONFIRMED",""
"206454","task:206454:statement:0:relation:root.casttable..setop.b0.setop.b0.setop.b0.setop.b1.read.index_grp1_nav_ostotsdscr_acctdiagclas_tdy_retandorgcntr","dm_index_n.index_grp1_nav_ostotsdscr_acctdiagclas_tdy_retandorgcntr","CANDIDATE_ONLY","180160","1","0","UNKNOWN","WRITER_PARTITION_UNKNOWN"
"206454","task:206454:statement:0:relation:root.casttable..setop.b0.setop.b0.setop.b1.read.index_grp_liab_highest_total_amount","dm_index_n.index_grp_liab_highest_total_amount","FULLY_CONFIRMED","98751","1","1","CONFIRMED",""
"206454","task:206454:statement:0:relation:root.casttable..setop.b0.setop.b1.read.index_grp1_fir_10days_apd_net_ast_ge_20w_date_lst545days","dm_index_n.index_grp1_fir_10days_apd_net_ast_ge_20w_date_lst545days","CANDIDATE_ONLY","139496","1","0","UNKNOWN","WRITER_PARTITION_UNKNOWN"
"206454","task:206454:statement:0:relation:root.casttable..setop.b1.read.grp1_year_apd_mkt_val_all","dm_index_n.grp1_year_apd_mkt_val_all","CANDIDATE_ONLY","128144","1","0","UNKNOWN","WRITER_PARTITION_UNKNOWN"
"206467","task:206467:statement:0:relation:root.casttable.tt.setop.b0.tt0.t1.read.a","dm_index_n.grp_tag_client_cust_typ","FULLY_CONFIRMED","98519","1","1","CONFIRMED",""
"206467","task:206467:statement:0:relation:root.casttable.tt.setop.b0.tt0.t3.read.grp_tag_client_cust_stat","dm_index_n.grp_tag_client_cust_stat","FULLY_CONFIRMED","95340","1","1","CONFIRMED",""
"206467","task:206467:statement:0:relation:root.casttable.tt.setop.b0.tt0.t4.read.index_grp1_endopenrighdate_inclhisopen","dm_index_n.index_grp1_endopenrighdate_inclhisopen","FULLY_CONFIRMED","193247","1","1","CONFIRMED",""
"206467","task:206467:statement:0:relation:root.casttable.tt.setop.b0.tt0.t6.a.read.grp_tag_client_risk_lvl","dm_index_n.grp_tag_client_risk_lvl","FULLY_CONFIRMED","98520","1","1","CONFIRMED",""
"206467","task:206467:statement:0:relation:root.casttable.tt.setop.b0.tt0.t7.a.read.grp_tag_client_inve_kind","dm_index_n.grp_tag_client_inve_kind","CANDIDATE_ONLY","96844","1","0","UNKNOWN","PARTITION_NON_LITERAL|WRITER_PARTITION_UNKNOWN"
"206467","task:206467:statement:0:relation:root.casttable.tt.setop.b0.tt0.t8.a.read.grp_tag_client_briefest_ivst_term","dm_index_n.grp_tag_client_briefest_ivst_term","CANDIDATE_ONLY","96843","1","0","UNKNOWN","PARTITION_NON_LITERAL|WRITER_PARTITION_UNKNOWN"
"206467","task:206467:statement:0:relation:root.casttable.tt.setop.b0.tt0.t9.read.index_grp_ytj_app_start_days_last_30d","dm_index_n.index_grp_ytj_app_start_days_last_30d","FULLY_CONFIRMED","98677","1","1","CONFIRMED",""
"206467","task:206467:statement:0:relation:root.casttable.tt.setop.b1.tt0.t1.read.a","dm_index_n.grp_tag_client_cust_typ","FULLY_CONFIRMED","98519","1","1","CONFIRMED",""
"206467","task:206467:statement:0:relation:root.casttable.tt.setop.b1.tt0.t3.read.grp_tag_client_cust_stat","dm_index_n.grp_tag_client_cust_stat","FULLY_CONFIRMED","95340","1","1","CONFIRMED",""
"206467","task:206467:statement:0:relation:root.casttable.tt.setop.b1.tt0.t4.read.grp_tag_client_is_elig_std_covt_bond","dm_index_n.grp_tag_client_is_elig_std_covt_bond","FULLY_CONFIRMED","119797","1","1","CONFIRMED",""
"206467","task:206467:statement:0:relation:root.casttable.tt.setop.b1.tt0.t5.read.grp_tag_client_is_open_covt_bond_righ","dm_index_n.grp_tag_client_is_open_covt_bond_righ","FULLY_CONFIRMED","99839","1","1","CONFIRMED",""
"206467","task:206467:statement:0:relation:root.casttable.tt.setop.b1.tt0.t6.a.read.grp_tag_client_risk_lvl","dm_index_n.grp_tag_client_risk_lvl","FULLY_CONFIRMED","98520","1","1","CONFIRMED",""
"206467","task:206467:statement:0:relation:root.casttable.tt.setop.b1.tt0.t7.a.read.grp_tag_client_inve_kind","dm_index_n.grp_tag_client_inve_kind","CANDIDATE_ONLY","96844","1","0","UNKNOWN","PARTITION_NON_LITERAL|WRITER_PARTITION_UNKNOWN"
"206467","task:206467:statement:0:relation:root.casttable.tt.setop.b1.tt0.t8.a.read.grp_tag_client_briefest_ivst_term","dm_index_n.grp_tag_client_briefest_ivst_term","CANDIDATE_ONLY","96843","1","0","UNKNOWN","PARTITION_NON_LITERAL|WRITER_PARTITION_UNKNOWN"
"206467","task:206467:statement:0:relation:root.casttable.tt.setop.b1.tt0.t9.read.index_grp_ytj_app_start_days_last_30d","dm_index_n.index_grp_ytj_app_start_days_last_30d","FULLY_CONFIRMED","98677","1","1","CONFIRMED",""
"206482","task:206482:statement:0:relation:root.casttable.cd.a.read.t98_our_cutp_grant_occp_det","spdata_n.t98_our_cutp_grant_occp_det","FULLY_CONFIRMED","216526","1","1","CONFIRMED",""
"206482","task:206482:statement:0:relation:root.casttable.cd.b.read.t99_risk_grant_type_rel_ref","spdata_n.t99_risk_grant_type_rel_ref","FULLY_CONFIRMED","218212","1","1","CONFIRMED",""
"206510","task:206510:statement:0:relation:root.casttable.tt0.t1.read.a","dm_index_n.grp_tag_client_cust_typ","FULLY_CONFIRMED","98519","1","1","CONFIRMED",""
"206510","task:206510:statement:0:relation:root.casttable.tt0.t3.read.grp_tag_client_cust_stat","dm_index_n.grp_tag_client_cust_stat","FULLY_CONFIRMED","95340","1","1","CONFIRMED",""
"206510","task:206510:statement:0:relation:root.casttable.tt0.t4.read.grp_tag_client_is_elig_std_covt_bond","dm_index_n.grp_tag_client_is_elig_std_covt_bond","FULLY_CONFIRMED","119797","1","1","CONFIRMED",""
"206510","task:206510:statement:0:relation:root.casttable.tt0.t5.read.grp_tag_client_is_open_covt_bond_righ","dm_index_n.grp_tag_client_is_open_covt_bond_righ","FULLY_CONFIRMED","99839","1","1","CONFIRMED",""
"206510","task:206510:statement:0:relation:root.casttable.tt0.t6.a.read.grp_tag_client_risk_lvl","dm_index_n.grp_tag_client_risk_lvl","FULLY_CONFIRMED","98520","1","1","CONFIRMED",""
"206510","task:206510:statement:0:relation:root.casttable.tt0.t7.a.read.grp_tag_client_inve_kind","dm_index_n.grp_tag_client_inve_kind","CANDIDATE_ONLY","96844","1","0","UNKNOWN","PARTITION_NON_LITERAL|WRITER_PARTITION_UNKNOWN"
"206510","task:206510:statement:0:relation:root.casttable.tt0.t8.a.read.grp_tag_client_briefest_ivst_term","dm_index_n.grp_tag_client_briefest_ivst_term","CANDIDATE_ONLY","96843","1","0","UNKNOWN","PARTITION_NON_LITERAL|WRITER_PARTITION_UNKNOWN"
"206510","task:206510:statement:0:relation:root.casttable.tt0.t9.read.index_grp_ytj_app_start_days_last_30d","dm_index_n.index_grp_ytj_app_start_days_last_30d","FULLY_CONFIRMED","98677","1","1","CONFIRMED",""
"206853","task:206853:statement:0:relation:root.a.read.t03_intel_cond_ord","pdata_n.t03_intel_cond_ord","FULLY_CONFIRMED","189432|189434|80256|80257|80258|93518","6","1","DISJOINT|CONFIRMED",""
"206877","task:206877:statement:0:relation:root.casttable.a.doten_table.b.setop.b0.read.t98_kzzcxhjy_bbmd_ecr","pdata_n.t98_kzzcxhjy_bbmd_ecr","FULLY_CONFIRMED","207142","1","1","CONFIRMED",""
"206877","task:206877:statement:0:relation:root.casttable.a.doten_table.b.setop.b1.read.t98_kzzcxhjy_bbmd_ecr","pdata_n.t98_kzzcxhjy_bbmd_ecr","FULLY_CONFIRMED","207142","1","1","CONFIRMED",""
"207030","task:207030:statement:0:relation:root.casttable.aaa.c.d.read.t01_pty_idty_info","spdata_n.t01_pty_idty_info","CANDIDATE_ONLY","100911|100919|225910|63130","4","0","UNKNOWN|DISJOINT","PARTITION_NON_LITERAL|WRITER_PARTITION_UNKNOWN"
"207070","task:207070:statement:0:relation:root.casttable.t1.a.setop.b0.setop.b0.setop.b0.setop.b0.setop.b0.setop.b0.setop.b0.setop.b0.setop.b0.setop.b0.setop.b0.setop.b0.setop.b0.setop.b0.setop.b0.setop.b0.setop.b0.setop.b0.setop.b0.setop.b0.setop.b0.setop.b0.setop.b0.setop.b0.setop.b0.setop.b0.setop.b0.setop.b0.setop.b0.setop.b0.setop.b0.setop.b0.setop.b0.setop.b0.setop.b0.setop.b0.setop.b0.setop.b0.setop.b0.setop.b0.setop.b0.setop.b0.setop.b0.setop.b0.setop.b0.setop.b0.setop.b0.setop.b0.setop.b0.setop.b0.setop.b0.setop.b0.setop.b0.setop.b0.setop.b1.read.index_grp1_org_propincrsval_fullcali_oactrela_mth_ricc","dm_index_n.index_grp1_org_propincrsval_fullcali_oactrela_mth_ricc","FULLY_CONFIRMED","202073","1","1","CONFIRMED",""
"207070","task:207070:statement:0:relation:root.casttable.t1.a.setop.b0.setop.b0.setop.b0.setop.b0.setop.b0.setop.b0.setop.b0.setop.b0.setop.b0.setop.b0.setop.b0.setop.b0.setop.b0.setop.b0.setop.b0.setop.b0.setop.b0.setop.b0.setop.b0.setop.b0.setop.b0.setop.b0.setop.b0.setop.b0.setop.b0.setop.b0.setop.b0.setop.b0.setop.b0.setop.b0.setop.b0.setop.b0.setop.b0.setop.b0.setop.b0.setop.b0.setop.b0.setop.b0.setop.b0.setop.b0.setop.b0.setop.b0.setop.b0.setop.b0.setop.b0.setop.b0.setop.b0.setop.b0.setop.b0.setop.b0.setop.b0.setop.b0.setop.b0.setop.b1.read.index_grp1_org_propincrsrate_fullcali_oactrela_mth_ricc","dm_index_n.index_grp1_org_propincrsrate_fullcali_oactrela_mth_ricc","FULLY_CONFIRMED","202353","1","1","CONFIRMED",""
"207070","task:207070:statement:0:relation:root.casttable.t1.a.setop.b0.setop.b0.setop.b0.setop.b0.setop.b0.setop.b0.setop.b0.setop.b0.setop.b0.setop.b0.setop.b0.setop.b0.setop.b0.setop.b0.setop.b0.setop.b0.setop.b0.setop.b0.setop.b0.setop.b0.setop.b0.setop.b0.setop.b0.setop.b0.setop.b0.setop.b0.setop.b0.setop.b0.setop.b0.setop.b0.setop.b0.setop.b0.setop.b0.setop.b0.setop.b0.setop.b0.setop.b0.setop.b0.setop.b0.setop.b0.setop.b0.setop.b0.setop.b0.setop.b0.setop.b0.setop.b0.setop.b0.setop.b0.setop.b0.setop.b0.setop.b0.setop.b1.read.index_grp1_org_aumnetast_muyield_oactrela_mth_all","dm_index_n.index_grp1_org_aumnetast_muyield_oactrela_mth_all","FULLY_CONFIRMED","202294","1","1","CONFIRMED",""
"207070","task:207070:statement:0:relation:root.casttable.t1.a.setop.b0.setop.b0.setop.b0.setop.b0.setop.b0.setop.b0.setop.b0.setop.b0.setop.b0.setop.b0.setop.b0.setop.b0.setop.b0.setop.b0.setop.b0.setop.b0.setop.b0.setop.b0.setop.b0.setop.b0.setop.b0.setop.b0.setop.b0.setop.b0.setop.b0.setop.b0.setop.b0.setop.b0.setop.b0.setop.b0.setop.b0.setop.b0.setop.b0.setop.b0.setop.b0.setop.b0.setop.b0.setop.b0.setop.b0.setop.b0.setop.b0.setop.b0.setop.b0.setop.b0.setop.b0.setop.b0.setop.b0.setop.b0.setop.b0.setop.b0.setop.b1.read.index_grp1_org_custaum_navsupernetrate_oactrela_mth_all","dm_index_n.index_grp1_org_custaum_navsupernetrate_oactrela_mth_all","FULLY_CONFIRMED","202307","1","1","CONFIRMED",""
"207070","task:207070:statement:0:relation:root.casttable.t1.a.setop.b0.setop.b0.setop.b0.setop.b0.setop.b0.setop.b0.setop.b0.setop.b0.setop.b0.setop.b0.setop.b0.setop.b0.setop.b0.setop.b0.setop.b0.setop.b0.setop.b0.setop.b0.setop.b0.setop.b0.setop.b0.setop.b0.setop.b0.setop.b0.setop.b0.setop.b0.setop.b0.setop.b0.setop.b0.setop.b0.setop.b0.setop.b0.setop.b0.setop.b0.setop.b0.setop.b0.setop.b0.setop.b0.setop.b0.setop.b0.setop.b0.setop.b0.setop.b0.setop.b0.setop.b0.setop.b0.setop.b0.setop.b0.setop.b0.setop.b1.read.index_grp1_org_empaum_navsupernetrate_mth_all","dm_index_n.index_grp1_org_empaum_navsupernetrate_mth_all","FULLY_CONFIRMED","202681","1","1","CONFIRMED",""
"207070","task:207070:statement:0:relation:root.casttable.t1.a.setop.b0.setop.b0.setop.b0.setop.b0.setop.b0.setop.b0.setop.b0.setop.b0.setop.b0.setop.b0.setop.b0.setop.b0.setop.b0.setop.b0.setop.b0.setop.b0.setop.b0.setop.b0.setop.b0.setop.b0.setop.b0.setop.b0.setop.b0.setop.b0.setop.b0.setop.b0.setop.b0.setop.b0.setop.b0.setop.b0.setop.b0.setop.b0.setop.b0.setop.b0.setop.b0.setop.b0.setop.b0.setop.b0.setop.b0.setop.b0.setop.b0.setop.b0.setop.b0.setop.b0.setop.b0.setop.b0.setop.b0.setop.b1.read.index_grp1_servcovrg_impcust_astpkgrela_year","dm_index_n.index_grp1_servcovrg_impcust_astpkgrela_year","FULLY_CONFIRMED","202516","1","1","CONFIRMED",""
"207070","task:207070:statement:0:relation:root.casttable.t1.a.setop.b0.setop.b0.setop.b0.setop.b0.setop.b0.setop.b0.setop.b0.setop.b0.setop.b0.setop.b0.setop.b0.setop.b0.setop.b0.setop.b0.setop.b0.setop.b0.setop.b0.setop.b0.setop.b0.setop.b0.setop.b0.setop.b0.setop.b0.setop.b0.setop.b0.setop.b0.setop.b0.setop.b0.setop.b0.setop.b0.setop.b0.setop.b0.setop.b0.setop.b0.setop.b0.setop.b0.setop.b0.setop.b0.setop.b0.setop.b0.setop.b0.setop.b0.setop.b0.setop.b0.setop.b0.setop.b0.setop.b1.read.index_grp1_losrate_richhnwcust_year","dm_index_n.index_grp1_losrate_richhnwcust_year","FULLY_CONFIRMED","202836","1","1","CONFIRMED",""
"207070","task:207070:statement:0:relation:root.casttable.t1.a.setop.b0.setop.b0.setop.b0.setop.b0.setop.b0.setop.b0.setop.b0.setop.b0.setop.b0.setop.b0.setop.b0.setop.b0.setop.b0.setop.b0.setop.b0.setop.b0.setop.b0.setop.b0.setop.b0.setop.b0.setop.b0.setop.b0.setop.b0.setop.b0.setop.b0.setop.b0.setop.b0.setop.b0.setop.b0.setop.b0.setop.b0.setop.b0.setop.b0.setop.b0.setop.b0.setop.b0.setop.b0.setop.b0.setop.b0.setop.b0.setop.b0.setop.b0.setop.b0.setop.b0.setop.b0.setop.b1.read.index_grp1_org_newsign_custcount_ianws_mth_ricc","dm_index_n.index_grp1_org_newsign_custcount_ianws_mth_ricc","FULLY_CONFIRMED","202401","1","1","CONFIRMED",""
"207070","task:207070:statement:0:relation:root.casttable.t1.a.setop.b0.setop.b0.setop.b0.setop.b0.setop.b0.setop.b0.setop.b0.setop.b0.setop.b0.setop.b0.setop.b0.setop.b0.setop.b0.setop.b0.setop.b0.setop.b0.setop.b0.setop.b0.setop.b0.setop.b0.setop.b0.setop.b0.setop.b0.setop.b0.setop.b0.setop.b0.setop.b0.setop.b0.setop.b0.setop.b0.setop.b0.setop.b0.setop.b0.setop.b0.setop.b0.setop.b0.setop.b0.setop.b0.setop.b0.setop.b0.setop.b0.setop.b0.setop.b0.setop.b0.setop.b1.read.index_grp1_covrg_fullprdtnrcust_oactrela_accumtomth_ricc","dm_index_n.index_grp1_covrg_fullprdtnrcust_oactrela_accumtomth_ricc","FULLY_CONFIRMED","202402","1","1","CONFIRMED",""
"207070","task:207070:statement:0:relation:root.casttable.t1.a.setop.b0.setop.b0.setop.b0.setop.b0.setop.b0.setop.b0.setop.b0.setop.b0.setop.b0.setop.b0.setop.b0.setop.b0.setop.b0.setop.b0.setop.b0.setop.b0.setop.b0.setop.b0.setop.b0.setop.b0.setop.b0.setop.b0.setop.b0.setop.b0.setop.b0.setop.b0.setop.b0.setop.b0.setop.b0.setop.b0.setop.b0.setop.b0.setop.b0.setop.b0.setop.b0.setop.b0.setop.b0.setop.b0.setop.b0.setop.b0.setop.b0.setop.b0.setop.b0.setop.b1.read.index_grp1_org_addcust_optbusi_oactrela_mth_ricc","dm_index_n.index_grp1_org_addcust_optbusi_oactrela_mth_ricc","FULLY_CONFIRMED","202538","1","1","CONFIRMED",""
"207070","task:207070:statement:0:relation:root.casttable.t1.a.setop.b0.setop.b0.setop.b0.setop.b0.setop.b0.setop.b0.setop.b0.setop.b0.setop.b0.setop.b0.setop.b0.setop.b0.setop.b0.setop.b0.setop.b0.setop.b0.setop.b0.setop.b0.setop.b0.setop.b0.setop.b0.setop.b0.setop.b0.setop.b0.setop.b0.setop.b0.setop.b0.setop.b0.setop.b0.setop.b0.setop.b0.setop.b0.setop.b0.setop.b0.setop.b0.setop.b0.setop.b0.setop.b0.setop.b0.setop.b0.setop.b0.setop.b0.setop.b1.read.index_grp1_org_addcust_buyria_oactrela_mth_ricc","dm_index_n.index_grp1_org_addcust_buyria_oactrela_mth_ricc","FULLY_CONFIRMED","202541","1","1","CONFIRMED",""
"207070","task:207070:statement:0:relation:root.casttable.t1.a.setop.b0.setop.b0.setop.b0.setop.b0.setop.b0.setop.b0.setop.b0.setop.b0.setop.b0.setop.b0.setop.b0.setop.b0.setop.b0.setop.b0.setop.b0.setop.b0.setop.b0.setop.b0.setop.b0.setop.b0.setop.b0.setop.b0.setop.b0.setop.b0.setop.b0.setop.b0.setop.b0.setop.b0.setop.b0.setop.b0.setop.b0.setop.b0.setop.b0.setop.b0.setop.b0.setop.b0.setop.b0.setop.b0.setop.b0.setop.b0.setop.b0.setop.b1.read.index_grp1_org_perrate_margcust_oactrela_mth_ricc","dm_index_n.index_grp1_org_perrate_margcust_oactrela_mth_ricc","FULLY_CONFIRMED","202693","1","1","CONFIRMED",""
"207070","task:207070:statement:0:relation:root.casttable.t1.a.setop.b0.setop.b0.setop.b0.setop.b0.setop.b0.setop.b0.setop.b0.setop.b0.setop.b0.setop.b0.setop.b0.setop.b0.setop.b0.setop.b0.setop.b0.setop.b0.setop.b0.setop.b0.setop.b0.setop.b0.setop.b0.setop.b0.setop.b0.setop.b0.setop.b0.setop.b0.setop.b0.setop.b0.setop.b0.setop.b0.setop.b0.setop.b0.setop.b0.setop.b0.setop.b0.setop.b0.setop.b0.setop.b0.setop.b0.setop.b0.setop.b1.read.index_grp1_org_newmvalprop_oactrela_mth_ricc","dm_index_n.index_grp1_org_newmvalprop_oactrela_mth_ricc","FULLY_CONFIRMED","202691","1","1","CONFIRMED",""
"207070","task:207070:statement:0:relation:root.casttable.t1.a.setop.b0.setop.b0.setop.b0.setop.b0.setop.b0.setop.b0.setop.b0.setop.b0.setop.b0.setop.b0.setop.b0.setop.b0.setop.b0.setop.b0.setop.b0.setop.b0.setop.b0.setop.b0.setop.b0.setop.b0.setop.b0.setop.b0.setop.b0.setop.b0.setop.b0.setop.b0.setop.b0.setop.b0.setop.b0.setop.b1.read.index_grp1_org_propincrsval_fullcali_oactrela_mth_ricc","dm_index_n.index_grp1_org_propincrsval_fullcali_oactrela_mth_ricc","FULLY_CONFIRMED","202073","1","1","CONFIRMED",""
"207070","task:207070:statement:0:relation:root.casttable.t1.a.setop.b0.setop.b0.setop.b0.setop.b0.setop.b0.setop.b0.setop.b0.setop.b0.setop.b0.setop.b0.setop.b0.setop.b0.setop.b0.setop.b0.setop.b0.setop.b0.setop.b0.setop.b0.setop.b0.setop.b0.setop.b0.setop.b0.setop.b0.setop.b0.setop.b0.setop.b0.setop.b0.setop.b0.setop.b1.read.index_grp1_org_propincrsval_fullcali_oactrela_mth_ricc","dm_index_n.index_grp1_org_propincrsval_fullcali_oactrela_mth_ricc","FULLY_CONFIRMED","202073","1","1","CONFIRMED",""
"207070","task:207070:statement:0:relation:root.casttable.t1.a.setop.b0.setop.b0.setop.b0.setop.b0.setop.b0.setop.b0.setop.b0.setop.b0.setop.b0.setop.b0.setop.b0.setop.b0.setop.b0.setop.b0.setop.b0.setop.b0.setop.b0.setop.b0.setop.b0.setop.b0.setop.b0.setop.b0.setop.b0.setop.b0.setop.b0.setop.b1.read.index_grp1_org_aumnetast_muyield_oactrela_mth_all","dm_index_n.index_grp1_org_aumnetast_muyield_oactrela_mth_all","FULLY_CONFIRMED","202294","1","1","CONFIRMED",""
"207070","task:207070:statement:0:relation:root.casttable.t1.a.setop.b0.setop.b0.setop.b0.setop.b0.setop.b0.setop.b0.setop.b0.setop.b0.setop.b0.setop.b0.setop.b0.setop.b0.setop.b0.setop.b0.setop.b0.setop.b0.setop.b0.setop.b0.setop.b0.setop.b0.setop.b0.setop.b0.setop.b0.setop.b0.setop.b1.read.index_grp1_org_aumnetast_muyield_oactrela_mth_all","dm_index_n.index_grp1_org_aumnetast_muyield_oactrela_mth_all","FULLY_CONFIRMED","202294","1","1","CONFIRMED",""
"207070","task:207070:statement:0:relation:root.casttable.t1.a.setop.b0.setop.b0.setop.b0.setop.b0.setop.b0.setop.b0.setop.b0.setop.b0.setop.b0.setop.b0.setop.b0.setop.b0.setop.b0.setop.b0.setop.b0.setop.b0.setop.b0.setop.b0.setop.b0.setop.b0.setop.b0.setop.b0.setop.b0.setop.b1.read.index_grp1_org_custaum_navsupernetrate_oactrela_mth_all","dm_index_n.index_grp1_org_custaum_navsupernetrate_oactrela_mth_all","FULLY_CONFIRMED","202307","1","1","CONFIRMED",""
"207070","task:207070:statement:0:relation:root.casttable.t1.a.setop.b0.setop.b0.setop.b0.setop.b0.setop.b0.setop.b0.setop.b0.setop.b0.setop.b0.setop.b0.setop.b0.setop.b0.setop.b0.setop.b0.setop.b0.setop.b0.setop.b0.setop.b0.setop.b0.setop.b0.setop.b0.setop.b0.setop.b1.read.index_grp1_org_custaum_navsupernetrate_oactrela_mth_all","dm_index_n.index_grp1_org_custaum_navsupernetrate_oactrela_mth_all","FULLY_CONFIRMED","202307","1","1","CONFIRMED",""
"207070","task:207070:statement:0:relation:root.casttable.t1.a.setop.b0.setop.b0.setop.b0.setop.b0.setop.b0.setop.b0.setop.b0.setop.b0.setop.b0.setop.b0.setop.b0.setop.b0.setop.b0.setop.b0.setop.b0.setop.b0.setop.b0.setop.b0.setop.b0.setop.b0.setop.b0.setop.b1.read.index_grp1_org_empaum_navsupernetrate_mth_all","dm_index_n.index_grp1_org_empaum_navsupernetrate_mth_all","FULLY_CONFIRMED","202681","1","1","CONFIRMED",""
"207070","task:207070:statement:0:relation:root.casttable.t1.a.setop.b0.setop.b0.setop.b0.setop.b0.setop.b0.setop.b0.setop.b0.setop.b0.setop.b0.setop.b0.setop.b0.setop.b0.setop.b0.setop.b0.setop.b0.setop.b0.setop.b0.setop.b0.setop.b0.setop.b0.setop.b1.read.index_grp1_org_empaum_navsupernetrate_mth_all","dm_index_n.index_grp1_org_empaum_navsupernetrate_mth_all","FULLY_CONFIRMED","202681","1","1","CONFIRMED",""
"207070","task:207070:statement:0:relation:root.casttable.t1.a.setop.b0.setop.b0.setop.b0.setop.b0.setop.b0.setop.b0.setop.b0.setop.b0.setop.b0.setop.b0.setop.b0.setop.b0.setop.b0.setop.b0.setop.b0.setop.b0.setop.b0.setop.b1.read.index_grp1_losrate_richhnwcust_year","dm_index_n.index_grp1_losrate_richhnwcust_year","FULLY_CONFIRMED","202836","1","1","CONFIRMED",""
"207070","task:207070:statement:0:relation:root.casttable.t1.a.setop.b0.setop.b0.setop.b0.setop.b0.setop.b0.setop.b0.setop.b0.setop.b0.setop.b0.setop.b0.setop.b0.setop.b0.setop.b0.setop.b0.setop.b0.setop.b0.setop.b1.read.index_grp1_losrate_richhnwcust_year","dm_index_n.index_grp1_losrate_richhnwcust_year","FULLY_CONFIRMED","202836","1","1","CONFIRMED",""
"207070","task:207070:statement:0:relation:root.casttable.t1.a.setop.b0.setop.b0.setop.b0.setop.b0.setop.b0.setop.b0.setop.b0.setop.b0.setop.b0.setop.b0.setop.b0.setop.b0.setop.b0.setop.b0.setop.b0.setop.b1.read.index_grp1_org_newsign_custcount_ianws_mth_ricc","dm_index_n.index_grp1_org_newsign_custcount_ianws_mth_ricc","CANDIDATE_ONLY","202401","1","0","UNKNOWN","PARTITION_NON_LITERAL|WRITER_PARTITION_UNKNOWN"
"207070","task:207070:statement:0:relation:root.casttable.t1.a.setop.b0.setop.b0.setop.b0.setop.b0.setop.b0.setop.b0.setop.b0.setop.b0.setop.b0.setop.b0.setop.b0.setop.b0.setop.b0.setop.b0.setop.b1.read.index_grp1_org_newsign_custcount_ianws_mth_ricc","dm_index_n.index_grp1_org_newsign_custcount_ianws_mth_ricc","CANDIDATE_ONLY","202401","1","0","UNKNOWN","PARTITION_NON_LITERAL|WRITER_PARTITION_UNKNOWN"
"207070","task:207070:statement:0:relation:root.casttable.t1.a.setop.b0.setop.b0.setop.b0.setop.b0.setop.b0.setop.b0.setop.b0.setop.b0.setop.b0.setop.b0.setop.b0.setop.b0.setop.b0.setop.b1.read.index_grp1_covrg_fullprdtnrcust_oactrela_accumtomth_ricc","dm_index_n.index_grp1_covrg_fullprdtnrcust_oactrela_accumtomth_ricc","FULLY_CONFIRMED","202402","1","1","CONFIRMED",""
"207070","task:207070:statement:0:relation:root.casttable.t1.a.setop.b0.setop.b0.setop.b0.setop.b0.setop.b0.setop.b0.setop.b0.setop.b0.setop.b0.setop.b0.setop.b0.setop.b0.setop.b1.read.index_grp1_covrg_fullprdtnrcust_oactrela_accumtomth_ricc","dm_index_n.index_grp1_covrg_fullprdtnrcust_oactrela_accumtomth_ricc","FULLY_CONFIRMED","202402","1","1","CONFIRMED",""
"207070","task:207070:statement:0:relation:root.casttable.t1.a.setop.b0.setop.b0.setop.b0.setop.b0.setop.b0.setop.b0.setop.b0.setop.b0.setop.b0.setop.b0.setop.b0.setop.b1.read.index_grp1_org_addcust_optbusi_oactrela_mth_ricc","dm_index_n.index_grp1_org_addcust_optbusi_oactrela_mth_ricc","CANDIDATE_ONLY","202538","1","0","UNKNOWN","PARTITION_NON_LITERAL|WRITER_PARTITION_UNKNOWN"
"207070","task:207070:statement:0:relation:root.casttable.t1.a.setop.b0.setop.b0.setop.b0.setop.b0.setop.b0.setop.b0.setop.b0.setop.b0.setop.b0.setop.b0.setop.b1.read.index_grp1_org_addcust_optbusi_oactrela_mth_ricc","dm_index_n.index_grp1_org_addcust_optbusi_oactrela_mth_ricc","CANDIDATE_ONLY","202538","1","0","UNKNOWN","PARTITION_NON_LITERAL|WRITER_PARTITION_UNKNOWN"
"207070","task:207070:statement:0:relation:root.casttable.t1.a.setop.b0.setop.b0.setop.b0.setop.b0.setop.b0.setop.b0.setop.b0.setop.b0.setop.b0.setop.b1.read.index_grp1_org_addcust_buyria_oactrela_mth_ricc","dm_index_n.index_grp1_org_addcust_buyria_oactrela_mth_ricc","CANDIDATE_ONLY","202541","1","0","UNKNOWN","PARTITION_NON_LITERAL|WRITER_PARTITION_UNKNOWN"
"207070","task:207070:statement:0:relation:root.casttable.t1.a.setop.b0.setop.b0.setop.b0.setop.b0.setop.b0.setop.b0.setop.b0.setop.b0.setop.b1.read.index_grp1_org_addcust_buyria_oactrela_mth_ricc","dm_index_n.index_grp1_org_addcust_buyria_oactrela_mth_ricc","CANDIDATE_ONLY","202541","1","0","UNKNOWN","PARTITION_NON_LITERAL|WRITER_PARTITION_UNKNOWN"
"207070","task:207070:statement:0:relation:root.casttable.t1.a.setop.b0.setop.b0.setop.b0.setop.b0.setop.b0.setop.b0.setop.b0.setop.b1.read.index_grp1_org_perrate_margcust_oactrela_mth_ricc","dm_index_n.index_grp1_org_perrate_margcust_oactrela_mth_ricc","FULLY_CONFIRMED","202693","1","1","CONFIRMED",""
"207070","task:207070:statement:0:relation:root.casttable.t1.a.setop.b0.setop.b0.setop.b0.setop.b0.setop.b0.setop.b0.setop.b1.read.index_grp1_org_perrate_margcust_oactrela_mth_ricc","dm_index_n.index_grp1_org_perrate_margcust_oactrela_mth_ricc","FULLY_CONFIRMED","202693","1","1","CONFIRMED",""
"207070","task:207070:statement:0:relation:root.casttable.t1.a.setop.b0.setop.b0.setop.b0.setop.b0.setop.b0.setop.b1.read.index_grp1_org_newmvalprop_oactrela_mth_ricc","dm_index_n.index_grp1_org_newmvalprop_oactrela_mth_ricc","FULLY_CONFIRMED","202691","1","1","CONFIRMED",""
"207070","task:207070:statement:0:relation:root.casttable.t1.a.setop.b0.setop.b0.setop.b0.setop.b0.setop.b1.read.index_grp1_org_newmvalprop_oactrela_mth_ricc","dm_index_n.index_grp1_org_newmvalprop_oactrela_mth_ricc","FULLY_CONFIRMED","202691","1","1","CONFIRMED",""
"207070","task:207070:statement:0:relation:root.casttable.t1.a.setop.b0.setop.b0.setop.b0.setop.b1.read.index_grp1_org_propincrsrate_fullcali_oactrela_mth_ricc","dm_index_n.index_grp1_org_propincrsrate_fullcali_oactrela_mth_ricc","FULLY_CONFIRMED","202353","1","1","CONFIRMED",""
"207070","task:207070:statement:0:relation:root.casttable.t1.a.setop.b0.setop.b0.setop.b1.read.index_grp1_org_propincrsrate_fullcali_oactrela_mth_ricc","dm_index_n.index_grp1_org_propincrsrate_fullcali_oactrela_mth_ricc","FULLY_CONFIRMED","202353","1","1","CONFIRMED",""
"207070","task:207070:statement:0:relation:root.casttable.t1.a.setop.b0.setop.b1.read.index_grp1_servcovrg_impcust_astpkgrela_year","dm_index_n.index_grp1_servcovrg_impcust_astpkgrela_year","FULLY_CONFIRMED","202516","1","1","CONFIRMED",""
"207070","task:207070:statement:0:relation:root.casttable.t1.a.setop.b1.read.index_grp1_servcovrg_impcust_astpkgrela_year","dm_index_n.index_grp1_servcovrg_impcust_astpkgrela_year","FULLY_CONFIRMED","202516","1","1","CONFIRMED",""
"207271","task:207271:statement:0:relation:root.casttable.t1.a.setop.b0.setop.b0.setop.b0.setop.b0.setop.b0.setop.b0.setop.b0.setop.b0.setop.b0.setop.b0.setop.b0.setop.b0.setop.b0.setop.b0.setop.b0.setop.b0.setop.b0.setop.b0.setop.b0.setop.b0.setop.b0.setop.b0.setop.b0.setop.b0.setop.b0.setop.b0.setop.b0.setop.b0.setop.b0.setop.b0.setop.b0.setop.b0.setop.b0.setop.b0.setop.b0.setop.b0.setop.b0.setop.b0.setop.b0.setop.b0.setop.b0.setop.b0.setop.b0.setop.b0.setop.b0.setop.b0.setop.b0.setop.b0.setop.b0.setop.b0.setop.b0.setop.b0.setop.b0.setop.b0.setop.b0.setop.b0.setop.b0.setop.b0.setop.b0.read.index_grp1_emp_custaum_navsupernetrate_astpkgrela_mth_all","dm_index_n.index_grp1_emp_custaum_navsupernetrate_astpkgrela_mth_all","FULLY_CONFIRMED","202673","1","1","CONFIRMED",""
"207271","task:207271:statement:0:relation:root.casttable.t1.a.setop.b0.setop.b0.setop.b0.setop.b0.setop.b0.setop.b0.setop.b0.setop.b0.setop.b0.setop.b0.setop.b0.setop.b0.setop.b0.setop.b0.setop.b0.setop.b0.setop.b0.setop.b0.setop.b0.setop.b0.setop.b0.setop.b0.setop.b0.setop.b0.setop.b0.setop.b0.setop.b0.setop.b0.setop.b0.setop.b0.setop.b0.setop.b0.setop.b0.setop.b0.setop.b0.setop.b0.setop.b0.setop.b0.setop.b0.setop.b0.setop.b0.setop.b0.setop.b0.setop.b0.setop.b0.setop.b0.setop.b0.setop.b0.setop.b0.setop.b0.setop.b0.setop.b0.setop.b0.setop.b0.setop.b0.setop.b0.setop.b0.setop.b0.setop.b1.read.index_grp1_emp_nav_aum_tdy_all","dm_index_n.index_grp1_emp_nav_aum_tdy_all","FULLY_CONFIRMED","194864","1","1","CONFIRMED",""
"207271","task:207271:statement:0:relation:root.casttable.t1.a.setop.b0.setop.b0.setop.b0.setop.b0.setop.b0.setop.b0.setop.b0.setop.b0.setop.b0.setop.b0.setop.b0.setop.b0.setop.b0.setop.b0.setop.b0.setop.b0.setop.b0.setop.b0.setop.b0.setop.b0.setop.b0.setop.b0.setop.b0.setop.b0.setop.b0.setop.b0.setop.b0.setop.b0.setop.b0.setop.b0.setop.b0.setop.b0.setop.b0.setop.b0.setop.b0.setop.b0.setop.b0.setop.b0.setop.b0.setop.b0.setop.b0.setop.b0.setop.b0.setop.b0.setop.b0.setop.b0.setop.b0.setop.b0.setop.b0.setop.b0.setop.b0.setop.b0.setop.b0.setop.b0.setop.b0.setop.b0.setop.b0.setop.b1.read.index_grp1_authcust_servordevrela_endtdy","dm_index_n.index_grp1_authcust_servordevrela_endtdy","FULLY_CONFIRMED","190237","1","1","CONFIRMED",""
"207271","task:207271:statement:0:relation:root.casttable.t1.a.setop.b0.setop.b0.setop.b0.setop.b0.setop.b0.setop.b0.setop.b0.setop.b0.setop.b0.setop.b0.setop.b0.setop.b0.setop.b0.setop.b0.setop.b0.setop.b0.setop.b0.setop.b0.setop.b0.setop.b0.setop.b0.setop.b0.setop.b0.setop.b0.setop.b0.setop.b0.setop.b0.setop.b0.setop.b0.setop.b0.setop.b0.setop.b0.setop.b0.setop.b0.setop.b0.setop.b0.setop.b0.setop.b0.setop.b0.setop.b0.setop.b0.setop.b0.setop.b0.setop.b0.setop.b0.setop.b0.setop.b0.setop.b0.setop.b0.setop.b0.setop.b0.setop.b0.setop.b0.setop.b0.setop.b0.setop.b0.setop.b1.read.index_grp1_servcovrg_impcust_astpkgrela_year","dm_index_n.index_grp1_servcovrg_impcust_astpkgrela_year","FULLY_CONFIRMED","202516","1","1","CONFIRMED",""
"207271","task:207271:statement:0:relation:root.casttable.t1.a.setop.b0.setop.b0.setop.b0.setop.b0.setop.b0.setop.b0.setop.b0.setop.b0.setop.b0.setop.b0.setop.b0.setop.b0.setop.b0.setop.b0.setop.b0.setop.b0.setop.b0.setop.b0.setop.b0.setop.b0.setop.b0.setop.b0.setop.b0.setop.b0.setop.b0.setop.b0.setop.b0.setop.b0.setop.b0.setop.b0.setop.b0.setop.b0.setop.b0.setop.b0.setop.b0.setop.b0.setop.b0.setop.b0.setop.b0.setop.b0.setop.b0.setop.b0.setop.b0.setop.b0.setop.b0.setop.b0.setop.b0.setop.b0.setop.b0.setop.b0.setop.b0.setop.b0.setop.b0.setop.b0.setop.b0.setop.b1.read.index_grp1_custlosrate_richhnwcust_astpkgrela_qtr","dm_index_n.index_grp1_custlosrate_richhnwcust_astpkgrela_qtr","FULLY_CONFIRMED","203115","1","1","CONFIRMED",""
"207271","task:207271:statement:0:relation:root.casttable.t1.a.setop.b0.setop.b0.setop.b0.setop.b0.setop.b0.setop.b0.setop.b0.setop.b0.setop.b0.setop.b0.setop.b0.setop.b0.setop.b0.setop.b0.setop.b0.setop.b0.setop.b0.setop.b0.setop.b0.setop.b0.setop.b0.setop.b0.setop.b0.setop.b0.setop.b0.setop.b0.setop.b0.setop.b0.setop.b0.setop.b0.setop.b0.setop.b0.setop.b0.setop.b0.setop.b0.setop.b0.setop.b0.setop.b0.setop.b0.setop.b0.setop.b0.setop.b0.setop.b0.setop.b0.setop.b0.setop.b0.setop.b0.setop.b0.setop.b0.setop.b0.setop.b0.setop.b0.setop.b0.setop.b0.setop.b1.read.index_grp1_emp_newsign_custcount_ianws_mth_ricc","dm_index_n.index_grp1_emp_newsign_custcount_ianws_mth_ricc","FULLY_CONFIRMED","202400","1","1","CONFIRMED",""
"207271","task:207271:statement:0:relation:root.casttable.t1.a.setop.b0.setop.b0.setop.b0.setop.b0.setop.b0.setop.b0.setop.b0.setop.b0.setop.b0.setop.b0.setop.b0.setop.b0.setop.b0.setop.b0.setop.b0.setop.b0.setop.b0.setop.b0.setop.b0.setop.b0.setop.b0.setop.b0.setop.b0.setop.b0.setop.b0.setop.b0.setop.b0.setop.b0.setop.b0.setop.b0.setop.b0.setop.b0.setop.b0.setop.b0.setop.b0.setop.b0.setop.b0.setop.b0.setop.b0.setop.b0.setop.b0.setop.b0.setop.b0.setop.b0.setop.b0.setop.b0.setop.b0.setop.b0.setop.b0.setop.b0.setop.b0.setop.b0.setop.b0.setop.b1.read.index_grp1_emp_covrg_fullprdtnrcust_astpkgrela_accumtomth_ricc","dm_index_n.index_grp1_emp_covrg_fullprdtnrcust_astpkgrela_accumtomth_ricc","FULLY_CONFIRMED","202403","1","1","CONFIRMED",""
"207271","task:207271:statement:0:relation:root.casttable.t1.a.setop.b0.setop.b0.setop.b0.setop.b0.setop.b0.setop.b0.setop.b0.setop.b0.setop.b0.setop.b0.setop.b0.setop.b0.setop.b0.setop.b0.setop.b0.setop.b0.setop.b0.setop.b0.setop.b0.setop.b0.setop.b0.setop.b0.setop.b0.setop.b0.setop.b0.setop.b0.setop.b0.setop.b0.setop.b0.setop.b0.setop.b0.setop.b0.setop.b0.setop.b0.setop.b0.setop.b0.setop.b0.setop.b0.setop.b0.setop.b0.setop.b0.setop.b0.setop.b0.setop.b0.setop.b0.setop.b0.setop.b0.setop.b0.setop.b0.setop.b0.setop.b0.setop.b0.setop.b1.read.index_grp1_emp_addcust_optbusi_optdevrela_mth_ricc","dm_index_n.index_grp1_emp_addcust_optbusi_optdevrela_mth_ricc","FULLY_CONFIRMED","202539","1","1","CONFIRMED",""
"207271","task:207271:statement:0:relation:root.casttable.t1.a.setop.b0.setop.b0.setop.b0.setop.b0.setop.b0.setop.b0.setop.b0.setop.b0.setop.b0.setop.b0.setop.b0.setop.b0.setop.b0.setop.b0.setop.b0.setop.b0.setop.b0.setop.b0.setop.b0.setop.b0.setop.b0.setop.b0.setop.b0.setop.b0.setop.b0.setop.b0.setop.b0.setop.b0.setop.b0.setop.b0.setop.b0.setop.b0.setop.b0.setop.b0.setop.b0.setop.b0.setop.b0.setop.b0.setop.b0.setop.b0.setop.b0.setop.b0.setop.b0.setop.b0.setop.b0.setop.b0.setop.b0.setop.b0.setop.b0.setop.b0.setop.b0.setop.b1.read.index_grp1_emp_addcust_buyria_astpkgrela_mth_ricc","dm_index_n.index_grp1_emp_addcust_buyria_astpkgrela_mth_ricc","FULLY_CONFIRMED","202540","1","1","CONFIRMED",""
"207271","task:207271:statement:0:relation:root.casttable.t1.a.setop.b0.setop.b0.setop.b0.setop.b0.setop.b0.setop.b0.setop.b0.setop.b0.setop.b0.setop.b0.setop.b0.setop.b0.setop.b0.setop.b0.setop.b0.setop.b0.setop.b0.setop.b0.setop.b0.setop.b0.setop.b0.setop.b0.setop.b0.setop.b0.setop.b0.setop.b0.setop.b0.setop.b0.setop.b0.setop.b0.setop.b0.setop.b0.setop.b0.setop.b0.setop.b0.setop.b0.setop.b0.setop.b0.setop.b0.setop.b0.setop.b0.setop.b0.setop.b0.setop.b0.setop.b0.setop.b0.setop.b0.setop.b0.setop.b0.setop.b0.setop.b1.read.index_grp1_emp_perrate_marg_astpkgrela_mth_ricc","dm_index_n.index_grp1_emp_perrate_marg_astpkgrela_mth_ricc","FULLY_CONFIRMED","202694","1","1","CONFIRMED",""
"207271","task:207271:statement:0:relation:root.casttable.t1.a.setop.b0.setop.b0.setop.b0.setop.b0.setop.b0.setop.b0.setop.b0.setop.b0.setop.b0.setop.b0.setop.b0.setop.b0.setop.b0.setop.b0.setop.b0.setop.b0.setop.b0.setop.b0.setop.b0.setop.b0.setop.b0.setop.b0.setop.b0.setop.b0.setop.b0.setop.b0.setop.b0.setop.b0.setop.b0.setop.b0.setop.b0.setop.b0.setop.b0.setop.b0.setop.b0.setop.b0.setop.b0.setop.b0.setop.b0.setop.b0.setop.b0.setop.b0.setop.b0.setop.b0.setop.b0.setop.b0.setop.b0.setop.b0.setop.b0.setop.b1.read.index_grp1_emp_newmvalprop_astpkgrela_mth_ricc","dm_index_n.index_grp1_emp_newmvalprop_astpkgrela_mth_ricc","FULLY_CONFIRMED","202689","1","1","CONFIRMED",""
"207271","task:207271:statement:0:relation:root.casttable.t1.a.setop.b0.setop.b0.setop.b0.setop.b0.setop.b0.setop.b0.setop.b0.setop.b0.setop.b0.setop.b0.setop.b0.setop.b0.setop.b0.setop.b0.setop.b0.setop.b0.setop.b0.setop.b0.setop.b0.setop.b0.setop.b0.setop.b0.setop.b0.setop.b0.setop.b0.setop.b1.read.index_grp1_emp_aumnetast_muyield_aumastpkgrela_mth_ricc","dm_index_n.index_grp1_emp_aumnetast_muyield_aumastpkgrela_mth_ricc","FULLY_CONFIRMED","205645","1","1","CONFIRMED",""
"207271","task:207271:statement:0:relation:root.casttable.t1.a.setop.b0.setop.b0.setop.b0.setop.b0.setop.b0.setop.b0.setop.b0.setop.b0.setop.b0.setop.b0.setop.b0.setop.b0.setop.b0.setop.b0.setop.b0.setop.b0.setop.b0.setop.b0.setop.b0.setop.b0.setop.b0.setop.b0.setop.b0.setop.b0.setop.b1.read.index_grp1_emp_aumnetast_muyield_aumastpkgrela_mth_ricc","dm_index_n.index_grp1_emp_aumnetast_muyield_aumastpkgrela_mth_ricc","FULLY_CONFIRMED","205645","1","1","CONFIRMED",""
"207271","task:207271:statement:0:relation:root.casttable.t1.a.setop.b0.setop.b0.setop.b0.setop.b0.setop.b0.setop.b0.setop.b0.setop.b0.setop.b0.setop.b0.setop.b0.setop.b0.setop.b0.setop.b0.setop.b0.setop.b0.setop.b0.setop.b0.setop.b0.setop.b0.setop.b0.setop.b0.setop.b0.setop.b1.read.index_grp1_emp_aumnetast_muyield_aumastpkgrela_mth_ricc","dm_index_n.index_grp1_emp_aumnetast_muyield_aumastpkgrela_mth_ricc","FULLY_CONFIRMED","205645","1","1","CONFIRMED",""
"207271","task:207271:statement:0:relation:root.casttable.t1.a.setop.b0.setop.b0.setop.b0.setop.b0.setop.b0.setop.b0.setop.b0.setop.b0.setop.b0.setop.b0.setop.b0.setop.b0.setop.b0.setop.b0.setop.b0.setop.b0.setop.b0.setop.b0.setop.b0.setop.b0.setop.b0.setop.b1.read.index_grp1_emp_custaum_navsupernetrate_astpkgrela_mth_all","dm_index_n.index_grp1_emp_custaum_navsupernetrate_astpkgrela_mth_all","FULLY_CONFIRMED","202673","1","1","CONFIRMED",""
"207271","task:207271:statement:0:relation:root.casttable.t1.a.setop.b0.setop.b0.setop.b0.setop.b0.setop.b0.setop.b0.setop.b0.setop.b0.setop.b0.setop.b0.setop.b0.setop.b0.setop.b0.setop.b0.setop.b0.setop.b0.setop.b0.setop.b0.setop.b0.setop.b0.setop.b1.read.index_grp1_emp_custaum_navsupernetrate_astpkgrela_mth_all","dm_index_n.index_grp1_emp_custaum_navsupernetrate_astpkgrela_mth_all","FULLY_CONFIRMED","202673","1","1","CONFIRMED",""
"207271","task:207271:statement:0:relation:root.casttable.t1.a.setop.b0.setop.b0.setop.b0.setop.b0.setop.b0.setop.b0.setop.b0.setop.b0.setop.b0.setop.b0.setop.b0.setop.b0.setop.b0.setop.b0.setop.b0.setop.b0.setop.b0.setop.b0.setop.b0.setop.b1.read.index_grp1_emp_nav_aum_tdy_all","dm_index_n.index_grp1_emp_nav_aum_tdy_all","FULLY_CONFIRMED","194864","1","1","CONFIRMED",""
"207271","task:207271:statement:0:relation:root.casttable.t1.a.setop.b0.setop.b0.setop.b0.setop.b0.setop.b0.setop.b0.setop.b0.setop.b0.setop.b0.setop.b0.setop.b0.setop.b0.setop.b0.setop.b0.setop.b0.setop.b0.setop.b0.setop.b0.setop.b1.read.index_grp1_emp_nav_aum_tdy_all","dm_index_n.index_grp1_emp_nav_aum_tdy_all","FULLY_CONFIRMED","194864","1","1","CONFIRMED",""
"207271","task:207271:statement:0:relation:root.casttable.t1.a.setop.b0.setop.b0.setop.b0.setop.b0.setop.b0.setop.b0.setop.b0.setop.b0.setop.b0.setop.b0.setop.b0.setop.b0.setop.b0.setop.b0.setop.b0.setop.b0.setop.b0.setop.b1.read.index_grp1_authcust_servordevrela_endtdy","dm_index_n.index_grp1_authcust_servordevrela_endtdy","FULLY_CONFIRMED","190237","1","1","CONFIRMED",""
"207271","task:207271:statement:0:relation:root.casttable.t1.a.setop.b0.setop.b0.setop.b0.setop.b0.setop.b0.setop.b0.setop.b0.setop.b0.setop.b0.setop.b0.setop.b0.setop.b0.setop.b0.setop.b0.setop.b0.setop.b0.setop.b1.read.index_grp1_authcust_servordevrela_endtdy","dm_index_n.index_grp1_authcust_servordevrela_endtdy","FULLY_CONFIRMED","190237","1","1","CONFIRMED",""
"207271","task:207271:statement:0:relation:root.casttable.t1.a.setop.b0.setop.b0.setop.b0.setop.b0.setop.b0.setop.b0.setop.b0.setop.b0.setop.b0.setop.b0.setop.b0.setop.b0.setop.b0.setop.b0.setop.b0.setop.b1.read.index_grp1_servcovrg_impcust_astpkgrela_year","dm_index_n.index_grp1_servcovrg_impcust_astpkgrela_year","FULLY_CONFIRMED","202516","1","1","CONFIRMED",""
"207271","task:207271:statement:0:relation:root.casttable.t1.a.setop.b0.setop.b0.setop.b0.setop.b0.setop.b0.setop.b0.setop.b0.setop.b0.setop.b0.setop.b0.setop.b0.setop.b0.setop.b0.setop.b0.setop.b1.read.index_grp1_servcovrg_impcust_astpkgrela_year","dm_index_n.index_grp1_servcovrg_impcust_astpkgrela_year","FULLY_CONFIRMED","202516","1","1","CONFIRMED",""
"207271","task:207271:statement:0:relation:root.casttable.t1.a.setop.b0.setop.b0.setop.b0.setop.b0.setop.b0.setop.b0.setop.b0.setop.b0.setop.b0.setop.b0.setop.b0.setop.b0.setop.b0.setop.b1.read.index_grp1_custlosrate_richhnwcust_astpkgrela_qtr","dm_index_n.index_grp1_custlosrate_richhnwcust_astpkgrela_qtr","FULLY_CONFIRMED","203115","1","1","CONFIRMED",""
"207271","task:207271:statement:0:relation:root.casttable.t1.a.setop.b0.setop.b0.setop.b0.setop.b0.setop.b0.setop.b0.setop.b0.setop.b0.setop.b0.setop.b0.setop.b0.setop.b0.setop.b1.read.index_grp1_custlosrate_richhnwcust_astpkgrela_qtr","dm_index_n.index_grp1_custlosrate_richhnwcust_astpkgrela_qtr","FULLY_CONFIRMED","203115","1","1","CONFIRMED",""
"207271","task:207271:statement:0:relation:root.casttable.t1.a.setop.b0.setop.b0.setop.b0.setop.b0.setop.b0.setop.b0.setop.b0.setop.b0.setop.b0.setop.b0.setop.b0.setop.b1.read.index_grp1_emp_newsign_custcount_ianws_mth_ricc","dm_index_n.index_grp1_emp_newsign_custcount_ianws_mth_ricc","CANDIDATE_ONLY","202400","1","0","UNKNOWN","PARTITION_NON_LITERAL|WRITER_PARTITION_UNKNOWN"
"207271","task:207271:statement:0:relation:root.casttable.t1.a.setop.b0.setop.b0.setop.b0.setop.b0.setop.b0.setop.b0.setop.b0.setop.b0.setop.b0.setop.b0.setop.b1.read.index_grp1_emp_newsign_custcount_ianws_mth_ricc","dm_index_n.index_grp1_emp_newsign_custcount_ianws_mth_ricc","CANDIDATE_ONLY","202400","1","0","UNKNOWN","PARTITION_NON_LITERAL|WRITER_PARTITION_UNKNOWN"
"207271","task:207271:statement:0:relation:root.casttable.t1.a.setop.b0.setop.b0.setop.b0.setop.b0.setop.b0.setop.b0.setop.b0.setop.b0.setop.b0.setop.b1.read.index_grp1_emp_covrg_fullprdtnrcust_astpkgrela_accumtomth_ricc","dm_index_n.index_grp1_emp_covrg_fullprdtnrcust_astpkgrela_accumtomth_ricc","FULLY_CONFIRMED","202403","1","1","CONFIRMED",""
"207271","task:207271:statement:0:relation:root.casttable.t1.a.setop.b0.setop.b0.setop.b0.setop.b0.setop.b0.setop.b0.setop.b0.setop.b0.setop.b1.read.index_grp1_emp_covrg_fullprdtnrcust_astpkgrela_accumtomth_ricc","dm_index_n.index_grp1_emp_covrg_fullprdtnrcust_astpkgrela_accumtomth_ricc","FULLY_CONFIRMED","202403","1","1","CONFIRMED",""
"207271","task:207271:statement:0:relation:root.casttable.t1.a.setop.b0.setop.b0.setop.b0.setop.b0.setop.b0.setop.b0.setop.b0.setop.b1.read.index_grp1_emp_addcust_optbusi_optdevrela_mth_ricc","dm_index_n.index_grp1_emp_addcust_optbusi_optdevrela_mth_ricc","CANDIDATE_ONLY","202539","1","0","UNKNOWN","PARTITION_NON_LITERAL|WRITER_PARTITION_UNKNOWN"
"207271","task:207271:statement:0:relation:root.casttable.t1.a.setop.b0.setop.b0.setop.b0.setop.b0.setop.b0.setop.b0.setop.b1.read.index_grp1_emp_addcust_optbusi_optdevrela_mth_ricc","dm_index_n.index_grp1_emp_addcust_optbusi_optdevrela_mth_ricc","CANDIDATE_ONLY","202539","1","0","UNKNOWN","PARTITION_NON_LITERAL|WRITER_PARTITION_UNKNOWN"
"207271","task:207271:statement:0:relation:root.casttable.t1.a.setop.b0.setop.b0.setop.b0.setop.b0.setop.b0.setop.b1.read.index_grp1_emp_addcust_buyria_astpkgrela_mth_ricc","dm_index_n.index_grp1_emp_addcust_buyria_astpkgrela_mth_ricc","CANDIDATE_ONLY","202540","1","0","UNKNOWN","PARTITION_NON_LITERAL|WRITER_PARTITION_UNKNOWN"
"207271","task:207271:statement:0:relation:root.casttable.t1.a.setop.b0.setop.b0.setop.b0.setop.b0.setop.b1.read.index_grp1_emp_addcust_buyria_astpkgrela_mth_ricc","dm_index_n.index_grp1_emp_addcust_buyria_astpkgrela_mth_ricc","CANDIDATE_ONLY","202540","1","0","UNKNOWN","PARTITION_NON_LITERAL|WRITER_PARTITION_UNKNOWN"
"207271","task:207271:statement:0:relation:root.casttable.t1.a.setop.b0.setop.b0.setop.b0.setop.b1.read.index_grp1_emp_perrate_marg_astpkgrela_mth_ricc","dm_index_n.index_grp1_emp_perrate_marg_astpkgrela_mth_ricc","FULLY_CONFIRMED","202694","1","1","CONFIRMED",""
"207271","task:207271:statement:0:relation:root.casttable.t1.a.setop.b0.setop.b0.setop.b1.read.index_grp1_emp_perrate_marg_astpkgrela_mth_ricc","dm_index_n.index_grp1_emp_perrate_marg_astpkgrela_mth_ricc","FULLY_CONFIRMED","202694","1","1","CONFIRMED",""
"207271","task:207271:statement:0:relation:root.casttable.t1.a.setop.b0.setop.b1.read.index_grp1_emp_newmvalprop_astpkgrela_mth_ricc","dm_index_n.index_grp1_emp_newmvalprop_astpkgrela_mth_ricc","FULLY_CONFIRMED","202689","1","1","CONFIRMED",""
"207271","task:207271:statement:0:relation:root.casttable.t1.a.setop.b1.read.index_grp1_emp_newmvalprop_astpkgrela_mth_ricc","dm_index_n.index_grp1_emp_newmvalprop_astpkgrela_mth_ricc","FULLY_CONFIRMED","202689","1","1","CONFIRMED",""
"207665","task:207665:statement:0:relation:root.(child).t.setop.b0.setop.b0.setop.b0.setop.b0.setop.b0.setop.b0.setop.b0.setop.b0.setop.b0.setop.b0.setop.b0.setop.b0.setop.b0.setop.b0.setop.b0.setop.b0.setop.b0.setop.b0.setop.b0.setop.b0.setop.b0.setop.b0.setop.b0.setop.b0.setop.b0.setop.b0.setop.b0.setop.b0.setop.b0.setop.b0.setop.b0.setop.b0.setop.b0.setop.b0.setop.b0.setop.b0.setop.b0.setop.b0.setop.b0.setop.b0.setop.b0.setop.b0.setop.b0.setop.b0.setop.b1.read.index_grp1_cust_income_fullcali_mth_ricc","dm_index_n.index_grp1_cust_income_fullcali_mth_ricc","CANDIDATE_ONLY","201299","1","0","UNKNOWN","WRITER_PARTITION_UNKNOWN"
"207665","task:207665:statement:0:relation:root.(child).t.setop.b0.setop.b0.setop.b0.setop.b0.setop.b0.setop.b0.setop.b0.setop.b0.setop.b0.setop.b0.setop.b0.setop.b0.setop.b0.setop.b0.setop.b0.setop.b0.setop.b0.setop.b0.setop.b0.setop.b0.setop.b0.setop.b0.setop.b0.setop.b0.setop.b0.setop.b0.setop.b0.setop.b0.setop.b0.setop.b0.setop.b0.setop.b0.setop.b0.setop.b0.setop.b0.setop.b0.setop.b0.setop.b0.setop.b0.setop.b0.setop.b0.setop.b0.setop.b0.setop.b1.read.index_grp1_cust_income_fullcali_mth_ricc","dm_index_n.index_grp1_cust_income_fullcali_mth_ricc","CANDIDATE_ONLY","201299","1","0","UNKNOWN","PARTITION_NON_LITERAL|WRITER_PARTITION_UNKNOWN"
"207665","task:207665:statement:0:relation:root.(child).t.setop.b0.setop.b0.setop.b0.setop.b0.setop.b0.setop.b0.setop.b0.setop.b0.setop.b0.setop.b0.setop.b0.setop.b0.setop.b0.setop.b0.setop.b0.setop.b0.setop.b0.setop.b0.setop.b0.setop.b0.setop.b0.setop.b0.setop.b0.setop.b0.setop.b0.setop.b0.setop.b0.setop.b0.setop.b0.setop.b0.setop.b0.setop.b0.setop.b0.setop.b0.setop.b0.setop.b0.setop.b0.setop.b0.setop.b0.setop.b0.setop.b0.setop.b0.setop.b1.read.index_grp1_cust_income_fullcali_mth_ricc","dm_index_n.index_grp1_cust_income_fullcali_mth_ricc","CANDIDATE_ONLY","201299","1","0","UNKNOWN","PARTITION_NON_LITERAL|WRITER_PARTITION_UNKNOWN"
"207665","task:207665:statement:0:relation:root.(child).t.setop.b0.setop.b0.setop.b0.setop.b0.setop.b0.setop.b0.setop.b0.setop.b0.setop.b0.setop.b0.setop.b0.setop.b0.setop.b0.setop.b0.setop.b0.setop.b0.setop.b0.setop.b0.setop.b0.setop.b0.setop.b0.setop.b0.setop.b0.setop.b0.setop.b0.setop.b0.setop.b0.setop.b0.setop.b0.setop.b0.setop.b0.setop.b0.setop.b0.setop.b0.setop.b0.setop.b0.setop.b0.setop.b0.setop.b0.setop.b0.setop.b0.setop.b1.read.index_grp1_cust_propincrsrate_fullcali_mth_ricc","dm_index_n.index_grp1_cust_propincrsrate_fullcali_mth_ricc","FULLY_CONFIRMED","202399","1","1","CONFIRMED",""
"207665","task:207665:statement:0:relation:root.(child).t.setop.b0.setop.b0.setop.b0.setop.b0.setop.b0.setop.b0.setop.b0.setop.b0.setop.b0.setop.b0.setop.b0.setop.b0.setop.b0.setop.b0.setop.b0.setop.b0.setop.b0.setop.b0.setop.b0.setop.b0.setop.b0.setop.b0.setop.b0.setop.b0.setop.b0.setop.b0.setop.b0.setop.b0.setop.b0.setop.b0.setop.b0.setop.b0.setop.b0.setop.b0.setop.b0.setop.b0.setop.b0.setop.b0.setop.b0.setop.b0.setop.b1.read.index_grp1_cust_propincrsrate_fullcali_mth_ricc","dm_index_n.index_grp1_cust_propincrsrate_fullcali_mth_ricc","FULLY_CONFIRMED","202399","1","1","CONFIRMED",""
"207665","task:207665:statement:0:relation:root.(child).t.setop.b0.setop.b0.setop.b0.setop.b0.setop.b0.setop.b0.setop.b0.setop.b0.setop.b0.setop.b0.setop.b0.setop.b0.setop.b0.setop.b0.setop.b0.setop.b0.setop.b0.setop.b0.setop.b0.setop.b0.setop.b0.setop.b0.setop.b0.setop.b0.setop.b0.setop.b0.setop.b0.setop.b0.setop.b0.setop.b0.setop.b0.setop.b0.setop.b0.setop.b0.setop.b0.setop.b0.setop.b0.setop.b0.setop.b0.setop.b1.read.index_grp1_cust_propincrsrate_fullcali_mth_ricc","dm_index_n.index_grp1_cust_propincrsrate_fullcali_mth_ricc","FULLY_CONFIRMED","202399","1","1","CONFIRMED",""
"207665","task:207665:statement:0:relation:root.(child).t.setop.b0.setop.b0.setop.b0.setop.b0.setop.b0.setop.b0.setop.b0.setop.b0.setop.b0.setop.b0.setop.b0.setop.b0.setop.b0.setop.b0.setop.b0.setop.b0.setop.b0.setop.b0.setop.b0.setop.b0.setop.b0.setop.b0.setop.b0.setop.b0.setop.b0.setop.b0.setop.b0.setop.b0.setop.b0.setop.b0.setop.b0.setop.b0.setop.b0.setop.b0.setop.b0.setop.b1.read.index_grp1_cust_aumnetast_muyield_fullcali_mth_all","dm_index_n.index_grp1_cust_aumnetast_muyield_fullcali_mth_all","FULLY_CONFIRMED","202295","1","1","CONFIRMED",""
"207665","task:207665:statement:0:relation:root.(child).t.setop.b0.setop.b0.setop.b0.setop.b0.setop.b0.setop.b0.setop.b0.setop.b0.setop.b0.setop.b0.setop.b0.setop.b0.setop.b0.setop.b0.setop.b0.setop.b0.setop.b0.setop.b0.setop.b0.setop.b0.setop.b0.setop.b0.setop.b0.setop.b0.setop.b0.setop.b0.setop.b0.setop.b0.setop.b0.setop.b0.setop.b0.setop.b0.setop.b0.setop.b0.setop.b1.read.index_grp1_cust_aumnetast_muyield_fullcali_mth_all","dm_index_n.index_grp1_cust_aumnetast_muyield_fullcali_mth_all","FULLY_CONFIRMED","202295","1","1","CONFIRMED",""
"207665","task:207665:statement:0:relation:root.(child).t.setop.b0.setop.b0.setop.b0.setop.b0.setop.b0.setop.b0.setop.b0.setop.b0.setop.b0.setop.b0.setop.b0.setop.b0.setop.b0.setop.b0.setop.b0.setop.b0.setop.b0.setop.b0.setop.b0.setop.b0.setop.b0.setop.b0.setop.b0.setop.b0.setop.b0.setop.b0.setop.b0.setop.b0.setop.b0.setop.b0.setop.b0.setop.b0.setop.b0.setop.b1.read.index_grp1_cust_aumnetast_muyield_fullcali_mth_all","dm_index_n.index_grp1_cust_aumnetast_muyield_fullcali_mth_all","FULLY_CONFIRMED","202295","1","1","CONFIRMED",""
"207665","task:207665:statement:0:relation:root.(child).t.setop.b0.setop.b0.setop.b0.setop.b0.setop.b0.setop.b0.setop.b0.setop.b0.setop.b0.setop.b0.setop.b0.setop.b0.setop.b0.setop.b0.setop.b0.setop.b0.setop.b0.setop.b0.setop.b0.setop.b0.setop.b0.setop.b0.setop.b0.setop.b0.setop.b0.setop.b0.setop.b0.setop.b0.setop.b0.setop.b0.setop.b0.setop.b0.setop.b1.read.index_grp1_cust_nav_aum_tdy_all","dm_index_n.index_grp1_cust_nav_aum_tdy_all","FULLY_CONFIRMED","184082","1","1","CONFIRMED",""
"207665","task:207665:statement:0:relation:root.(child).t.setop.b0.setop.b0.setop.b0.setop.b0.setop.b0.setop.b0.setop.b0.setop.b0.setop.b0.setop.b0.setop.b0.setop.b0.setop.b0.setop.b0.setop.b0.setop.b0.setop.b0.setop.b0.setop.b0.setop.b0.setop.b0.setop.b0.setop.b0.setop.b0.setop.b0.setop.b0.setop.b0.setop.b0.setop.b0.setop.b0.setop.b0.setop.b1.read.index_grp1_cust_nav_aum_tdy_all","dm_index_n.index_grp1_cust_nav_aum_tdy_all","FULLY_CONFIRMED","184082","1","1","CONFIRMED",""
"207665","task:207665:statement:0:relation:root.(child).t.setop.b0.setop.b0.setop.b0.setop.b0.setop.b0.setop.b0.setop.b0.setop.b0.setop.b0.setop.b0.setop.b0.setop.b0.setop.b0.setop.b0.setop.b0.setop.b0.setop.b0.setop.b0.setop.b0.setop.b0.setop.b0.setop.b0.setop.b0.setop.b0.setop.b0.setop.b0.setop.b0.setop.b0.setop.b0.setop.b0.setop.b1.read.index_grp1_cust_nav_aum_tdy_all","dm_index_n.index_grp1_cust_nav_aum_tdy_all","FULLY_CONFIRMED","184082","1","1","CONFIRMED",""
"207665","task:207665:statement:0:relation:root.(child).t.setop.b0.setop.b0.setop.b0.setop.b0.setop.b0.setop.b0.setop.b0.setop.b0.setop.b0.setop.b0.setop.b0.setop.b0.setop.b0.setop.b0.setop.b0.setop.b0.setop.b0.setop.b0.setop.b0.setop.b0.setop.b0.setop.b0.setop.b0.setop.b0.setop.b0.setop.b0.setop.b0.setop.b0.setop.b0.setop.b1.read.grp_tag_client_is_kyc_accts","dm_index_n.grp_tag_client_is_kyc_accts","FULLY_CONFIRMED","187791","1","1","CONFIRMED",""
"207665","task:207665:statement:0:relation:root.(child).t.setop.b0.setop.b0.setop.b0.setop.b0.setop.b0.setop.b0.setop.b0.setop.b0.setop.b0.setop.b0.setop.b0.setop.b0.setop.b0.setop.b0.setop.b0.setop.b0.setop.b0.setop.b0.setop.b0.setop.b0.setop.b0.setop.b0.setop.b0.setop.b0.setop.b0.setop.b0.setop.b0.setop.b0.setop.b1.read.grp_tag_client_is_kyc_accts","dm_index_n.grp_tag_client_is_kyc_accts","FULLY_CONFIRMED","187791","1","1","CONFIRMED",""
"207665","task:207665:statement:0:relation:root.(child).t.setop.b0.setop.b0.setop.b0.setop.b0.setop.b0.setop.b0.setop.b0.setop.b0.setop.b0.setop.b0.setop.b0.setop.b0.setop.b0.setop.b0.setop.b0.setop.b0.setop.b0.setop.b0.setop.b0.setop.b0.setop.b0.setop.b0.setop.b0.setop.b0.setop.b0.setop.b0.setop.b0.setop.b1.read.grp_tag_client_is_kyc_accts","dm_index_n.grp_tag_client_is_kyc_accts","FULLY_CONFIRMED","187791","1","1","CONFIRMED",""
"207665","task:207665:statement:0:relation:root.(child).t.setop.b0.setop.b0.setop.b0.setop.b0.setop.b0.setop.b0.setop.b0.setop.b0.setop.b0.setop.b0.setop.b0.setop.b0.setop.b0.setop.b0.setop.b0.setop.b0.setop.b0.setop.b0.setop.b0.setop.b0.setop.b0.setop.b0.setop.b0.setop.b0.setop.b0.setop.b0.setop.b1.read.grp_tag_client_is_impsrv","dm_index_n.grp_tag_client_is_impsrv","FULLY_CONFIRMED","202490","1","1","CONFIRMED",""
"207665","task:207665:statement:0:relation:root.(child).t.setop.b0.setop.b0.setop.b0.setop.b0.setop.b0.setop.b0.setop.b0.setop.b0.setop.b0.setop.b0.setop.b0.setop.b0.setop.b0.setop.b0.setop.b0.setop.b0.setop.b0.setop.b0.setop.b0.setop.b0.setop.b0.setop.b0.setop.b0.setop.b0.setop.b0.setop.b1.read.grp_tag_client_is_impsrv","dm_index_n.grp_tag_client_is_impsrv","FULLY_CONFIRMED","202490","1","1","CONFIRMED",""
"207665","task:207665:statement:0:relation:root.(child).t.setop.b0.setop.b0.setop.b0.setop.b0.setop.b0.setop.b0.setop.b0.setop.b0.setop.b0.setop.b0.setop.b0.setop.b0.setop.b0.setop.b0.setop.b0.setop.b0.setop.b0.setop.b0.setop.b0.setop.b0.setop.b0.setop.b0.setop.b0.setop.b0.setop.b1.read.grp_tag_client_is_impsrv","dm_index_n.grp_tag_client_is_impsrv","FULLY_CONFIRMED","202490","1","1","CONFIRMED",""
"207665","task:207665:statement:0:relation:root.(child).t.setop.b0.setop.b0.setop.b0.setop.b0.setop.b0.setop.b0.setop.b0.setop.b0.setop.b0.setop.b0.setop.b0.setop.b0.setop.b0.setop.b0.setop.b0.setop.b0.setop.b0.setop.b0.setop.b0.setop.b0.setop.b0.setop.b0.setop.b0.setop.b1.t1.read.grp_tag_client_is_wlth_hnw_cust_flag","dm_index_n.grp_tag_client_is_wlth_hnw_cust_flag","FULLY_CONFIRMED","143951","1","1","CONFIRMED",""
"207665","task:207665:statement:0:relation:root.(child).t.setop.b0.setop.b0.setop.b0.setop.b0.setop.b0.setop.b0.setop.b0.setop.b0.setop.b0.setop.b0.setop.b0.setop.b0.setop.b0.setop.b0.setop.b0.setop.b0.setop.b0.setop.b0.setop.b0.setop.b0.setop.b0.setop.b0.setop.b1.t1.read.grp_tag_client_is_wlth_hnw_cust_flag","dm_index_n.grp_tag_client_is_wlth_hnw_cust_flag","FULLY_CONFIRMED","143951","1","1","CONFIRMED",""
"207665","task:207665:statement:0:relation:root.(child).t.setop.b0.setop.b0.setop.b0.setop.b0.setop.b0.setop.b0.setop.b0.setop.b0.setop.b0.setop.b0.setop.b0.setop.b0.setop.b0.setop.b0.setop.b0.setop.b0.setop.b0.setop.b0.setop.b0.setop.b0.setop.b0.setop.b1.t1.read.grp_tag_client_is_wlth_hnw_cust_flag","dm_index_n.grp_tag_client_is_wlth_hnw_cust_flag","FULLY_CONFIRMED","143951","1","1","CONFIRMED",""
"207665","task:207665:statement:0:relation:root.(child).t.setop.b0.setop.b0.setop.b0.setop.b0.setop.b0.setop.b0.setop.b0.setop.b0.setop.b0.setop.b0.setop.b0.setop.b0.setop.b0.setop.b0.setop.b0.setop.b0.setop.b0.setop.b0.setop.b0.setop.b0.setop.b1.t1.read.grp_tag_client_cust_year_ia_nws_new_addsign","dm_index_n.grp_tag_client_cust_year_ia_nws_new_addsign","FULLY_CONFIRMED","202397","1","1","CONFIRMED",""
"207665","task:207665:statement:0:relation:root.(child).t.setop.b0.setop.b0.setop.b0.setop.b0.setop.b0.setop.b0.setop.b0.setop.b0.setop.b0.setop.b0.setop.b0.setop.b0.setop.b0.setop.b0.setop.b0.setop.b0.setop.b0.setop.b0.setop.b0.setop.b0.setop.b1.t2.read.grp_tag_client_cust_year_ia_nws_new_addsign","dm_index_n.grp_tag_client_cust_year_ia_nws_new_addsign","CANDIDATE_ONLY","202397","1","0","UNKNOWN","PARTITION_NON_LITERAL|WRITER_PARTITION_UNKNOWN"
"207665","task:207665:statement:0:relation:root.(child).t.setop.b0.setop.b0.setop.b0.setop.b0.setop.b0.setop.b0.setop.b0.setop.b0.setop.b0.setop.b0.setop.b0.setop.b0.setop.b0.setop.b0.setop.b0.setop.b0.setop.b0.setop.b0.setop.b0.setop.b1.t1.read.grp_tag_client_cust_year_ia_nws_new_addsign","dm_index_n.grp_tag_client_cust_year_ia_nws_new_addsign","FULLY_CONFIRMED","202397","1","1","CONFIRMED",""
"207665","task:207665:statement:0:relation:root.(child).t.setop.b0.setop.b0.setop.b0.setop.b0.setop.b0.setop.b0.setop.b0.setop.b0.setop.b0.setop.b0.setop.b0.setop.b0.setop.b0.setop.b0.setop.b0.setop.b0.setop.b0.setop.b0.setop.b0.setop.b1.t2.read.grp_tag_client_cust_year_ia_nws_new_addsign","dm_index_n.grp_tag_client_cust_year_ia_nws_new_addsign","CANDIDATE_ONLY","202397","1","0","UNKNOWN","PARTITION_NON_LITERAL|WRITER_PARTITION_UNKNOWN"
"207665","task:207665:statement:0:relation:root.(child).t.setop.b0.setop.b0.setop.b0.setop.b0.setop.b0.setop.b0.setop.b0.setop.b0.setop.b0.setop.b0.setop.b0.setop.b0.setop.b0.setop.b0.setop.b0.setop.b0.setop.b0.setop.b0.setop.b1.read.grp_tag_client_cust_year_ia_nws_new_addsign","dm_index_n.grp_tag_client_cust_year_ia_nws_new_addsign","FULLY_CONFIRMED","202397","1","1","CONFIRMED",""
"207665","task:207665:statement:0:relation:root.(child).t.setop.b0.setop.b0.setop.b0.setop.b0.setop.b0.setop.b0.setop.b0.setop.b0.setop.b0.setop.b0.setop.b0.setop.b0.setop.b0.setop.b0.setop.b0.setop.b0.setop.b0.setop.b1.t1.read.grp_tag_client_cust_year_product_tenure","dm_index_n.grp_tag_client_cust_year_product_tenure","FULLY_CONFIRMED","202398","1","1","CONFIRMED",""
"207665","task:207665:statement:0:relation:root.(child).t.setop.b0.setop.b0.setop.b0.setop.b0.setop.b0.setop.b0.setop.b0.setop.b0.setop.b0.setop.b0.setop.b0.setop.b0.setop.b0.setop.b0.setop.b0.setop.b0.setop.b0.setop.b1.t2.read.grp_tag_client_cust_year_product_tenure","dm_index_n.grp_tag_client_cust_year_product_tenure","CANDIDATE_ONLY","202398","1","0","UNKNOWN","PARTITION_NON_LITERAL|WRITER_PARTITION_UNKNOWN"
"207665","task:207665:statement:0:relation:root.(child).t.setop.b0.setop.b0.setop.b0.setop.b0.setop.b0.setop.b0.setop.b0.setop.b0.setop.b0.setop.b0.setop.b0.setop.b0.setop.b0.setop.b0.setop.b0.setop.b0.setop.b1.t1.read.grp_tag_client_cust_year_product_tenure","dm_index_n.grp_tag_client_cust_year_product_tenure","FULLY_CONFIRMED","202398","1","1","CONFIRMED",""
"207665","task:207665:statement:0:relation:root.(child).t.setop.b0.setop.b0.setop.b0.setop.b0.setop.b0.setop.b0.setop.b0.setop.b0.setop.b0.setop.b0.setop.b0.setop.b0.setop.b0.setop.b0.setop.b0.setop.b0.setop.b1.t2.read.grp_tag_client_cust_year_product_tenure","dm_index_n.grp_tag_client_cust_year_product_tenure","CANDIDATE_ONLY","202398","1","0","UNKNOWN","PARTITION_NON_LITERAL|WRITER_PARTITION_UNKNOWN"
"207665","task:207665:statement:0:relation:root.(child).t.setop.b0.setop.b0.setop.b0.setop.b0.setop.b0.setop.b0.setop.b0.setop.b0.setop.b0.setop.b0.setop.b0.setop.b0.setop.b0.setop.b0.setop.b0.setop.b1.read.grp_tag_client_cust_year_product_tenure","dm_index_n.grp_tag_client_cust_year_product_tenure","FULLY_CONFIRMED","202398","1","1","CONFIRMED",""
"207665","task:207665:statement:0:relation:root.(child).t.setop.b0.setop.b0.setop.b0.setop.b0.setop.b0.setop.b0.setop.b0.setop.b0.setop.b0.setop.b0.setop.b0.setop.b0.setop.b0.setop.b0.setop.b1.a1.read.grp_tag_client_is_opt_valid_client","dm_index_n.grp_tag_client_is_opt_valid_client","CANDIDATE_ONLY","96834","1","0","UNKNOWN","PARTITION_NON_LITERAL|WRITER_PARTITION_UNKNOWN"
"207665","task:207665:statement:0:relation:root.(child).t.setop.b0.setop.b0.setop.b0.setop.b0.setop.b0.setop.b0.setop.b0.setop.b0.setop.b0.setop.b0.setop.b0.setop.b0.setop.b0.setop.b0.setop.b1.a2.read.index_grp_opt_vld_date_year","dm_index_n.index_grp_opt_vld_date_year","FULLY_CONFIRMED","101039","1","1","CONFIRMED",""
"207665","task:207665:statement:0:relation:root.(child).t.setop.b0.setop.b0.setop.b0.setop.b0.setop.b0.setop.b0.setop.b0.setop.b0.setop.b0.setop.b0.setop.b0.setop.b0.setop.b0.setop.b1.a1.read.grp_tag_client_is_opt_valid_client","dm_index_n.grp_tag_client_is_opt_valid_client","CANDIDATE_ONLY","96834","1","0","UNKNOWN","PARTITION_NON_LITERAL|WRITER_PARTITION_UNKNOWN"
"207665","task:207665:statement:0:relation:root.(child).t.setop.b0.setop.b0.setop.b0.setop.b0.setop.b0.setop.b0.setop.b0.setop.b0.setop.b0.setop.b0.setop.b0.setop.b0.setop.b0.setop.b1.a2.read.index_grp_opt_vld_date_year","dm_index_n.index_grp_opt_vld_date_year","FULLY_CONFIRMED","101039","1","1","CONFIRMED",""
"207665","task:207665:statement:0:relation:root.(child).t.setop.b0.setop.b0.setop.b0.setop.b0.setop.b0.setop.b0.setop.b0.setop.b0.setop.b0.setop.b0.setop.b0.setop.b0.setop.b1.a1.read.grp_tag_client_is_opt_valid_client","dm_index_n.grp_tag_client_is_opt_valid_client","CANDIDATE_ONLY","96834","1","0","UNKNOWN","PARTITION_NON_LITERAL|WRITER_PARTITION_UNKNOWN"
"207665","task:207665:statement:0:relation:root.(child).t.setop.b0.setop.b0.setop.b0.setop.b0.setop.b0.setop.b0.setop.b0.setop.b0.setop.b0.setop.b0.setop.b0.setop.b0.setop.b1.a2.read.index_grp_opt_vld_date_year","dm_index_n.index_grp_opt_vld_date_year","FULLY_CONFIRMED","101039","1","1","CONFIRMED",""
"207665","task:207665:statement:0:relation:root.(child).t.setop.b0.setop.b0.setop.b0.setop.b0.setop.b0.setop.b0.setop.b0.setop.b0.setop.b0.setop.b0.setop.b0.setop.b1.t1.read.grp_tag_indv_cust_cust_year_buyria_newadd","dm_index_n.grp_tag_indv_cust_cust_year_buyria_newadd","FULLY_CONFIRMED","202550","1","1","CONFIRMED",""
"207665","task:207665:statement:0:relation:root.(child).t.setop.b0.setop.b0.setop.b0.setop.b0.setop.b0.setop.b0.setop.b0.setop.b0.setop.b0.setop.b0.setop.b0.setop.b1.t2.read.grp_tag_indv_cust_cust_year_buyria_newadd","dm_index_n.grp_tag_indv_cust_cust_year_buyria_newadd","CANDIDATE_ONLY","202550","1","0","UNKNOWN","PARTITION_NON_LITERAL|WRITER_PARTITION_UNKNOWN"
"207665","task:207665:statement:0:relation:root.(child).t.setop.b0.setop.b0.setop.b0.setop.b0.setop.b0.setop.b0.setop.b0.setop.b0.setop.b0.setop.b0.setop.b1.t1.read.grp_tag_indv_cust_cust_year_buyria_newadd","dm_index_n.grp_tag_indv_cust_cust_year_buyria_newadd","FULLY_CONFIRMED","202550","1","1","CONFIRMED",""
"207665","task:207665:statement:0:relation:root.(child).t.setop.b0.setop.b0.setop.b0.setop.b0.setop.b0.setop.b0.setop.b0.setop.b0.setop.b0.setop.b0.setop.b1.t2.read.grp_tag_indv_cust_cust_year_buyria_newadd","dm_index_n.grp_tag_indv_cust_cust_year_buyria_newadd","CANDIDATE_ONLY","202550","1","0","UNKNOWN","PARTITION_NON_LITERAL|WRITER_PARTITION_UNKNOWN"
"207665","task:207665:statement:0:relation:root.(child).t.setop.b0.setop.b0.setop.b0.setop.b0.setop.b0.setop.b0.setop.b0.setop.b0.setop.b0.setop.b1.read.grp_tag_indv_cust_cust_year_buyria_newadd","dm_index_n.grp_tag_indv_cust_cust_year_buyria_newadd","FULLY_CONFIRMED","202550","1","1","CONFIRMED",""
"207665","task:207665:statement:0:relation:root.(child).t.setop.b0.setop.b0.setop.b0.setop.b0.setop.b0.setop.b0.setop.b0.setop.b0.setop.b1.read.grp_tag_client_cust_year_marg_permeation","dm_index_n.grp_tag_client_cust_year_marg_permeation","FULLY_CONFIRMED","202688","1","1","CONFIRMED",""
"207665","task:207665:statement:0:relation:root.(child).t.setop.b0.setop.b0.setop.b0.setop.b0.setop.b0.setop.b0.setop.b0.setop.b1.read.grp_tag_client_cust_year_marg_permeation","dm_index_n.grp_tag_client_cust_year_marg_permeation","FULLY_CONFIRMED","202688","1","1","CONFIRMED",""
"207665","task:207665:statement:0:relation:root.(child).t.setop.b0.setop.b0.setop.b0.setop.b0.setop.b0.setop.b0.setop.b1.read.grp_tag_client_cust_year_marg_permeation","dm_index_n.grp_tag_client_cust_year_marg_permeation","FULLY_CONFIRMED","202688","1","1","CONFIRMED",""
"207665","task:207665:statement:0:relation:root.(child).t.setop.b0.setop.b0.setop.b0.setop.b0.setop.b0.setop.b1.read.index_grp1_cust_newmvalprop_mth_ricc","dm_index_n.index_grp1_cust_newmvalprop_mth_ricc","FULLY_CONFIRMED","202692","1","1","CONFIRMED",""
"207665","task:207665:statement:0:relation:root.(child).t.setop.b0.setop.b0.setop.b0.setop.b0.setop.b1.read.index_grp1_cust_newmvalprop_mth_ricc","dm_index_n.index_grp1_cust_newmvalprop_mth_ricc","FULLY_CONFIRMED","202692","1","1","CONFIRMED",""
"207665","task:207665:statement:0:relation:root.(child).t.setop.b0.setop.b0.setop.b0.setop.b1.read.index_grp1_cust_newmvalprop_mth_ricc","dm_index_n.index_grp1_cust_newmvalprop_mth_ricc","FULLY_CONFIRMED","202692","1","1","CONFIRMED",""
"207665","task:207665:statement:0:relation:root.(child).t.setop.b0.setop.b0.setop.b1.read.index_grp1_cust_propincrsval_fullcali_mth_ricc","dm_index_n.index_grp1_cust_propincrsval_fullcali_mth_ricc","FULLY_CONFIRMED","208626","1","1","CONFIRMED",""
"207665","task:207665:statement:0:relation:root.(child).t.setop.b0.setop.b1.read.index_grp1_cust_propincrsval_fullcali_mth_ricc","dm_index_n.index_grp1_cust_propincrsval_fullcali_mth_ricc","FULLY_CONFIRMED","208626","1","1","CONFIRMED",""
"207665","task:207665:statement:0:relation:root.(child).t.setop.b1.read.index_grp1_cust_propincrsval_fullcali_mth_ricc","dm_index_n.index_grp1_cust_propincrsval_fullcali_mth_ricc","FULLY_CONFIRMED","208626","1","1","CONFIRMED",""
"208353","task:208353:statement:0:relation:root.(child).a.setop.b0.setop.b0.setop.b0.setop.b0.setop.b0.setop.b0.setop.b0.setop.b0.setop.b0.setop.b0.setop.b0.setop.b0.setop.b0.setop.b0.setop.b0.setop.b0.setop.b0.setop.b0.setop.b0.setop.b0.setop.b0.setop.b0.read.index_grp1_cust_totalast_npapd_qtr_all","dm_index_n.index_grp1_cust_totalast_npapd_qtr_all","FULLY_CONFIRMED","208182","1","1","CONFIRMED",""
"208353","task:208353:statement:0:relation:root.(child).a.setop.b0.setop.b0.setop.b0.setop.b0.setop.b0.setop.b0.setop.b0.setop.b0.setop.b0.setop.b0.setop.b0.setop.b0.setop.b0.setop.b0.setop.b0.setop.b0.setop.b0.setop.b0.setop.b0.setop.b0.setop.b1.read.index_grp1_cust_incm_fullcali_qtr_all","dm_index_n.index_grp1_cust_incm_fullcali_qtr_all","CANDIDATE_ONLY","208186","1","0","UNKNOWN","PARTITION_NON_LITERAL|WRITER_PARTITION_UNKNOWN"
"208353","task:208353:statement:0:relation:root.(child).a.setop.b0.setop.b0.setop.b0.setop.b0.setop.b0.setop.b0.setop.b0.setop.b0.setop.b0.setop.b0.setop.b0.setop.b0.setop.b0.setop.b0.setop.b0.setop.b0.setop.b0.setop.b0.setop.b0.setop.b1.read.grp_cust_open_gem_flag","dm_index_n.grp_cust_open_gem_flag","CANDIDATE_ONLY","123593","1","0","UNKNOWN","PARTITION_NON_LITERAL|WRITER_PARTITION_UNKNOWN"
"208353","task:208353:statement:0:relation:root.(child).a.setop.b0.setop.b0.setop.b0.setop.b0.setop.b0.setop.b0.setop.b0.setop.b0.setop.b0.setop.b0.setop.b0.setop.b0.setop.b0.setop.b0.setop.b0.setop.b0.setop.b0.setop.b0.setop.b1.read.grp_tag_client_open_stib","dm_index_n.grp_tag_client_open_stib","CANDIDATE_ONLY","112602","1","0","UNKNOWN","PARTITION_NON_LITERAL|WRITER_PARTITION_UNKNOWN"
"208353","task:208353:statement:0:relation:root.(child).a.setop.b0.setop.b0.setop.b0.setop.b0.setop.b0.setop.b0.setop.b0.setop.b0.setop.b0.setop.b0.setop.b0.setop.b0.setop.b0.setop.b0.setop.b0.setop.b0.setop.b0.setop.b1.read.grp_tag_client_cust_whth_open_bse_righ","dm_index_n.grp_tag_client_cust_whth_open_bse_righ","CANDIDATE_ONLY","123569","1","0","UNKNOWN","PARTITION_NON_LITERAL|WRITER_PARTITION_UNKNOWN"
"208353","task:208353:statement:0:relation:root.(child).a.setop.b0.setop.b0.setop.b0.setop.b0.setop.b0.setop.b0.setop.b0.setop.b0.setop.b0.setop.b0.setop.b0.setop.b0.setop.b0.setop.b0.setop.b0.setop.b0.setop.b1.read.grp_cust_open_sz_mhs_flag","dm_index_n.grp_cust_open_sz_mhs_flag","CANDIDATE_ONLY","123712","1","0","UNKNOWN","PARTITION_NON_LITERAL|WRITER_PARTITION_UNKNOWN"
"208353","task:208353:statement:0:relation:root.(child).a.setop.b0.setop.b0.setop.b0.setop.b0.setop.b0.setop.b0.setop.b0.setop.b0.setop.b0.setop.b0.setop.b0.setop.b0.setop.b0.setop.b0.setop.b0.setop.b1.read.grp_cust_open_sh_mhs_flag","dm_index_n.grp_cust_open_sh_mhs_flag","CANDIDATE_ONLY","123713","1","0","UNKNOWN","PARTITION_NON_LITERAL|WRITER_PARTITION_UNKNOWN"
"208353","task:208353:statement:0:relation:root.(child).a.setop.b0.setop.b0.setop.b0.setop.b0.setop.b0.setop.b0.setop.b0.setop.b0.setop.b0.setop.b0.setop.b0.setop.b0.setop.b0.setop.b0.setop.b1.read.grp_cust_open_marg_flag","dm_index_n.grp_cust_open_marg_flag","CANDIDATE_ONLY","123590","1","0","UNKNOWN","PARTITION_NON_LITERAL|WRITER_PARTITION_UNKNOWN"
"208353","task:208353:statement:0:relation:root.(child).a.setop.b0.setop.b0.setop.b0.setop.b0.setop.b0.setop.b0.setop.b0.setop.b0.setop.b0.setop.b0.setop.b0.setop.b0.setop.b0.setop.b1.read.grp_tag_client_whth_pvt_qual_ivstr","dm_index_n.grp_tag_client_whth_pvt_qual_ivstr","CANDIDATE_ONLY","101646","1","0","UNKNOWN","PARTITION_NON_LITERAL|WRITER_PARTITION_UNKNOWN"
"208353","task:208353:statement:0:relation:root.(child).a.setop.b0.setop.b0.setop.b0.setop.b0.setop.b0.setop.b0.setop.b0.setop.b0.setop.b0.setop.b0.setop.b0.setop.b1.read.grp_tag_client_cust_year_product_tenure","dm_index_n.grp_tag_client_cust_year_product_tenure","FULLY_CONFIRMED","202398","1","1","CONFIRMED",""
"208353","task:208353:statement:0:relation:root.(child).a.setop.b0.setop.b0.setop.b0.setop.b0.setop.b0.setop.b0.setop.b0.setop.b0.setop.b0.setop.b0.setop.b1.read.grp_tag_client_cust_year_ia_nws_new_addsign","dm_index_n.grp_tag_client_cust_year_ia_nws_new_addsign","FULLY_CONFIRMED","202397","1","1","CONFIRMED",""
"208353","task:208353:statement:0:relation:root.(child).a.setop.b0.setop.b0.setop.b0.setop.b0.setop.b0.setop.b0.setop.b0.setop.b0.setop.b0.setop.b1.read.grp_tag_indv_cust_cust_year_buyria_newadd","dm_index_n.grp_tag_indv_cust_cust_year_buyria_newadd","FULLY_CONFIRMED","202550","1","1","CONFIRMED",""
"208353","task:208353:statement:0:relation:root.(child).a.setop.b0.setop.b0.setop.b0.setop.b0.setop.b0.setop.b0.setop.b0.setop.b0.setop.b1.read.grp_tag_client_is_kyc_accts","dm_index_n.grp_tag_client_is_kyc_accts","CANDIDATE_ONLY","187791","1","0","UNKNOWN","PARTITION_NON_LITERAL|WRITER_PARTITION_UNKNOWN"
"208353","task:208353:statement:0:relation:root.(child).a.setop.b0.setop.b0.setop.b0.setop.b0.setop.b0.setop.b0.setop.b0.setop.b1.read.grp_tag_client_rich_cust_flag","dm_index_n.grp_tag_client_rich_cust_flag","FULLY_CONFIRMED","101358","1","1","CONFIRMED",""
"208353","task:208353:statement:0:relation:root.(child).a.setop.b0.setop.b0.setop.b0.setop.b0.setop.b0.setop.b1.read.grp_tag_client_potn_gem_cust_flag","dm_index_n.grp_tag_client_potn_gem_cust_flag","CANDIDATE_ONLY","121401","1","0","UNKNOWN","PARTITION_NON_LITERAL|WRITER_PARTITION_UNKNOWN"
"208353","task:208353:statement:0:relation:root.(child).a.setop.b0.setop.b0.setop.b0.setop.b0.setop.b1.read.grp_tag_client_cust_whth_stib_pcus","dm_index_n.grp_tag_client_cust_whth_stib_pcus","CANDIDATE_ONLY","135973","1","0","UNKNOWN","PARTITION_NON_LITERAL|WRITER_PARTITION_UNKNOWN"
"208353","task:208353:statement:0:relation:root.(child).a.setop.b0.setop.b0.setop.b0.setop.b1.read.grp_tag_indv_cust_bse_bcust_flag","dm_index_n.grp_tag_indv_cust_bse_bcust_flag","CANDIDATE_ONLY","112835","1","0","UNKNOWN","PARTITION_NON_LITERAL|WRITER_PARTITION_UNKNOWN"
"208353","task:208353:statement:0:relation:root.(child).a.setop.b0.setop.b0.setop.b1.read.grp_tag_client_cust_whth_szhk_sc_pcus","dm_index_n.grp_tag_client_cust_whth_szhk_sc_pcus","CANDIDATE_ONLY","156245","1","0","UNKNOWN","PARTITION_NON_LITERAL|WRITER_PARTITION_UNKNOWN"
"208353","task:208353:statement:0:relation:root.(child).a.setop.b0.setop.b1.read.grp_tag_client_cust_whth_shhk_sc_pcus","dm_index_n.grp_tag_client_cust_whth_shhk_sc_pcus","CANDIDATE_ONLY","156244","1","0","UNKNOWN","PARTITION_NON_LITERAL|WRITER_PARTITION_UNKNOWN"
"208353","task:208353:statement:0:relation:root.(child).a.setop.b1.read.grp_tag_client_cust_whth_marg_pcus","dm_index_n.grp_tag_client_cust_whth_marg_pcus","CANDIDATE_ONLY","140692","1","0","UNKNOWN","PARTITION_NON_LITERAL|WRITER_PARTITION_UNKNOWN"
"208353","task:208353:statement:0:relation:root.(child-1).a.setop.b0.setop.b0.setop.b0.setop.b0.setop.b0.setop.b0.setop.b0.setop.b0.setop.b0.setop.b0.setop.b0.setop.b0.setop.b0.setop.b0.setop.b0.setop.b0.setop.b0.setop.b0.setop.b0.read.index_grp1_cust_totalast_npapd_qtr_all","dm_index_n.index_grp1_cust_totalast_npapd_qtr_all","FULLY_CONFIRMED","208182","1","1","CONFIRMED",""
"208353","task:208353:statement:0:relation:root.(child-1).a.setop.b0.setop.b0.setop.b0.setop.b0.setop.b0.setop.b0.setop.b0.setop.b0.setop.b0.setop.b0.setop.b0.setop.b0.setop.b0.setop.b0.setop.b0.setop.b0.setop.b0.setop.b1.read.index_grp1_cust_incm_fullcali_qtr_all","dm_index_n.index_grp1_cust_incm_fullcali_qtr_all","CANDIDATE_ONLY","208186","1","0","UNKNOWN","WRITER_PARTITION_UNKNOWN"
"208353","task:208353:statement:0:relation:root.(child-1).a.setop.b0.setop.b0.setop.b0.setop.b0.setop.b0.setop.b0.setop.b0.setop.b0.setop.b0.setop.b0.setop.b0.setop.b0.setop.b0.setop.b0.setop.b0.setop.b0.setop.b1.read.index_grp1_cust_bscast_astpkg_obsv_mth_all","dm_index_n.index_grp1_cust_bscast_astpkg_obsv_mth_all","FULLY_CONFIRMED","199739","1","1","CONFIRMED",""
"208353","task:208353:statement:0:relation:root.(child-1).a.setop.b0.setop.b0.setop.b0.setop.b0.setop.b0.setop.b0.setop.b0.setop.b0.setop.b0.setop.b0.setop.b0.setop.b0.setop.b0.setop.b0.setop.b0.setop.b1.read.index_grp1_cust_palamt_relapst_astpkg_obsv_mth_all","dm_index_n.index_grp1_cust_palamt_relapst_astpkg_obsv_mth_all","FULLY_CONFIRMED","199337","1","1","CONFIRMED",""
"208353","task:208353:statement:0:relation:root.(child-1).a.setop.b0.setop.b0.setop.b0.setop.b0.setop.b0.setop.b0.setop.b0.setop.b0.setop.b0.setop.b0.setop.b0.setop.b0.setop.b0.setop.b0.setop.b1.read.index_grp1_cust_nav_aum_tdy_all","dm_index_n.index_grp1_cust_nav_aum_tdy_all","FULLY_CONFIRMED","184082","1","1","CONFIRMED",""
"208353","task:208353:statement:0:relation:root.(child-1).a.setop.b0.setop.b0.setop.b0.setop.b0.setop.b0.setop.b0.setop.b0.setop.b0.setop.b0.setop.b0.setop.b0.setop.b0.setop.b1.read.grp_cust_open_gem_flag","dm_index_n.grp_cust_open_gem_flag","CANDIDATE_ONLY","123593","1","0","UNKNOWN","PARTITION_NON_LITERAL|WRITER_PARTITION_UNKNOWN"
"208353","task:208353:statement:0:relation:root.(child-1).a.setop.b0.setop.b0.setop.b0.setop.b0.setop.b0.setop.b0.setop.b0.setop.b0.setop.b0.setop.b0.setop.b0.setop.b1.read.grp_tag_client_open_stib","dm_index_n.grp_tag_client_open_stib","CANDIDATE_ONLY","112602","1","0","UNKNOWN","PARTITION_NON_LITERAL|WRITER_PARTITION_UNKNOWN"
"208353","task:208353:statement:0:relation:root.(child-1).a.setop.b0.setop.b0.setop.b0.setop.b0.setop.b0.setop.b0.setop.b0.setop.b0.setop.b0.setop.b0.setop.b1.read.grp_tag_client_cust_whth_open_bse_righ","dm_index_n.grp_tag_client_cust_whth_open_bse_righ","CANDIDATE_ONLY","123569","1","0","UNKNOWN","PARTITION_NON_LITERAL|WRITER_PARTITION_UNKNOWN"
"208353","task:208353:statement:0:relation:root.(child-1).a.setop.b0.setop.b0.setop.b0.setop.b0.setop.b0.setop.b0.setop.b0.setop.b0.setop.b0.setop.b1.read.grp_cust_open_sz_mhs_flag","dm_index_n.grp_cust_open_sz_mhs_flag","CANDIDATE_ONLY","123712","1","0","UNKNOWN","PARTITION_NON_LITERAL|WRITER_PARTITION_UNKNOWN"
"208353","task:208353:statement:0:relation:root.(child-1).a.setop.b0.setop.b0.setop.b0.setop.b0.setop.b0.setop.b0.setop.b0.setop.b0.setop.b1.read.grp_cust_open_sh_mhs_flag","dm_index_n.grp_cust_open_sh_mhs_flag","CANDIDATE_ONLY","123713","1","0","UNKNOWN","PARTITION_NON_LITERAL|WRITER_PARTITION_UNKNOWN"
"208353","task:208353:statement:0:relation:root.(child-1).a.setop.b0.setop.b0.setop.b0.setop.b0.setop.b0.setop.b0.setop.b0.setop.b1.read.grp_cust_open_marg_flag","dm_index_n.grp_cust_open_marg_flag","CANDIDATE_ONLY","123590","1","0","UNKNOWN","PARTITION_NON_LITERAL|WRITER_PARTITION_UNKNOWN"
"208353","task:208353:statement:0:relation:root.(child-1).a.setop.b0.setop.b0.setop.b0.setop.b0.setop.b0.setop.b0.setop.b1.read.grp_tag_client_whth_pvt_qual_ivstr","dm_index_n.grp_tag_client_whth_pvt_qual_ivstr","CANDIDATE_ONLY","101646","1","0","UNKNOWN","PARTITION_NON_LITERAL|WRITER_PARTITION_UNKNOWN"
"208353","task:208353:statement:0:relation:root.(child-1).a.setop.b0.setop.b0.setop.b0.setop.b0.setop.b1.read.grp_tag_client_cust_year_product_tenure","dm_index_n.grp_tag_client_cust_year_product_tenure","FULLY_CONFIRMED","202398","1","1","CONFIRMED",""
"208353","task:208353:statement:0:relation:root.(child-1).a.setop.b0.setop.b0.setop.b0.setop.b1.read.grp_tag_client_cust_year_ia_nws_new_addsign","dm_index_n.grp_tag_client_cust_year_ia_nws_new_addsign","FULLY_CONFIRMED","202397","1","1","CONFIRMED",""
"208353","task:208353:statement:0:relation:root.(child-1).a.setop.b0.setop.b0.setop.b1.read.grp_tag_indv_cust_cust_year_buyria_newadd","dm_index_n.grp_tag_indv_cust_cust_year_buyria_newadd","FULLY_CONFIRMED","202550","1","1","CONFIRMED",""
"208353","task:208353:statement:0:relation:root.(child-1).a.setop.b0.setop.b1.read.grp_tag_client_is_kyc_accts","dm_index_n.grp_tag_client_is_kyc_accts","CANDIDATE_ONLY","187791","1","0","UNKNOWN","PARTITION_NON_LITERAL|WRITER_PARTITION_UNKNOWN"
"208353","task:208353:statement:0:relation:root.(child-1).a.setop.b1.read.index_grp_apd_net_asset","dm_index_n.index_grp_apd_net_asset","CANDIDATE_ONLY","87089","1","0","UNKNOWN","PARTITION_NON_LITERAL|WRITER_PARTITION_UNKNOWN"
"208353","task:208353:statement:0:relation:root.casttable.b.c.read.index_grp1_slp_emt_actv_date_appr_pst","dm_index_n.index_grp1_slp_emt_actv_date_appr_pst","CANDIDATE_ONLY","195334","1","0","UNKNOWN","PARTITION_NON_LITERAL|WRITER_PARTITION_UNKNOWN"
"208353","task:208353:statement:0:relation:root.casttable.t5.a.setop.b0.read.index_grp1_cust_nav_aum_tdy_all","dm_index_n.index_grp1_cust_nav_aum_tdy_all","FULLY_CONFIRMED","184082","1","1","CONFIRMED",""
"208983","task:208983:statement:0:relation:root.(child).t.setop.b0.setop.b0.setop.b0.setop.b0.setop.b0.setop.b0.setop.b0.setop.b0.setop.b0.setop.b0.setop.b0.setop.b0.setop.b0.setop.b0.setop.b0.setop.b0.setop.b0.setop.b0.setop.b0.setop.b0.setop.b0.setop.b0.setop.b0.setop.b0.setop.b0.setop.b0.setop.b0.setop.b0.setop.b0.setop.b0.setop.b0.setop.b0.setop.b0.setop.b0.setop.b0.setop.b0.setop.b0.setop.b0.setop.b0.setop.b0.setop.b0.setop.b0.setop.b0.setop.b0.setop.b0.setop.b0.setop.b0.setop.b0.setop.b0.setop.b0.setop.b0.setop.b0.setop.b0.setop.b0.setop.b0.setop.b0.read.index_grp_serv_emp_id","dm_index_n.index_grp_serv_emp_id","FULLY_CONFIRMED","97636","1","1","CONFIRMED",""
"208983","task:208983:statement:0:relation:root.(child).t.setop.b0.setop.b0.setop.b0.setop.b0.setop.b0.setop.b0.setop.b0.setop.b0.setop.b0.setop.b0.setop.b0.setop.b0.setop.b0.setop.b0.setop.b0.setop.b0.setop.b0.setop.b0.setop.b0.setop.b0.setop.b0.setop.b0.setop.b0.setop.b0.setop.b0.setop.b0.setop.b0.setop.b0.setop.b0.setop.b0.setop.b0.setop.b0.setop.b0.setop.b0.setop.b0.setop.b0.setop.b0.setop.b0.setop.b0.setop.b0.setop.b0.setop.b0.setop.b0.setop.b0.setop.b0.setop.b0.setop.b0.setop.b0.setop.b0.setop.b0.setop.b0.setop.b0.setop.b0.setop.b0.setop.b0.setop.b1.read.index_grp_devpr_emp_id","dm_index_n.index_grp_devpr_emp_id","FULLY_CONFIRMED","97635","1","1","CONFIRMED",""
"208983","task:208983:statement:0:relation:root.(child).t.setop.b0.setop.b0.setop.b0.setop.b0.setop.b0.setop.b0.setop.b0.setop.b0.setop.b0.setop.b0.setop.b0.setop.b0.setop.b0.setop.b0.setop.b0.setop.b0.setop.b0.setop.b0.setop.b0.setop.b0.setop.b0.setop.b0.setop.b0.setop.b0.setop.b0.setop.b0.setop.b0.setop.b0.setop.b0.setop.b0.setop.b0.setop.b0.setop.b0.setop.b0.setop.b0.setop.b0.setop.b0.setop.b0.setop.b0.setop.b0.setop.b0.setop.b0.setop.b0.setop.b0.setop.b0.setop.b0.setop.b0.setop.b0.setop.b0.setop.b0.setop.b0.setop.b0.setop.b0.setop.b0.setop.b1.val.val.read.grp_tag_indv_cust_is_actv","dm_index_n.grp_tag_indv_cust_is_actv","FULLY_CONFIRMED","187781","1","1","CONFIRMED",""
"208983","task:208983:statement:0:relation:root.(child).t.setop.b0.setop.b0.setop.b0.setop.b0.setop.b0.setop.b0.setop.b0.setop.b0.setop.b0.setop.b0.setop.b0.setop.b0.setop.b0.setop.b0.setop.b0.setop.b0.setop.b0.setop.b0.setop.b0.setop.b0.setop.b0.setop.b0.setop.b0.setop.b0.setop.b0.setop.b0.setop.b0.setop.b0.setop.b0.setop.b0.setop.b0.setop.b0.setop.b0.setop.b0.setop.b0.setop.b0.setop.b0.setop.b0.setop.b0.setop.b0.setop.b0.setop.b0.setop.b0.setop.b0.setop.b0.setop.b0.setop.b0.setop.b0.setop.b0.setop.b0.setop.b0.setop.b0.setop.b0.setop.b1.val.val.read.grp_tag_client_is_new_valid","dm_index_n.grp_tag_client_is_new_valid","FULLY_CONFIRMED","146788","1","1","CONFIRMED",""
"208983","task:208983:statement:0:relation:root.(child).t.setop.b0.setop.b0.setop.b0.setop.b0.setop.b0.setop.b0.setop.b0.setop.b0.setop.b0.setop.b0.setop.b0.setop.b0.setop.b0.setop.b0.setop.b0.setop.b0.setop.b0.setop.b0.setop.b0.setop.b0.setop.b0.setop.b0.setop.b0.setop.b0.setop.b0.setop.b0.setop.b0.setop.b0.setop.b0.setop.b0.setop.b0.setop.b0.setop.b0.setop.b0.setop.b0.setop.b0.setop.b0.setop.b0.setop.b0.setop.b0.setop.b0.setop.b0.setop.b0.setop.b0.setop.b0.setop.b0.setop.b0.setop.b0.setop.b0.setop.b0.setop.b0.setop.b0.setop.b1.read.index_grp_brch_bel_div_org_name","dm_index_n.index_grp_brch_bel_div_org_name","FULLY_CONFIRMED","98318","1","1","CONFIRMED",""
"208983","task:208983:statement:0:relation:root.(child).t.setop.b0.setop.b0.setop.b0.setop.b0.setop.b0.setop.b0.setop.b0.setop.b0.setop.b0.setop.b0.setop.b0.setop.b0.setop.b0.setop.b0.setop.b0.setop.b0.setop.b0.setop.b0.setop.b0.setop.b0.setop.b0.setop.b0.setop.b0.setop.b0.setop.b0.setop.b0.setop.b0.setop.b0.setop.b0.setop.b0.setop.b0.setop.b0.setop.b0.setop.b0.setop.b0.setop.b0.setop.b0.setop.b0.setop.b0.setop.b0.setop.b0.setop.b0.setop.b0.setop.b0.setop.b0.setop.b0.setop.b0.setop.b0.setop.b0.setop.b0.setop.b0.setop.b1.read.a","dm_index_n.grp_tag_client_cust_typ","FULLY_CONFIRMED","98519","1","1","CONFIRMED",""
"208983","task:208983:statement:0:relation:root.(child).t.setop.b0.setop.b0.setop.b0.setop.b0.setop.b0.setop.b0.setop.b0.setop.b0.setop.b0.setop.b0.setop.b0.setop.b0.setop.b0.setop.b0.setop.b0.setop.b0.setop.b0.setop.b0.setop.b0.setop.b0.setop.b0.setop.b0.setop.b0.setop.b0.setop.b0.setop.b0.setop.b0.setop.b0.setop.b0.setop.b0.setop.b0.setop.b0.setop.b0.setop.b0.setop.b0.setop.b0.setop.b0.setop.b0.setop.b0.setop.b0.setop.b0.setop.b0.setop.b0.setop.b0.setop.b0.setop.b0.setop.b0.setop.b0.setop.b0.setop.b0.setop.b1.read.a","dm_index_n.grp_tag_client_lvst_prefr_clas_mth","CANDIDATE_ONLY","119885","1","0","UNKNOWN","PARTITION_NON_LITERAL|WRITER_PARTITION_UNKNOWN"
"208983","task:208983:statement:0:relation:root.(child).t.setop.b0.setop.b0.setop.b0.setop.b0.setop.b0.setop.b0.setop.b0.setop.b0.setop.b0.setop.b0.setop.b0.setop.b0.setop.b0.setop.b0.setop.b0.setop.b0.setop.b0.setop.b0.setop.b0.setop.b0.setop.b0.setop.b0.setop.b0.setop.b0.setop.b0.setop.b0.setop.b0.setop.b0.setop.b0.setop.b0.setop.b0.setop.b0.setop.b0.setop.b0.setop.b0.setop.b0.setop.b0.setop.b0.setop.b0.setop.b0.setop.b0.setop.b0.setop.b0.setop.b0.setop.b0.setop.b0.setop.b0.setop.b0.setop.b0.setop.b1.read.a","dm_index_n.grp_tag_client_cust_ast_type","CANDIDATE_ONLY","98572","1","0","UNKNOWN","PARTITION_NON_LITERAL|WRITER_PARTITION_UNKNOWN"
"208983","task:208983:statement:0:relation:root.(child).t.setop.b0.setop.b0.setop.b0.setop.b0.setop.b0.setop.b0.setop.b0.setop.b0.setop.b0.setop.b0.setop.b0.setop.b0.setop.b0.setop.b0.setop.b0.setop.b0.setop.b0.setop.b0.setop.b0.setop.b0.setop.b0.setop.b0.setop.b0.setop.b0.setop.b0.setop.b0.setop.b0.setop.b0.setop.b0.setop.b0.setop.b0.setop.b0.setop.b0.setop.b0.setop.b0.setop.b0.setop.b0.setop.b0.setop.b0.setop.b0.setop.b0.setop.b0.setop.b0.setop.b0.setop.b0.setop.b0.setop.b0.setop.b1.a.read.grp_tag_client_cust_sex","dm_index_n.grp_tag_client_cust_sex","FULLY_CONFIRMED","98517","1","1","CONFIRMED",""
"208983","task:208983:statement:0:relation:root.(child).t.setop.b0.setop.b0.setop.b0.setop.b0.setop.b0.setop.b0.setop.b0.setop.b0.setop.b0.setop.b0.setop.b0.setop.b0.setop.b0.setop.b0.setop.b0.setop.b0.setop.b0.setop.b0.setop.b0.setop.b0.setop.b0.setop.b0.setop.b0.setop.b0.setop.b0.setop.b0.setop.b0.setop.b0.setop.b0.setop.b0.setop.b0.setop.b0.setop.b0.setop.b0.setop.b0.setop.b0.setop.b0.setop.b0.setop.b0.setop.b0.setop.b0.setop.b0.setop.b0.setop.b0.setop.b0.setop.b0.setop.b1.read.index_grp_occp_name","dm_index_n.index_grp_occp_name","FULLY_CONFIRMED","98403","1","1","CONFIRMED",""
"208983","task:208983:statement:0:relation:root.(child).t.setop.b0.setop.b0.setop.b0.setop.b0.setop.b0.setop.b0.setop.b0.setop.b0.setop.b0.setop.b0.setop.b0.setop.b0.setop.b0.setop.b0.setop.b0.setop.b0.setop.b0.setop.b0.setop.b0.setop.b0.setop.b0.setop.b0.setop.b0.setop.b0.setop.b0.setop.b0.setop.b0.setop.b0.setop.b0.setop.b0.setop.b0.setop.b0.setop.b0.setop.b0.setop.b0.setop.b0.setop.b0.setop.b0.setop.b0.setop.b0.setop.b0.setop.b0.setop.b0.setop.b0.setop.b0.setop.b1.read.index_grp_cust_id_own_prov","dm_index_n.index_grp_cust_id_own_prov","FULLY_CONFIRMED","102931","1","1","CONFIRMED",""
"208983","task:208983:statement:0:relation:root.(child).t.setop.b0.setop.b0.setop.b0.setop.b0.setop.b0.setop.b0.setop.b0.setop.b0.setop.b0.setop.b0.setop.b0.setop.b0.setop.b0.setop.b0.setop.b0.setop.b0.setop.b0.setop.b0.setop.b0.setop.b0.setop.b0.setop.b0.setop.b0.setop.b0.setop.b0.setop.b0.setop.b0.setop.b0.setop.b0.setop.b0.setop.b0.setop.b0.setop.b0.setop.b0.setop.b0.setop.b0.setop.b0.setop.b0.setop.b0.setop.b0.setop.b0.setop.b0.setop.b0.setop.b0.setop.b1.read.index_grp_cust_id_own_city","dm_index_n.index_grp_cust_id_own_city","FULLY_CONFIRMED","102934","1","1","CONFIRMED",""
"208983","task:208983:statement:0:relation:root.(child).t.setop.b0.setop.b0.setop.b0.setop.b0.setop.b0.setop.b0.setop.b0.setop.b0.setop.b0.setop.b0.setop.b0.setop.b0.setop.b0.setop.b0.setop.b0.setop.b0.setop.b0.setop.b0.setop.b0.setop.b0.setop.b0.setop.b0.setop.b0.setop.b0.setop.b0.setop.b0.setop.b0.setop.b0.setop.b0.setop.b0.setop.b0.setop.b0.setop.b0.setop.b0.setop.b0.setop.b0.setop.b0.setop.b0.setop.b0.setop.b0.setop.b0.setop.b0.setop.b0.setop.b1.read.index_grp_oact_org_name","dm_index_n.index_grp_oact_org_name","FULLY_CONFIRMED","98312","1","1","CONFIRMED",""
"208983","task:208983:statement:0:relation:root.(child).t.setop.b0.setop.b0.setop.b0.setop.b0.setop.b0.setop.b0.setop.b0.setop.b0.setop.b0.setop.b0.setop.b0.setop.b0.setop.b0.setop.b0.setop.b0.setop.b0.setop.b0.setop.b0.setop.b0.setop.b0.setop.b0.setop.b0.setop.b0.setop.b0.setop.b0.setop.b0.setop.b0.setop.b0.setop.b0.setop.b0.setop.b0.setop.b0.setop.b0.setop.b0.setop.b0.setop.b0.setop.b0.setop.b0.setop.b0.setop.b0.setop.b0.setop.b0.setop.b1.read.index_grp_cust_oact_org_prov","dm_index_n.index_grp_cust_oact_org_prov","FULLY_CONFIRMED","118180","1","1","CONFIRMED",""
"208983","task:208983:statement:0:relation:root.(child).t.setop.b0.setop.b0.setop.b0.setop.b0.setop.b0.setop.b0.setop.b0.setop.b0.setop.b0.setop.b0.setop.b0.setop.b0.setop.b0.setop.b0.setop.b0.setop.b0.setop.b0.setop.b0.setop.b0.setop.b0.setop.b0.setop.b0.setop.b0.setop.b0.setop.b0.setop.b0.setop.b0.setop.b0.setop.b0.setop.b0.setop.b0.setop.b0.setop.b0.setop.b0.setop.b0.setop.b0.setop.b0.setop.b0.setop.b0.setop.b0.setop.b1.a.read.grp_tag_client_risk_lvl","dm_index_n.grp_tag_client_risk_lvl","FULLY_CONFIRMED","98520","1","1","CONFIRMED",""
"208983","task:208983:statement:0:relation:root.(child).t.setop.b0.setop.b0.setop.b0.setop.b0.setop.b0.setop.b0.setop.b0.setop.b0.setop.b0.setop.b0.setop.b0.setop.b0.setop.b0.setop.b0.setop.b0.setop.b0.setop.b0.setop.b0.setop.b0.setop.b0.setop.b0.setop.b0.setop.b0.setop.b0.setop.b0.setop.b0.setop.b0.setop.b0.setop.b0.setop.b0.setop.b0.setop.b0.setop.b0.setop.b0.setop.b0.setop.b0.setop.b0.setop.b0.setop.b0.setop.b1.val.read.grp_tag_client_inve_kind","dm_index_n.grp_tag_client_inve_kind","CANDIDATE_ONLY","96844","1","0","UNKNOWN","PARTITION_NON_LITERAL|WRITER_PARTITION_UNKNOWN"
"208983","task:208983:statement:0:relation:root.(child).t.setop.b0.setop.b0.setop.b0.setop.b0.setop.b0.setop.b0.setop.b0.setop.b0.setop.b0.setop.b0.setop.b0.setop.b0.setop.b0.setop.b0.setop.b0.setop.b0.setop.b0.setop.b0.setop.b0.setop.b0.setop.b0.setop.b0.setop.b0.setop.b0.setop.b0.setop.b0.setop.b0.setop.b0.setop.b0.setop.b0.setop.b0.setop.b0.setop.b0.setop.b0.setop.b0.setop.b0.setop.b0.setop.b0.setop.b1.val.read.grp_tag_client_briefest_ivst_term","dm_index_n.grp_tag_client_briefest_ivst_term","CANDIDATE_ONLY","96843","1","0","UNKNOWN","PARTITION_NON_LITERAL|WRITER_PARTITION_UNKNOWN"
"208983","task:208983:statement:0:relation:root.(child).t.setop.b0.setop.b0.setop.b0.setop.b0.setop.b0.setop.b0.setop.b0.setop.b0.setop.b0.setop.b0.setop.b0.setop.b0.setop.b0.setop.b0.setop.b0.setop.b0.setop.b0.setop.b0.setop.b0.setop.b0.setop.b0.setop.b0.setop.b0.setop.b0.setop.b0.setop.b0.setop.b0.setop.b0.setop.b0.setop.b0.setop.b0.setop.b0.setop.b0.setop.b0.setop.b0.setop.b0.setop.b0.setop.b1.read.index_grp_ytj_app_start_days_last_15d","dm_index_n.index_grp_ytj_app_start_days_last_15d","FULLY_CONFIRMED","98900","1","1","CONFIRMED",""
"208983","task:208983:statement:0:relation:root.(child).t.setop.b0.setop.b0.setop.b0.setop.b0.setop.b0.setop.b0.setop.b0.setop.b0.setop.b0.setop.b0.setop.b0.setop.b0.setop.b0.setop.b0.setop.b0.setop.b0.setop.b0.setop.b0.setop.b0.setop.b0.setop.b0.setop.b0.setop.b0.setop.b0.setop.b0.setop.b0.setop.b0.setop.b0.setop.b0.setop.b0.setop.b0.setop.b0.setop.b0.setop.b0.setop.b0.setop.b0.setop.b1.read.index_grp1_view_times_meg_stk_prd_top5_last_30d","dm_index_n.index_grp1_view_times_meg_stk_prd_top5_last_30d","CANDIDATE_ONLY","142847","1","0","UNKNOWN","WRITER_PARTITION_UNKNOWN"
"208983","task:208983:statement:0:relation:root.(child).t.setop.b0.setop.b0.setop.b0.setop.b0.setop.b0.setop.b0.setop.b0.setop.b0.setop.b0.setop.b0.setop.b0.setop.b0.setop.b0.setop.b0.setop.b0.setop.b0.setop.b0.setop.b0.setop.b0.setop.b0.setop.b0.setop.b0.setop.b0.setop.b0.setop.b0.setop.b0.setop.b0.setop.b0.setop.b0.setop.b0.setop.b0.setop.b0.setop.b0.setop.b0.setop.b0.setop.b1.read.index_grp_view_days_prd_det_30d","dm_index_n.index_grp_view_days_prd_det_30d","FULLY_CONFIRMED","110190","1","1","CONFIRMED",""
"208983","task:208983:statement:0:relation:root.(child).t.setop.b0.setop.b0.setop.b0.setop.b0.setop.b0.setop.b0.setop.b0.setop.b0.setop.b0.setop.b0.setop.b0.setop.b0.setop.b0.setop.b0.setop.b0.setop.b0.setop.b0.setop.b0.setop.b0.setop.b0.setop.b0.setop.b0.setop.b0.setop.b0.setop.b0.setop.b0.setop.b0.setop.b0.setop.b0.setop.b0.setop.b0.setop.b0.setop.b0.setop.b0.setop.b1.read.index_grp_cust_viewdays_nws_last30day","dm_index_n.index_grp_cust_viewdays_nws_last30day","CANDIDATE_ONLY","111730","1","0","UNKNOWN","WRITER_PARTITION_UNKNOWN"
"208983","task:208983:statement:0:relation:root.(child).t.setop.b0.setop.b0.setop.b0.setop.b0.setop.b0.setop.b0.setop.b0.setop.b0.setop.b0.setop.b0.setop.b0.setop.b0.setop.b0.setop.b0.setop.b0.setop.b0.setop.b0.setop.b0.setop.b0.setop.b0.setop.b0.setop.b0.setop.b0.setop.b0.setop.b0.setop.b0.setop.b0.setop.b0.setop.b0.setop.b0.setop.b0.setop.b0.setop.b0.setop.b1.read.index_grp_newcust_page_view_times_30d","dm_index_n.index_grp_newcust_page_view_times_30d","FULLY_CONFIRMED","124177","1","1","CONFIRMED",""
"208983","task:208983:statement:0:relation:root.(child).t.setop.b0.setop.b0.setop.b0.setop.b0.setop.b0.setop.b0.setop.b0.setop.b0.setop.b0.setop.b0.setop.b0.setop.b0.setop.b0.setop.b0.setop.b0.setop.b0.setop.b0.setop.b0.setop.b0.setop.b0.setop.b0.setop.b0.setop.b0.setop.b0.setop.b0.setop.b0.setop.b0.setop.b0.setop.b0.setop.b0.setop.b0.setop.b0.setop.b1.read.index_grp1_page_view_days_meg_app_mon","dm_index_n.index_grp1_page_view_days_meg_app_mon","CANDIDATE_ONLY","165928","1","0","UNKNOWN","PARTITION_NON_LITERAL|WRITER_PARTITION_UNKNOWN"
"208983","task:208983:statement:0:relation:root.(child).t.setop.b0.setop.b0.setop.b0.setop.b0.setop.b0.setop.b0.setop.b0.setop.b0.setop.b0.setop.b0.setop.b0.setop.b0.setop.b0.setop.b0.setop.b0.setop.b0.setop.b0.setop.b0.setop.b0.setop.b0.setop.b0.setop.b0.setop.b0.setop.b0.setop.b0.setop.b0.setop.b0.setop.b0.setop.b0.setop.b0.setop.b0.setop.b1.tags.read.index_grp1_mval_otsd_tdy","dm_index_n.index_grp1_mval_otsd_tdy","ALL_DISJOINT","126217","1","0","DISJOINT","PARTITION_NO_MATCH"
"208983","task:208983:statement:0:relation:root.(child).t.setop.b0.setop.b0.setop.b0.setop.b0.setop.b0.setop.b0.setop.b0.setop.b0.setop.b0.setop.b0.setop.b0.setop.b0.setop.b0.setop.b0.setop.b0.setop.b0.setop.b0.setop.b0.setop.b0.setop.b0.setop.b0.setop.b0.setop.b0.setop.b0.setop.b0.setop.b0.setop.b0.setop.b0.setop.b0.setop.b0.setop.b1.read.index_grp1_net_ast","dm_index_n.index_grp1_net_ast","CANDIDATE_ONLY","158338","1","0","UNKNOWN","PARTITION_NON_LITERAL|WRITER_PARTITION_UNKNOWN"
"208983","task:208983:statement:0:relation:root.(child).t.setop.b0.setop.b0.setop.b0.setop.b0.setop.b0.setop.b0.setop.b0.setop.b0.setop.b0.setop.b0.setop.b0.setop.b0.setop.b0.setop.b0.setop.b0.setop.b0.setop.b0.setop.b0.setop.b0.setop.b0.setop.b0.setop.b0.setop.b0.setop.b0.setop.b0.setop.b0.setop.b0.setop.b0.setop.b0.setop.b1.read.index_grp1_ast","dm_index_n.index_grp1_ast","CANDIDATE_ONLY","157103","1","0","UNKNOWN","PARTITION_NON_LITERAL|WRITER_PARTITION_UNKNOWN"
"208983","task:208983:statement:0:relation:root.(child).t.setop.b0.setop.b0.setop.b0.setop.b0.setop.b0.setop.b0.setop.b0.setop.b0.setop.b0.setop.b0.setop.b0.setop.b0.setop.b0.setop.b0.setop.b0.setop.b0.setop.b0.setop.b0.setop.b0.setop.b0.setop.b0.setop.b0.setop.b0.setop.b0.setop.b0.setop.b0.setop.b0.setop.b0.setop.b1.ind.read.index_grp1_apdnetast_oactdayapd_mth_retandorgcntr","dm_index_n.index_grp1_apdnetast_oactdayapd_mth_retandorgcntr","FULLY_CONFIRMED","167822","1","1","CONFIRMED",""
"208983","task:208983:statement:0:relation:root.(child).t.setop.b0.setop.b0.setop.b0.setop.b0.setop.b0.setop.b0.setop.b0.setop.b0.setop.b0.setop.b0.setop.b0.setop.b0.setop.b0.setop.b0.setop.b0.setop.b0.setop.b0.setop.b0.setop.b0.setop.b0.setop.b0.setop.b0.setop.b0.setop.b0.setop.b0.setop.b0.setop.b0.setop.b1.val.read.grp_tag_client_open_gem","dm_index_n.grp_tag_client_open_gem","CANDIDATE_ONLY","112592","1","0","UNKNOWN","PARTITION_NON_LITERAL|WRITER_PARTITION_UNKNOWN"
"208983","task:208983:statement:0:relation:root.(child).t.setop.b0.setop.b0.setop.b0.setop.b0.setop.b0.setop.b0.setop.b0.setop.b0.setop.b0.setop.b0.setop.b0.setop.b0.setop.b0.setop.b0.setop.b0.setop.b0.setop.b0.setop.b0.setop.b0.setop.b0.setop.b0.setop.b0.setop.b0.setop.b0.setop.b0.setop.b0.setop.b1.val.read.grp_tag_client_open_stib","dm_index_n.grp_tag_client_open_stib","CANDIDATE_ONLY","112602","1","0","UNKNOWN","PARTITION_NON_LITERAL|WRITER_PARTITION_UNKNOWN"
"208983","task:208983:statement:0:relation:root.(child).t.setop.b0.setop.b0.setop.b0.setop.b0.setop.b0.setop.b0.setop.b0.setop.b0.setop.b0.setop.b0.setop.b0.setop.b0.setop.b0.setop.b0.setop.b0.setop.b0.setop.b0.setop.b0.setop.b0.setop.b0.setop.b0.setop.b0.setop.b0.setop.b0.setop.b0.setop.b1.read.index_grp_shhk_sc_active_status","dm_index_n.index_grp_shhk_sc_active_status","FULLY_CONFIRMED","93506","1","1","CONFIRMED",""
"208983","task:208983:statement:0:relation:root.(child).t.setop.b0.setop.b0.setop.b0.setop.b0.setop.b0.setop.b0.setop.b0.setop.b0.setop.b0.setop.b0.setop.b0.setop.b0.setop.b0.setop.b0.setop.b0.setop.b0.setop.b0.setop.b0.setop.b0.setop.b0.setop.b0.setop.b0.setop.b0.setop.b0.setop.b1.val.read.grp_tag_client_is_open_btrd","dm_index_n.grp_tag_client_is_open_btrd","CANDIDATE_ONLY","119910","1","0","UNKNOWN","PARTITION_NON_LITERAL|WRITER_PARTITION_UNKNOWN"
"208983","task:208983:statement:0:relation:root.(child).t.setop.b0.setop.b0.setop.b0.setop.b0.setop.b0.setop.b0.setop.b0.setop.b0.setop.b0.setop.b0.setop.b0.setop.b0.setop.b0.setop.b0.setop.b0.setop.b0.setop.b0.setop.b0.setop.b0.setop.b0.setop.b0.setop.b0.setop.b0.setop.b1.val.read.grp_tag_client_is_open_covt_bond_righ","dm_index_n.grp_tag_client_is_open_covt_bond_righ","CANDIDATE_ONLY","99839","1","0","UNKNOWN","PARTITION_NON_LITERAL|WRITER_PARTITION_UNKNOWN"
"208983","task:208983:statement:0:relation:root.(child).t.setop.b0.setop.b0.setop.b0.setop.b0.setop.b0.setop.b0.setop.b0.setop.b0.setop.b0.setop.b0.setop.b0.setop.b0.setop.b0.setop.b0.setop.b0.setop.b0.setop.b0.setop.b0.setop.b0.setop.b0.setop.b0.setop.b0.setop.b1.val.read.grp_tag_client_is_hign_actv_cust","dm_index_n.grp_tag_client_is_hign_actv_cust","FULLY_CONFIRMED","99145","1","1","CONFIRMED",""
"208983","task:208983:statement:0:relation:root.(child).t.setop.b0.setop.b0.setop.b0.setop.b0.setop.b0.setop.b0.setop.b0.setop.b0.setop.b0.setop.b0.setop.b0.setop.b0.setop.b0.setop.b0.setop.b0.setop.b0.setop.b0.setop.b0.setop.b0.setop.b0.setop.b0.setop.b1.read.index_grp1_prd_det_add_option_curr_hold","dm_index_n.index_grp1_prd_det_add_option_curr_hold","FULLY_CONFIRMED","140678","1","1","CONFIRMED",""
"208983","task:208983:statement:0:relation:root.(child).t.setop.b0.setop.b0.setop.b0.setop.b0.setop.b0.setop.b0.setop.b0.setop.b0.setop.b0.setop.b0.setop.b0.setop.b0.setop.b0.setop.b0.setop.b0.setop.b0.setop.b0.setop.b0.setop.b0.setop.b0.setop.b1.read.index_grp_mobile_num_ytj_prom_last","dm_index_n.index_grp_mobile_num_ytj_prom_last","FULLY_CONFIRMED","99529","1","1","CONFIRMED",""
"208983","task:208983:statement:0:relation:root.(child).t.setop.b0.setop.b0.setop.b0.setop.b0.setop.b0.setop.b0.setop.b0.setop.b0.setop.b0.setop.b0.setop.b0.setop.b0.setop.b0.setop.b0.setop.b0.setop.b0.setop.b0.setop.b0.setop.b0.setop.b1.tags.read.index_grp_cust_times_chgpoint_tdy","dm_index_n.index_grp_cust_times_chgpoint_tdy","FULLY_CONFIRMED","123377","1","1","CONFIRMED",""
"208983","task:208983:statement:0:relation:root.(child).t.setop.b0.setop.b0.setop.b0.setop.b0.setop.b0.setop.b0.setop.b0.setop.b0.setop.b0.setop.b0.setop.b0.setop.b0.setop.b0.setop.b0.setop.b0.setop.b0.setop.b0.setop.b0.setop.b1.val.read.grp_tag_client_whth_free_oper_cust","dm_index_n.grp_tag_client_whth_free_oper_cust","FULLY_CONFIRMED","137179","1","1","CONFIRMED",""
"208983","task:208983:statement:0:relation:root.(child).t.setop.b0.setop.b0.setop.b0.setop.b0.setop.b0.setop.b0.setop.b0.setop.b0.setop.b0.setop.b0.setop.b0.setop.b0.setop.b0.setop.b0.setop.b0.setop.b0.setop.b0.setop.b1.val.read.grp_tag_client_whth_used_rsrv_purch_ipo","dm_index_n.grp_tag_client_whth_used_rsrv_purch_ipo","FULLY_CONFIRMED","125474","1","1","CONFIRMED",""
"208983","task:208983:statement:0:relation:root.(child).t.setop.b0.setop.b0.setop.b0.setop.b0.setop.b0.setop.b0.setop.b0.setop.b0.setop.b0.setop.b0.setop.b0.setop.b0.setop.b0.setop.b0.setop.b0.setop.b0.setop.b1.val.read.grp_tag_client_whth_only_purch_ipo","dm_index_n.grp_tag_client_whth_only_purch_ipo","FULLY_CONFIRMED","125754","1","1","CONFIRMED",""
"208983","task:208983:statement:0:relation:root.(child).t.setop.b0.setop.b0.setop.b0.setop.b0.setop.b0.setop.b0.setop.b0.setop.b0.setop.b0.setop.b0.setop.b0.setop.b0.setop.b0.setop.b0.setop.b0.setop.b1.read.index_grp1_ast","dm_index_n.index_grp1_ast","CANDIDATE_ONLY","157103","1","0","UNKNOWN","PARTITION_NON_LITERAL|WRITER_PARTITION_UNKNOWN"
"208983","task:208983:statement:0:relation:root.(child).t.setop.b0.setop.b0.setop.b0.setop.b0.setop.b0.setop.b0.setop.b0.setop.b0.setop.b0.setop.b0.setop.b0.setop.b0.setop.b0.setop.b0.setop.b1.val.read.grp_tag_client_con_pond_potential_cust","dm_index_n.grp_tag_client_con_pond_potential_cust","CANDIDATE_ONLY","184119","1","0","UNKNOWN","PARTITION_NON_LITERAL|WRITER_PARTITION_UNKNOWN"
"208983","task:208983:statement:0:relation:root.(child).t.setop.b0.setop.b0.setop.b0.setop.b0.setop.b0.setop.b0.setop.b0.setop.b0.setop.b0.setop.b0.setop.b0.setop.b0.setop.b1.val.read.grp_tag_client_cust_exclu_lvl","dm_index_n.grp_tag_client_cust_exclu_lvl","FULLY_CONFIRMED","147810","1","1","CONFIRMED",""
"208983","task:208983:statement:0:relation:root.(child).t.setop.b0.setop.b0.setop.b0.setop.b0.setop.b0.setop.b0.setop.b0.setop.b0.setop.b0.setop.b0.setop.b0.setop.b1.read.index_grp1_enddrawdate_custact","dm_index_n.index_grp1_enddrawdate_custact","FULLY_CONFIRMED","201551","1","1","CONFIRMED",""
"208983","task:208983:statement:0:relation:root.(child).t.setop.b0.setop.b0.setop.b0.setop.b0.setop.b0.setop.b0.setop.b0.setop.b0.setop.b0.setop.b0.setop.b1.read.index_grp_client_mobile_no_last_logn_ytj_ysg","dm_index_n.index_grp_client_mobile_no_last_logn_ytj_ysg","CANDIDATE_ONLY","103907","1","0","UNKNOWN","WRITER_PARTITION_UNKNOWN"
"208983","task:208983:statement:0:relation:root.(child).t.setop.b0.setop.b0.setop.b0.setop.b0.setop.b0.setop.b0.setop.b0.setop.b0.setop.b1.tags.read.index_grp1_mval_otsd_tdy","dm_index_n.index_grp1_mval_otsd_tdy","ALL_DISJOINT","126217","1","0","DISJOINT","PARTITION_NO_MATCH"
"208983","task:208983:statement:0:relation:root.(child).t.setop.b0.setop.b0.setop.b0.setop.b0.setop.b0.setop.b0.setop.b0.setop.b1.read.index_grp_total_asset_max","dm_index_n.index_grp_total_asset_max","FULLY_CONFIRMED","100014","1","1","CONFIRMED",""
"208983","task:208983:statement:0:relation:root.(child).t.setop.b0.setop.b0.setop.b0.setop.b0.setop.b0.setop.b0.setop.b1.val.read.grp_tag_client_is_elig_std_covt_bond","dm_index_n.grp_tag_client_is_elig_std_covt_bond","CANDIDATE_ONLY","119797","1","0","UNKNOWN","PARTITION_NON_LITERAL|WRITER_PARTITION_UNKNOWN"
"208983","task:208983:statement:0:relation:root.(child).t.setop.b0.setop.b0.setop.b0.setop.b0.setop.b0.setop.b1.read.index_grp_cust_hld_posstkcd_name_mkt_mval_a_scr_tdy_nothremark","dm_index_n.index_grp_cust_hld_posstkcd_name_mkt_mval_a_scr_tdy_nothremark","FULLY_CONFIRMED","110851","1","1","CONFIRMED",""
"208983","task:208983:statement:0:relation:root.(child).t.setop.b0.setop.b0.setop.b0.setop.b0.setop.b1.read.index_grp_cust_prdcd_prdname_mval_ostfnd_last3d","dm_index_n.index_grp_cust_prdcd_prdname_mval_ostfnd_last3d","FULLY_CONFIRMED","115939","1","1","CONFIRMED",""
"208983","task:208983:statement:0:relation:root.(child).t.setop.b0.setop.b0.setop.b0.setop.b1.read.index_grp_hld_pub_det_last_3trd","dm_index_n.index_grp_hld_pub_det_last_3trd","FULLY_CONFIRMED","100054","1","1","CONFIRMED",""
"208983","task:208983:statement:0:relation:root.(child).t.setop.b0.setop.b0.setop.b1.val.read.grp_tag_client_is_all_user_wecon_auth","dm_index_n.grp_tag_client_is_all_user_wecon_auth","CANDIDATE_ONLY","140003","1","0","UNKNOWN","PARTITION_NON_LITERAL|WRITER_PARTITION_UNKNOWN"
"208983","task:208983:statement:0:relation:root.(child).t.setop.b0.setop.b1.read.index_grp_cust_last_auth_date_ew","dm_index_n.index_grp_cust_last_auth_date_ew","FULLY_CONFIRMED","115321","1","1","CONFIRMED",""
"208983","task:208983:statement:0:relation:root.(child).t.setop.b1.val.read.grp_tag_client_is_open_wecom_kyc","dm_index_n.grp_tag_client_is_open_wecom_kyc","FULLY_CONFIRMED","99293","1","1","CONFIRMED",""
"209813","task:209813:statement:0:relation:root.casttable.covt.a.setop.b0.read.index_grp1_cust_docbkamt_covtrmb_tdy_all","dm_index_n.index_grp1_cust_docbkamt_covtrmb_tdy_all","CANDIDATE_ONLY","166108","1","0","UNKNOWN","PARTITION_NON_LITERAL|WRITER_PARTITION_UNKNOWN"
"209813","task:209813:statement:0:relation:root.casttable.covt.a.setop.b1.read.index_grp1_cust_doctranoamt_covtrmb_tdy_all","dm_index_n.index_grp1_cust_doctranoamt_covtrmb_tdy_all","CANDIDATE_ONLY","166106","1","0","UNKNOWN","PARTITION_NON_LITERAL|WRITER_PARTITION_UNKNOWN"
"209813","task:209813:statement:0:relation:root.casttable.incm.a.read.index_grp1_cust_incm_allcali_tdy_all","dm_index_n.index_grp1_cust_incm_allcali_tdy_all","CANDIDATE_ONLY","152846","1","0","UNKNOWN","PARTITION_NON_LITERAL|WRITER_PARTITION_UNKNOWN"
"209813","task:209813:statement:0:relation:root.casttable.total.a.read.index_grp_total_asset_avg_mon","dm_index_n.index_grp_total_asset_avg_mon","CANDIDATE_ONLY","95516","1","0","UNKNOWN","PARTITION_NON_LITERAL|WRITER_PARTITION_UNKNOWN"
"209813","task:209813:statement:0:relation:root.casttable.trade.a.read.index_grp_trade_amt_exch","dm_index_n.index_grp_trade_amt_exch","ALL_DISJOINT","80025","1","0","DISJOINT","PARTITION_NO_MATCH"
"209817","task:209817:statement:0:relation:root.casttable.covt.a.setop.b0.read.index_grp1_cust_docbkamt_covtrmb_tdy_all","dm_index_n.index_grp1_cust_docbkamt_covtrmb_tdy_all","CANDIDATE_ONLY","166108","1","0","UNKNOWN","PARTITION_NON_LITERAL|WRITER_PARTITION_UNKNOWN"
"209817","task:209817:statement:0:relation:root.casttable.covt.a.setop.b1.read.index_grp1_cust_doctranoamt_covtrmb_tdy_all","dm_index_n.index_grp1_cust_doctranoamt_covtrmb_tdy_all","CANDIDATE_ONLY","166106","1","0","UNKNOWN","PARTITION_NON_LITERAL|WRITER_PARTITION_UNKNOWN"
"209817","task:209817:statement:0:relation:root.casttable.incm.a.read.index_grp1_cust_incm_allcali_tdy_all","dm_index_n.index_grp1_cust_incm_allcali_tdy_all","CANDIDATE_ONLY","152846","1","0","UNKNOWN","PARTITION_NON_LITERAL|WRITER_PARTITION_UNKNOWN"
"209817","task:209817:statement:0:relation:root.casttable.total.a.read.index_grp_total_asset_avg_mon","dm_index_n.index_grp_total_asset_avg_mon","CANDIDATE_ONLY","95516","1","0","UNKNOWN","PARTITION_NON_LITERAL|WRITER_PARTITION_UNKNOWN"
"209817","task:209817:statement:0:relation:root.casttable.trade.a.read.index_grp_trade_amt_exch","dm_index_n.index_grp_trade_amt_exch","ALL_DISJOINT","80025","1","0","DISJOINT","PARTITION_NO_MATCH"
"210140","task:210140:statement:0:relation:root.(child-2).k.setop.b0.setop.b0.read.aum_org_base_info","pdata_nds.aum_org_base_info","FULLY_CONFIRMED","186430","1","1","CONFIRMED",""
"210140","task:210140:statement:0:relation:root.(child-2).k.setop.b0.setop.b1.a.read.aum_org_base_info","pdata_nds.aum_org_base_info","FULLY_CONFIRMED","186430","1","1","CONFIRMED",""
"210140","task:210140:statement:0:relation:root.(child-2).k.setop.b0.setop.b1.b.read.aum_org_base_info","pdata_nds.aum_org_base_info","FULLY_CONFIRMED","186430","1","1","CONFIRMED",""
"210140","task:210140:statement:0:relation:root.(child-2).k.setop.b1.a.read.aum_org_base_info","pdata_nds.aum_org_base_info","FULLY_CONFIRMED","186430","1","1","CONFIRMED",""
"210140","task:210140:statement:0:relation:root.(child-2).k.setop.b1.b.read.aum_org_base_info","pdata_nds.aum_org_base_info","FULLY_CONFIRMED","186430","1","1","CONFIRMED",""
"210140","task:210140:statement:0:relation:root.(child-3).n.k.setop.b0.setop.b0.rcc.read.grp_tag_client_is_icc","dm_index_n.grp_tag_client_is_icc","FULLY_CONFIRMED","159827","1","1","CONFIRMED",""
"210140","task:210140:statement:0:relation:root.(child-3).n.k.setop.b0.setop.b0.t1.r.setop.b0.setop.b0.setop.b0.setop.b1.read.index_grp1_ast","dm_index_n.index_grp1_ast","CANDIDATE_ONLY","157103","1","0","UNKNOWN","WRITER_PARTITION_UNKNOWN"
"210140","task:210140:statement:0:relation:root.(child-3).n.k.setop.b0.setop.b0.t1.r.setop.b0.setop.b0.setop.b1.read.index_grp1_net_ast","dm_index_n.index_grp1_net_ast","CANDIDATE_ONLY","158338","1","0","UNKNOWN","WRITER_PARTITION_UNKNOWN"
"210140","task:210140:statement:0:relation:root.(child-3).n.k.setop.b0.setop.b0.t1.r.setop.b1.read.index_grp1_ast","dm_index_n.index_grp1_ast","CANDIDATE_ONLY","157103","1","0","UNKNOWN","WRITER_PARTITION_UNKNOWN"
"210140","task:210140:statement:0:relation:root.(child-3).n.k.setop.b0.setop.b1.a.setop.b0.read.index_grp_trade_amt_exch_rcc","dm_index_n.index_grp_trade_amt_exch_rcc","CANDIDATE_ONLY","66541","1","0","UNKNOWN","PARTITION_NON_LITERAL|WRITER_PARTITION_UNKNOWN"
"210140","task:210140:statement:0:relation:root.(child-3).n.k.setop.b1.read.index_grp1_ast_p1","dm_index_n.index_grp1_ast_p1","FULLY_CONFIRMED","180321","1","1","CONFIRMED",""
"210140","task:210140:statement:0:relation:root.(child-4).a.rcc.read.grp_tag_client_is_icc","dm_index_n.grp_tag_client_is_icc","FULLY_CONFIRMED","159827","1","1","CONFIRMED",""
"210140","task:210140:statement:0:relation:root.(child-4).a.t2.read.index_grp1_ast","dm_index_n.index_grp1_ast","CANDIDATE_ONLY","157103","1","0","UNKNOWN","PARTITION_NON_LITERAL|WRITER_PARTITION_UNKNOWN"
"212630","task:212630:statement:0:relation:root.(child).t2.a.read.t04_inr_org_exam_schm_use_scop","pdata_n.t04_inr_org_exam_schm_use_scop","ALL_DISJOINT","180004","1","0","DISJOINT","PARTITION_NO_MATCH"
"212630","task:212630:statement:0:relation:root.(child).t7.read.aum_org_base_info","pdata_nds.aum_org_base_info","CANDIDATE_ONLY","186430","1","0","UNKNOWN","PARTITION_NON_LITERAL|WRITER_PARTITION_UNKNOWN"
"212630","task:212630:statement:0:relation:root.(child-1).read.co_whl_csincome_mth","dm_co_n.co_whl_csincome_mth","CANDIDATE_ONLY","203714","1","0","ASSUMED",""
"212945","task:212945:statement:0:relation:root.casttable.setop.b0.e.setop.b0.setop.b0.setop.b0.setop.b0.setop.b0.setop.b0.setop.b0.setop.b0.read.co_whl_csincome_mth","dm_co_n.co_whl_csincome_mth","CANDIDATE_ONLY","203714","1","0","ASSUMED",""
"212945","task:212945:statement:0:relation:root.casttable.setop.b0.e.setop.b0.setop.b0.setop.b0.setop.b0.setop.b0.setop.b0.setop.b0.setop.b1.read.co_whl_csincome_mth","dm_co_n.co_whl_csincome_mth","CANDIDATE_ONLY","203714","1","0","ASSUMED",""
"212945","task:212945:statement:0:relation:root.casttable.setop.b0.e.setop.b0.setop.b0.setop.b0.setop.b0.setop.b0.setop.b0.setop.b1.read.co_whl_csincome_mth","dm_co_n.co_whl_csincome_mth","CANDIDATE_ONLY","203714","1","0","ASSUMED",""
"212945","task:212945:statement:0:relation:root.casttable.setop.b0.e.setop.b0.setop.b0.setop.b0.setop.b0.setop.b0.setop.b1.read.co_cust_addamtindx_brchexam","dm_co_n.co_cust_addamtindx_brchexam","CANDIDATE_ONLY","147889","1","0","ASSUMED",""
"212945","task:212945:statement:0:relation:root.casttable.setop.b0.e.setop.b0.setop.b0.setop.b0.setop.b0.setop.b1.read.co_listcorp_eff_empvstevt_brchexam","dm_co_n.co_listcorp_eff_empvstevt_brchexam","CANDIDATE_ONLY","147945","1","0","ASSUMED",""
"212945","task:212945:statement:0:relation:root.casttable.setop.b0.e.setop.b0.setop.b0.setop.b0.setop.b1.read.co_seqan_exam_busiprojcnt","dm_co_n.co_seqan_exam_busiprojcnt","CANDIDATE_ONLY","201197","1","0","UNKNOWN","PARTITION_NON_LITERAL|WRITER_PARTITION_UNKNOWN"
"212945","task:212945:statement:0:relation:root.casttable.setop.b0.e.setop.b0.setop.b0.setop.b1.read.co_seqb2_exam_csincome","dm_co_n.co_seqb2_exam_csincome","CANDIDATE_ONLY","202071","1","0","UNKNOWN","PARTITION_NON_LITERAL|WRITER_PARTITION_UNKNOWN"
"212945","task:212945:statement:0:relation:root.casttable.setop.b0.e.setop.b0.setop.b1.read.recmd_dir_ivst_emp_brchexam","dm_co_n.recmd_dir_ivst_emp_brchexam","CANDIDATE_ONLY","152727","1","0","UNKNOWN","PARTITION_NON_LITERAL|WRITER_PARTITION_UNKNOWN"
"212945","task:212945:statement:0:relation:root.casttable.setop.b0.e.setop.b1.read.co_cust_futrib_brchexam","dm_co_n.co_cust_futrib_brchexam","CANDIDATE_ONLY","147985","1","0","UNKNOWN","PARTITION_NON_LITERAL|WRITER_PARTITION_UNKNOWN"
"212945","task:212945:statement:0:relation:root.casttable.setop.b1.g.setop.b0.setop.b0.setop.b0.setop.b0.setop.b0.setop.b0.setop.b0.setop.b0.setop.b0.setop.b0.read.index_grp_divd_avg_lend_scal","dm_index_n.index_grp_divd_avg_lend_scal","CANDIDATE_ONLY","92220","1","0","ASSUMED",""
"212945","task:212945:statement:0:relation:root.casttable.setop.b1.g.setop.b0.setop.b0.setop.b0.setop.b0.setop.b0.setop.b0.setop.b0.setop.b0.setop.b0.setop.b1.read.index_grp1_staff_apd_net_asset_adj","dm_index_n.index_grp1_staff_apd_net_asset_adj","CANDIDATE_ONLY","102792","1","0","UNKNOWN","PARTITION_NON_LITERAL|WRITER_PARTITION_UNKNOWN"
"212945","task:212945:statement:0:relation:root.casttable.setop.b1.g.setop.b0.setop.b0.setop.b0.setop.b0.setop.b0.setop.b0.setop.b0.setop.b0.setop.b1.read.index_grp1_newintroprdqty_astcstdprd_mon","dm_index_n.index_grp1_newintroprdqty_astcstdprd_mon","FULLY_CONFIRMED","158205","1","1","CONFIRMED",""
"212945","task:212945:statement:0:relation:root.casttable.setop.b1.g.setop.b0.setop.b0.setop.b0.setop.b0.setop.b0.setop.b0.setop.b1.read.index_grp_staff_opt_corp_qual_cnt_year","dm_index_n.index_grp_staff_opt_corp_qual_cnt_year","CANDIDATE_ONLY","100500","1","0","ASSUMED",""
"212945","task:212945:statement:0:relation:root.casttable.setop.b1.g.setop.b0.setop.b0.setop.b0.setop.b0.setop.b0.setop.b1.read.index_grp_staff_corp_bond_prof_qual_cnt_year","dm_index_n.index_grp_staff_corp_bond_prof_qual_cnt_year","CANDIDATE_ONLY","100478","1","0","ASSUMED",""
"212945","task:212945:statement:0:relation:root.casttable.setop.b1.g.setop.b0.setop.b0.setop.b0.setop.b0.setop.b1.read.index_grp1_saleamt_finprd_delcash_pvtibcorp_clmrela_year","dm_index_n.index_grp1_saleamt_finprd_delcash_pvtibcorp_clmrela_year","FULLY_CONFIRMED","159248","1","1","CONFIRMED",""
"212945","task:212945:statement:0:relation:root.casttable.setop.b1.g.setop.b0.setop.b0.setop.b0.setop.b1.read.index_grp1_newintroprdscal_astcstdprd_mon","dm_index_n.index_grp1_newintroprdscal_astcstdprd_mon","FULLY_CONFIRMED","158207","1","1","CONFIRMED",""
"212945","task:212945:statement:0:relation:root.casttable.setop.b1.g.setop.b0.setop.b0.setop.b1.read.index_grp1_netintrincome_margdevrela_orgseqempkpiexam_yearmthavg","dm_index_n.index_grp1_netintrincome_margdevrela_orgseqempkpiexam_yearmthavg","CANDIDATE_ONLY","235224","1","0","ASSUMED",""
"212945","task:212945:statement:0:relation:root.casttable.setop.b1.g.setop.b0.setop.b1.read.index_grp1_margbalincrsval_margdevrela_orgseqempkpiexam_yearapd","dm_index_n.index_grp1_margbalincrsval_margdevrela_orgseqempkpiexam_yearapd","CANDIDATE_ONLY","235230","1","0","ASSUMED",""
"212945","task:212945:statement:0:relation:root.casttable.setop.b1.g.setop.b1.read.index_grp1_margbalincrsrate_margdevrela_orgseqempkpiexam_yearapd","dm_index_n.index_grp1_margbalincrsrate_margdevrela_orgseqempkpiexam_yearapd","CANDIDATE_ONLY","235234","1","0","ASSUMED",""
"218029","task:218029:statement:0:relation:root.casttable.a.incm.a.read.index_grp1_cust_incm_allcali_mth_all","dm_index_n.index_grp1_cust_incm_allcali_mth_all","CANDIDATE_ONLY","152879","1","0","UNKNOWN","WRITER_PARTITION_UNKNOWN"
"218029","task:218029:statement:0:relation:root.casttable.a.net.b.read.index_grp_apd_net_asset","dm_index_n.index_grp_apd_net_asset","CANDIDATE_ONLY","87089","1","0","UNKNOWN","PARTITION_NON_LITERAL|WRITER_PARTITION_UNKNOWN"
"218029","task:218029:statement:0:relation:root.casttable.a.totl.a.read.index_grp_total_asset_avg_mon","dm_index_n.index_grp_total_asset_avg_mon","CANDIDATE_ONLY","95516","1","0","UNKNOWN","PARTITION_NON_LITERAL|WRITER_PARTITION_UNKNOWN"
"218029","task:218029:statement:0:relation:root.casttable.b.incm.a.read.index_grp1_cust_incm_allcali_mth_all","dm_index_n.index_grp1_cust_incm_allcali_mth_all","CANDIDATE_ONLY","152879","1","0","UNKNOWN","PARTITION_NON_LITERAL|WRITER_PARTITION_UNKNOWN"
"218029","task:218029:statement:0:relation:root.casttable.b.totl.a.read.index_grp_total_asset_avg_mon","dm_index_n.index_grp_total_asset_avg_mon","CANDIDATE_ONLY","95516","1","0","UNKNOWN","PARTITION_NON_LITERAL|WRITER_PARTITION_UNKNOWN"
"218037","task:218037:statement:0:relation:root.casttable.a.incm.a.read.index_grp1_cust_incm_allcali_mth_all","dm_index_n.index_grp1_cust_incm_allcali_mth_all","CANDIDATE_ONLY","152879","1","0","UNKNOWN","WRITER_PARTITION_UNKNOWN"
"218037","task:218037:statement:0:relation:root.casttable.a.net.b.read.index_grp_apd_net_asset","dm_index_n.index_grp_apd_net_asset","CANDIDATE_ONLY","87089","1","0","UNKNOWN","PARTITION_NON_LITERAL|WRITER_PARTITION_UNKNOWN"
"218037","task:218037:statement:0:relation:root.casttable.a.the_net.b.read.index_grp_apd_net_asset","dm_index_n.index_grp_apd_net_asset","CANDIDATE_ONLY","87089","1","0","UNKNOWN","PARTITION_NON_LITERAL|WRITER_PARTITION_UNKNOWN"
"218037","task:218037:statement:0:relation:root.casttable.a.totl.a.read.index_grp_total_asset_avg_mon","dm_index_n.index_grp_total_asset_avg_mon","CANDIDATE_ONLY","95516","1","0","UNKNOWN","PARTITION_NON_LITERAL|WRITER_PARTITION_UNKNOWN"
"218236","task:218236:statement:0:relation:root.(child-1).read.aum_org_base_info","pdata_nds.aum_org_base_info","CANDIDATE_ONLY","186430","1","0","UNKNOWN","PARTITION_NON_LITERAL|WRITER_PARTITION_UNKNOWN"
"218244","task:218244:statement:0:relation:root.(child-1).read.aum_org_base_info","pdata_nds.aum_org_base_info","CANDIDATE_ONLY","186430","1","0","UNKNOWN","PARTITION_NON_LITERAL|WRITER_PARTITION_UNKNOWN"
"218252","task:218252:statement:0:relation:root.(child-1).read.aum_org_base_info","pdata_nds.aum_org_base_info","CANDIDATE_ONLY","186430","1","0","UNKNOWN","PARTITION_NON_LITERAL|WRITER_PARTITION_UNKNOWN"
"218255","task:218255:statement:0:relation:root.(child-1).read.aum_org_base_info","pdata_nds.aum_org_base_info","CANDIDATE_ONLY","186430","1","0","UNKNOWN","PARTITION_NON_LITERAL|WRITER_PARTITION_UNKNOWN"
"218404","task:218404:statement:0:relation:root.(child-1).read.aum_org_base_info","pdata_nds.aum_org_base_info","CANDIDATE_ONLY","186430","1","0","UNKNOWN","PARTITION_NON_LITERAL|WRITER_PARTITION_UNKNOWN"
"219085","task:219085:statement:0:relation:root.casttable.setop.b0.setop.b0.read.t98_ficc_org_cust_info_ecr","pdata_n.t98_ficc_org_cust_info_ecr","FULLY_CONFIRMED","209971","1","1","CONFIRMED",""
"219085","task:219085:statement:0:relation:root.casttable.setop.b0.setop.b1.odc.read.f_otc_derivative_counterparty","pdata_nds.f_otc_derivative_counterparty","FULLY_CONFIRMED","116925","1","1","CONFIRMED",""
"219085","task:219085:statement:0:relation:root.casttable.setop.b1.t2.read.grp_tag_cstd_mngr_cstd_ecr_id_map_flag","dm_index_n.grp_tag_cstd_mngr_cstd_ecr_id_map_flag","FULLY_CONFIRMED","167072","1","1","CONFIRMED",""
"222860","task:222860:statement:0:relation:root.(child).t2.a.read.t04_inr_org_exam_schm_use_scop","pdata_n.t04_inr_org_exam_schm_use_scop","ALL_DISJOINT","180004","1","0","DISJOINT","PARTITION_NO_MATCH"
"222860","task:222860:statement:0:relation:root.(child).t7.read.aum_org_base_info","pdata_nds.aum_org_base_info","CANDIDATE_ONLY","186430","1","0","UNKNOWN","PARTITION_NON_LITERAL|WRITER_PARTITION_UNKNOWN"
"224286","task:224286:statement:0:relation:root.setop.b0.setop.b0.read.t1","dm_om_n.wt_smart_call_index_list","CANDIDATE_ONLY","140940","1","0","UNKNOWN","PARTITION_NON_LITERAL|WRITER_PARTITION_UNKNOWN"
"224741","task:224741:statement:0:relation:root.(child-6).read.a","dm_index_n.grp_tag_client_aum_perf_exam","CANDIDATE_ONLY","190620","1","0","UNKNOWN","PARTITION_NON_LITERAL|WRITER_PARTITION_UNKNOWN"
"224741","task:224741:statement:0:relation:root.(child-7).a.read.a","dm_index_n.index_grp1_cust_incm_allcali_mth_all","CANDIDATE_ONLY","152879","1","0","UNKNOWN","PARTITION_NON_LITERAL|WRITER_PARTITION_UNKNOWN"
"224741","task:224741:statement:0:relation:root.(child-8).setop.b0.setop.b0.setop.b0.setop.b0.setop.b0.setop.b0.setop.b0.setop.b0.read.index_grp2_emp_inr_incm_spaseat_mth","dm_index_n.index_grp2_emp_inr_incm_spaseat_mth","CANDIDATE_ONLY","239434","1","0","ASSUMED",""
"224741","task:224741:statement:0:relation:root.(child-8).setop.b0.setop.b0.setop.b0.setop.b1.read.a","dm_index_n.index_grp3_cust_prd_emp_income_nwsincome_aumdevrela_tdy","FULLY_CONFIRMED","154232","1","1","CONFIRMED",""
"224741","task:224741:statement:0:relation:root.(child-8).setop.b0.setop.b0.setop.b1.t.setop.b0.read.a","dm_index_n.index_grp2_cust_emp_incm_plfmvabusi_aum_tdy_all","FULLY_CONFIRMED","184787","1","1","CONFIRMED",""
"224741","task:224741:statement:0:relation:root.(child-9).setop.b0.setop.b0.setop.b0.setop.b0.setop.b1.read.g","dm_index_n.grp_tag_client_corp_busi_cust_type","CANDIDATE_ONLY","98223","1","0","UNKNOWN","PARTITION_NON_LITERAL|WRITER_PARTITION_UNKNOWN"
"224741","task:224741:statement:0:relation:root.(child-9).setop.b0.setop.b0.setop.b0.setop.b1.read.g","dm_index_n.grp_tag_client_corp_busi_cust_type","CANDIDATE_ONLY","98223","1","0","UNKNOWN","PARTITION_NON_LITERAL|WRITER_PARTITION_UNKNOWN"
"224741","task:224741:statement:0:relation:root.(child-9).setop.b0.setop.b0.setop.b1.read.g","dm_index_n.index_grp_corp_cust_in_type","CANDIDATE_ONLY","102073","1","0","UNKNOWN","PARTITION_NON_LITERAL|WRITER_PARTITION_UNKNOWN"
"224741","task:224741:statement:0:relation:root.(child-9).setop.b0.setop.b1.t.t1.read.index_grp2_cust_org_asset_std_mthaccum_all","dm_index_n.index_grp2_cust_org_asset_std_mthaccum_all","CANDIDATE_ONLY","147847","1","0","ASSUMED",""
"224741","task:224741:statement:0:relation:root.(child-9).setop.b1.a.read.grp_tag_client_is_cust_judic_frz","dm_index_n.grp_tag_client_is_cust_judic_frz","CANDIDATE_ONLY","158659","1","0","UNKNOWN","PARTITION_NON_LITERAL|WRITER_PARTITION_UNKNOWN"
"225926","task:225926:statement:0:relation:root.casttable.t3.c.a.t1.read.t98_our_cutp_grant_occp_det","spdata_n.t98_our_cutp_grant_occp_det","FULLY_CONFIRMED","216526","1","1","CONFIRMED",""
"225926","task:225926:statement:0:relation:root.casttable.t3.c.b.read.t99_risk_grant_type_rel_ref","spdata_n.t99_risk_grant_type_rel_ref","FULLY_CONFIRMED","218212","1","1","CONFIRMED",""
"228803","task:228803:statement:0:relation:root.casttable.d.setop.b0.net.b.read.index_grp_apd_net_asset","dm_index_n.index_grp_apd_net_asset","CANDIDATE_ONLY","87089","1","0","UNKNOWN","PARTITION_NON_LITERAL|WRITER_PARTITION_UNKNOWN"
"228803","task:228803:statement:0:relation:root.casttable.d.setop.b1.c.read.index_grp1_slp_emt_actv_date_appr_pst","dm_index_n.index_grp1_slp_emt_actv_date_appr_pst","FULLY_CONFIRMED","195334","1","1","CONFIRMED",""
"228803","task:228803:statement:0:relation:root.casttable.incm.a.read.index_grp1_cust_incm_allcali_mth_all","dm_index_n.index_grp1_cust_incm_allcali_mth_all","CANDIDATE_ONLY","152879","1","0","UNKNOWN","WRITER_PARTITION_UNKNOWN"
"228803","task:228803:statement:0:relation:root.casttable.nav.b.read.index_grp1_cust_nav_aum_tdy_all","dm_index_n.index_grp1_cust_nav_aum_tdy_all","FULLY_CONFIRMED","184082","1","1","CONFIRMED",""
"228803","task:228803:statement:0:relation:root.casttable.totl.a.read.index_grp_total_asset_avg_mon","dm_index_n.index_grp_total_asset_avg_mon","CANDIDATE_ONLY","95516","1","0","UNKNOWN","PARTITION_NON_LITERAL|WRITER_PARTITION_UNKNOWN"
"228803","task:228803:statement:0:relation:root.casttable.totl_incm_year.a.read.index_grp1_cust_incm_allcali_mth_all","dm_index_n.index_grp1_cust_incm_allcali_mth_all","CANDIDATE_ONLY","152879","1","0","UNKNOWN","PARTITION_NON_LITERAL|WRITER_PARTITION_UNKNOWN"
"229443","task:229443:statement:0:relation:root.(child-1).read.wide_cm_cust_lst","dm_index_n.wide_cm_cust_lst","FULLY_CONFIRMED","229384","1","1","CONFIRMED",""
"230016","task:230016:statement:0:relation:root.index.t.setop.b0.a.read.a","dm_index_n.grp_tag_client_aum_perf_exam","FULLY_CONFIRMED","190620","1","1","CONFIRMED",""
"230016","task:230016:statement:0:relation:root.index.t.setop.b1.a.read.a","dm_index_n.grp_tag_client_aum_perf_exam","FULLY_CONFIRMED","190620","1","1","CONFIRMED",""
"230140","task:230140:statement:0:relation:root.(child).read.t","dm_dg_n.dm_dbs_tbl_ct","FULLY_CONFIRMED","148495","1","1","CONFIRMED",""
"230829","task:230829:statement:0:relation:root.setop.b0.setop.b0.read.cust_rsk_lst_acct","dm_dg_n.cust_rsk_lst_acct","FULLY_CONFIRMED","230127","1","1","CONFIRMED",""
"230829","task:230829:statement:0:relation:root.setop.b0.setop.b1.read.cust_rsk_lst_certno","dm_dg_n.cust_rsk_lst_certno","FULLY_CONFIRMED","229655","1","1","CONFIRMED",""
"231804","task:231804:statement:0:relation:root.casttable.a.setop.b0.setop.b0.t3.read.aum_asset_ast_style_cd","pdata_nds.aum_asset_ast_style_cd","FULLY_CONFIRMED","164766","1","1","CONFIRMED",""
"231804","task:231804:statement:0:relation:root.casttable.a.setop.b0.setop.b1.t3.read.aum_asset_ast_style_cd","pdata_nds.aum_asset_ast_style_cd","FULLY_CONFIRMED","164766","1","1","CONFIRMED",""
"231804","task:231804:statement:0:relation:root.casttable.a.setop.b1.a.read.aum_asset_ast_style_cd","pdata_nds.aum_asset_ast_style_cd","FULLY_CONFIRMED","164766","1","1","CONFIRMED",""
"231821","task:231821:statement:0:relation:root.casttable.a.setop.b0.setop.b0.t3.read.aum_asset_ast_style_cd","pdata_nds.aum_asset_ast_style_cd","FULLY_CONFIRMED","164766","1","1","CONFIRMED",""
"231821","task:231821:statement:0:relation:root.casttable.a.setop.b0.setop.b1.t3.read.aum_asset_ast_style_cd","pdata_nds.aum_asset_ast_style_cd","FULLY_CONFIRMED","164766","1","1","CONFIRMED",""
"231821","task:231821:statement:0:relation:root.casttable.a.setop.b1.a.read.aum_asset_ast_style_cd","pdata_nds.aum_asset_ast_style_cd","FULLY_CONFIRMED","164766","1","1","CONFIRMED",""
"232164","task:232164:statement:0:relation:root.casttable.exam_ast.a1.read.index_grp2_cust_brch_avg_trd_net_asset_xsb_nts_covt_year_4th_qrt","dm_index_n.index_grp2_cust_brch_avg_trd_net_asset_xsb_nts_covt_year_4th_qrt","FULLY_CONFIRMED","145651","1","1","CONFIRMED",""
"232164","task:232164:statement:0:relation:root.casttable.hld.read.index_grp1_prdcd_prdname_mval_ostscr_otcscr_hld_posmvaltop1_tdy","dm_index_n.index_grp1_prdcd_prdname_mval_ostscr_otcscr_hld_posmvaltop1_tdy","FULLY_CONFIRMED","231934","1","1","CONFIRMED",""
"232164","task:232164:statement:0:relation:root.casttable.ib.read.grp_tag_corp_cust_is_ib_kpi","dm_index_n.grp_tag_corp_cust_is_ib_kpi","CANDIDATE_ONLY","134283","1","0","UNKNOWN","PARTITION_NON_LITERAL|WRITER_PARTITION_UNKNOWN"
"232164","task:232164:statement:0:relation:root.casttable.lst1m_ast.read.index_grp1_net_ast","dm_index_n.index_grp1_net_ast","CANDIDATE_ONLY","158338","1","0","UNKNOWN","PARTITION_NON_LITERAL|WRITER_PARTITION_UNKNOWN"
"232164","task:232164:statement:0:relation:root.casttable.marg_apd.read.index_grp1_bal_marg_yearapd","dm_index_n.index_grp1_bal_marg_yearapd","FULLY_CONFIRMED","232003","1","1","CONFIRMED",""
"232164","task:232164:statement:0:relation:root.casttable.mval.read.index_grp1_ast","dm_index_n.index_grp1_ast","CANDIDATE_ONLY","157103","1","0","UNKNOWN","PARTITION_NON_LITERAL|WRITER_PARTITION_UNKNOWN"
"232164","task:232164:statement:0:relation:root.casttable.net_ast.read.index_grp1_net_ast","dm_index_n.index_grp1_net_ast","CANDIDATE_ONLY","158338","1","0","UNKNOWN","PARTITION_NON_LITERAL|WRITER_PARTITION_UNKNOWN"
"232164","task:232164:statement:0:relation:root.casttable.prd.read.grp_tag_client_cust_purch_finprd_type","dm_index_n.grp_tag_client_cust_purch_finprd_type","CANDIDATE_ONLY","195842","1","0","UNKNOWN","PARTITION_NON_LITERAL|WRITER_PARTITION_UNKNOWN"
"232164","task:232164:statement:0:relation:root.casttable.pvt.read.grp_tag_corp_cust_is_pvt_kpi","dm_index_n.grp_tag_corp_cust_is_pvt_kpi","CANDIDATE_ONLY","134282","1","0","UNKNOWN","PARTITION_NON_LITERAL|WRITER_PARTITION_UNKNOWN"
"232164","task:232164:statement:0:relation:root.casttable.srp.a.setop.b0.read.index_grp1_tbbbamt_srp_civ_tdy_retandorgcntr","dm_index_n.index_grp1_tbbbamt_srp_civ_tdy_retandorgcntr","CANDIDATE_ONLY","136285","1","0","UNKNOWN","PARTITION_NON_LITERAL|WRITER_PARTITION_UNKNOWN"
"232164","task:232164:statement:0:relation:root.casttable.srp.a.setop.b1.read.index_grp1_tbbbamt_srp_assm_tdy_retandorgcntr","dm_index_n.index_grp1_tbbbamt_srp_assm_tdy_retandorgcntr","CANDIDATE_ONLY","136377","1","0","UNKNOWN","PARTITION_NON_LITERAL|WRITER_PARTITION_UNKNOWN"
"232652","task:232652:statement:0:relation:root.(child-1).read.aum_org_base_info","pdata_nds.aum_org_base_info","CANDIDATE_ONLY","186430","1","0","UNKNOWN","PARTITION_NON_LITERAL|WRITER_PARTITION_UNKNOWN"
"232675","task:232675:statement:0:relation:root.(child-1).read.aum_org_base_info","pdata_nds.aum_org_base_info","CANDIDATE_ONLY","186430","1","0","UNKNOWN","PARTITION_NON_LITERAL|WRITER_PARTITION_UNKNOWN"
"232676","task:232676:statement:0:relation:root.(child-1).read.aum_org_base_info","pdata_nds.aum_org_base_info","CANDIDATE_ONLY","186430","1","0","UNKNOWN","PARTITION_NON_LITERAL|WRITER_PARTITION_UNKNOWN"
"232677","task:232677:statement:0:relation:root.(child-1).read.aum_org_base_info","pdata_nds.aum_org_base_info","CANDIDATE_ONLY","186430","1","0","UNKNOWN","PARTITION_NON_LITERAL|WRITER_PARTITION_UNKNOWN"
"232836","task:232836:statement:0:relation:root.casttable.setop.b0.setop.b0.setop.b0.setop.b0.setop.b0.setop.b0.setop.b0.setop.b0.setop.b0.setop.b0.act.read.t98_cid_xir_scr_acct","spdata_n.t98_cid_xir_scr_acct","FULLY_CONFIRMED","137368","1","1","CONFIRMED",""
"232836","task:232836:statement:0:relation:root.casttable.setop.b0.setop.b0.setop.b0.setop.b0.setop.b0.setop.b0.setop.b0.setop.b0.setop.b0.setop.b0.div1.read.t98_info_divn_base_ecr","pdata_n.t98_info_divn_base_ecr","FULLY_CONFIRMED","169945","1","1","CONFIRMED",""
"232836","task:232836:statement:0:relation:root.casttable.setop.b0.setop.b0.setop.b0.setop.b0.setop.b0.setop.b0.setop.b0.setop.b0.setop.b0.setop.b0.div2.read.t98_info_divn_base_ecr","pdata_n.t98_info_divn_base_ecr","FULLY_CONFIRMED","169945","1","1","CONFIRMED",""
"232836","task:232836:statement:0:relation:root.casttable.setop.b0.setop.b0.setop.b0.setop.b0.setop.b0.setop.b0.setop.b0.setop.b0.setop.b0.setop.b0.hrc.read.t98_ficc_trd_acct_hrch_info","spdata_n.t98_ficc_trd_acct_hrch_info","FULLY_CONFIRMED","107939","1","1","CONFIRMED",""
"232836","task:232836:statement:0:relation:root.casttable.setop.b0.setop.b0.setop.b0.setop.b0.setop.b0.setop.b0.setop.b0.setop.b0.setop.b0.setop.b0.read.c","spdata_n.t98_xir_cutp_hrch_info","FULLY_CONFIRMED","137366","1","1","CONFIRMED",""
"232836","task:232836:statement:0:relation:root.casttable.setop.b0.setop.b0.setop.b0.setop.b0.setop.b0.setop.b0.setop.b0.setop.b0.setop.b0.setop.b0.y.read.s_v_crm_account_info","pdata_nds.s_v_crm_account_info","FULLY_CONFIRMED","208317","1","1","CONFIRMED",""
"232836","task:232836:statement:0:relation:root.casttable.setop.b0.setop.b0.setop.b0.setop.b0.setop.b0.setop.b0.setop.b0.setop.b0.setop.b0.setop.b1.div1.read.t98_info_divn_base_ecr","pdata_n.t98_info_divn_base_ecr","FULLY_CONFIRMED","169945","1","1","CONFIRMED",""
"232836","task:232836:statement:0:relation:root.casttable.setop.b0.setop.b0.setop.b0.setop.b0.setop.b0.setop.b0.setop.b0.setop.b0.setop.b0.setop.b1.div2.read.t98_info_divn_base_ecr","pdata_n.t98_info_divn_base_ecr","FULLY_CONFIRMED","169945","1","1","CONFIRMED",""
"232836","task:232836:statement:0:relation:root.casttable.setop.b0.setop.b0.setop.b0.setop.b0.setop.b0.setop.b0.setop.b0.setop.b0.setop.b0.setop.b1.hrc.read.t98_ficc_trd_acct_hrch_info","spdata_n.t98_ficc_trd_acct_hrch_info","FULLY_CONFIRMED","107939","1","1","CONFIRMED",""
"232836","task:232836:statement:0:relation:root.casttable.setop.b0.setop.b0.setop.b0.setop.b0.setop.b0.setop.b0.setop.b0.setop.b0.setop.b0.setop.b1.read.trd","spdata_n.t98_cid_xir_bond_trd_base_info","FULLY_CONFIRMED","99917","1","1","CONFIRMED",""
"232836","task:232836:statement:0:relation:root.casttable.setop.b0.setop.b0.setop.b0.setop.b0.setop.b0.setop.b0.setop.b0.setop.b0.setop.b1.act.read.t98_cid_xir_scr_acct","spdata_n.t98_cid_xir_scr_acct","FULLY_CONFIRMED","137368","1","1","CONFIRMED",""
"232836","task:232836:statement:0:relation:root.casttable.setop.b0.setop.b0.setop.b0.setop.b0.setop.b0.setop.b0.setop.b0.setop.b0.setop.b1.div1.read.t98_info_divn_base_ecr","pdata_n.t98_info_divn_base_ecr","FULLY_CONFIRMED","169945","1","1","CONFIRMED",""
"232836","task:232836:statement:0:relation:root.casttable.setop.b0.setop.b0.setop.b0.setop.b0.setop.b0.setop.b0.setop.b0.setop.b0.setop.b1.div2.read.t98_info_divn_base_ecr","pdata_n.t98_info_divn_base_ecr","FULLY_CONFIRMED","169945","1","1","CONFIRMED",""
"232836","task:232836:statement:0:relation:root.casttable.setop.b0.setop.b0.setop.b0.setop.b0.setop.b0.setop.b0.setop.b0.setop.b0.setop.b1.hrc.read.t98_ficc_trd_acct_hrch_info","spdata_n.t98_ficc_trd_acct_hrch_info","FULLY_CONFIRMED","107939","1","1","CONFIRMED",""
"232836","task:232836:statement:0:relation:root.casttable.setop.b0.setop.b0.setop.b0.setop.b0.setop.b0.setop.b0.setop.b0.setop.b0.setop.b1.read.c","spdata_n.t98_xir_cutp_hrch_info","FULLY_CONFIRMED","137366","1","1","CONFIRMED",""
"232836","task:232836:statement:0:relation:root.casttable.setop.b0.setop.b0.setop.b0.setop.b0.setop.b0.setop.b0.setop.b0.setop.b0.setop.b1.y.read.s_v_crm_account_info","pdata_nds.s_v_crm_account_info","FULLY_CONFIRMED","208317","1","1","CONFIRMED",""
"232836","task:232836:statement:0:relation:root.casttable.setop.b0.setop.b0.setop.b0.setop.b0.setop.b0.setop.b0.setop.b0.setop.b1.act.read.t98_cid_xir_scr_acct","spdata_n.t98_cid_xir_scr_acct","FULLY_CONFIRMED","137368","1","1","CONFIRMED",""
"232836","task:232836:statement:0:relation:root.casttable.setop.b0.setop.b0.setop.b0.setop.b0.setop.b0.setop.b0.setop.b0.setop.b1.div1.read.t98_info_divn_base_ecr","pdata_n.t98_info_divn_base_ecr","FULLY_CONFIRMED","169945","1","1","CONFIRMED",""
"232836","task:232836:statement:0:relation:root.casttable.setop.b0.setop.b0.setop.b0.setop.b0.setop.b0.setop.b0.setop.b0.setop.b1.div2.read.t98_info_divn_base_ecr","pdata_n.t98_info_divn_base_ecr","FULLY_CONFIRMED","169945","1","1","CONFIRMED",""
"232836","task:232836:statement:0:relation:root.casttable.setop.b0.setop.b0.setop.b0.setop.b0.setop.b0.setop.b0.setop.b0.setop.b1.hrc.read.t98_ficc_trd_acct_hrch_info","spdata_n.t98_ficc_trd_acct_hrch_info","FULLY_CONFIRMED","107939","1","1","CONFIRMED",""
"232836","task:232836:statement:0:relation:root.casttable.setop.b0.setop.b0.setop.b0.setop.b0.setop.b0.setop.b0.setop.b0.setop.b1.read.c","spdata_n.t98_xir_cutp_hrch_info","FULLY_CONFIRMED","137366","1","1","CONFIRMED",""
"232836","task:232836:statement:0:relation:root.casttable.setop.b0.setop.b0.setop.b0.setop.b0.setop.b0.setop.b0.setop.b0.setop.b1.y.read.s_v_crm_account_info","pdata_nds.s_v_crm_account_info","FULLY_CONFIRMED","208317","1","1","CONFIRMED",""
"232836","task:232836:statement:0:relation:root.casttable.setop.b0.setop.b0.setop.b0.setop.b0.setop.b0.setop.b0.setop.b1.div1.read.t98_info_divn_base_ecr","pdata_n.t98_info_divn_base_ecr","FULLY_CONFIRMED","169945","1","1","CONFIRMED",""
"232836","task:232836:statement:0:relation:root.casttable.setop.b0.setop.b0.setop.b0.setop.b0.setop.b0.setop.b0.setop.b1.div2.read.t98_info_divn_base_ecr","pdata_n.t98_info_divn_base_ecr","FULLY_CONFIRMED","169945","1","1","CONFIRMED",""
"232836","task:232836:statement:0:relation:root.casttable.setop.b0.setop.b0.setop.b0.setop.b0.setop.b0.setop.b0.setop.b1.hrc.read.t98_ficc_trd_acct_hrch_info","spdata_n.t98_ficc_trd_acct_hrch_info","FULLY_CONFIRMED","107939","1","1","CONFIRMED",""
"232836","task:232836:statement:0:relation:root.casttable.setop.b0.setop.b0.setop.b0.setop.b0.setop.b0.setop.b0.setop.b1.read.c","spdata_n.t98_xir_cutp_hrch_info","FULLY_CONFIRMED","137366","1","1","CONFIRMED",""
"232836","task:232836:statement:0:relation:root.casttable.setop.b0.setop.b0.setop.b0.setop.b0.setop.b0.setop.b0.setop.b1.y.read.s_v_crm_account_info","pdata_nds.s_v_crm_account_info","FULLY_CONFIRMED","208317","1","1","CONFIRMED",""
"232836","task:232836:statement:0:relation:root.casttable.setop.b0.setop.b0.setop.b0.setop.b0.setop.b0.setop.b1.div1.read.t98_info_divn_base_ecr","pdata_n.t98_info_divn_base_ecr","FULLY_CONFIRMED","169945","1","1","CONFIRMED",""
"232836","task:232836:statement:0:relation:root.casttable.setop.b0.setop.b0.setop.b0.setop.b0.setop.b0.setop.b1.div2.read.t98_info_divn_base_ecr","pdata_n.t98_info_divn_base_ecr","FULLY_CONFIRMED","169945","1","1","CONFIRMED",""
"232836","task:232836:statement:0:relation:root.casttable.setop.b0.setop.b0.setop.b0.setop.b0.setop.b0.setop.b1.hrc.read.t98_ficc_trd_acct_hrch_info","spdata_n.t98_ficc_trd_acct_hrch_info","FULLY_CONFIRMED","107939","1","1","CONFIRMED",""
"232836","task:232836:statement:0:relation:root.casttable.setop.b0.setop.b0.setop.b0.setop.b0.setop.b0.setop.b1.read.c","spdata_n.t98_xir_cutp_hrch_info","FULLY_CONFIRMED","137366","1","1","CONFIRMED",""
"232836","task:232836:statement:0:relation:root.casttable.setop.b0.setop.b0.setop.b0.setop.b0.setop.b0.setop.b1.y.read.s_v_crm_account_info","pdata_nds.s_v_crm_account_info","FULLY_CONFIRMED","208317","1","1","CONFIRMED",""
"232836","task:232836:statement:0:relation:root.casttable.setop.b0.setop.b0.setop.b0.setop.b0.setop.b1.read.c","spdata_n.t98_xir_cutp_hrch_info","FULLY_CONFIRMED","137366","1","1","CONFIRMED",""
"232836","task:232836:statement:0:relation:root.casttable.setop.b0.setop.b0.setop.b0.setop.b0.setop.b1.y.read.s_v_crm_account_info","pdata_nds.s_v_crm_account_info","FULLY_CONFIRMED","208317","1","1","CONFIRMED",""
"232836","task:232836:statement:0:relation:root.casttable.setop.b0.setop.b0.setop.b0.setop.b1.read.c","spdata_n.t98_xir_cutp_hrch_info","FULLY_CONFIRMED","137366","1","1","CONFIRMED",""
"232836","task:232836:statement:0:relation:root.casttable.setop.b0.setop.b0.setop.b0.setop.b1.y.read.s_v_crm_account_info","pdata_nds.s_v_crm_account_info","FULLY_CONFIRMED","208317","1","1","CONFIRMED",""
"232836","task:232836:statement:0:relation:root.casttable.setop.b0.setop.b0.setop.b1.div1.read.t98_info_divn_base_ecr","pdata_n.t98_info_divn_base_ecr","FULLY_CONFIRMED","169945","1","1","CONFIRMED",""
"232836","task:232836:statement:0:relation:root.casttable.setop.b0.setop.b0.setop.b1.div2.read.t98_info_divn_base_ecr","pdata_n.t98_info_divn_base_ecr","FULLY_CONFIRMED","169945","1","1","CONFIRMED",""
"232836","task:232836:statement:0:relation:root.casttable.setop.b0.setop.b0.setop.b1.hrc.read.t98_ficc_trd_acct_hrch_info","spdata_n.t98_ficc_trd_acct_hrch_info","FULLY_CONFIRMED","107939","1","1","CONFIRMED",""
"232836","task:232836:statement:0:relation:root.casttable.setop.b0.setop.b0.setop.b1.read.c","spdata_n.t98_xir_cutp_hrch_info","FULLY_CONFIRMED","137366","1","1","CONFIRMED",""
"232836","task:232836:statement:0:relation:root.casttable.setop.b0.setop.b0.setop.b1.y.read.s_v_crm_account_info","pdata_nds.s_v_crm_account_info","FULLY_CONFIRMED","208317","1","1","CONFIRMED",""
"232836","task:232836:statement:0:relation:root.casttable.setop.b0.setop.b1.div1.read.t98_info_divn_base_ecr","pdata_n.t98_info_divn_base_ecr","FULLY_CONFIRMED","169945","1","1","CONFIRMED",""
"232836","task:232836:statement:0:relation:root.casttable.setop.b0.setop.b1.div2.read.t98_info_divn_base_ecr","pdata_n.t98_info_divn_base_ecr","FULLY_CONFIRMED","169945","1","1","CONFIRMED",""
"232836","task:232836:statement:0:relation:root.casttable.setop.b0.setop.b1.hrc.read.t98_ficc_trd_acct_hrch_info","spdata_n.t98_ficc_trd_acct_hrch_info","FULLY_CONFIRMED","107939","1","1","CONFIRMED",""
"232836","task:232836:statement:0:relation:root.casttable.setop.b0.setop.b1.read.c","spdata_n.t98_xir_cutp_hrch_info","FULLY_CONFIRMED","137366","1","1","CONFIRMED",""
"232836","task:232836:statement:0:relation:root.casttable.setop.b0.setop.b1.y.read.s_v_crm_account_info","pdata_nds.s_v_crm_account_info","FULLY_CONFIRMED","208317","1","1","CONFIRMED",""
"232836","task:232836:statement:0:relation:root.casttable.setop.b1.div1.read.t98_info_divn_base_ecr","pdata_n.t98_info_divn_base_ecr","FULLY_CONFIRMED","169945","1","1","CONFIRMED",""
"232836","task:232836:statement:0:relation:root.casttable.setop.b1.div2.read.t98_info_divn_base_ecr","pdata_n.t98_info_divn_base_ecr","FULLY_CONFIRMED","169945","1","1","CONFIRMED",""
"232836","task:232836:statement:0:relation:root.casttable.setop.b1.hrc.read.t98_ficc_trd_acct_hrch_info","spdata_n.t98_ficc_trd_acct_hrch_info","FULLY_CONFIRMED","107939","1","1","CONFIRMED",""
"232836","task:232836:statement:0:relation:root.casttable.setop.b1.read.c","spdata_n.t98_xir_cutp_hrch_info","FULLY_CONFIRMED","137366","1","1","CONFIRMED",""
"232836","task:232836:statement:0:relation:root.casttable.setop.b1.y.read.s_v_crm_account_info","pdata_nds.s_v_crm_account_info","FULLY_CONFIRMED","208317","1","1","CONFIRMED",""
"234130","task:234130:statement:0:relation:root.(child-1).read.aum_org_base_info","pdata_nds.aum_org_base_info","CANDIDATE_ONLY","186430","1","0","UNKNOWN","PARTITION_NON_LITERAL|WRITER_PARTITION_UNKNOWN"
"234147","task:234147:statement:0:relation:root.(child).n.setop.b0.setop.b0.setop.b0.setop.b0.setop.b0.setop.b0.setop.b0.setop.b0.setop.b0.setop.b0.setop.b0.setop.b1.read.wt_cust_aum_income_fullcali_adv_linear_score","dm_index_n.wt_cust_aum_income_fullcali_adv_linear_score","FULLY_CONFIRMED","232655","1","1","CONFIRMED",""
"234147","task:234147:statement:0:relation:root.(child).n.setop.b0.setop.b0.setop.b0.setop.b0.setop.b0.setop.b0.setop.b0.setop.b0.setop.b0.setop.b0.setop.b1.read.wt_cust_aum_propincrsrate_fullcali_rate_linear_score","dm_index_n.wt_cust_aum_propincrsrate_fullcali_rate_linear_score","FULLY_CONFIRMED","232653","1","1","CONFIRMED",""
"234147","task:234147:statement:0:relation:root.(child).n.setop.b0.setop.b0.setop.b0.setop.b0.setop.b0.setop.b0.setop.b0.setop.b0.setop.b1.read.wt_cust_aum_aumnetast_muyield_fullcali_linear_score","dm_index_n.wt_cust_aum_aumnetast_muyield_fullcali_linear_score","FULLY_CONFIRMED","232651","1","1","CONFIRMED",""
"234147","task:234147:statement:0:relation:root.(child).n.setop.b0.setop.b0.setop.b0.setop.b0.setop.b0.setop.b0.setop.b0.setop.b1.read.wt_cust_aum_aumnav_linear_score","dm_index_n.wt_cust_aum_aumnav_linear_score","FULLY_CONFIRMED","232650","1","1","CONFIRMED",""
"234147","task:234147:statement:0:relation:root.(child).n.setop.b0.setop.b0.setop.b0.setop.b0.setop.b0.setop.b0.setop.b1.read.wt_cust_aum_wxent_penetration_score","dm_index_n.wt_cust_aum_wxent_penetration_score","FULLY_CONFIRMED","232820","1","1","CONFIRMED",""
"234147","task:234147:statement:0:relation:root.(child).n.setop.b0.setop.b0.setop.b0.setop.b0.setop.b0.setop.b1.read.wt_cust_aum_wxent_penetration_score","dm_index_n.wt_cust_aum_wxent_penetration_score","FULLY_CONFIRMED","232820","1","1","CONFIRMED",""
"234147","task:234147:statement:0:relation:root.(child).n.setop.b0.setop.b0.setop.b0.setop.b0.setop.b1.read.wt_cust_aum_wxent_penetration_score","dm_index_n.wt_cust_aum_wxent_penetration_score","FULLY_CONFIRMED","232820","1","1","CONFIRMED",""
"234147","task:234147:statement:0:relation:root.(child).n.setop.b0.setop.b0.setop.b0.setop.b1.read.wt_cust_aum_wxent_penetration_score","dm_index_n.wt_cust_aum_wxent_penetration_score","FULLY_CONFIRMED","232820","1","1","CONFIRMED",""
"234147","task:234147:statement:0:relation:root.(child).n.setop.b0.setop.b0.setop.b1.read.wt_cust_aum_wxent_penetration_score","dm_index_n.wt_cust_aum_wxent_penetration_score","FULLY_CONFIRMED","232820","1","1","CONFIRMED",""
"234147","task:234147:statement:0:relation:root.(child).n.setop.b0.setop.b1.read.wt_cust_aum_wxent_penetration_score","dm_index_n.wt_cust_aum_wxent_penetration_score","FULLY_CONFIRMED","232820","1","1","CONFIRMED",""
"234147","task:234147:statement:0:relation:root.(child).n.setop.b1.read.wt_cust_aum_wxent_penetration_score","dm_index_n.wt_cust_aum_wxent_penetration_score","FULLY_CONFIRMED","232820","1","1","CONFIRMED",""
"234147","task:234147:statement:0:relation:root.(child-4).t1.read.aum_org_base_info","pdata_nds.aum_org_base_info","FULLY_CONFIRMED","186430","1","1","CONFIRMED",""
"234147","task:234147:statement:0:relation:root.(child-4).t2.read.aum_org_base_info","pdata_nds.aum_org_base_info","FULLY_CONFIRMED","186430","1","1","CONFIRMED",""
"234954","task:234954:statement:0:relation:root.(child-2).t2.setop.b0.setop.b0.setop.b0.setop.b0.setop.b0.setop.b0.setop.b0.setop.b0.setop.b0.setop.b0.setop.b0.setop.b0.setop.b0.setop.b0.setop.b0.setop.b0.setop.b0.read.index_grp1_ast","dm_index_n.index_grp1_ast","CANDIDATE_ONLY","157103","1","0","UNKNOWN","WRITER_PARTITION_UNKNOWN"
"234954","task:234954:statement:0:relation:root.(child-2).t2.setop.b0.setop.b0.setop.b0.setop.b0.setop.b0.setop.b0.setop.b0.setop.b0.setop.b0.setop.b0.setop.b0.setop.b0.setop.b0.setop.b0.setop.b0.setop.b0.setop.b1.read.index_grp1_ast","dm_index_n.index_grp1_ast","CANDIDATE_ONLY","157103","1","0","UNKNOWN","PARTITION_NON_LITERAL|WRITER_PARTITION_UNKNOWN"
"234954","task:234954:statement:0:relation:root.(child-2).t2.setop.b0.setop.b0.setop.b0.setop.b0.setop.b0.setop.b0.setop.b0.setop.b0.setop.b0.setop.b0.setop.b0.setop.b0.setop.b1.read.index_grp1_cust_incm_allcali_mth_all","dm_index_n.index_grp1_cust_incm_allcali_mth_all","CANDIDATE_ONLY","152879","1","0","UNKNOWN","PARTITION_NON_LITERAL|WRITER_PARTITION_UNKNOWN"
"234954","task:234954:statement:0:relation:root.(child-2).t2.setop.b0.setop.b0.setop.b0.setop.b0.setop.b0.setop.b0.setop.b0.setop.b0.setop.b0.setop.b0.setop.b0.setop.b1.read.index_grp1_cust_incm_allcali_mth_all","dm_index_n.index_grp1_cust_incm_allcali_mth_all","CANDIDATE_ONLY","152879","1","0","UNKNOWN","PARTITION_NON_LITERAL|WRITER_PARTITION_UNKNOWN"
"234954","task:234954:statement:0:relation:root.(child-2).t2.setop.b0.setop.b0.setop.b0.setop.b0.setop.b0.setop.b0.setop.b0.setop.b0.setop.b0.setop.b0.setop.b1.read.index_grp1_cust_nav_aum_tdy_all","dm_index_n.index_grp1_cust_nav_aum_tdy_all","FULLY_CONFIRMED","184082","1","1","CONFIRMED",""
"234954","task:234954:statement:0:relation:root.(child-2).t2.setop.b0.setop.b0.setop.b0.setop.b0.setop.b0.setop.b0.setop.b0.setop.b0.setop.b0.setop.b1.read.index_grp1_cust_nav_aum_tdy_all","dm_index_n.index_grp1_cust_nav_aum_tdy_all","FULLY_CONFIRMED","184082","1","1","CONFIRMED",""
"234954","task:234954:statement:0:relation:root.(child-2).t2.setop.b0.setop.b0.setop.b0.setop.b0.setop.b0.setop.b0.setop.b0.setop.b1.read.a","dm_index_n.index_grp1_cust_aumnetast_muyield_fullcali_mth_all","FULLY_CONFIRMED","202295","1","1","CONFIRMED",""
"234954","task:234954:statement:0:relation:root.(child-2).t2.setop.b0.setop.b0.setop.b0.setop.b0.setop.b0.setop.b0.setop.b1.read.t","dm_index_n.grp_tag_client_is_kyc_accts","FULLY_CONFIRMED","187791","1","1","CONFIRMED",""
"234954","task:234954:statement:0:relation:root.(child-2).t2.setop.b0.setop.b0.setop.b0.setop.b0.setop.b0.setop.b1.read.t","dm_index_n.grp_tag_client_is_impsrv","FULLY_CONFIRMED","202490","1","1","CONFIRMED",""
"234954","task:234954:statement:0:relation:root.(child-2).t2.setop.b0.setop.b0.setop.b0.setop.b0.setop.b1.read.t","dm_index_n.grp_tag_client_cust_year_ia_nws_new_addsign","FULLY_CONFIRMED","202397","1","1","CONFIRMED",""
"234954","task:234954:statement:0:relation:root.(child-2).t2.setop.b0.setop.b0.setop.b0.setop.b1.read.t","dm_index_n.grp_tag_client_cust_year_product_tenure","FULLY_CONFIRMED","202398","1","1","CONFIRMED",""
"234954","task:234954:statement:0:relation:root.(child-2).t2.setop.b0.setop.b1.read.t","dm_index_n.grp_tag_indv_cust_cust_year_buyria_newadd","FULLY_CONFIRMED","202550","1","1","CONFIRMED",""
"234954","task:234954:statement:0:relation:root.(child-2).t2.setop.b1.read.t","dm_index_n.grp_tag_client_cust_year_marg_permeation","FULLY_CONFIRMED","202688","1","1","CONFIRMED",""
"235142","task:235142:statement:0:relation:root.index.t.b.b2.setop.b0.setop.b0.b22.b22_1.read.a","dm_index_n.grp_tag_client_aum_perf_exam","FULLY_CONFIRMED","190620","1","1","CONFIRMED",""
"235871","task:235871:statement:0:relation:root.index.t2.read.grp_tag_client_aum_perf_exam","dm_index_n.grp_tag_client_aum_perf_exam","FULLY_CONFIRMED","190620","1","1","CONFIRMED",""
"235878","task:235878:statement:0:relation:root.index.t2.read.grp_tag_client_aum_perf_exam","dm_index_n.grp_tag_client_aum_perf_exam","FULLY_CONFIRMED","190620","1","1","CONFIRMED",""
"236184","task:236184:statement:0:relation:root.casttable.t4.read.aum_asset_ast_style_cd","pdata_nds.aum_asset_ast_style_cd","CANDIDATE_ONLY","164766","1","0","UNKNOWN","PARTITION_NON_LITERAL|WRITER_PARTITION_UNKNOWN"
"236275","task:236275:statement:0:relation:root.(child-1).read.a","dm_index_n.grp_tag_client_aum_perf_exam","FULLY_CONFIRMED","190620","1","1","CONFIRMED",""
"236483","task:236483:statement:0:relation:root.(child).k.t1.read.index_grp1_cust_income_fullcali_mth_ricc","dm_index_n.index_grp1_cust_income_fullcali_mth_ricc","CANDIDATE_ONLY","201299","1","0","UNKNOWN","PARTITION_NON_LITERAL|WRITER_PARTITION_UNKNOWN"
"236483","task:236483:statement:0:relation:root.(child-1).it2.it1.setop.b0.setop.b0.setop.b1.read.index_grp1_cust_income_fullcali_mth_ricc","dm_index_n.index_grp1_cust_income_fullcali_mth_ricc","CANDIDATE_ONLY","201299","1","0","UNKNOWN","PARTITION_NON_LITERAL|WRITER_PARTITION_UNKNOWN"
"236483","task:236483:statement:0:relation:root.(child-1).it2.it1.setop.b0.setop.b1.read.index_grp1_cust_income_fullcali_mth_ricc","dm_index_n.index_grp1_cust_income_fullcali_mth_ricc","CANDIDATE_ONLY","201299","1","0","UNKNOWN","PARTITION_NON_LITERAL|WRITER_PARTITION_UNKNOWN"
"237113","task:237113:statement:0:relation:root.(child).a.d.a.read.grp_tag_client_is_cur_year_mts_valid_client","dm_index_n.grp_tag_client_is_cur_year_mts_valid_client","FULLY_CONFIRMED","97696","1","1","CONFIRMED",""
"237113","task:237113:statement:0:relation:root.(child).a.d.b.read.index_grp_become_mts_valid_client_time_cur_year","dm_index_n.index_grp_become_mts_valid_client_time_cur_year","FULLY_CONFIRMED","103077","1","1","CONFIRMED",""
"237113","task:237113:statement:0:relation:root.(child).a.f.read.index_grp1_margliabdate_last_tdy","dm_index_n.index_grp1_margliabdate_last_tdy","FULLY_CONFIRMED","170351","1","1","CONFIRMED",""
"237113","task:237113:statement:0:relation:root.(child).a.g.read.index_grp_mts_actv_date_filter_by_client","dm_index_n.index_grp_mts_actv_date_filter_by_client","FULLY_CONFIRMED","97042","1","1","CONFIRMED",""
"237113","task:237113:statement:0:relation:root.(child).b.t1.read.grp_tag_client_is_mts_qual_pcus","dm_index_n.grp_tag_client_is_mts_qual_pcus","FULLY_CONFIRMED","134604","1","1","CONFIRMED",""
"237421","task:237421:statement:0:relation:root.(child-1).read.aum_org_base_info","pdata_nds.aum_org_base_info","CANDIDATE_ONLY","186430","1","0","UNKNOWN","PARTITION_NON_LITERAL|WRITER_PARTITION_UNKNOWN"
"237421","task:237421:statement:0:relation:root.(child-4).read.index_grp1_cust_incm_allcali_mth_all","dm_index_n.index_grp1_cust_incm_allcali_mth_all","CANDIDATE_ONLY","152879","1","0","UNKNOWN","PARTITION_NON_LITERAL|WRITER_PARTITION_UNKNOWN"
"237421","task:237421:statement:0:relation:root.(child-5).a.read.index_cust_prd_emp_kpiexamindx_finprd_day","dm_index_n.index_cust_prd_emp_kpiexamindx_finprd_day","ALL_DISJOINT","225770","1","0","DISJOINT","PARTITION_NO_MATCH"
"237421","task:237421:statement:0:relation:root.(child-9).t2.read.grp_cust_open_marg_flag","dm_index_n.grp_cust_open_marg_flag","FULLY_CONFIRMED","123590","1","1","CONFIRMED",""
"237505","task:237505:statement:0:relation:root.setop.b0.setop.b0..read.t3","pdata_nds.aum_emp_base_info","CANDIDATE_ONLY","191371","1","0","UNKNOWN","PARTITION_NON_LITERAL|WRITER_PARTITION_UNKNOWN"
"237505","task:237505:statement:0:relation:root.setop.b0.setop.b1..read.t3","pdata_nds.aum_emp_base_info","CANDIDATE_ONLY","191371","1","0","UNKNOWN","PARTITION_NON_LITERAL|WRITER_PARTITION_UNKNOWN"
"237505","task:237505:statement:0:relation:root.setop.b1..read.t3","pdata_nds.aum_emp_base_info","CANDIDATE_ONLY","191371","1","0","UNKNOWN","PARTITION_NON_LITERAL|WRITER_PARTITION_UNKNOWN"
"237804","task:237804:statement:0:relation:root.b.read.wt_mts_qual_pcus_info_s","dm_crd_n.wt_mts_qual_pcus_info_s","FULLY_CONFIRMED","206945","1","1","CONFIRMED",""
"237804","task:237804:statement:0:relation:root.c.read.wt_crd_potential_cust_dev_label_s","dm_crd_n.wt_crd_potential_cust_dev_label_s","CANDIDATE_ONLY","170408","1","0","UNKNOWN","PARTITION_NON_LITERAL|WRITER_PARTITION_UNKNOWN"
"237804","task:237804:statement:0:relation:root.d.val.tags.read.index_grp_mktval_nts","dm_index_n.index_grp_mktval_nts","CANDIDATE_ONLY","107360","1","0","UNKNOWN","WRITER_PARTITION_UNKNOWN"
"237804","task:237804:statement:0:relation:root.e.val.tags.read.index_grp1_ast","dm_index_n.index_grp1_ast","CANDIDATE_ONLY","157103","1","0","UNKNOWN","WRITER_PARTITION_UNKNOWN"
"237804","task:237804:statement:0:relation:root.j.val.aub.setop.b0.read.grp_tag_client_is_a_scr_sharehold","dm_index_n.grp_tag_client_is_a_scr_sharehold","FULLY_CONFIRMED","98584","1","1","CONFIRMED",""
"237804","task:237804:statement:0:relation:root.j.val.aub.setop.b1.read.grp_tag_client_is_a_scr_sharehold","dm_index_n.grp_tag_client_is_a_scr_sharehold","FULLY_CONFIRMED","98584","1","1","CONFIRMED",""
"237807","task:237807:statement:0:relation:root.(child).t1.read.aum_emp_base_info","pdata_nds.aum_emp_base_info","CANDIDATE_ONLY","191371","1","0","UNKNOWN","PARTITION_NON_LITERAL|WRITER_PARTITION_UNKNOWN"
"237807","task:237807:statement:0:relation:root.(child-2).k.setop.b1.grp.read.grp_hold_relation","dm_index_n.grp_hold_relation","FULLY_CONFIRMED","164410|66492|66493|66502|66592","5","2","DISJOINT|CONFIRMED",""
"237807","task:237807:statement:0:relation:root.(child-2).k.setop.b1.hh.read.hold_tag_relation","dm_index_n.hold_tag_relation","CANDIDATE_ONLY","154181|157148|163725|176356|177297|66411|66412|66413|66415|66416|66417|66418|66419|66425|66471|66539|66551|66616|66632|66665|66670|66676|66686|66704|71585|73382|83444|85033|89260|90018|91298|91304|95146|95173","34","0","UNKNOWN","PARTITION_NON_LITERAL|WRITER_PARTITION_UNKNOWN"
"237888","task:237888:statement:0:relation:root.casttable.setop.b0.setop.b0.setop.b1.acc.read.xir_acct_tree_land","spdata_nds.xir_acct_tree_land","FULLY_CONFIRMED","206939","1","1","CONFIRMED",""
"237888","task:237888:statement:0:relation:root.casttable.setop.b0.setop.b0.setop.b1.cp.read.t01_pty_name","spdata_n.t01_pty_name","CANDIDATE_ONLY","225908|63192","2","0","DISJOINT|UNKNOWN","WRITER_PARTITION_UNKNOWN"
"237888","task:237888:statement:0:relation:root.casttable.setop.b0.setop.b1.acc.read.xir_acct_tree_land","spdata_nds.xir_acct_tree_land","FULLY_CONFIRMED","206939","1","1","CONFIRMED",""
"237888","task:237888:statement:0:relation:root.casttable.setop.b0.setop.b1.cp.read.t01_pty_name","spdata_n.t01_pty_name","CANDIDATE_ONLY","225908|63192","2","0","DISJOINT|UNKNOWN","WRITER_PARTITION_UNKNOWN"
"237888","task:237888:statement:0:relation:root.casttable.setop.b1.acc.read.xir_acct_tree_land","spdata_nds.xir_acct_tree_land","FULLY_CONFIRMED","206939","1","1","CONFIRMED",""
"237888","task:237888:statement:0:relation:root.casttable.setop.b1.cp.read.t01_pty_name","spdata_n.t01_pty_name","CANDIDATE_ONLY","225908|63192","2","0","DISJOINT|UNKNOWN","WRITER_PARTITION_UNKNOWN"
"237888","task:237888:statement:0:relation:root.casttable.setop.b1.fwd.read.t05_sb_otc_bond_trd","spdata_n.t05_sb_otc_bond_trd","FULLY_CONFIRMED","203506","1","1","CONFIRMED",""
"239134","task:239134:statement:0:relation:root.casttable.setop.b0.ast.read.cust_opt_ast_day","dm_opt_n.cust_opt_ast_day","CANDIDATE_ONLY","135109","1","0","UNKNOWN","PARTITION_NON_LITERAL|WRITER_PARTITION_UNKNOWN"
"239134","task:239134:statement:0:relation:root.casttable.setop.b0.fnd.jour.read.t05_fnd_chg_evt","pdata_n.t05_fnd_chg_evt","ALL_DISJOINT","97286|97287","2","0","DISJOINT","PARTITION_NO_MATCH"
"239134","task:239134:statement:0:relation:root.casttable.setop.b0.opt.read.cust_opt_base_info","dm_opt_n.cust_opt_base_info","FULLY_CONFIRMED","135427","1","1","CONFIRMED",""
"239134","task:239134:statement:0:relation:root.casttable.setop.b1.ast.read.cust_opt_ast_day","dm_opt_n.cust_opt_ast_day","CANDIDATE_ONLY","135109","1","0","UNKNOWN","PARTITION_NON_LITERAL|WRITER_PARTITION_UNKNOWN"
"239134","task:239134:statement:0:relation:root.casttable.setop.b1.fnd.jour.read.t05_fnd_chg_evt","pdata_n.t05_fnd_chg_evt","ALL_DISJOINT","97286|97287","2","0","DISJOINT","PARTITION_NO_MATCH"
"239134","task:239134:statement:0:relation:root.casttable.setop.b1.opt.read.cust_opt_base_info","dm_opt_n.cust_opt_base_info","FULLY_CONFIRMED","135427","1","1","CONFIRMED",""
"244873","task:244873:statement:0:relation:root.casttable.n1.t.a1.read.co_emp_seqab_projset","dm_index_n.co_emp_seqab_projset","CANDIDATE_ONLY","243781|243790","2","0","ASSUMED|DISJOINT",""
"244873","task:244873:statement:0:relation:root.casttable.n1.t.a10.read.index_grp1_newintroprdqty_astcstdprd_mon","dm_index_n.index_grp1_newintroprdqty_astcstdprd_mon","FULLY_CONFIRMED","158205","1","1","CONFIRMED",""
"244873","task:244873:statement:0:relation:root.casttable.n1.t.a11.read.co_emp_seqab_projset","dm_index_n.co_emp_seqab_projset","CANDIDATE_ONLY","243781|243790","2","0","DISJOINT|ASSUMED",""
"244873","task:244873:statement:0:relation:root.casttable.n1.t.a13_1.read.index_grp_staff_opt_corp_qual_cnt_year","dm_index_n.index_grp_staff_opt_corp_qual_cnt_year","CANDIDATE_ONLY","100500","1","0","ASSUMED",""
"244873","task:244873:statement:0:relation:root.casttable.n1.t.a14.read.index_grp_staff_corp_bond_prof_qual_cnt_year","dm_index_n.index_grp_staff_corp_bond_prof_qual_cnt_year","CANDIDATE_ONLY","100478","1","0","ASSUMED",""
"244873","task:244873:statement:0:relation:root.casttable.n1.t.a16.read.index_grp1_saleamt_finprd_delcash_pvtibcorp_clmrela_year","dm_index_n.index_grp1_saleamt_finprd_delcash_pvtibcorp_clmrela_year","FULLY_CONFIRMED","159248","1","1","CONFIRMED",""
"244873","task:244873:statement:0:relation:root.casttable.n1.t.a17.read.index_grp1_newintroprdscal_astcstdprd_mon","dm_index_n.index_grp1_newintroprdscal_astcstdprd_mon","FULLY_CONFIRMED","158207","1","1","CONFIRMED",""
"244873","task:244873:statement:0:relation:root.casttable.n1.t.a18.read.index_grp1_netintrincome_margdevrela_orgseqempkpiexam_yearmthavg","dm_index_n.index_grp1_netintrincome_margdevrela_orgseqempkpiexam_yearmthavg","CANDIDATE_ONLY","235224","1","0","ASSUMED",""
"244873","task:244873:statement:0:relation:root.casttable.n1.t.a19.read.index_grp1_margbalincrsval_margdevrela_orgseqempkpiexam_yearapd","dm_index_n.index_grp1_margbalincrsval_margdevrela_orgseqempkpiexam_yearapd","CANDIDATE_ONLY","235230","1","0","ASSUMED",""
"244873","task:244873:statement:0:relation:root.casttable.n1.t.a2.read.co_emp_seqab_projset","dm_index_n.co_emp_seqab_projset","CANDIDATE_ONLY","243781|243790","2","0","ASSUMED|DISJOINT",""
"244873","task:244873:statement:0:relation:root.casttable.n1.t.a20.read.index_grp1_margbalincrsrate_margdevrela_orgseqempkpiexam_yearapd","dm_index_n.index_grp1_margbalincrsrate_margdevrela_orgseqempkpiexam_yearapd","CANDIDATE_ONLY","235234","1","0","ASSUMED",""
"244873","task:244873:statement:0:relation:root.casttable.n1.t.a3.read.co_emp_seqab_projset","dm_index_n.co_emp_seqab_projset","CANDIDATE_ONLY","243781|243790","2","0","ASSUMED|DISJOINT",""
"244873","task:244873:statement:0:relation:root.casttable.n1.t.a4.read.co_emp_seqab_projset","dm_index_n.co_emp_seqab_projset","CANDIDATE_ONLY","243781|243790","2","0","DISJOINT|ASSUMED",""
"244873","task:244873:statement:0:relation:root.casttable.n1.t.a5.read.co_emp_seqab_projset","dm_index_n.co_emp_seqab_projset","CANDIDATE_ONLY","243781|243790","2","0","DISJOINT|ASSUMED",""
"244873","task:244873:statement:0:relation:root.casttable.n1.t.a6.read.co_emp_seqab_projset","dm_index_n.co_emp_seqab_projset","CANDIDATE_ONLY","243781|243790","2","0","DISJOINT|ASSUMED",""
"244873","task:244873:statement:0:relation:root.casttable.n1.t.a7.read.index_grp_divd_avg_lend_scal","dm_index_n.index_grp_divd_avg_lend_scal","CANDIDATE_ONLY","92220","1","0","ASSUMED",""
"244873","task:244873:statement:0:relation:root.casttable.n1.t.a8.t.setop.b0.read.index_emp_crd_valid_compact_amt_perday","dm_index_n.index_emp_crd_valid_compact_amt_perday","CANDIDATE_ONLY","104366","1","0","ASSUMED",""
"244873","task:244873:statement:0:relation:root.casttable.n1.t.a9.t.read.index_grp1_staff_apd_net_asset_adj","dm_index_n.index_grp1_staff_apd_net_asset_adj","CANDIDATE_ONLY","102792","1","0","UNKNOWN","PARTITION_NON_LITERAL|WRITER_PARTITION_UNKNOWN"
"244873","task:244873:statement:0:relation:root.casttable.n1.t.b2.read.co_emp_seqab_projset","dm_index_n.co_emp_seqab_projset","CANDIDATE_ONLY","243781|243790","2","0","ASSUMED|DISJOINT",""
"244873","task:244873:statement:0:relation:root.casttable.n1.t.b3.read.co_emp_seqab_projset","dm_index_n.co_emp_seqab_projset","CANDIDATE_ONLY","243781|243790","2","0","ASSUMED|DISJOINT",""
"244873","task:244873:statement:0:relation:root.casttable.n1.t.b7.read.co_emp_seqab_projset","dm_index_n.co_emp_seqab_projset","CANDIDATE_ONLY","243781|243790","2","0","ASSUMED|DISJOINT",""
"244873","task:244873:statement:0:relation:root.casttable.n1.t.c1.read.index_grp1_emp_projnum_brchexam_mth_an","dm_index_n.index_grp1_emp_projnum_brchexam_mth_an","CANDIDATE_ONLY","187703","1","0","ASSUMED",""
"244873","task:244873:statement:0:relation:root.casttable.n1.t.j.read.index_grp1_income_fullcali_astpkgrela_orgbusicust_mth_ricc","dm_index_n.index_grp1_income_fullcali_astpkgrela_orgbusicust_mth_ricc","CANDIDATE_ONLY","244156","1","0","ASSUMED",""
"76185","task:76185:statement:0:relation:root.p.b.read.t05_fnd_chg_evt","pdata_n.t05_fnd_chg_evt","ALL_DISJOINT","97286|97287","2","0","DISJOINT","PARTITION_NO_MATCH"
"76185","task:76185:statement:1:relation:root.p.b.read.t05_fnd_chg_evt","pdata_n.t05_fnd_chg_evt","ALL_DISJOINT","97286|97287","2","0","DISJOINT","PARTITION_NO_MATCH"
"87970","task:87970:statement:0:relation:root.t3.read.t98_crm_oact_pty_id_mobile_map_info","pdata_n.t98_crm_oact_pty_id_mobile_map_info","FULLY_CONFIRMED","68399","1","1","CONFIRMED",""
"95834","task:95834:statement:0:relation:root.k.read.wt_taum_emp_assn_indi_data","dm_om_n.wt_taum_emp_assn_indi_data","CANDIDATE_ONLY","212720","1","0","UNKNOWN","PARTITION_NON_LITERAL|WRITER_PARTITION_UNKNOWN"
"95854","task:95854:statement:0:relation:root.k.read.wt_taum_ins_assn_indi_data","dm_om_n.wt_taum_ins_assn_indi_data","CANDIDATE_ONLY","212721","1","0","UNKNOWN","PARTITION_NON_LITERAL|WRITER_PARTITION_UNKNOWN"
