"源物理表ID","平台","数据源","源表","源表中文注释","消费任务ID","任务名称","候选输出及中文注释","候选具体写入数","候选写入证据ID","SQL材料组","相关SQL哈希","证据可用状态","固定读取定位状态","内容绑定级别","核读状态","使用模式","已确认具体输出","当前Facts写入","Facts字段绑定目标","缺口/待判断","Facts清单哈希","证据文件"
"dataset:f322d64cc13f2c1fedf2c1d26bc3f5dbf17e636b8ef92b75b28867c45f417aed","hive","gfhive","pdata_n.t03_otc_deri_book_adtnl_info","每天一份快照，记录场外衍生品账簿的生效到期日、所属机构、交易与风控开关、底层标的映射等附加配置信息，用于账簿管理与业务控制。","107018","PDATA_N.T98_OTC_SWAP_COMP_TRD_UNDRL_INFO","pdata_n.t98_otc_swap_comp_trd_undrl_info（每天一份快照，场外互换合约对应交易标的的基础信息与行情信息表）","1","write-observation:107018:0","SQLG-597ee87f6b64c8ca","query:6d875301037813f5b68ade3f5fb5c85bc389cc06698d70859015fcc94167eb2d","AVAILABLE","FIXED_READ_LOCATORS_PRESENT_IN_CURRENT_FACTS","LOCATOR_PRESENCE_ONLY; CROSS_VERSION_SEMANTICS_UNVERIFIED","已完成Facts细粒度提取与局部解释","P09_BOOK_REASSIGNMENT","pdata_n.t98_otc_swap_comp_trd_undrl_info","pdata_n.t98_otc_swap_comp_trd_undrl_info|PROFILE_DECLARED|NO_STATEMENT；pdata_n.t98_otc_swap_comp_trd_undrl_info|SQL_PARSE|task:107018:slot:query:statement:0","pdata_n.t98_otc_swap_comp_trd_undrl_info","映射规则优先级及UNION去重后的唯一目标账簿；映射目标账簿是否存在多快照行","809c748b74c3eea99f45ca69a4a3e05206c3913fd42c68fde97816eebe5ed5ff","E:\02_area\股衍数据-数据cookbook\sql-static-lineage-data\task-projections\tasks\107018\versions\f7b3beb4429184183ce59f64445e82f95ecc4133d49dde4df922d7247fb7d9f3.evidence-v3.json"
"dataset:f322d64cc13f2c1fedf2c1d26bc3f5dbf17e636b8ef92b75b28867c45f417aed","hive","gfhive","pdata_n.t03_otc_deri_book_adtnl_info","每天一份快照，记录场外衍生品账簿的生效到期日、所属机构、交易与风控开关、底层标的映射等附加配置信息，用于账簿管理与业务控制。","107024","PDATA_N.T98_OTC_SWAP_COMP_TRD_UNDRL_INFO","pdata_n.t98_otc_swap_comp_trd_undrl_info（每天一份快照，场外互换合约对应交易标的的基础信息与行情信息表）","1","write-observation:107024:0","SQLG-f40290d3eb7adbec","query:f6fbae28b38783e627172002c9f8ea06f6fbeb84356616b53d338fcf270a0ebd","AVAILABLE","FIXED_READ_LOCATORS_PRESENT_IN_CURRENT_FACTS","LOCATOR_PRESENCE_ONLY; CROSS_VERSION_SEMANTICS_UNVERIFIED","未进入Facts细粒度提取范围（达到20个不同SQL材料组上限）","","","pdata_n.t98_otc_swap_comp_trd_undrl_info|PROFILE_DECLARED|NO_STATEMENT；pdata_n.t98_otc_swap_comp_trd_undrl_info|SQL_PARSE|task:107024:slot:query:statement:0","pdata_n.t98_otc_swap_comp_trd_undrl_info","未进入20个SQL材料组核读范围，不能判定具体使用模式或受影响输出","45ff9764a499b3901ef56409cb3f5763004ceaed0a9d97e617981916e4f22107","E:\02_area\股衍数据-数据cookbook\sql-static-lineage-data\task-projections\tasks\107024\versions\e0a91d6f8c03055387e62ea7b3e00514f7a493d2876b39fa43b241f9aa033daf.evidence-v3.json"
"dataset:f322d64cc13f2c1fedf2c1d26bc3f5dbf17e636b8ef92b75b28867c45f417aed","hive","gfhive","pdata_n.t03_otc_deri_book_adtnl_info","每天一份快照，记录场外衍生品账簿的生效到期日、所属机构、交易与风控开关、底层标的映射等附加配置信息，用于账簿管理与业务控制。","107937","PDATA_N.T98_OTC_SWAP_COMP_VALU_SUM","pdata_n.t98_otc_swap_comp_valu_sum（每天增量追加，场外互换合约按估值日的整体估值与盈亏汇总表，用于互换合约逐日估值、分端损益核算、风险计量与财务对账。）","1","write-observation:107937:0","SQLG-676592d820a1ec74","query:b79c6ecab4d99959dcb0e66e149f56c3769eb99867ba7d5ad5959edea71b70ba","AVAILABLE","FIXED_READ_LOCATORS_PRESENT_IN_CURRENT_FACTS","LOCATOR_PRESENCE_ONLY; CROSS_VERSION_SEMANTICS_UNVERIFIED","未进入Facts细粒度提取范围（达到20个不同SQL材料组上限）","","","pdata_n.t98_otc_swap_comp_valu_sum|PROFILE_DECLARED|NO_STATEMENT；pdata_n.t98_otc_swap_comp_valu_sum|SQL_PARSE|task:107937:slot:query:statement:0","pdata_n.t98_otc_swap_comp_valu_sum","未进入20个SQL材料组核读范围，不能判定具体使用模式或受影响输出","7becd2dc6a103dfd7ab54d45b896cfdeb505216e98fd65c2f9044733ca13de9c","E:\02_area\股衍数据-数据cookbook\sql-static-lineage-data\task-projections\tasks\107937\versions\969a80b95fee431d97b22f1e48b439fa464361d811f94cdae522255cf949d1ec.evidence-v3.json"
"dataset:f322d64cc13f2c1fedf2c1d26bc3f5dbf17e636b8ef92b75b28867c45f417aed","hive","gfhive","pdata_n.t03_otc_deri_book_adtnl_info","每天一份快照，记录场外衍生品账簿的生效到期日、所属机构、交易与风控开关、底层标的映射等附加配置信息，用于账簿管理与业务控制。","114782","dm_ecif.cust_otc_acctast_s","dm_ecif.cust_otc_acctast_s（OTC客户账户资产信息）","1","write-observation:114782:11","SQLG-7c222198faf05120","create:02c4bb601492dbdde22e2ff9aa0bceccd49b96815c9119a22ca60e8732e4466a","AVAILABLE","FIXED_READ_LOCATORS_PRESENT_IN_CURRENT_FACTS","LOCATOR_PRESENCE_ONLY; CROSS_VERSION_SEMANTICS_UNVERIFIED","已完成Facts细粒度提取与局部解释","P02_OTC_BOOK_ELIGIBILITY","dm_ecif.cust_otc_acctast_s","dm_ecif.cust_otc_acctast_s|PROFILE_DECLARED|NO_STATEMENT；dm_ecif.cust_otc_acctast_s|SQL_PARSE|task:114782:slot:create:statement:0；temp_n.temp_v_ecif_capital_balance_001|SQL_PARSE|task:114782:slot:create:statement:1；temp_n.temp_v_ecif_trs_nav_001|SQL_PARSE|task:114782:slot:create:statement:2；temp_n.temp_v_ecif_margin_balance_001|SQL_PARSE|task:114782:slot:create:statement:3；temp_n.temp_v_ecif_option_nav_001|SQL_PARSE|task:114782:slot:create:statement:4；temp_n.temp_cust_otc_acctast_001|SQL_PARSE|task:114782:slot:create:statement:5；dm_ecif.cust_otc_acctast_s|SQL_PARSE|task:114782:slot:query:statement:5","dm_ecif.cust_otc_acctast_s；temp_n.temp_cust_otc_acctast_001；temp_n.temp_v_ecif_capital_balance_001；temp_n.temp_v_ecif_margin_balance_001；temp_n.temp_v_ecif_option_nav_001；temp_n.temp_v_ecif_trs_nav_001","两个资产分支的账簿键在当日快照是否唯一；被账簿条件排除的资产规模与客户数","3773212d4d18759517222f262ebdebe14bffd160a5099e04a1f1e1a370c701cb","E:\02_area\股衍数据-数据cookbook\sql-static-lineage-data\task-projections\tasks\114782\versions\227d514eee794a24fcdfccb5d59ba36a032f6f87c15fb8f581ac1170a5199cf3.evidence-v3.json"
"dataset:f322d64cc13f2c1fedf2c1d26bc3f5dbf17e636b8ef92b75b28867c45f417aed","hive","gfhive","pdata_n.t03_otc_deri_book_adtnl_info","每天一份快照，记录场外衍生品账簿的生效到期日、所属机构、交易与风控开关、底层标的映射等附加配置信息，用于账簿管理与业务控制。","119044","PDATA_N.T98_SB_OTC_OPT_COMP_INFO","pdata_n.t98_sb_otc_opt_comp_info（每天一份快照，公司自营场外期权业务的核心合约信息表）","1","write-observation:119044:0","SQLG-224f282c15cd50e7","query:c391b5fe9b2d6f8bb3707eb21f47a33f6df0a8735cbec5148593258e48ab9241","AVAILABLE","FIXED_READ_LOCATORS_PRESENT_IN_CURRENT_FACTS","LOCATOR_PRESENCE_ONLY; CROSS_VERSION_SEMANTICS_UNVERIFIED","未进入Facts细粒度提取范围（达到20个不同SQL材料组上限）","","","pdata_n.t98_sb_otc_opt_comp_info|PROFILE_DECLARED|NO_STATEMENT；pdata_n.t98_sb_otc_opt_comp_info|SQL_PARSE|task:119044:slot:query:statement:0","pdata_n.t98_sb_otc_opt_comp_info","未进入20个SQL材料组核读范围，不能判定具体使用模式或受影响输出","5733b33597e60a354fd4e1365ad6d93907d95c49551cf50a91c628723870544b","E:\02_area\股衍数据-数据cookbook\sql-static-lineage-data\task-projections\tasks\119044\versions\002cceb8bdd46fcbe312ca3408d4b986b1b6375e16133b549a43f50a5a996299.evidence-v3.json"
"dataset:f322d64cc13f2c1fedf2c1d26bc3f5dbf17e636b8ef92b75b28867c45f417aed","hive","gfhive","pdata_n.t03_otc_deri_book_adtnl_info","每天一份快照，记录场外衍生品账簿的生效到期日、所属机构、交易与风控开关、底层标的映射等附加配置信息，用于账簿管理与业务控制。","123781","PDATA_N.T98_OTC_TRD_COMP_INFO","pdata_n.t98_otc_trd_comp_info（OTC交易合约信息）","1","write-observation:123781:0","SQLG-380cd1181a8e9e34","query:36dc0a9acbd0162d18204e5a0acd82192bd96b67e27ba0b01e81eb50bdd0cedc","AVAILABLE","FIXED_READ_LOCATORS_PRESENT_IN_CURRENT_FACTS","LOCATOR_PRESENCE_ONLY; CROSS_VERSION_SEMANTICS_UNVERIFIED","未进入Facts细粒度提取范围（达到20个不同SQL材料组上限）","","","pdata_n.t98_otc_trd_comp_info|PROFILE_DECLARED|NO_STATEMENT；pdata_n.t98_otc_trd_comp_info|SQL_PARSE|task:123781:slot:query:statement:0","pdata_n.t98_otc_trd_comp_info","未进入20个SQL材料组核读范围，不能判定具体使用模式或受影响输出","c4b113bcdd3d4f58756e68dcb977dc48c6c0fca86265c929a24de616c71b66e0","E:\02_area\股衍数据-数据cookbook\sql-static-lineage-data\task-projections\tasks\123781\versions\2654cbc4db9a7d5103f55d33fea33dea8dabb4bcb48b8f5ce19c758b3c0eb48e.evidence-v3.json"
"dataset:f322d64cc13f2c1fedf2c1d26bc3f5dbf17e636b8ef92b75b28867c45f417aed","hive","gfhive","pdata_n.t03_otc_deri_book_adtnl_info","每天一份快照，记录场外衍生品账簿的生效到期日、所属机构、交易与风控开关、底层标的映射等附加配置信息，用于账簿管理与业务控制。","134140","dm_hk_n.trd_otc_contr_report","dm_hk_n.trd_otc_contr_report（OTCHK交易-合约报备信息）","1","write-observation:134140:platform-target:0","SQLG-5cd55c715c37fd65","query:0de15fbbe21ee667efcfb27d6e08eaa7427f691163a6f3b75cb1cec2e9991a87","AVAILABLE","FIXED_READ_LOCATORS_PRESENT_IN_CURRENT_FACTS","LOCATOR_PRESENCE_ONLY; CROSS_VERSION_SEMANTICS_UNVERIFIED","未进入Facts细粒度提取范围（达到20个不同SQL材料组上限）","","","dm_hk_n.trd_otc_contr_report|PROFILE_DECLARED|NO_STATEMENT；dm_hk_n.trd_otc_contr_report|PLATFORM_TARGET|task:134140:slot:query:statement:0","dm_hk_n.trd_otc_contr_report","未进入20个SQL材料组核读范围，不能判定具体使用模式或受影响输出","fcac1a53dbb7162a00b30a156f4f94d850169e246b1e089994064a240a99c16f","E:\02_area\股衍数据-数据cookbook\sql-static-lineage-data\task-projections\tasks\134140\versions\fe53fec217c759b0a31f813ca66273343b5ad1a64f9f70be1e8be7fb28cbcda1.evidence-v3.json"
"dataset:f322d64cc13f2c1fedf2c1d26bc3f5dbf17e636b8ef92b75b28867c45f417aed","hive","gfhive","pdata_n.t03_otc_deri_book_adtnl_info","每天一份快照，记录场外衍生品账簿的生效到期日、所属机构、交易与风控开关、底层标的映射等附加配置信息，用于账簿管理与业务控制。","134143","dm_hk_n.ref_op_deal_autocall_kidate","dm_hk_n.ref_op_deal_autocall_kidate（OTCHK交易-期权敲入观察日及票息信息）","1","write-observation:134143:platform-target:0","SQLG-b3a860c3bbae2370","query:f7009e9fc342df6121c24ea35b984d833078cff57dddc5175950136bc5b14cc9","AVAILABLE","FIXED_READ_LOCATORS_PRESENT_IN_CURRENT_FACTS","LOCATOR_PRESENCE_ONLY; CROSS_VERSION_SEMANTICS_UNVERIFIED","未进入Facts细粒度提取范围（达到20个不同SQL材料组上限）","","","dm_hk_n.ref_op_deal_autocall_kidate|PROFILE_DECLARED|NO_STATEMENT；dm_hk_n.ref_op_deal_autocall_kidate|PLATFORM_TARGET|task:134143:slot:query:statement:0","dm_hk_n.ref_op_deal_autocall_kidate","未进入20个SQL材料组核读范围，不能判定具体使用模式或受影响输出","3e527ae654320889f58b2abf30feaec705a38e9cf65bcd5424cc2fa44661fe13","E:\02_area\股衍数据-数据cookbook\sql-static-lineage-data\task-projections\tasks\134143\versions\203c6c7c2f58823cb0aea091fe91a54d15760ae1c67bf7c756983715c5fdff44.evidence-v3.json"
"dataset:f322d64cc13f2c1fedf2c1d26bc3f5dbf17e636b8ef92b75b28867c45f417aed","hive","gfhive","pdata_n.t03_otc_deri_book_adtnl_info","每天一份快照，记录场外衍生品账簿的生效到期日、所属机构、交易与风控开关、底层标的映射等附加配置信息，用于账簿管理与业务控制。","134146","dm_hk_n.ref_op_deal_autocall_kodate","dm_hk_n.ref_op_deal_autocall_kodate（OTCHK交易-期权敲出观察日及票息信息）","1","write-observation:134146:platform-target:0","SQLG-7a7226199cf73c97","query:db17a074fded0a8e759435c559bdf2974c3ae1984ddf75ccbe69d9168608b4fd","AVAILABLE","FIXED_READ_LOCATORS_PRESENT_IN_CURRENT_FACTS","LOCATOR_PRESENCE_ONLY; CROSS_VERSION_SEMANTICS_UNVERIFIED","未进入Facts细粒度提取范围（达到20个不同SQL材料组上限）","","","dm_hk_n.ref_op_deal_autocall_kodate|PROFILE_DECLARED|NO_STATEMENT；dm_hk_n.ref_op_deal_autocall_kodate|PLATFORM_TARGET|task:134146:slot:query:statement:0","dm_hk_n.ref_op_deal_autocall_kodate","未进入20个SQL材料组核读范围，不能判定具体使用模式或受影响输出","b7dd86e43e4dfd448d2a1939a402867d9103be5e686d07dc1c4bd39361e45e96","E:\02_area\股衍数据-数据cookbook\sql-static-lineage-data\task-projections\tasks\134146\versions\3f541a2b23d5ce734b8c4ea0558c917851815fc6fd325a07efb4b28125f63635.evidence-v3.json"
"dataset:f322d64cc13f2c1fedf2c1d26bc3f5dbf17e636b8ef92b75b28867c45f417aed","hive","gfhive","pdata_n.t03_otc_deri_book_adtnl_info","每天一份快照，记录场外衍生品账簿的生效到期日、所属机构、交易与风控开关、底层标的映射等附加配置信息，用于账簿管理与业务控制。","134148","dm_hk_n.ref_option_deal_barrier","dm_hk_n.ref_option_deal_barrier（OTCHK交易-期权合约结构-障碍价格）","1","write-observation:134148:platform-target:0","SQLG-e8c6d0e348f0c8b0","query:e4eb8ea8e27bcb9ad3c4f945a513ce8cd3740ae9740f79f5945d4c041a6c15b7","AVAILABLE","FIXED_READ_LOCATORS_PRESENT_IN_CURRENT_FACTS","LOCATOR_PRESENCE_ONLY; CROSS_VERSION_SEMANTICS_UNVERIFIED","未进入Facts细粒度提取范围（达到20个不同SQL材料组上限）","","","dm_hk_n.ref_option_deal_barrier|PROFILE_DECLARED|NO_STATEMENT；dm_hk_n.ref_option_deal_barrier|PLATFORM_TARGET|task:134148:slot:query:statement:0","dm_hk_n.ref_option_deal_barrier","未进入20个SQL材料组核读范围，不能判定具体使用模式或受影响输出","6d4a5687293e116a8dc550b532ee0a0f993b93b2f166a5b169358e9069097c09","E:\02_area\股衍数据-数据cookbook\sql-static-lineage-data\task-projections\tasks\134148\versions\2329e4e19414e338c458fa1c9feceebc11b478c9c224417d4218715b12aad226.evidence-v3.json"
"dataset:f322d64cc13f2c1fedf2c1d26bc3f5dbf17e636b8ef92b75b28867c45f417aed","hive","gfhive","pdata_n.t03_otc_deri_book_adtnl_info","每天一份快照，记录场外衍生品账簿的生效到期日、所属机构、交易与风控开关、底层标的映射等附加配置信息，用于账簿管理与业务控制。","134157","dm_hk_n.ref_option_deal_cr","dm_hk_n.ref_option_deal_cr（OTCHK交易-期权合约结构-票息表）","1","write-observation:134157:platform-target:0","SQLG-aa8a340d051209ff","query:f1789991e427fd37174e3be1cd83c45e081ad62698c11d61bd1f8b5d7593d935","AVAILABLE","FIXED_READ_LOCATORS_PRESENT_IN_CURRENT_FACTS","LOCATOR_PRESENCE_ONLY; CROSS_VERSION_SEMANTICS_UNVERIFIED","未进入Facts细粒度提取范围（达到20个不同SQL材料组上限）","","","dm_hk_n.ref_option_deal_cr|PROFILE_DECLARED|NO_STATEMENT；dm_hk_n.ref_option_deal_cr|PLATFORM_TARGET|task:134157:slot:query:statement:0","dm_hk_n.ref_option_deal_cr","未进入20个SQL材料组核读范围，不能判定具体使用模式或受影响输出","f5301eb5fff33545612708234d4fc5f34cf00ea8fa6e35f9e6794b56aa2b25fa","E:\02_area\股衍数据-数据cookbook\sql-static-lineage-data\task-projections\tasks\134157\versions\5ee02fd3b2991b606078cef992ff3bde75351a5f34a2b68c1fef0f9287a6f631.evidence-v3.json"
"dataset:f322d64cc13f2c1fedf2c1d26bc3f5dbf17e636b8ef92b75b28867c45f417aed","hive","gfhive","pdata_n.t03_otc_deri_book_adtnl_info","每天一份快照，记录场外衍生品账簿的生效到期日、所属机构、交易与风控开关、底层标的映射等附加配置信息，用于账簿管理与业务控制。","134167","dm_hk_n.ref_book","dm_hk_n.ref_book（OTCHK账簿信息表）","1","write-observation:134167:platform-target:0","SQLG-aa1b48edaba58fa7","query:34dd70c77054427f27b6be9773e95a17487ccf214615d58d4d0d4dedf1830adc","AVAILABLE","FIXED_READ_LOCATORS_PRESENT_IN_CURRENT_FACTS","LOCATOR_PRESENCE_ONLY; CROSS_VERSION_SEMANTICS_UNVERIFIED","已完成Facts细粒度提取与局部解释","P07_BOOK_DIMENSION_PROJECTION","dm_hk_n.ref_book","dm_hk_n.ref_book|PROFILE_DECLARED|NO_STATEMENT；dm_hk_n.ref_book|PLATFORM_TARGET|task:134167:slot:query:statement:0","dm_hk_n.ref_book","GFS_HK账簿ID在名称和主体关系表中的有效期唯一性","e01452ebd17a47f79fc1f79a4ebfbe93cec9387a79acf1d2f0e6e1cad6bcb6a0","E:\02_area\股衍数据-数据cookbook\sql-static-lineage-data\task-projections\tasks\134167\versions\7ec0294e4c2d336416853cc6106b09b3b0ae431375263a9c4f485a520f296fad.evidence-v3.json"
"dataset:f322d64cc13f2c1fedf2c1d26bc3f5dbf17e636b8ef92b75b28867c45f417aed","hive","gfhive","pdata_n.t03_otc_deri_book_adtnl_info","每天一份快照，记录场外衍生品账簿的生效到期日、所属机构、交易与风控开关、底层标的映射等附加配置信息，用于账簿管理与业务控制。","134474","dm_hk_n.pos_position_daily","dm_hk_n.pos_position_daily（未提供中文注释）","1","write-observation:134474:platform-target:0","SQLG-f52892c109af2b08","query:cfaf8722de9b6daaa8d796c36549753980be838e806ba9c1c0d1d0fe2107fc3a","AVAILABLE","FIXED_READ_LOCATORS_PRESENT_IN_CURRENT_FACTS","LOCATOR_PRESENCE_ONLY; CROSS_VERSION_SEMANTICS_UNVERIFIED","未进入Facts细粒度提取范围（达到20个不同SQL材料组上限）","","","dm_hk_n.pos_position_daily|PROFILE_DECLARED|NO_STATEMENT；dm_hk_n.pos_position_daily|PLATFORM_TARGET|task:134474:slot:query:statement:0","dm_hk_n.pos_position_daily","未进入20个SQL材料组核读范围，不能判定具体使用模式或受影响输出","9f1d8ca008487a749e980867010871881ea20937fa24b872491469549111213d","E:\02_area\股衍数据-数据cookbook\sql-static-lineage-data\task-projections\tasks\134474\versions\cb722435f8f8b18c293ec9b765274a272c80211b5ad1f57bbf18603d0aa493d8.evidence-v3.json"
"dataset:f322d64cc13f2c1fedf2c1d26bc3f5dbf17e636b8ef92b75b28867c45f417aed","hive","gfhive","pdata_n.t03_otc_deri_book_adtnl_info","每天一份快照，记录场外衍生品账簿的生效到期日、所属机构、交易与风控开关、底层标的映射等附加配置信息，用于账簿管理与业务控制。","134477","dm_hk_n.ref_option_deal_pr","dm_hk_n.ref_option_deal_pr（OTCHK交易-期权合约结构-参与率表）","1","write-observation:134477:platform-target:0","SQLG-7b8aec32a2c16b50","query:2451a018c37591e4dd232e66f4349227faf73b3a8c756eea7e3ed5bb5a064ff5","AVAILABLE","FIXED_READ_LOCATORS_PRESENT_IN_CURRENT_FACTS","LOCATOR_PRESENCE_ONLY; CROSS_VERSION_SEMANTICS_UNVERIFIED","未进入Facts细粒度提取范围（达到20个不同SQL材料组上限）","","","dm_hk_n.ref_option_deal_pr|PROFILE_DECLARED|NO_STATEMENT；dm_hk_n.ref_option_deal_pr|PLATFORM_TARGET|task:134477:slot:query:statement:0","dm_hk_n.ref_option_deal_pr","未进入20个SQL材料组核读范围，不能判定具体使用模式或受影响输出","5efd43b639003f8ef3679f7acfc2e66fbb6ad54eb96f0c6aa18d527026483e02","E:\02_area\股衍数据-数据cookbook\sql-static-lineage-data\task-projections\tasks\134477\versions\093bd4b4fd7b40ae294fa13ffa28d28adda10dfd9b9bf43cadbaf2dbbca4d72c.evidence-v3.json"
"dataset:f322d64cc13f2c1fedf2c1d26bc3f5dbf17e636b8ef92b75b28867c45f417aed","hive","gfhive","pdata_n.t03_otc_deri_book_adtnl_info","每天一份快照，记录场外衍生品账簿的生效到期日、所属机构、交易与风控开关、底层标的映射等附加配置信息，用于账簿管理与业务控制。","134478","dm_hk_n.ref_option_deal_quote_reset","dm_hk_n.ref_option_deal_quote_reset（OTCHK交易-Reset价格表）","1","write-observation:134478:platform-target:0","SQLG-a7794b43fea8c672","query:8a2de96b86b3db3c9d746f0c5939a859009c28f3b4734b7c1a074738d15776ce","AVAILABLE","FIXED_READ_LOCATORS_PRESENT_IN_CURRENT_FACTS","LOCATOR_PRESENCE_ONLY; CROSS_VERSION_SEMANTICS_UNVERIFIED","未进入Facts细粒度提取范围（达到20个不同SQL材料组上限）","","","dm_hk_n.ref_option_deal_quote_reset|PROFILE_DECLARED|NO_STATEMENT；dm_hk_n.ref_option_deal_quote_reset|PLATFORM_TARGET|task:134478:slot:query:statement:0","dm_hk_n.ref_option_deal_quote_reset","未进入20个SQL材料组核读范围，不能判定具体使用模式或受影响输出","c88ac4a33b6aa0203b38d4aeb114b683d8f9c12c8e9f21845a7e1e1921b9a884","E:\02_area\股衍数据-数据cookbook\sql-static-lineage-data\task-projections\tasks\134478\versions\df86f0f34cd4eb7c10672d9d864730e3f4ba01b4906450781c4e5f90986bff73.evidence-v3.json"
"dataset:f322d64cc13f2c1fedf2c1d26bc3f5dbf17e636b8ef92b75b28867c45f417aed","hive","gfhive","pdata_n.t03_otc_deri_book_adtnl_info","每天一份快照，记录场外衍生品账簿的生效到期日、所属机构、交易与风控开关、底层标的映射等附加配置信息，用于账簿管理与业务控制。","134518","dm_hk_n.ref_option_quote_reset","dm_hk_n.ref_option_quote_reset（OTCHK期权reset行情）","1","write-observation:134518:platform-target:0","SQLG-0d9a33566f20079a","query:4af2ca30c925fcdf959be01b6b5e183fc34bc7ee978c6bd90b9c01199e7b37ba","AVAILABLE","FIXED_READ_LOCATORS_PRESENT_IN_CURRENT_FACTS","LOCATOR_PRESENCE_ONLY; CROSS_VERSION_SEMANTICS_UNVERIFIED","未进入Facts细粒度提取范围（达到20个不同SQL材料组上限）","","","dm_hk_n.ref_option_quote_reset|PROFILE_DECLARED|NO_STATEMENT；dm_hk_n.ref_option_quote_reset|PLATFORM_TARGET|task:134518:slot:query:statement:0","dm_hk_n.ref_option_quote_reset","未进入20个SQL材料组核读范围，不能判定具体使用模式或受影响输出","fd810c1dc7d7c8162e04f22d12d5ce7be414f9e5dce09fc6a7cf862c5ab24891","E:\02_area\股衍数据-数据cookbook\sql-static-lineage-data\task-projections\tasks\134518\versions\dfd0f074faf96ab2c09ee7986b8327cf64061955d3dfe9ad79dfba6c7bf1b3d8.evidence-v3.json"
"dataset:f322d64cc13f2c1fedf2c1d26bc3f5dbf17e636b8ef92b75b28867c45f417aed","hive","gfhive","pdata_n.t03_otc_deri_book_adtnl_info","每天一份快照，记录场外衍生品账簿的生效到期日、所属机构、交易与风控开关、底层标的映射等附加配置信息，用于账簿管理与业务控制。","134519","dm_hk_n.ref_otc_contr_margin_param","dm_hk_n.ref_otc_contr_margin_param（OTCHK合约-静态履约保证金参数）","1","write-observation:134519:platform-target:0","SQLG-2facc271abebb6be","query:e1be11de75e91b42baac60722313ab759b2d47da0d60541f52bf5856d026d9e5","AVAILABLE","FIXED_READ_LOCATORS_PRESENT_IN_CURRENT_FACTS","LOCATOR_PRESENCE_ONLY; CROSS_VERSION_SEMANTICS_UNVERIFIED","未进入Facts细粒度提取范围（达到20个不同SQL材料组上限）","","","dm_hk_n.ref_otc_contr_margin_param|PROFILE_DECLARED|NO_STATEMENT；dm_hk_n.ref_otc_contr_margin_param|PLATFORM_TARGET|task:134519:slot:query:statement:0","dm_hk_n.ref_otc_contr_margin_param","未进入20个SQL材料组核读范围，不能判定具体使用模式或受影响输出","2813174ca17881283826a5b77ddd138b7dfe8526bf1ec9dadba6ed3cf5c404d3","E:\02_area\股衍数据-数据cookbook\sql-static-lineage-data\task-projections\tasks\134519\versions\d42b4b44a64e71a455cc5af7d899d361954ba28de80a1c34c158ffa31c68c6f1.evidence-v3.json"
"dataset:f322d64cc13f2c1fedf2c1d26bc3f5dbf17e636b8ef92b75b28867c45f417aed","hive","gfhive","pdata_n.t03_otc_deri_book_adtnl_info","每天一份快照，记录场外衍生品账簿的生效到期日、所属机构、交易与风控开关、底层标的映射等附加配置信息，用于账簿管理与业务控制。","134527","dm_hk_n.ref_otc_contr_precision_detail","dm_hk_n.ref_otc_contr_precision_detail（OTCHK合约自定义精度配置表）","1","write-observation:134527:platform-target:0","SQLG-387fe822d217816a","query:144d49b440fd3a8cdc0052d2daaa2bfd71b0206fe7bce206e0b42f3822eb1cff","AVAILABLE","FIXED_READ_LOCATORS_PRESENT_IN_CURRENT_FACTS","LOCATOR_PRESENCE_ONLY; CROSS_VERSION_SEMANTICS_UNVERIFIED","未进入Facts细粒度提取范围（达到20个不同SQL材料组上限）","","","dm_hk_n.ref_otc_contr_precision_detail|PROFILE_DECLARED|NO_STATEMENT；dm_hk_n.ref_otc_contr_precision_detail|PLATFORM_TARGET|task:134527:slot:query:statement:0","dm_hk_n.ref_otc_contr_precision_detail","未进入20个SQL材料组核读范围，不能判定具体使用模式或受影响输出","0add6b5c483197e0d0f719951909f9d3ae1e6b5961a48e492a2b4089eee36ac9","E:\02_area\股衍数据-数据cookbook\sql-static-lineage-data\task-projections\tasks\134527\versions\5aefa03ff662903daa9538b1c1d0b0e07e430d0e5ae92868913a39fafec1337a.evidence-v3.json"
"dataset:f322d64cc13f2c1fedf2c1d26bc3f5dbf17e636b8ef92b75b28867c45f417aed","hive","gfhive","pdata_n.t03_otc_deri_book_adtnl_info","每天一份快照，记录场外衍生品账簿的生效到期日、所属机构、交易与风控开关、底层标的映射等附加配置信息，用于账簿管理与业务控制。","134528","dm_hk_n.ref_otc_option_deal","dm_hk_n.ref_otc_option_deal（OTCHK交易-期权交易合同要素表）","1","write-observation:134528:platform-target:0","SQLG-8c567203c6020947","query:ed38bafd5e7f614b3a81f99c434a501ffa5db6b9ba4f46f76033b4a7785f6d41","AVAILABLE","FIXED_READ_LOCATORS_PRESENT_IN_CURRENT_FACTS","LOCATOR_PRESENCE_ONLY; CROSS_VERSION_SEMANTICS_UNVERIFIED","未进入Facts细粒度提取范围（达到20个不同SQL材料组上限）","","","dm_hk_n.ref_otc_option_deal|PROFILE_DECLARED|NO_STATEMENT；dm_hk_n.ref_otc_option_deal|PLATFORM_TARGET|task:134528:slot:query:statement:0","dm_hk_n.ref_otc_option_deal","未进入20个SQL材料组核读范围，不能判定具体使用模式或受影响输出","d43e3fc992c934041ff6058126a3f93773e88ffcb0b19199c5c719a98e39e438","E:\02_area\股衍数据-数据cookbook\sql-static-lineage-data\task-projections\tasks\134528\versions\d2f2ced281a267a17cea414bb3a3bafbd181498ce2c6444ab9d0934b6cbc92c0.evidence-v3.json"
"dataset:f322d64cc13f2c1fedf2c1d26bc3f5dbf17e636b8ef92b75b28867c45f417aed","hive","gfhive","pdata_n.t03_otc_deri_book_adtnl_info","每天一份快照，记录场外衍生品账簿的生效到期日、所属机构、交易与风控开关、底层标的映射等附加配置信息，用于账簿管理与业务控制。","134530","dm_hk_n.ref_sbl","dm_hk_n.ref_sbl（OTCHK-SBL合约要素表）","1","write-observation:134530:platform-target:0","SQLG-7d5c24ac973fa75b","query:8c213ada52725d02ee8bd8251597d3c9ac163cc5521466ac9ac42b458646f568","AVAILABLE","FIXED_READ_LOCATORS_PRESENT_IN_CURRENT_FACTS","LOCATOR_PRESENCE_ONLY; CROSS_VERSION_SEMANTICS_UNVERIFIED","未进入Facts细粒度提取范围（达到20个不同SQL材料组上限）","","","dm_hk_n.ref_sbl|PROFILE_DECLARED|NO_STATEMENT；dm_hk_n.ref_sbl|PLATFORM_TARGET|task:134530:slot:query:statement:0","dm_hk_n.ref_sbl","未进入20个SQL材料组核读范围，不能判定具体使用模式或受影响输出","807c511df6fc5478d7122a7c3165e7b57177d47058d6d965b0a39e81382c1757","E:\02_area\股衍数据-数据cookbook\sql-static-lineage-data\task-projections\tasks\134530\versions\33b53e79bac7322db843dfa2bf065c25977c3aa6182b86cc541c47cb15bbcce2.evidence-v3.json"
"dataset:f322d64cc13f2c1fedf2c1d26bc3f5dbf17e636b8ef92b75b28867c45f417aed","hive","gfhive","pdata_n.t03_otc_deri_book_adtnl_info","每天一份快照，记录场外衍生品账簿的生效到期日、所属机构、交易与风控开关、底层标的映射等附加配置信息，用于账簿管理与业务控制。","134533","dm_hk_n.ref_sbl_leg","dm_hk_n.ref_sbl_leg（OTCHK-SBL合约腿要素表）","1","write-observation:134533:platform-target:0","SQLG-6ce8c9379f9a8492","query:bc15c438873771606aec13c2964b3d5b2a58505b75ffcc4f6344040243edaf4d","AVAILABLE","FIXED_READ_LOCATORS_PRESENT_IN_CURRENT_FACTS","LOCATOR_PRESENCE_ONLY; CROSS_VERSION_SEMANTICS_UNVERIFIED","未进入Facts细粒度提取范围（达到20个不同SQL材料组上限）","","","dm_hk_n.ref_sbl_leg|PROFILE_DECLARED|NO_STATEMENT；dm_hk_n.ref_sbl_leg|PLATFORM_TARGET|task:134533:slot:query:statement:0","dm_hk_n.ref_sbl_leg","未进入20个SQL材料组核读范围，不能判定具体使用模式或受影响输出","cccc7ad2a778eb7ec31576a73e3394740f4282a91b0498dfd1aea94118824c8e","E:\02_area\股衍数据-数据cookbook\sql-static-lineage-data\task-projections\tasks\134533\versions\9c6d23c3e745002fc172ca92f824245616ac9e76724826ae0e7bfc503eb78574.evidence-v3.json"
"dataset:f322d64cc13f2c1fedf2c1d26bc3f5dbf17e636b8ef92b75b28867c45f417aed","hive","gfhive","pdata_n.t03_otc_deri_book_adtnl_info","每天一份快照，记录场外衍生品账簿的生效到期日、所属机构、交易与风控开关、底层标的映射等附加配置信息，用于账簿管理与业务控制。","134536","dm_hk_n.ref_trs","dm_hk_n.ref_trs（OTCHK交易-TRS）","1","write-observation:134536:platform-target:0","SQLG-51e4f2c510ccf2e1","query:e93e08dace14ce66be388de2c48c216f2d62fbbfb3c2323428934a12abc0527d","AVAILABLE","FIXED_READ_LOCATORS_PRESENT_IN_CURRENT_FACTS","LOCATOR_PRESENCE_ONLY; CROSS_VERSION_SEMANTICS_UNVERIFIED","未进入Facts细粒度提取范围（达到20个不同SQL材料组上限）","","","dm_hk_n.ref_trs|PROFILE_DECLARED|NO_STATEMENT；dm_hk_n.ref_trs|PLATFORM_TARGET|task:134536:slot:query:statement:0","dm_hk_n.ref_trs","未进入20个SQL材料组核读范围，不能判定具体使用模式或受影响输出","446fd497f2d97da8813886cafe5fe32bbbc521d05971a748c3cd309035dd4252","E:\02_area\股衍数据-数据cookbook\sql-static-lineage-data\task-projections\tasks\134536\versions\58756193634e0fb2e9aced9316fae9f4184baeb0be74f505e7d9f8ccb48dd8a4.evidence-v3.json"
"dataset:f322d64cc13f2c1fedf2c1d26bc3f5dbf17e636b8ef92b75b28867c45f417aed","hive","gfhive","pdata_n.t03_otc_deri_book_adtnl_info","每天一份快照，记录场外衍生品账簿的生效到期日、所属机构、交易与风控开关、底层标的映射等附加配置信息，用于账簿管理与业务控制。","134537","dm_hk_n.ref_trs_leg","dm_hk_n.ref_trs_leg（OTCHK交易-TRS-leg基本信息）","1","write-observation:134537:platform-target:0","SQLG-8451db733312eae2","query:bd8b79e2891995c00c4fd82adc53d10ddbd53a471040cc11aae180b1c5b55a83","AVAILABLE","FIXED_READ_LOCATORS_PRESENT_IN_CURRENT_FACTS","LOCATOR_PRESENCE_ONLY; CROSS_VERSION_SEMANTICS_UNVERIFIED","未进入Facts细粒度提取范围（达到20个不同SQL材料组上限）","","","dm_hk_n.ref_trs_leg|PROFILE_DECLARED|NO_STATEMENT；dm_hk_n.ref_trs_leg|PLATFORM_TARGET|task:134537:slot:query:statement:0","dm_hk_n.ref_trs_leg","未进入20个SQL材料组核读范围，不能判定具体使用模式或受影响输出","a13720ae12da8334080e25f6107609ebd1da49b8fa1dc234a45447b11ead4ab6","E:\02_area\股衍数据-数据cookbook\sql-static-lineage-data\task-projections\tasks\134537\versions\45266fcc81e31ae595058e27f96424b9e1f1597eb0d4c796e92e43e86d0b6ffe.evidence-v3.json"
"dataset:f322d64cc13f2c1fedf2c1d26bc3f5dbf17e636b8ef92b75b28867c45f417aed","hive","gfhive","pdata_n.t03_otc_deri_book_adtnl_info","每天一份快照，记录场外衍生品账簿的生效到期日、所属机构、交易与风控开关、底层标的映射等附加配置信息，用于账簿管理与业务控制。","134538","dm_hk_n.trd_option_deal_settlement","dm_hk_n.trd_option_deal_settlement（OTCHK交易-期权交易结算表）","1","write-observation:134538:platform-target:0","SQLG-cbad4e35437ce77b","query:20996eedb31c00df46f06ddc3a209bc240157ac0eecf1304d4cd088fc47bab50","AVAILABLE","FIXED_READ_LOCATORS_PRESENT_IN_CURRENT_FACTS","LOCATOR_PRESENCE_ONLY; CROSS_VERSION_SEMANTICS_UNVERIFIED","未进入Facts细粒度提取范围（达到20个不同SQL材料组上限）","","","dm_hk_n.trd_option_deal_settlement|PROFILE_DECLARED|NO_STATEMENT；dm_hk_n.trd_option_deal_settlement|PLATFORM_TARGET|task:134538:slot:query:statement:0","dm_hk_n.trd_option_deal_settlement","未进入20个SQL材料组核读范围，不能判定具体使用模式或受影响输出","145975ce4f761f20ac23c528c21c4a0852fd6b1c35efbe80d39415ad9157446e","E:\02_area\股衍数据-数据cookbook\sql-static-lineage-data\task-projections\tasks\134538\versions\a02d6cc2f736901ab631bf3b148aa951cfadc40d2be2ae602bdcdbaf7012c6d2.evidence-v3.json"
"dataset:f322d64cc13f2c1fedf2c1d26bc3f5dbf17e636b8ef92b75b28867c45f417aed","hive","gfhive","pdata_n.t03_otc_deri_book_adtnl_info","每天一份快照，记录场外衍生品账簿的生效到期日、所属机构、交易与风控开关、底层标的映射等附加配置信息，用于账簿管理与业务控制。","134540","dm_hk_n.trd_option_event","dm_hk_n.trd_option_event（OTCHK交易-OTCOption存续期事件表）","1","write-observation:134540:platform-target:0","SQLG-a7f9f7a23322feec","query:9d0a63af79edfc5dd699244581972f818638eedf5950109a04b9c8e16a440ad5","AVAILABLE","FIXED_READ_LOCATORS_PRESENT_IN_CURRENT_FACTS","LOCATOR_PRESENCE_ONLY; CROSS_VERSION_SEMANTICS_UNVERIFIED","未进入Facts细粒度提取范围（达到20个不同SQL材料组上限）","","","dm_hk_n.trd_option_event|PROFILE_DECLARED|NO_STATEMENT；dm_hk_n.trd_option_event|PLATFORM_TARGET|task:134540:slot:query:statement:0","dm_hk_n.trd_option_event","未进入20个SQL材料组核读范围，不能判定具体使用模式或受影响输出","cb89c2f22da9b7221282d479558856f431ae17db4c316f1f15769dd148da4b76","E:\02_area\股衍数据-数据cookbook\sql-static-lineage-data\task-projections\tasks\134540\versions\93d0c6e3d6597be4534a3b275266dbc2e2e14bb8dead287e915513a807a805fe.evidence-v3.json"
"dataset:f322d64cc13f2c1fedf2c1d26bc3f5dbf17e636b8ef92b75b28867c45f417aed","hive","gfhive","pdata_n.t03_otc_deri_book_adtnl_info","每天一份快照，记录场外衍生品账簿的生效到期日、所属机构、交易与风控开关、底层标的映射等附加配置信息，用于账簿管理与业务控制。","134546","dm_hk_n.trd_trs_event","dm_hk_n.trd_trs_event（OTCHK交易-TRS存续期事件表）","1","write-observation:134546:platform-target:0","SQLG-fdeaea0dcc29ef4c","query:593f422b0b09c78dc811a49310fd7b74e0b457231eb7a21c54299178a70ef852","AVAILABLE","FIXED_READ_LOCATORS_PRESENT_IN_CURRENT_FACTS","LOCATOR_PRESENCE_ONLY; CROSS_VERSION_SEMANTICS_UNVERIFIED","未进入Facts细粒度提取范围（达到20个不同SQL材料组上限）","","","dm_hk_n.trd_trs_event|PROFILE_DECLARED|NO_STATEMENT；dm_hk_n.trd_trs_event|PLATFORM_TARGET|task:134546:slot:query:statement:0","dm_hk_n.trd_trs_event","未进入20个SQL材料组核读范围，不能判定具体使用模式或受影响输出","56cfc9bcdebe47588cc8803f7572fcc8d42a6a491939880f4b80c124ac14210e","E:\02_area\股衍数据-数据cookbook\sql-static-lineage-data\task-projections\tasks\134546\versions\f1ba7cbf920cd3d140afaf8c840b6d4ec269b4ba15388eef171437a9bf310203.evidence-v3.json"
"dataset:f322d64cc13f2c1fedf2c1d26bc3f5dbf17e636b8ef92b75b28867c45f417aed","hive","gfhive","pdata_n.t03_otc_deri_book_adtnl_info","每天一份快照，记录场外衍生品账簿的生效到期日、所属机构、交易与风控开关、底层标的映射等附加配置信息，用于账簿管理与业务控制。","134548","dm_hk_n.trd_trs_event_struc_detail","dm_hk_n.trd_trs_event_struc_detail（OTCHK交易-TRS存续期事件结构化腿明细表）","1","write-observation:134548:platform-target:0","SQLG-1cc6d32cb52ab87c","query:ed4f2c9cd081bfce68ee605286ee7f7804df27801c7460a0cc49f9e043dce1d3","AVAILABLE","FIXED_READ_LOCATORS_PRESENT_IN_CURRENT_FACTS","LOCATOR_PRESENCE_ONLY; CROSS_VERSION_SEMANTICS_UNVERIFIED","未进入Facts细粒度提取范围（达到20个不同SQL材料组上限）","","","dm_hk_n.trd_trs_event_struc_detail|PROFILE_DECLARED|NO_STATEMENT；dm_hk_n.trd_trs_event_struc_detail|PLATFORM_TARGET|task:134548:slot:query:statement:0","dm_hk_n.trd_trs_event_struc_detail","未进入20个SQL材料组核读范围，不能判定具体使用模式或受影响输出","55a4cf377bcad158339989e3fc0ad1765e44fc78082d06de8ed28c4e1e9f2886","E:\02_area\股衍数据-数据cookbook\sql-static-lineage-data\task-projections\tasks\134548\versions\3949e6d73e2808703375135cb52a3bde2267a21def7f83442694d0480c90a5f2.evidence-v3.json"
"dataset:f322d64cc13f2c1fedf2c1d26bc3f5dbf17e636b8ef92b75b28867c45f417aed","hive","gfhive","pdata_n.t03_otc_deri_book_adtnl_info","每天一份快照，记录场外衍生品账簿的生效到期日、所属机构、交易与风控开关、底层标的映射等附加配置信息，用于账簿管理与业务控制。","134557","dm_hk_n.ref_op_deal_float_back_fee","dm_hk_n.ref_op_deal_float_back_fee（OTCHK期权后端费挂钩浮动利率表）","1","write-observation:134557:platform-target:0","SQLG-077514d145f9ec73","query:1743c7e7c0b9efe65f9e1ecf2d500418e61310a775c6cf081f82eff5e0743b03","AVAILABLE","FIXED_READ_LOCATORS_PRESENT_IN_CURRENT_FACTS","LOCATOR_PRESENCE_ONLY; CROSS_VERSION_SEMANTICS_UNVERIFIED","未进入Facts细粒度提取范围（达到20个不同SQL材料组上限）","","","dm_hk_n.ref_op_deal_float_back_fee|PROFILE_DECLARED|NO_STATEMENT；dm_hk_n.ref_op_deal_float_back_fee|PLATFORM_TARGET|task:134557:slot:query:statement:0","dm_hk_n.ref_op_deal_float_back_fee","未进入20个SQL材料组核读范围，不能判定具体使用模式或受影响输出","9086bb368cbb94efe76bffdcb52fc00ca4b58f0e9475f49876b7fd7e5a8312d7","E:\02_area\股衍数据-数据cookbook\sql-static-lineage-data\task-projections\tasks\134557\versions\72ed215badb31040e1db8793753f5cfc5be7f3ede068f6eb9617d20692f98772.evidence-v3.json"
"dataset:f322d64cc13f2c1fedf2c1d26bc3f5dbf17e636b8ef92b75b28867c45f417aed","hive","gfhive","pdata_n.t03_otc_deri_book_adtnl_info","每天一份快照，记录场外衍生品账簿的生效到期日、所属机构、交易与风控开关、底层标的映射等附加配置信息，用于账簿管理与业务控制。","134561","dm_hk_n.ref_option_deal_barrier_line","dm_hk_n.ref_option_deal_barrier_line（OTCHK交易障碍线信息表）","1","write-observation:134561:platform-target:0","SQLG-282873a6a4d6ca43","query:e16982ea5b552a3466e75c1c78688a66189c090818bf2e837e9906d3debf7d29","AVAILABLE","FIXED_READ_LOCATORS_PRESENT_IN_CURRENT_FACTS","LOCATOR_PRESENCE_ONLY; CROSS_VERSION_SEMANTICS_UNVERIFIED","未进入Facts细粒度提取范围（达到20个不同SQL材料组上限）","","","dm_hk_n.ref_option_deal_barrier_line|PROFILE_DECLARED|NO_STATEMENT；dm_hk_n.ref_option_deal_barrier_line|PLATFORM_TARGET|task:134561:slot:query:statement:0","dm_hk_n.ref_option_deal_barrier_line","未进入20个SQL材料组核读范围，不能判定具体使用模式或受影响输出","3c8aa6dccc333177896f40ae95f3fc20a412ef42aadf78cba434dd36f98bf623","E:\02_area\股衍数据-数据cookbook\sql-static-lineage-data\task-projections\tasks\134561\versions\1fe62f939d45eea2a949d6dd38e6bfabf98493b2c17d7ecfa75ac85b4a710679.evidence-v3.json"
"dataset:f322d64cc13f2c1fedf2c1d26bc3f5dbf17e636b8ef92b75b28867c45f417aed","hive","gfhive","pdata_n.t03_otc_deri_book_adtnl_info","每天一份快照，记录场外衍生品账簿的生效到期日、所属机构、交易与风控开关、底层标的映射等附加配置信息，用于账簿管理与业务控制。","138186","dm_otc_n.v_equity_trs_underlying","dm_otc_n.v_equity_trs_underlying（权益视图-互换合约标的信息）","1","write-observation:138186:platform-target:0","SQLG-9f5a9c771512bc1f","query:6e814b4529bed9d2536a609ef06567ce4302448c0cd258f79be44a2b71d2880a","AVAILABLE","FIXED_READ_LOCATORS_PRESENT_IN_CURRENT_FACTS","LOCATOR_PRESENCE_ONLY; CROSS_VERSION_SEMANTICS_UNVERIFIED","已完成Facts细粒度提取与局部解释","P10_SPECIAL_SCOPE_EXCEPTION","dm_otc_n.v_equity_trs_underlying","dm_otc_n.v_equity_trs_underlying|PROFILE_DECLARED|NO_STATEMENT；dm_otc_n.v_equity_trs_underlying|PLATFORM_TARGET|task:138186:slot:query:statement:0","dm_otc_n.v_equity_trs_underlying","硬编码合约白名单的维护责任和失效日期；OR条件命中的实际分支占比","3d4112ff30ea70d570edc24f9a14fc66baae77897a0b7517e435c823c000e1ea","E:\02_area\股衍数据-数据cookbook\sql-static-lineage-data\task-projections\tasks\138186\versions\a98fe14ddd50d1822342f61f546993a7015367645f0b4ab083774158a1b3d563.evidence-v3.json"
"dataset:f322d64cc13f2c1fedf2c1d26bc3f5dbf17e636b8ef92b75b28867c45f417aed","hive","gfhive","pdata_n.t03_otc_deri_book_adtnl_info","每天一份快照，记录场外衍生品账簿的生效到期日、所属机构、交易与风控开关、底层标的映射等附加配置信息，用于账簿管理与业务控制。","138206","dm_otc_n.d_v_equity_trs_lifecycle","dm_otc_n.d_v_equity_trs_lifecycle（权益视图-互换合约存续期事件）","1","write-observation:138206:platform-target:0","SQLG-7067f275856773e2","query:861ad0bfc1a1a100a9b638441b110b3f0dbd6d8bc6ea3b9af3c75375888044ed","AVAILABLE","FIXED_READ_LOCATORS_PRESENT_IN_CURRENT_FACTS","LOCATOR_PRESENCE_ONLY; CROSS_VERSION_SEMANTICS_UNVERIFIED","未进入Facts细粒度提取范围（达到20个不同SQL材料组上限）","","","dm_otc_n.d_v_equity_trs_lifecycle|PROFILE_DECLARED|NO_STATEMENT；dm_otc_n.d_v_equity_trs_lifecycle|PLATFORM_TARGET|task:138206:slot:query:statement:0","dm_otc_n.d_v_equity_trs_lifecycle","未进入20个SQL材料组核读范围，不能判定具体使用模式或受影响输出","90b2d3d4f408a0d4a2749158e3c698cf5f4d70f73a5cd9613a03a5ec4c41eb89","E:\02_area\股衍数据-数据cookbook\sql-static-lineage-data\task-projections\tasks\138206\versions\84028fc37e793567bf130b30bc0f2979a70fed93ddec9ef074514b181a4a8c9f.evidence-v3.json"
"dataset:f322d64cc13f2c1fedf2c1d26bc3f5dbf17e636b8ef92b75b28867c45f417aed","hive","gfhive","pdata_n.t03_otc_deri_book_adtnl_info","每天一份快照，记录场外衍生品账簿的生效到期日、所属机构、交易与风控开关、底层标的映射等附加配置信息，用于账簿管理与业务控制。","138208","dm_otc_n.d_v_equity_trs_leg","dm_otc_n.d_v_equity_trs_leg（权益视图-互换合约腿要素）","1","write-observation:138208:platform-target:0","SQLG-d099960064019fa6","query:56001ba2578523455eb99ca92eb31cf053f1dd9bc37c33b084cb565dc94ba2fe","AVAILABLE","FIXED_READ_LOCATORS_PRESENT_IN_CURRENT_FACTS","LOCATOR_PRESENCE_ONLY; CROSS_VERSION_SEMANTICS_UNVERIFIED","未进入Facts细粒度提取范围（达到20个不同SQL材料组上限）","","","dm_otc_n.d_v_equity_trs_leg|PROFILE_DECLARED|NO_STATEMENT；dm_otc_n.d_v_equity_trs_leg|PLATFORM_TARGET|task:138208:slot:query:statement:0","dm_otc_n.d_v_equity_trs_leg","未进入20个SQL材料组核读范围，不能判定具体使用模式或受影响输出","856cee136ad9dd3cb820d2396ccdaf31ae2615cc2f883d978bcd7e584db990b7","E:\02_area\股衍数据-数据cookbook\sql-static-lineage-data\task-projections\tasks\138208\versions\35914cbf17b180d835334491a4dad228d1ec010d369443eca4905578ae63251d.evidence-v3.json"
"dataset:f322d64cc13f2c1fedf2c1d26bc3f5dbf17e636b8ef92b75b28867c45f417aed","hive","gfhive","pdata_n.t03_otc_deri_book_adtnl_info","每天一份快照，记录场外衍生品账簿的生效到期日、所属机构、交易与风控开关、底层标的映射等附加配置信息，用于账簿管理与业务控制。","143830","dm_rsk_n.d_v_risk_contr_capital_mapping","dm_rsk_n.d_v_risk_contr_capital_mapping（合约与保证金账户对照关系）","1","write-observation:143830:platform-target:0","SQLG-9d81b04efd109332","query:b2313fd1818dc2563d6cdd4e0ae90f3bb7a76d8c8791d82d3eef6333f2774f5b","AVAILABLE","FIXED_READ_LOCATORS_PRESENT_IN_CURRENT_FACTS","LOCATOR_PRESENCE_ONLY; CROSS_VERSION_SEMANTICS_UNVERIFIED","已完成Facts细粒度提取与局部解释","P06_REPORTING_ELIGIBILITY","dm_rsk_n.d_v_risk_contr_capital_mapping","dm_rsk_n.d_v_risk_contr_capital_mapping|PROFILE_DECLARED|NO_STATEMENT；dm_rsk_n.d_v_risk_contr_capital_mapping|PLATFORM_TARGET|task:143830:slot:query:statement:0","dm_rsk_n.d_v_risk_contr_capital_mapping","Rep_Risk_Flag=1账簿的匹配覆盖率","7e67482640e1a441eb9ee0b5ce5083e4d39bad4cce8ec7ffa95141d414028274","E:\02_area\股衍数据-数据cookbook\sql-static-lineage-data\task-projections\tasks\143830\versions\7adadb36886f8ca77279873d857be44388b8bdb3ecadf2e2ee7f75727d7ad505.evidence-v3.json"
"dataset:f322d64cc13f2c1fedf2c1d26bc3f5dbf17e636b8ef92b75b28867c45f417aed","hive","gfhive","pdata_n.t03_otc_deri_book_adtnl_info","每天一份快照，记录场外衍生品账簿的生效到期日、所属机构、交易与风控开关、底层标的映射等附加配置信息，用于账簿管理与业务控制。","143897","dm_rsk_n.d_v_margin_param_for_risk","dm_rsk_n.d_v_margin_param_for_risk（风控视图_保证金参数信息）","1","write-observation:143897:platform-target:0","SQLG-e40ecddc72912536","query:01b9cb18c80827edaca9a043f0562ad2e35ffa2fa99725936aae9326b8da0228","AVAILABLE","FIXED_READ_LOCATORS_PRESENT_IN_CURRENT_FACTS","LOCATOR_PRESENCE_ONLY; CROSS_VERSION_SEMANTICS_UNVERIFIED","未进入Facts细粒度提取范围（达到20个不同SQL材料组上限）","","","dm_rsk_n.d_v_margin_param_for_risk|PROFILE_DECLARED|NO_STATEMENT；dm_rsk_n.d_v_margin_param_for_risk|PLATFORM_TARGET|task:143897:slot:query:statement:0","dm_rsk_n.d_v_margin_param_for_risk","未进入20个SQL材料组核读范围，不能判定具体使用模式或受影响输出","515484b346ec663ff1c49d6983f072909be001530cc8bb5a039cb476c4861fca","E:\02_area\股衍数据-数据cookbook\sql-static-lineage-data\task-projections\tasks\143897\versions\48343582a1afac53c73d0daff7c50c03c85a8345e8f413e4d657a100af559830.evidence-v3.json"
"dataset:f322d64cc13f2c1fedf2c1d26bc3f5dbf17e636b8ef92b75b28867c45f417aed","hive","gfhive","pdata_n.t03_otc_deri_book_adtnl_info","每天一份快照，记录场外衍生品账簿的生效到期日、所属机构、交易与风控开关、底层标的映射等附加配置信息，用于账簿管理与业务控制。","144300","PDATA_N.T98_OTC_SWAP_COMP_TRD_UNDRL_INFO_H15","pdata_n.t98_otc_swap_comp_trd_undrl_info（每天一份快照，场外互换合约对应交易标的的基础信息与行情信息表）","1","write-observation:144300:0","SQLG-b9d1115bceb338d1","query:1278de19230f305cd8b5760616ce351e2020aea10ac7e8be1348987a8090d0d5","AVAILABLE","FIXED_READ_LOCATORS_PRESENT_IN_CURRENT_FACTS","LOCATOR_PRESENCE_ONLY; CROSS_VERSION_SEMANTICS_UNVERIFIED","未进入Facts细粒度提取范围（达到20个不同SQL材料组上限）","","","pdata_n.t98_otc_swap_comp_trd_undrl_info|PROFILE_DECLARED|NO_STATEMENT；pdata_n.t98_otc_swap_comp_trd_undrl_info|SQL_PARSE|task:144300:slot:query:statement:0","pdata_n.t98_otc_swap_comp_trd_undrl_info","未进入20个SQL材料组核读范围，不能判定具体使用模式或受影响输出","0b0addc5a21f15e49135d06cb9b5118268e636288f4fdd4f0fcb67d7486ca31b","E:\02_area\股衍数据-数据cookbook\sql-static-lineage-data\task-projections\tasks\144300\versions\f1432b07760e8bc32336b973d547bc49389f3094480ada7f83e3b2336a3a14ae.evidence-v3.json"
"dataset:f322d64cc13f2c1fedf2c1d26bc3f5dbf17e636b8ef92b75b28867c45f417aed","hive","gfhive","pdata_n.t03_otc_deri_book_adtnl_info","每天一份快照，记录场外衍生品账簿的生效到期日、所属机构、交易与风控开关、底层标的映射等附加配置信息，用于账簿管理与业务控制。","145583","dm_rsk_n.v_risk_capital_acct_info","dm_rsk_n.v_risk_capital_acct_info（Titans视图-OTC资金账户余额）","1","write-observation:145583:platform-target:0","SQLG-be2d0331744b8a43","query:ad0043894211c649a00716435dd4bea9b1a5cbe885a06413e4842a02304c145b","AVAILABLE","FIXED_READ_LOCATORS_PRESENT_IN_CURRENT_FACTS","LOCATOR_PRESENCE_ONLY; CROSS_VERSION_SEMANTICS_UNVERIFIED","未进入Facts细粒度提取范围（达到20个不同SQL材料组上限）","","","dm_rsk_n.v_risk_capital_acct_info|PROFILE_DECLARED|NO_STATEMENT；dm_rsk_n.v_risk_capital_acct_info|PLATFORM_TARGET|task:145583:slot:query:statement:0","dm_rsk_n.v_risk_capital_acct_info","未进入20个SQL材料组核读范围，不能判定具体使用模式或受影响输出","fb996092e41581e8dbe3284ebcfe09f715ae5d5196ace4aba1c1c012e7ec82aa","E:\02_area\股衍数据-数据cookbook\sql-static-lineage-data\task-projections\tasks\145583\versions\e1db2179b3814384785005d9b89b6d40b74839ef58dc4ddeefd05f7ac6a7cc63.evidence-v3.json"
"dataset:f322d64cc13f2c1fedf2c1d26bc3f5dbf17e636b8ef92b75b28867c45f417aed","hive","gfhive","pdata_n.t03_otc_deri_book_adtnl_info","每天一份快照，记录场外衍生品账簿的生效到期日、所属机构、交易与风控开关、底层标的映射等附加配置信息，用于账簿管理与业务控制。","145871","PDATA_N.T98_OTC_DERI_BOOK_INFO","pdata_n.t98_otc_deri_book_info（T98_场外衍生品账簿信息）","1","write-observation:145871:0","SQLG-1f107452bec1fe30","query:9ac0575e21b163d1dd7bf3512b0146d398393ab7895f198bfc4bd5fde5111a44","AVAILABLE","FIXED_READ_LOCATORS_PRESENT_IN_CURRENT_FACTS","LOCATOR_PRESENCE_ONLY; CROSS_VERSION_SEMANTICS_UNVERIFIED","已完成Facts细粒度提取与局部解释","P07_BOOK_DIMENSION_PROJECTION","pdata_n.t98_otc_deri_book_info","pdata_n.t98_otc_deri_book_info|PROFILE_DECLARED|NO_STATEMENT；pdata_n.t98_otc_deri_book_info|SQL_PARSE|task:145871:slot:query:statement:0","pdata_n.t98_otc_deri_book_info","驱动快照同一账簿键是否唯一；左连接名称/持有人多匹配是否扩行","202bb06e80ed8e78abe0a011077e293d4f1aabbecbb89b6e94b9031bb5381057","E:\02_area\股衍数据-数据cookbook\sql-static-lineage-data\task-projections\tasks\145871\versions\efbef2b0b4e963cfcff92046ea8080eb9ca8be5cf42d6a6d1d541f5a504bfb59.evidence-v3.json"
"dataset:f322d64cc13f2c1fedf2c1d26bc3f5dbf17e636b8ef92b75b28867c45f417aed","hive","gfhive","pdata_n.t03_otc_deri_book_adtnl_info","每天一份快照，记录场外衍生品账簿的生效到期日、所属机构、交易与风控开关、底层标的映射等附加配置信息，用于账簿管理与业务控制。","150915","dm_rsk_n.opt_sub_trd_recv_pymt_evt","dm_rsk_n.opt_sub_trd_recv_pymt_evt（期权子交易收付款数据）","1","write-observation:150915:platform-target:0","SQLG-b4d7f09c38d82ae7","query:a911468d6a187fef9f32506c4541267e79c9a4cec081300a18a0023ddaaf43a1","AVAILABLE","FIXED_READ_LOCATORS_PRESENT_IN_CURRENT_FACTS","LOCATOR_PRESENCE_ONLY; CROSS_VERSION_SEMANTICS_UNVERIFIED","未进入Facts细粒度提取范围（达到20个不同SQL材料组上限）","","","dm_rsk_n.opt_sub_trd_recv_pymt_evt|PROFILE_DECLARED|NO_STATEMENT；dm_rsk_n.opt_sub_trd_recv_pymt_evt|PLATFORM_TARGET|task:150915:slot:query:statement:0","dm_rsk_n.opt_sub_trd_recv_pymt_evt","未进入20个SQL材料组核读范围，不能判定具体使用模式或受影响输出","b3bfef24f9cc2e4b3d6dbabdc734965d4d82c0370879903fd0b83074e5a3332f","E:\02_area\股衍数据-数据cookbook\sql-static-lineage-data\task-projections\tasks\150915\versions\da42aadc70c9c1d1f8262f8cdf5c928acbf6fa8786b9cd20fac2c53c6239d19a.evidence-v3.json"
"dataset:f322d64cc13f2c1fedf2c1d26bc3f5dbf17e636b8ef92b75b28867c45f417aed","hive","gfhive","pdata_n.t03_otc_deri_book_adtnl_info","每天一份快照，记录场外衍生品账簿的生效到期日、所属机构、交易与风控开关、底层标的映射等附加配置信息，用于账簿管理与业务控制。","154591","dm_otc_n.otc_recv_pymt_evt_info","dm_otc_n.otc_recv_pymt_evt_info（场外衍生品收付款事件信息）","1","write-observation:154591:platform-target:0","SQLG-e61ab053c7a774ed","query:470d152520fe16b31be432ecf6ea10d0080e4b1f07437e509147dbd5b43ada83","AVAILABLE","FIXED_READ_LOCATORS_PRESENT_IN_CURRENT_FACTS","LOCATOR_PRESENCE_ONLY; CROSS_VERSION_SEMANTICS_UNVERIFIED","未进入Facts细粒度提取范围（达到20个不同SQL材料组上限）","","","dm_otc_n.otc_recv_pymt_evt_info|PROFILE_DECLARED|NO_STATEMENT；dm_otc_n.otc_recv_pymt_evt_info|PLATFORM_TARGET|task:154591:slot:query:statement:0","dm_otc_n.otc_recv_pymt_evt_info","未进入20个SQL材料组核读范围，不能判定具体使用模式或受影响输出","347b6bfc4c2a343e5561f69746116cbebb7350f32dd8222d83f091f292e1dee8","E:\02_area\股衍数据-数据cookbook\sql-static-lineage-data\task-projections\tasks\154591\versions\9c44ffbb2ff5fc07ca6ba6a896514f20fd7295e5015d47ab51bae3ba94f36706.evidence-v3.json"
"dataset:f322d64cc13f2c1fedf2c1d26bc3f5dbf17e636b8ef92b75b28867c45f417aed","hive","gfhive","pdata_n.t03_otc_deri_book_adtnl_info","每天一份快照，记录场外衍生品账簿的生效到期日、所属机构、交易与风控开关、底层标的映射等附加配置信息，用于账簿管理与业务控制。","155906","dm_rsk_n.v_risk_pricing_bucket_metric","dm_rsk_n.v_risk_pricing_bucket_metric（风控视图-期权日终bucket定价指标表）","1","write-observation:155906:platform-target:0","SQLG-dac969feedbbdee6","query:5aa30a08dbc1e8f3520cba0f52652bca1b493f59d78d45cd85969d5734feea78","AVAILABLE","FIXED_READ_LOCATORS_PRESENT_IN_CURRENT_FACTS","LOCATOR_PRESENCE_ONLY; CROSS_VERSION_SEMANTICS_UNVERIFIED","未进入Facts细粒度提取范围（达到20个不同SQL材料组上限）","","","dm_rsk_n.v_risk_pricing_bucket_metric|PROFILE_DECLARED|NO_STATEMENT；dm_rsk_n.v_risk_pricing_bucket_metric|PLATFORM_TARGET|task:155906:slot:query:statement:0","dm_rsk_n.v_risk_pricing_bucket_metric","未进入20个SQL材料组核读范围，不能判定具体使用模式或受影响输出","ebf316ce639515ca570f86622c97c70712d29bc86bbe68590e218c50640efcf9","E:\02_area\股衍数据-数据cookbook\sql-static-lineage-data\task-projections\tasks\155906\versions\e44be67e8165aa84457567159dbfe9a5e52081ed51f66e30c24415ded897b4a1.evidence-v3.json"
"dataset:f322d64cc13f2c1fedf2c1d26bc3f5dbf17e636b8ef92b75b28867c45f417aed","hive","gfhive","pdata_n.t03_otc_deri_book_adtnl_info","每天一份快照，记录场外衍生品账簿的生效到期日、所属机构、交易与风控开关、底层标的映射等附加配置信息，用于账簿管理与业务控制。","160522","dm_hk_n.ref_ins_option_info","dm_hk_n.ref_ins_option_info（OTCHK证券-期权合约信息表）","1","write-observation:160522:platform-target:0","SQLG-ea7b6d9a357e41d4","query:3bfa3ee201c375939e75bcf7018cb74588f2df527b7de76e96562266448a62da","AVAILABLE","FIXED_READ_LOCATORS_PRESENT_IN_CURRENT_FACTS","LOCATOR_PRESENCE_ONLY; CROSS_VERSION_SEMANTICS_UNVERIFIED","未进入Facts细粒度提取范围（达到20个不同SQL材料组上限）","","","dm_hk_n.ref_ins_option_info|PROFILE_DECLARED|NO_STATEMENT；dm_hk_n.ref_ins_option_info|PLATFORM_TARGET|task:160522:slot:query:statement:0","dm_hk_n.ref_ins_option_info","未进入20个SQL材料组核读范围，不能判定具体使用模式或受影响输出","b5dd9932bb4707bd565ff8fc0e33a7e64f0fe2b754843d894a0e7fa28cafb22a","E:\02_area\股衍数据-数据cookbook\sql-static-lineage-data\task-projections\tasks\160522\versions\640035a2096c44328c607d894a4baee0188e1f8bbfa1b22862939b7c4ee71ea9.evidence-v3.json"
"dataset:f322d64cc13f2c1fedf2c1d26bc3f5dbf17e636b8ef92b75b28867c45f417aed","hive","gfhive","pdata_n.t03_otc_deri_book_adtnl_info","每天一份快照，记录场外衍生品账簿的生效到期日、所属机构、交易与风控开关、底层标的映射等附加配置信息，用于账簿管理与业务控制。","163286","dm_rsk_n.otc_trs_contract_param","dm_rsk_n.otc_trs_contract_param（TRS合约参数表）","1","write-observation:163286:platform-target:0","SQLG-e7c72c4fc9d7d0ec","query:60ebd18ef4b921118a3e5ce9f71794f84362de118ce62d6f3b1f69e797132a56","AVAILABLE","FIXED_READ_LOCATORS_PRESENT_IN_CURRENT_FACTS","LOCATOR_PRESENCE_ONLY; CROSS_VERSION_SEMANTICS_UNVERIFIED","未进入Facts细粒度提取范围（达到20个不同SQL材料组上限）","","","dm_rsk_n.otc_trs_contract_param|PROFILE_DECLARED|NO_STATEMENT；dm_rsk_n.otc_trs_contract_param|PLATFORM_TARGET|task:163286:slot:query:statement:0","dm_rsk_n.otc_trs_contract_param","未进入20个SQL材料组核读范围，不能判定具体使用模式或受影响输出","58e635dcd87459aa822a3fc5547f7e71760f9596be4a7968f53554a38b972ea9","E:\02_area\股衍数据-数据cookbook\sql-static-lineage-data\task-projections\tasks\163286\versions\96c8f3f4c4d4ae2528315b05920e16249de0a4d625616ec9846551e3a98ffecb.evidence-v3.json"
"dataset:f322d64cc13f2c1fedf2c1d26bc3f5dbf17e636b8ef92b75b28867c45f417aed","hive","gfhive","pdata_n.t03_otc_deri_book_adtnl_info","每天一份快照，记录场外衍生品账簿的生效到期日、所属机构、交易与风控开关、底层标的映射等附加配置信息，用于账簿管理与业务控制。","163599","dm_rsk_n.v_risk_contr_margin_mapping","dm_rsk_n.v_risk_contr_margin_mapping（风控视图-保证金与资金账户对照）","1","write-observation:163599:platform-target:0","SQLG-b5103375f29aea9c","query:5f099f99c9d592aec086a1d4c8622c901b3fc081ff4fde69dbebfafcba76ee3c","AVAILABLE","FIXED_READ_LOCATORS_PRESENT_IN_CURRENT_FACTS","LOCATOR_PRESENCE_ONLY; CROSS_VERSION_SEMANTICS_UNVERIFIED","未进入Facts细粒度提取范围（达到20个不同SQL材料组上限）","","","dm_rsk_n.v_risk_contr_margin_mapping|PROFILE_DECLARED|NO_STATEMENT；dm_rsk_n.v_risk_contr_margin_mapping|PLATFORM_TARGET|task:163599:slot:query:statement:0","dm_rsk_n.v_risk_contr_margin_mapping","未进入20个SQL材料组核读范围，不能判定具体使用模式或受影响输出","934e9ee11cea363aad94f8e14ab697c353a9c94345d36a23d5c3ee2a9696bc71","E:\02_area\股衍数据-数据cookbook\sql-static-lineage-data\task-projections\tasks\163599\versions\037eb915f655d007ee3d12f9881d93e604d50dadfae78e6d8d56518ee7eff8b4.evidence-v3.json"
"dataset:f322d64cc13f2c1fedf2c1d26bc3f5dbf17e636b8ef92b75b28867c45f417aed","hive","gfhive","pdata_n.t03_otc_deri_book_adtnl_info","每天一份快照，记录场外衍生品账簿的生效到期日、所属机构、交易与风控开关、底层标的映射等附加配置信息，用于账簿管理与业务控制。","166009","dm_hk_n.trd_deal","dm_hk_n.trd_deal（OTCHK交易-场内交易成交表）","1","write-observation:166009:platform-target:0","SQLG-759a2844cc8c7f03","query:fbaae45d8d13ef692baf902f943719564df7914347b92210ea9ed77e167bf55f","AVAILABLE","FIXED_READ_LOCATORS_PRESENT_IN_CURRENT_FACTS","LOCATOR_PRESENCE_ONLY; CROSS_VERSION_SEMANTICS_UNVERIFIED","未进入Facts细粒度提取范围（达到20个不同SQL材料组上限）","","","dm_hk_n.trd_deal|PROFILE_DECLARED|NO_STATEMENT；dm_hk_n.trd_deal|PLATFORM_TARGET|task:166009:slot:query:statement:0","dm_hk_n.trd_deal","未进入20个SQL材料组核读范围，不能判定具体使用模式或受影响输出","3e55f5d04afb58e4572c56c7da6e98c8cd487a15b606dc8b8a29601244284bfe","E:\02_area\股衍数据-数据cookbook\sql-static-lineage-data\task-projections\tasks\166009\versions\bee1e5b736337c75edf51d67134be2f6c3c23687defcfb52ac8298340218a37f.evidence-v3.json"
"dataset:f322d64cc13f2c1fedf2c1d26bc3f5dbf17e636b8ef92b75b28867c45f417aed","hive","gfhive","pdata_n.t03_otc_deri_book_adtnl_info","每天一份快照，记录场外衍生品账簿的生效到期日、所属机构、交易与风控开关、底层标的映射等附加配置信息，用于账簿管理与业务控制。","166021","dm_hk_n.pos_bucket_vega_metrics","dm_hk_n.pos_bucket_vega_metrics（OTCHK期权合约维度日终bucket定价指标表）","1","write-observation:166021:platform-target:0","SQLG-9402325f9fefb7f9","query:196c0a7863b441c98cdad9042dbbf5969518ad44f5c70f55f0e2592c037fef46","AVAILABLE","FIXED_READ_LOCATORS_PRESENT_IN_CURRENT_FACTS","LOCATOR_PRESENCE_ONLY; CROSS_VERSION_SEMANTICS_UNVERIFIED","未进入Facts细粒度提取范围（达到20个不同SQL材料组上限）","","","dm_hk_n.pos_bucket_vega_metrics|PROFILE_DECLARED|NO_STATEMENT；dm_hk_n.pos_bucket_vega_metrics|PLATFORM_TARGET|task:166021:slot:query:statement:0","dm_hk_n.pos_bucket_vega_metrics","未进入20个SQL材料组核读范围，不能判定具体使用模式或受影响输出","67689bb8155c01b3b6a2f9de31ad86c6386d3ac67c2978dabb2b620ee32fefb1","E:\02_area\股衍数据-数据cookbook\sql-static-lineage-data\task-projections\tasks\166021\versions\bdab9fb5d7687cc508d8be9ab0396357d05da0d5d7c5c725697d6587134c4274.evidence-v3.json"
"dataset:f322d64cc13f2c1fedf2c1d26bc3f5dbf17e636b8ef92b75b28867c45f417aed","hive","gfhive","pdata_n.t03_otc_deri_book_adtnl_info","每天一份快照，记录场外衍生品账簿的生效到期日、所属机构、交易与风控开关、底层标的映射等附加配置信息，用于账簿管理与业务控制。","168293","PDATA_N.T98_SB_OTC_OPT_COMP_PRCG_INDX_TIT278","pdata_n.t98_sb_otc_opt_comp_prcg_indx（每天增量追加，自营场外期权合约按日计算的希腊字母（波动率风险）定价指标表）","1","write-observation:168293:0","SQLG-89d34c03e9fe9107","query:6c8e0e56c7406ca97c4b819c523e01955fa8c59d64c57a00c4d743964bf0ed0a","AVAILABLE","FIXED_READ_LOCATORS_PRESENT_IN_CURRENT_FACTS","LOCATOR_PRESENCE_ONLY; CROSS_VERSION_SEMANTICS_UNVERIFIED","未进入Facts细粒度提取范围（达到20个不同SQL材料组上限）","","","pdata_n.t98_sb_otc_opt_comp_prcg_indx|PROFILE_DECLARED|NO_STATEMENT；pdata_n.t98_sb_otc_opt_comp_prcg_indx|SQL_PARSE|task:168293:slot:query:statement:0","pdata_n.t98_sb_otc_opt_comp_prcg_indx","未进入20个SQL材料组核读范围，不能判定具体使用模式或受影响输出","62de422b6ac04e4b7fe300e5c514773f70a837fcb81a4fbd9757b087262f945d","E:\02_area\股衍数据-数据cookbook\sql-static-lineage-data\task-projections\tasks\168293\versions\6b7e39bd61254f35654ff196b362916506464d14857709c84020530556df6e37.evidence-v3.json"
"dataset:f322d64cc13f2c1fedf2c1d26bc3f5dbf17e636b8ef92b75b28867c45f417aed","hive","gfhive","pdata_n.t03_otc_deri_book_adtnl_info","每天一份快照，记录场外衍生品账簿的生效到期日、所属机构、交易与风控开关、底层标的映射等附加配置信息，用于账簿管理与业务控制。","169145","PDATA_N.T98_OTC_OPT_COMP_SUB_TRD_PAL_SUM","pdata_n.t98_otc_opt_comp_sub_trd_pal_sum（T98_场外期权合约子交易盈亏汇总）","1","write-observation:169145:0","SQLG-90706198bbbd1813","query:9b3ec145cb5255055e459e8faa402a88e9b73c7fce794c961afa393144fc7998","AVAILABLE","FIXED_READ_LOCATORS_PRESENT_IN_CURRENT_FACTS","LOCATOR_PRESENCE_ONLY; CROSS_VERSION_SEMANTICS_UNVERIFIED","未进入Facts细粒度提取范围（达到20个不同SQL材料组上限）","","","pdata_n.t98_otc_opt_comp_sub_trd_pal_sum|PROFILE_DECLARED|NO_STATEMENT；pdata_n.t98_otc_opt_comp_sub_trd_pal_sum|SQL_PARSE|task:169145:slot:query:statement:0","pdata_n.t98_otc_opt_comp_sub_trd_pal_sum","未进入20个SQL材料组核读范围，不能判定具体使用模式或受影响输出","24e7d5add3db7d8e8d824e2643271c165a7fa5e34f8480d2bf5692cc7181b1fc","E:\02_area\股衍数据-数据cookbook\sql-static-lineage-data\task-projections\tasks\169145\versions\1468066972b1c1d3b6c4160a3b1028474c9158c9754f0886819c11b68edd7c5e.evidence-v3.json"
"dataset:f322d64cc13f2c1fedf2c1d26bc3f5dbf17e636b8ef92b75b28867c45f417aed","hive","gfhive","pdata_n.t03_otc_deri_book_adtnl_info","每天一份快照，记录场外衍生品账簿的生效到期日、所属机构、交易与风控开关、底层标的映射等附加配置信息，用于账簿管理与业务控制。","171179","dm_fin_n.adm_trd_otc_comp_day","dm_fin_n.adm_trd_otc_comp_day（OTC合约交易流水）","1","write-observation:171179:platform-target:0","SQLG-7e2e72bdc73d0422","query:4bdbcfc1cff9edc8de3f89a398b7ed454e4e8b0b988eb70f25b1fd2e9c7f7e30","AVAILABLE","FIXED_READ_LOCATORS_PRESENT_IN_CURRENT_FACTS","LOCATOR_PRESENCE_ONLY; CROSS_VERSION_SEMANTICS_UNVERIFIED","已完成Facts细粒度提取与局部解释","P06_REPORTING_ELIGIBILITY","dm_fin_n.adm_trd_otc_comp_day","dm_fin_n.adm_trd_otc_comp_day|PROFILE_DECLARED|NO_STATEMENT；dm_fin_n.adm_trd_otc_comp_day|PLATFORM_TARGET|task:171179:slot:query:statement:0","dm_fin_n.adm_trd_otc_comp_day","财务报送标志历史变化是否允许回溯重算；T98派生账簿表与本表快照口径是否一致","0059142862e017f1ca0973106b9d5eb4f0dc64ab31f89f4fbbb4bc11ba17c288","E:\02_area\股衍数据-数据cookbook\sql-static-lineage-data\task-projections\tasks\171179\versions\bb7689b6ee99f7ee6ebe6c238db2234f71d71ebe54533d524d0a1d696a9ca482.evidence-v3.json"
"dataset:f322d64cc13f2c1fedf2c1d26bc3f5dbf17e636b8ef92b75b28867c45f417aed","hive","gfhive","pdata_n.t03_otc_deri_book_adtnl_info","每天一份快照，记录场外衍生品账簿的生效到期日、所属机构、交易与风控开关、底层标的映射等附加配置信息，用于账簿管理与业务控制。","171347","dm_index_n.index_grp1_DealScal_OtcDeri_Year","dm_index_n.index_grp1_dealscal_otcderi_year（广发证券_交易规模_场外衍生品_当年）","1","write-observation:171347:platform-target:0","SQLG-3e13d6be3ec3b5b2","query:388ff66a942a52b23ae7757e84f1efabb8210e2b8bfbaa61efd867ced9a72f96","AVAILABLE","FIXED_READ_LOCATORS_PRESENT_IN_CURRENT_FACTS","LOCATOR_PRESENCE_ONLY; CROSS_VERSION_SEMANTICS_UNVERIFIED","未进入Facts细粒度提取范围（达到20个不同SQL材料组上限）","","","dm_index_n.index_grp1_dealscal_otcderi_year|PROFILE_DECLARED|NO_STATEMENT；dm_index_n.index_grp1_dealscal_otcderi_year|PLATFORM_TARGET|task:171347:slot:query:statement:0","dm_index_n.index_grp1_dealscal_otcderi_year","未进入20个SQL材料组核读范围，不能判定具体使用模式或受影响输出","276a87c2c242bb3cace58abc04e39ca93162fab99d5f34fb7e8757b23ca52ed5","E:\02_area\股衍数据-数据cookbook\sql-static-lineage-data\task-projections\tasks\171347\versions\f1997b8fd7de8ba05be8e37d40d13961dbfede958acbea89eaa3423177108ef7.evidence-v3.json"
"dataset:f322d64cc13f2c1fedf2c1d26bc3f5dbf17e636b8ef92b75b28867c45f417aed","hive","gfhive","pdata_n.t03_otc_deri_book_adtnl_info","每天一份快照，记录场外衍生品账簿的生效到期日、所属机构、交易与风控开关、底层标的映射等附加配置信息，用于账簿管理与业务控制。","171364","dm_index_n.index_grp1_DealScal_OtcDeri_Mth","dm_index_n.index_grp1_dealscal_otcderi_mth（广发证券_交易规模_场外衍生品_当月）","1","write-observation:171364:platform-target:0","SQLG-77d316b2905110f0","query:f209e722cb26dd6f533b869b6ab7d9631888515a2811bfef4df871c046b1ed17","AVAILABLE","FIXED_READ_LOCATORS_PRESENT_IN_CURRENT_FACTS","LOCATOR_PRESENCE_ONLY; CROSS_VERSION_SEMANTICS_UNVERIFIED","未进入Facts细粒度提取范围（达到20个不同SQL材料组上限）","","","dm_index_n.index_grp1_dealscal_otcderi_mth|PROFILE_DECLARED|NO_STATEMENT；dm_index_n.index_grp1_dealscal_otcderi_mth|PLATFORM_TARGET|task:171364:slot:query:statement:0","dm_index_n.index_grp1_dealscal_otcderi_mth","未进入20个SQL材料组核读范围，不能判定具体使用模式或受影响输出","07e8eaff5af155e19994b9fe93572990e4a43ba988f90c687d4799668c28597e","E:\02_area\股衍数据-数据cookbook\sql-static-lineage-data\task-projections\tasks\171364\versions\bd8977a5b6c8df57933a2721b6f8c9fd5bdcea2c694f4748cd51fc650bc5a109.evidence-v3.json"
"dataset:f322d64cc13f2c1fedf2c1d26bc3f5dbf17e636b8ef92b75b28867c45f417aed","hive","gfhive","pdata_n.t03_otc_deri_book_adtnl_info","每天一份快照，记录场外衍生品账簿的生效到期日、所属机构、交易与风控开关、底层标的映射等附加配置信息，用于账簿管理与业务控制。","171370","dm_index_n.index_grp1_CompScal_OtcDeri_Tdy","dm_index_n.index_grp1_compscal_otcderi_tdy（广发证券_合约规模_场外衍生品_当日）","1","write-observation:171370:platform-target:0","SQLG-24ddb5083a73b56b","query:4947194a4e05cfb1d2cb3c33e4cd3b3e5d1e9fa49bd2acf9b97a5cebd41dc4e4","AVAILABLE","FIXED_READ_LOCATORS_PRESENT_IN_CURRENT_FACTS","LOCATOR_PRESENCE_ONLY; CROSS_VERSION_SEMANTICS_UNVERIFIED","未进入Facts细粒度提取范围（达到20个不同SQL材料组上限）","","","dm_index_n.index_grp1_compscal_otcderi_tdy|PROFILE_DECLARED|NO_STATEMENT；dm_index_n.index_grp1_compscal_otcderi_tdy|PLATFORM_TARGET|task:171370:slot:query:statement:0","dm_index_n.index_grp1_compscal_otcderi_tdy","未进入20个SQL材料组核读范围，不能判定具体使用模式或受影响输出","c35a023dcd6096579374a8b78f18c62443bf245192a5b7122cc7e72bce59f3f0","E:\02_area\股衍数据-数据cookbook\sql-static-lineage-data\task-projections\tasks\171370\versions\876548ed6a81e820a5d9511ad9aff17144b4cbe004ddd6ee5113cf491c846d10.evidence-v3.json"
"dataset:f322d64cc13f2c1fedf2c1d26bc3f5dbf17e636b8ef92b75b28867c45f417aed","hive","gfhive","pdata_n.t03_otc_deri_book_adtnl_info","每天一份快照，记录场外衍生品账簿的生效到期日、所属机构、交易与风控开关、底层标的映射等附加配置信息，用于账簿管理与业务控制。","172252","dm_hk_n.margin_bundle_contract_mapping","dm_hk_n.margin_bundle_contract_mapping（OTCHK组合和合约映射关系表）","1","write-observation:172252:platform-target:0","SQLG-099a140d9e6d0d00","query:f012b587c42d84a073b10259d7ad1019ae985f03668dda2b4f0861510c424072","AVAILABLE","FIXED_READ_LOCATORS_PRESENT_IN_CURRENT_FACTS","LOCATOR_PRESENCE_ONLY; CROSS_VERSION_SEMANTICS_UNVERIFIED","未进入Facts细粒度提取范围（达到20个不同SQL材料组上限）","","","dm_hk_n.margin_bundle_contract_mapping|PROFILE_DECLARED|NO_STATEMENT；dm_hk_n.margin_bundle_contract_mapping|PLATFORM_TARGET|task:172252:slot:query:statement:0","dm_hk_n.margin_bundle_contract_mapping","未进入20个SQL材料组核读范围，不能判定具体使用模式或受影响输出","4461391f0a74746deb671c6e55ce0c70b64d9ff3c22abbbf287e539bcb0a305a","E:\02_area\股衍数据-数据cookbook\sql-static-lineage-data\task-projections\tasks\172252\versions\79d217c48576a083ca252b19038937ed73437d6eacc4d25e424f7ccd071ac6d4.evidence-v3.json"
"dataset:f322d64cc13f2c1fedf2c1d26bc3f5dbf17e636b8ef92b75b28867c45f417aed","hive","gfhive","pdata_n.t03_otc_deri_book_adtnl_info","每天一份快照，记录场外衍生品账簿的生效到期日、所属机构、交易与风控开关、底层标的映射等附加配置信息，用于账簿管理与业务控制。","172296","dm_hk_n.bundle_margin_daily_result","dm_hk_n.bundle_margin_daily_result（OTCHK组合履保监控结果）","1","write-observation:172296:platform-target:0","SQLG-b3f4e30d57e7b3c1","query:6d316617438a4b72b0a64446d9f1f6ade1560fb2bb55e82c7d7af6210ef71ad0","AVAILABLE","FIXED_READ_LOCATORS_PRESENT_IN_CURRENT_FACTS","LOCATOR_PRESENCE_ONLY; CROSS_VERSION_SEMANTICS_UNVERIFIED","未进入Facts细粒度提取范围（达到20个不同SQL材料组上限）","","","dm_hk_n.bundle_margin_daily_result|PROFILE_DECLARED|NO_STATEMENT；dm_hk_n.bundle_margin_daily_result|PLATFORM_TARGET|task:172296:slot:query:statement:0","dm_hk_n.bundle_margin_daily_result","未进入20个SQL材料组核读范围，不能判定具体使用模式或受影响输出","879e1c4ad39d3d4e4cfe176f7c5c5d8da0dab7db0ac8cf9928339482a7f3c6ed","E:\02_area\股衍数据-数据cookbook\sql-static-lineage-data\task-projections\tasks\172296\versions\44ec7519a2f91cf06f6a05b2ac6186216cd42e94ca262f5bcba10a20c40208e1.evidence-v3.json"
"dataset:f322d64cc13f2c1fedf2c1d26bc3f5dbf17e636b8ef92b75b28867c45f417aed","hive","gfhive","pdata_n.t03_otc_deri_book_adtnl_info","每天一份快照，记录场外衍生品账簿的生效到期日、所属机构、交易与风控开关、底层标的映射等附加配置信息，用于账簿管理与业务控制。","172318","dm_hk_n.risk_option_initial_metric","dm_hk_n.risk_option_initial_metric（OTCHK证券-期权起初指标表）","1","write-observation:172318:platform-target:0","SQLG-e1504421841f9757","query:56c2433256d6e7beb273c130d2ba1e1e1cd09d333f26dbd1e4c80e521de06ef2","AVAILABLE","FIXED_READ_LOCATORS_PRESENT_IN_CURRENT_FACTS","LOCATOR_PRESENCE_ONLY; CROSS_VERSION_SEMANTICS_UNVERIFIED","未进入Facts细粒度提取范围（达到20个不同SQL材料组上限）","","","dm_hk_n.risk_option_initial_metric|PROFILE_DECLARED|NO_STATEMENT；dm_hk_n.risk_option_initial_metric|PLATFORM_TARGET|task:172318:slot:query:statement:0","dm_hk_n.risk_option_initial_metric","未进入20个SQL材料组核读范围，不能判定具体使用模式或受影响输出","7c5399c2ae0ac56c00186e7980a9931a3bf5c49e847e4c04662bfd949701d050","E:\02_area\股衍数据-数据cookbook\sql-static-lineage-data\task-projections\tasks\172318\versions\787c4c50c830f8291deb3706253795a98f6565f789842f1595ad18c4ba562632.evidence-v3.json"
"dataset:f322d64cc13f2c1fedf2c1d26bc3f5dbf17e636b8ef92b75b28867c45f417aed","hive","gfhive","pdata_n.t03_otc_deri_book_adtnl_info","每天一份快照，记录场外衍生品账簿的生效到期日、所属机构、交易与风控开关、底层标的映射等附加配置信息，用于账簿管理与业务控制。","172344","dm_hk_n.trd_transfer","dm_hk_n.trd_transfer（OTCHK收付款记录表）","1","write-observation:172344:platform-target:0","SQLG-9ab19bfc1504bad9","query:e4e17d75257b7f8f86cacc2e2e7b087632aeb35b8f931b8790b8d23d4136ae0a","AVAILABLE","FIXED_READ_LOCATORS_PRESENT_IN_CURRENT_FACTS","LOCATOR_PRESENCE_ONLY; CROSS_VERSION_SEMANTICS_UNVERIFIED","未进入Facts细粒度提取范围（达到20个不同SQL材料组上限）","","","dm_hk_n.trd_transfer|PROFILE_DECLARED|NO_STATEMENT；dm_hk_n.trd_transfer|PLATFORM_TARGET|task:172344:slot:query:statement:0","dm_hk_n.trd_transfer","未进入20个SQL材料组核读范围，不能判定具体使用模式或受影响输出","484bb6064b03cca90a911a4cf1002e997488bc17d7ee18d56c8e57232e93ec97","E:\02_area\股衍数据-数据cookbook\sql-static-lineage-data\task-projections\tasks\172344\versions\bf7f99f541fca58bd724d3b4ca49c9e9f534019cd1b0b879ad87417f48edc772.evidence-v3.json"
"dataset:f322d64cc13f2c1fedf2c1d26bc3f5dbf17e636b8ef92b75b28867c45f417aed","hive","gfhive","pdata_n.t03_otc_deri_book_adtnl_info","每天一份快照，记录场外衍生品账簿的生效到期日、所属机构、交易与风控开关、底层标的映射等附加配置信息，用于账簿管理与业务控制。","172356","dm_hk_n.pos_trs_leg_valuation","dm_hk_n.pos_trs_leg_valuation（OTCHK持仓-账户TRS LEG每日估值）","1","write-observation:172356:platform-target:0","SQLG-7a884004231d8106","query:79e0884f6878e461540211527d3c7854e373b096b8003b8346837db935e3ebb6","AVAILABLE","FIXED_READ_LOCATORS_PRESENT_IN_CURRENT_FACTS","LOCATOR_PRESENCE_ONLY; CROSS_VERSION_SEMANTICS_UNVERIFIED","未进入Facts细粒度提取范围（达到20个不同SQL材料组上限）","","","dm_hk_n.pos_trs_leg_valuation|PROFILE_DECLARED|NO_STATEMENT；dm_hk_n.pos_trs_leg_valuation|PLATFORM_TARGET|task:172356:slot:query:statement:0","dm_hk_n.pos_trs_leg_valuation","未进入20个SQL材料组核读范围，不能判定具体使用模式或受影响输出","563df03f4cc47415fc3c5450e771b7335311873a2cdb025605e1d0ee66f6c30c","E:\02_area\股衍数据-数据cookbook\sql-static-lineage-data\task-projections\tasks\172356\versions\b7bd84113da735f9ad09f385409b2578160317795d0e82ec606468613a9df0ee.evidence-v3.json"
"dataset:f322d64cc13f2c1fedf2c1d26bc3f5dbf17e636b8ef92b75b28867c45f417aed","hive","gfhive","pdata_n.t03_otc_deri_book_adtnl_info","每天一份快照，记录场外衍生品账簿的生效到期日、所属机构、交易与风控开关、底层标的映射等附加配置信息，用于账簿管理与业务控制。","172367","dm_hk_n.bk_book_mapping","dm_hk_n.bk_book_mapping（OTCHK账簿映射关系表）","1","write-observation:172367:platform-target:0","SQLG-dbc532d5885720dd","query:419f6bd8470dbdedea080985ef5bd0254d5ae6cbcddb6e9d1d826990c5e46902","AVAILABLE","FIXED_READ_LOCATORS_PRESENT_IN_CURRENT_FACTS","LOCATOR_PRESENCE_ONLY; CROSS_VERSION_SEMANTICS_UNVERIFIED","未进入Facts细粒度提取范围（达到20个不同SQL材料组上限）","","","dm_hk_n.bk_book_mapping|PROFILE_DECLARED|NO_STATEMENT；dm_hk_n.bk_book_mapping|PLATFORM_TARGET|task:172367:slot:query:statement:0","dm_hk_n.bk_book_mapping","未进入20个SQL材料组核读范围，不能判定具体使用模式或受影响输出","91fb13b0a00f1d2e6d5e6ca354cbba0c1a8f764ac6528fbdca28d2b1dd7832ad","E:\02_area\股衍数据-数据cookbook\sql-static-lineage-data\task-projections\tasks\172367\versions\0429a9dab87975bab4e37914fc661a69fbf58c90fd9202bd921a228107b47165.evidence-v3.json"
"dataset:f322d64cc13f2c1fedf2c1d26bc3f5dbf17e636b8ef92b75b28867c45f417aed","hive","gfhive","pdata_n.t03_otc_deri_book_adtnl_info","每天一份快照，记录场外衍生品账簿的生效到期日、所属机构、交易与风控开关、底层标的映射等附加配置信息，用于账簿管理与业务控制。","175112","dm_hk_n.ref_main_contract","dm_hk_n.ref_main_contract（OTCHK主合约信息表）","1","write-observation:175112:platform-target:0","SQLG-af23b9e49c96995c","query:1e69e848a1c85e0daaced83d3c751262c38a023c07536c74d010152f349d914f","AVAILABLE","FIXED_READ_LOCATORS_PRESENT_IN_CURRENT_FACTS","LOCATOR_PRESENCE_ONLY; CROSS_VERSION_SEMANTICS_UNVERIFIED","未进入Facts细粒度提取范围（达到20个不同SQL材料组上限）","","","dm_hk_n.ref_main_contract|PROFILE_DECLARED|NO_STATEMENT；dm_hk_n.ref_main_contract|PLATFORM_TARGET|task:175112:slot:query:statement:0","dm_hk_n.ref_main_contract","未进入20个SQL材料组核读范围，不能判定具体使用模式或受影响输出","094b074e2633bc320e7c460d189f7bad3b09ff730a7bbdfd0466c760ee4e0472","E:\02_area\股衍数据-数据cookbook\sql-static-lineage-data\task-projections\tasks\175112\versions\e8a3cad68391f7ed3ea62c99d38ee72dcd52adb87da1008b360c2755d7012714.evidence-v3.json"
"dataset:f322d64cc13f2c1fedf2c1d26bc3f5dbf17e636b8ef92b75b28867c45f417aed","hive","gfhive","pdata_n.t03_otc_deri_book_adtnl_info","每天一份快照，记录场外衍生品账簿的生效到期日、所属机构、交易与风控开关、底层标的映射等附加配置信息，用于账簿管理与业务控制。","176610","dm_cmpl_n.aml_comp_trd_info_grp03","dm_cmpl_n.aml_comp_trd_info（2.4交割信息-期权多标的 (股衍、固收)）","1","write-observation:176610:platform-target:0","SQLG-1353893e5e3022bf","query:d53eac88facb0218f73657f4cb20b54d96618a6ba32de01e2576bcd7ce92d2a9","AVAILABLE","FIXED_READ_LOCATORS_PRESENT_IN_CURRENT_FACTS","LOCATOR_PRESENCE_ONLY; CROSS_VERSION_SEMANTICS_UNVERIFIED","已完成Facts细粒度提取与局部解释","P05_DEPARTMENT_CLASSIFICATION","dm_cmpl_n.aml_comp_trd_info","dm_cmpl_n.aml_comp_trd_info|PROFILE_DECLARED|NO_STATEMENT；dm_cmpl_n.aml_comp_trd_info|PLATFORM_TARGET|task:176610:slot:query:statement:0","dm_cmpl_n.aml_comp_trd_info","CASE只覆盖OTC/GFS_FICC，是否存在其他部门值；三个事件分支是否可能重复覆盖同一交易","e3433fe246f4ce5dd325bcabe36d7e6226ba74a67e2a0f88ee2b4e9cfcebe89f","E:\02_area\股衍数据-数据cookbook\sql-static-lineage-data\task-projections\tasks\176610\versions\5e273ba286f14ae0c67769caa607eac16f1c78432d7f1f06476dc5ea63ff04c6.evidence-v3.json"
"dataset:f322d64cc13f2c1fedf2c1d26bc3f5dbf17e636b8ef92b75b28867c45f417aed","hive","gfhive","pdata_n.t03_otc_deri_book_adtnl_info","每天一份快照，记录场外衍生品账簿的生效到期日、所属机构、交易与风控开关、底层标的映射等附加配置信息，用于账簿管理与业务控制。","176827","dm_rsk_n.otc_opt_greek_val_det_h","dm_rsk_n.otc_opt_greek_val_det_h（OTC期权子交易希腊值明细数据）","1","write-observation:176827:platform-target:0","SQLG-bdf987e885956aab","query:d03a315e7a1d673c1afb2f586ee1950af4de26c268637ffbbc605797a399009e","AVAILABLE","FIXED_READ_LOCATORS_PRESENT_IN_CURRENT_FACTS","LOCATOR_PRESENCE_ONLY; CROSS_VERSION_SEMANTICS_UNVERIFIED","未进入Facts细粒度提取范围（达到20个不同SQL材料组上限）","","","dm_rsk_n.otc_opt_greek_val_det_h|PROFILE_DECLARED|NO_STATEMENT；dm_rsk_n.otc_opt_greek_val_det_h|PLATFORM_TARGET|task:176827:slot:query:statement:0","dm_rsk_n.otc_opt_greek_val_det_h","未进入20个SQL材料组核读范围，不能判定具体使用模式或受影响输出","45306de13fbf61ac5530275b4bef50bb844bfc8788106daa9e85696758985624","E:\02_area\股衍数据-数据cookbook\sql-static-lineage-data\task-projections\tasks\176827\versions\e4c0fe6cd5acf4a8e79d0ebded0f3a1a74d9e0afc45a0eda5c6ac87de256c394.evidence-v3.json"
"dataset:f322d64cc13f2c1fedf2c1d26bc3f5dbf17e636b8ef92b75b28867c45f417aed","hive","gfhive","pdata_n.t03_otc_deri_book_adtnl_info","每天一份快照，记录场外衍生品账簿的生效到期日、所属机构、交易与风控开关、底层标的映射等附加配置信息，用于账簿管理与业务控制。","176864","dm_otc_n.otc_swap_comp_info","dm_otc_n.otc_swap_comp_info（OTC互换合约基本信息）","1","write-observation:176864:platform-target:0","SQLG-38b9c9ad3e0fb9cb","query:b933edaa63b3a547fc43e6125214d2a5cc168a88dcf3fda70c5fec37902de55f","AVAILABLE","FIXED_READ_LOCATORS_PRESENT_IN_CURRENT_FACTS","LOCATOR_PRESENCE_ONLY; CROSS_VERSION_SEMANTICS_UNVERIFIED","未进入Facts细粒度提取范围（达到20个不同SQL材料组上限）","","","dm_otc_n.otc_swap_comp_info|PROFILE_DECLARED|NO_STATEMENT；dm_otc_n.otc_swap_comp_info|PLATFORM_TARGET|task:176864:slot:query:statement:0","dm_otc_n.otc_swap_comp_info","未进入20个SQL材料组核读范围，不能判定具体使用模式或受影响输出","a13c89464e8cb66aa6b86c4b056382d761de5ea32914eb0ed58ec5e41e75066c","E:\02_area\股衍数据-数据cookbook\sql-static-lineage-data\task-projections\tasks\176864\versions\aaa714bfad76fa661a1e784a18df3bbcd29125dfa7a1ecdcc205b579a8c1ed83.evidence-v3.json"
"dataset:f322d64cc13f2c1fedf2c1d26bc3f5dbf17e636b8ef92b75b28867c45f417aed","hive","gfhive","pdata_n.t03_otc_deri_book_adtnl_info","每天一份快照，记录场外衍生品账簿的生效到期日、所属机构、交易与风控开关、底层标的映射等附加配置信息，用于账簿管理与业务控制。","176941","dm_hk_n.fin_trd_otc_comp_day","dm_hk_n.fin_trd_otc_comp_day（OTCHK财务合约交易流水）","1","write-observation:176941:platform-target:0","SQLG-38abf64776393f3d","query:b0716211364f85992b3057ea2c5d5c6fa0253e3a0c46872f61df15005136c84e","AVAILABLE","FIXED_READ_LOCATORS_PRESENT_IN_CURRENT_FACTS","LOCATOR_PRESENCE_ONLY; CROSS_VERSION_SEMANTICS_UNVERIFIED","未进入Facts细粒度提取范围（达到20个不同SQL材料组上限）","","","dm_hk_n.fin_trd_otc_comp_day|PROFILE_DECLARED|NO_STATEMENT；dm_hk_n.fin_trd_otc_comp_day|PLATFORM_TARGET|task:176941:slot:query:statement:0","dm_hk_n.fin_trd_otc_comp_day","未进入20个SQL材料组核读范围，不能判定具体使用模式或受影响输出","452039c2ca004e98a5b29498d02402c911a8e4aa85cf06c9f8d8ed66e841e08e","E:\02_area\股衍数据-数据cookbook\sql-static-lineage-data\task-projections\tasks\176941\versions\408c2e22dd100d0a5d7915042f9e372dc5f17679a2cfe74ea598388606292e4d.evidence-v3.json"
"dataset:f322d64cc13f2c1fedf2c1d26bc3f5dbf17e636b8ef92b75b28867c45f417aed","hive","gfhive","pdata_n.t03_otc_deri_book_adtnl_info","每天一份快照，记录场外衍生品账簿的生效到期日、所属机构、交易与风控开关、底层标的映射等附加配置信息，用于账簿管理与业务控制。","177390","dm_cmpl_n.unit_cust_info","dm_cmpl_n.unit_cust_info（2.1机构客户信息汇总（固收））","1","write-observation:177390:platform-target:0","SQLG-7190894ed8d974f5","query:abbda7e1dc6ae7e6db96047bc085334daf26acc0f9ef203c7df8c6fffd6bee2a","AVAILABLE","FIXED_READ_LOCATORS_PRESENT_IN_CURRENT_FACTS","LOCATOR_PRESENCE_ONLY; CROSS_VERSION_SEMANTICS_UNVERIFIED","未进入Facts细粒度提取范围（达到20个不同SQL材料组上限）","","","dm_cmpl_n.unit_cust_info|PROFILE_DECLARED|NO_STATEMENT；dm_cmpl_n.unit_cust_info|PLATFORM_TARGET|task:177390:slot:query:statement:0","dm_cmpl_n.unit_cust_info","未进入20个SQL材料组核读范围，不能判定具体使用模式或受影响输出","ddd9c2c82df1966d7a3bb4a10ca90538e975952b47167e7828bdae4290b93ef3","E:\02_area\股衍数据-数据cookbook\sql-static-lineage-data\task-projections\tasks\177390\versions\25f9cacbb665018e9795e71edcf98191cccdad0849dad5e9ee21f42ccd01dc2b.evidence-v3.json"
"dataset:f322d64cc13f2c1fedf2c1d26bc3f5dbf17e636b8ef92b75b28867c45f417aed","hive","gfhive","pdata_n.t03_otc_deri_book_adtnl_info","每天一份快照，记录场外衍生品账簿的生效到期日、所属机构、交易与风控开关、底层标的映射等附加配置信息，用于账簿管理与业务控制。","177414","dm_fii_n.Acct_Titans_User_Book_Right_Day","dm_fii_n.acct_titans_user_book_right_day（TITANS用户账簿权限）","1","write-observation:177414:platform-target:0","SQLG-1ce7e2f9d60e4642","query:2928428158c16480582bd0f9596984aebcf03e4d60e9b501f297e7209d8c6bce","AVAILABLE","FIXED_READ_LOCATORS_PRESENT_IN_CURRENT_FACTS","LOCATOR_PRESENCE_ONLY; CROSS_VERSION_SEMANTICS_UNVERIFIED","未进入Facts细粒度提取范围（达到20个不同SQL材料组上限）","","","dm_fii_n.acct_titans_user_book_right_day|PROFILE_DECLARED|NO_STATEMENT；dm_fii_n.acct_titans_user_book_right_day|PLATFORM_TARGET|task:177414:slot:query:statement:0","dm_fii_n.acct_titans_user_book_right_day","未进入20个SQL材料组核读范围，不能判定具体使用模式或受影响输出","3f2b24bca1849b9e92c4d58e2aba82dd66c8c0e0b3390f1b207740cf35afb106","E:\02_area\股衍数据-数据cookbook\sql-static-lineage-data\task-projections\tasks\177414\versions\2bc3e702f83e4c3f63815676c4fb14095f8ba2bfaaf8b26787591f313e7d6262.evidence-v3.json"
"dataset:f322d64cc13f2c1fedf2c1d26bc3f5dbf17e636b8ef92b75b28867c45f417aed","hive","gfhive","pdata_n.t03_otc_deri_book_adtnl_info","每天一份快照，记录场外衍生品账簿的生效到期日、所属机构、交易与风控开关、底层标的映射等附加配置信息，用于账簿管理与业务控制。","178833","dm_cmpl_n.pdt_cust_info_all","dm_cmpl_n.pdt_cust_info_all（2.2产品客户信息（股衍、固收））","1","write-observation:178833:platform-target:0","SQLG-36cd1124ab23eb02","query:83aa52c557d40d215ca6cfe8c1fcf8597e25b9998bfe86a715637505f86541e7","AVAILABLE","FIXED_READ_LOCATORS_PRESENT_IN_CURRENT_FACTS","LOCATOR_PRESENCE_ONLY; CROSS_VERSION_SEMANTICS_UNVERIFIED","未进入Facts细粒度提取范围（达到20个不同SQL材料组上限）","","","dm_cmpl_n.pdt_cust_info_all|PROFILE_DECLARED|NO_STATEMENT；dm_cmpl_n.pdt_cust_info_all|PLATFORM_TARGET|task:178833:slot:query:statement:0","dm_cmpl_n.pdt_cust_info_all","未进入20个SQL材料组核读范围，不能判定具体使用模式或受影响输出","08409bf43cbe97f8c002ea4d340ae962261276a3fc912472e53567d1a1f4f420","E:\02_area\股衍数据-数据cookbook\sql-static-lineage-data\task-projections\tasks\178833\versions\f079b83c4c510edb603d4a02c3f318d864bada0ca6e3eab3f319e3aa5926ed10.evidence-v3.json"
"dataset:f322d64cc13f2c1fedf2c1d26bc3f5dbf17e636b8ef92b75b28867c45f417aed","hive","gfhive","pdata_n.t03_otc_deri_book_adtnl_info","每天一份快照，记录场外衍生品账簿的生效到期日、所属机构、交易与风控开关、底层标的映射等附加配置信息，用于账簿管理与业务控制。","180692","dm_rsk_n.otc_deri_sett_abn_montr_indx_grp01","dm_rsk_n.otc_deri_sett_abn_montr_indx（场外衍生品结算异常监测指标）","1","write-observation:180692:platform-target:0","SQLG-3aa90edb54e63bab","query:bf53a39f520d0cbf76621b248c1936d253cffdc7b6eb43d6d5d02dab99843a57","AVAILABLE","FIXED_READ_LOCATORS_PRESENT_IN_CURRENT_FACTS","LOCATOR_PRESENCE_ONLY; CROSS_VERSION_SEMANTICS_UNVERIFIED","未进入Facts细粒度提取范围（达到20个不同SQL材料组上限）","","","dm_rsk_n.otc_deri_sett_abn_montr_indx|PROFILE_DECLARED|NO_STATEMENT；dm_rsk_n.otc_deri_sett_abn_montr_indx|PLATFORM_TARGET|task:180692:slot:query:statement:0","dm_rsk_n.otc_deri_sett_abn_montr_indx","未进入20个SQL材料组核读范围，不能判定具体使用模式或受影响输出","4d02f14d14b47230300253da408aa8a1fb0e384a4c4a897eb404af26069f37e5","E:\02_area\股衍数据-数据cookbook\sql-static-lineage-data\task-projections\tasks\180692\versions\d43f3e9ab65746673632a5f533f3077c9e2c51e8c67ea54fec1c42e864509a03.evidence-v3.json"
"dataset:f322d64cc13f2c1fedf2c1d26bc3f5dbf17e636b8ef92b75b28867c45f417aed","hive","gfhive","pdata_n.t03_otc_deri_book_adtnl_info","每天一份快照，记录场外衍生品账簿的生效到期日、所属机构、交易与风控开关、底层标的映射等附加配置信息，用于账簿管理与业务控制。","180700","dm_rsk_n.otc_deri_sett_abn_montr_indx_grp03","dm_rsk_n.otc_deri_sett_abn_montr_indx（场外衍生品结算异常监测指标）","1","write-observation:180700:platform-target:0","SQLG-384e0f838955a030","query:ccf2a6158a8a050401351e2f542dffbcd6f0cb26bde79074d312b77c7571f144","AVAILABLE","FIXED_READ_LOCATORS_PRESENT_IN_CURRENT_FACTS","LOCATOR_PRESENCE_ONLY; CROSS_VERSION_SEMANTICS_UNVERIFIED","未进入Facts细粒度提取范围（达到20个不同SQL材料组上限）","","","dm_rsk_n.otc_deri_sett_abn_montr_indx|PROFILE_DECLARED|NO_STATEMENT；dm_rsk_n.otc_deri_sett_abn_montr_indx|PLATFORM_TARGET|task:180700:slot:query:statement:0","dm_rsk_n.otc_deri_sett_abn_montr_indx","未进入20个SQL材料组核读范围，不能判定具体使用模式或受影响输出","c0e98e11bb933b6226ed46c519e5c55cab385eba1846d1f07c11ea3daf9c2f54","E:\02_area\股衍数据-数据cookbook\sql-static-lineage-data\task-projections\tasks\180700\versions\f6410d59ed92a9b1c1f80caf6c679c37f7ae4edeb4719fccde45ccc0d54c4c68.evidence-v3.json"
"dataset:f322d64cc13f2c1fedf2c1d26bc3f5dbf17e636b8ef92b75b28867c45f417aed","hive","gfhive","pdata_n.t03_otc_deri_book_adtnl_info","每天一份快照，记录场外衍生品账簿的生效到期日、所属机构、交易与风控开关、底层标的映射等附加配置信息，用于账簿管理与业务控制。","180714","dm_rsk_n.otc_deri_sett_abn_montr_indx_grp04","dm_rsk_n.otc_deri_sett_abn_montr_indx（场外衍生品结算异常监测指标）","1","write-observation:180714:platform-target:0","SQLG-159204a09540a403","query:b37e534cb3fdf41ad88c47ac1a9b0b792595907d5c8804ed78c5d6913e8e2ec4","AVAILABLE","FIXED_READ_LOCATORS_PRESENT_IN_CURRENT_FACTS","LOCATOR_PRESENCE_ONLY; CROSS_VERSION_SEMANTICS_UNVERIFIED","未进入Facts细粒度提取范围（达到20个不同SQL材料组上限）","","","dm_rsk_n.otc_deri_sett_abn_montr_indx|PROFILE_DECLARED|NO_STATEMENT；dm_rsk_n.otc_deri_sett_abn_montr_indx|PLATFORM_TARGET|task:180714:slot:query:statement:0","dm_rsk_n.otc_deri_sett_abn_montr_indx","未进入20个SQL材料组核读范围，不能判定具体使用模式或受影响输出","21a6572815b584ded00c181670b83816edeb0bb4a7c1c17d00851edd1583ad78","E:\02_area\股衍数据-数据cookbook\sql-static-lineage-data\task-projections\tasks\180714\versions\ae7ed664e2f12dd881e237118ed0f5d193bf51a84a70da6f8813e5c52470064f.evidence-v3.json"
"dataset:f322d64cc13f2c1fedf2c1d26bc3f5dbf17e636b8ef92b75b28867c45f417aed","hive","gfhive","pdata_n.t03_otc_deri_book_adtnl_info","每天一份快照，记录场外衍生品账簿的生效到期日、所属机构、交易与风控开关、底层标的映射等附加配置信息，用于账簿管理与业务控制。","181058","dm_rsk_n.otc_opt_inr_comp_pal_sum","dm_rsk_n.otc_opt_inr_comp_pal_sum（风控视图-OTC合约维度盈亏数据表）；dm_rsk_n.otc_opt_inr_comp_pal_sum（风控视图-OTC合约维度盈亏数据表）；dm_rsk_n.otc_opt_inr_comp_pal_sum（风控视图-OTC合约维度盈亏数据表）；dm_rsk_n.otc_opt_inr_comp_pal_sum_temp（风控视图-OTC合约维度盈亏数据表）","4","write-observation:181058:2；write-observation:181058:3；write-observation:181058:4；write-observation:181058:platform-target:0","SQLG-670453d5e8f362ca","query:32656ba7e313971ec9e32c6022a98718433adbaac097d2a0b9359d25fbd88281","AVAILABLE","FIXED_READ_LOCATORS_PRESENT_IN_CURRENT_FACTS","LOCATOR_PRESENCE_ONLY; CROSS_VERSION_SEMANTICS_UNVERIFIED","未进入Facts细粒度提取范围（达到20个不同SQL材料组上限）","","","dm_rsk_n.otc_opt_inr_comp_pal_sum_temp|PROFILE_DECLARED|NO_STATEMENT；dm_rsk_n.otc_opt_inr_comp_pal_sum|SQL_PARSE|task:181058:slot:finish:statement:0；dm_rsk_n.otc_opt_inr_comp_pal_sum|SQL_PARSE|task:181058:slot:finish:statement:1；dm_rsk_n.otc_opt_inr_comp_pal_sum|SQL_PARSE|task:181058:slot:finish:statement:2；dm_rsk_n.otc_opt_inr_comp_pal_sum|SQL_PARSE|task:181058:slot:finish:statement:3；dm_rsk_n.otc_opt_inr_comp_pal_sum_temp|PLATFORM_TARGET|task:181058:slot:query:statement:0","dm_rsk_n.otc_opt_inr_comp_pal_sum；dm_rsk_n.otc_opt_inr_comp_pal_sum_temp","未进入20个SQL材料组核读范围，不能判定具体使用模式或受影响输出","be7867d34048d35aa63d787351fb3a03fbf6b6384866ad8e5e64443b092cfe36","E:\02_area\股衍数据-数据cookbook\sql-static-lineage-data\task-projections\tasks\181058\versions\aa676f3620c787471523965240e9925f417fc792f84aae36e4373324fc4e8401.evidence-v3.json"
"dataset:f322d64cc13f2c1fedf2c1d26bc3f5dbf17e636b8ef92b75b28867c45f417aed","hive","gfhive","pdata_n.t03_otc_deri_book_adtnl_info","每天一份快照，记录场外衍生品账簿的生效到期日、所属机构、交易与风控开关、底层标的映射等附加配置信息，用于账簿管理与业务控制。","181553","dm_rsk_n.otc_deri_sett_abn_montr_indx_grp02","dm_rsk_n.otc_deri_sett_abn_montr_indx（场外衍生品结算异常监测指标）","1","write-observation:181553:platform-target:0","SQLG-15a685fc3eb0d2af","query:2bdd4a99bef2b829bc898a40a4d4f7a9d4f9becf3898a77e39718ad3d76c7767","AVAILABLE","FIXED_READ_LOCATORS_PRESENT_IN_CURRENT_FACTS","LOCATOR_PRESENCE_ONLY; CROSS_VERSION_SEMANTICS_UNVERIFIED","未进入Facts细粒度提取范围（达到20个不同SQL材料组上限）","","","dm_rsk_n.otc_deri_sett_abn_montr_indx|PROFILE_DECLARED|NO_STATEMENT；dm_rsk_n.otc_deri_sett_abn_montr_indx|PLATFORM_TARGET|task:181553:slot:query:statement:0","dm_rsk_n.otc_deri_sett_abn_montr_indx","未进入20个SQL材料组核读范围，不能判定具体使用模式或受影响输出","f2b2ecc76c56b3daddab5e02c8065cbc137a55e007172f060c3cd26ee2a21e83","E:\02_area\股衍数据-数据cookbook\sql-static-lineage-data\task-projections\tasks\181553\versions\95beca85393a5d6711dd654ccd2cd2ae474b80d5b5bfdf5b4ad2f5e82338ecbc.evidence-v3.json"
"dataset:f322d64cc13f2c1fedf2c1d26bc3f5dbf17e636b8ef92b75b28867c45f417aed","hive","gfhive","pdata_n.t03_otc_deri_book_adtnl_info","每天一份快照，记录场外衍生品账簿的生效到期日、所属机构、交易与风控开关、底层标的映射等附加配置信息，用于账簿管理与业务控制。","181555","dm_rsk_n.otc_deri_sett_abn_montr_indx_grp05","dm_rsk_n.otc_deri_sett_abn_montr_indx（场外衍生品结算异常监测指标）","1","write-observation:181555:platform-target:0","SQLG-d9c6d718e1569735","query:2ccd1dd974bbbc22837edcbdef756ee96af7a1b53bce5c6f7a72b3059367c72f","AVAILABLE","FIXED_READ_LOCATORS_PRESENT_IN_CURRENT_FACTS","LOCATOR_PRESENCE_ONLY; CROSS_VERSION_SEMANTICS_UNVERIFIED","未进入Facts细粒度提取范围（达到20个不同SQL材料组上限）","","","dm_rsk_n.otc_deri_sett_abn_montr_indx|PROFILE_DECLARED|NO_STATEMENT；dm_rsk_n.otc_deri_sett_abn_montr_indx|PLATFORM_TARGET|task:181555:slot:query:statement:0","dm_rsk_n.otc_deri_sett_abn_montr_indx","未进入20个SQL材料组核读范围，不能判定具体使用模式或受影响输出","c40d5619a7f129a0259ef1e176a5fdd4568e7f036fd560f9eff3b1fd5c5c9ca7","E:\02_area\股衍数据-数据cookbook\sql-static-lineage-data\task-projections\tasks\181555\versions\64011f5384a73dbd116ed1eb443580c0d7d27005f4f4d519f222239096114388.evidence-v3.json"
"dataset:f322d64cc13f2c1fedf2c1d26bc3f5dbf17e636b8ef92b75b28867c45f417aed","hive","gfhive","pdata_n.t03_otc_deri_book_adtnl_info","每天一份快照，记录场外衍生品账簿的生效到期日、所属机构、交易与风控开关、底层标的映射等附加配置信息，用于账簿管理与业务控制。","181556","dm_rsk_n.otc_deri_sett_abn_montr_indx_grp06","dm_rsk_n.otc_deri_sett_abn_montr_indx（场外衍生品结算异常监测指标）","1","write-observation:181556:platform-target:0","SQLG-ad1ee41c53401175","query:30515fb46f2cef7e52ef95bd47140a1136f1d5990dda62f68e708dda3ec2a1bb","AVAILABLE","FIXED_READ_LOCATORS_PRESENT_IN_CURRENT_FACTS","LOCATOR_PRESENCE_ONLY; CROSS_VERSION_SEMANTICS_UNVERIFIED","未进入Facts细粒度提取范围（达到20个不同SQL材料组上限）","","","dm_rsk_n.otc_deri_sett_abn_montr_indx|PROFILE_DECLARED|NO_STATEMENT；dm_rsk_n.otc_deri_sett_abn_montr_indx|PLATFORM_TARGET|task:181556:slot:query:statement:0","dm_rsk_n.otc_deri_sett_abn_montr_indx","未进入20个SQL材料组核读范围，不能判定具体使用模式或受影响输出","e418c89b638fc429cc46c50065e986b40a3197898d4896c63543ff96d15c0a0e","E:\02_area\股衍数据-数据cookbook\sql-static-lineage-data\task-projections\tasks\181556\versions\9031418a64665005af2482075ddfc6158002ee3a3c819ac5ac240e125a969dd8.evidence-v3.json"
"dataset:f322d64cc13f2c1fedf2c1d26bc3f5dbf17e636b8ef92b75b28867c45f417aed","hive","gfhive","pdata_n.t03_otc_deri_book_adtnl_info","每天一份快照，记录场外衍生品账簿的生效到期日、所属机构、交易与风控开关、底层标的映射等附加配置信息，用于账簿管理与业务控制。","183259","dm_hk_n.otc_prd_product_asset","dm_hk_n.otc_prd_product_asset（OTCHK产品底层资产信息表）","1","write-observation:183259:platform-target:0","SQLG-2dc5f88b3b57360b","query:371cf0c9fab333524569947717316ce4763eaffb14cdd103b6150b1fe4f981be","AVAILABLE","FIXED_READ_LOCATORS_PRESENT_IN_CURRENT_FACTS","LOCATOR_PRESENCE_ONLY; CROSS_VERSION_SEMANTICS_UNVERIFIED","未进入Facts细粒度提取范围（达到20个不同SQL材料组上限）","","","dm_hk_n.otc_prd_product_asset|PROFILE_DECLARED|NO_STATEMENT；dm_hk_n.otc_prd_product_asset|PLATFORM_TARGET|task:183259:slot:query:statement:0","dm_hk_n.otc_prd_product_asset","未进入20个SQL材料组核读范围，不能判定具体使用模式或受影响输出","5f6d5133dbf8917d2dd319848c9f17f28de4feed4467a66a73fda1408f5e6c0b","E:\02_area\股衍数据-数据cookbook\sql-static-lineage-data\task-projections\tasks\183259\versions\a6272f0d80f7e9fbf428b45fb179e97eeacf2b20ba434c0a5ca6a45f4bd7d5fb.evidence-v3.json"
"dataset:f322d64cc13f2c1fedf2c1d26bc3f5dbf17e636b8ef92b75b28867c45f417aed","hive","gfhive","pdata_n.t03_otc_deri_book_adtnl_info","每天一份快照，记录场外衍生品账簿的生效到期日、所属机构、交易与风控开关、底层标的映射等附加配置信息，用于账簿管理与业务控制。","183294","dm_hk_n.otc_prd_product","dm_hk_n.otc_prd_product（OTCHK产品信息表）","1","write-observation:183294:platform-target:0","SQLG-e03c9393dfce33b6","query:3125e26ac4a1383cbbad44244666e37d06ca4fbca7363fa7e9b47e02b15ee1c5","AVAILABLE","FIXED_READ_LOCATORS_PRESENT_IN_CURRENT_FACTS","LOCATOR_PRESENCE_ONLY; CROSS_VERSION_SEMANTICS_UNVERIFIED","未进入Facts细粒度提取范围（达到20个不同SQL材料组上限）","","","dm_hk_n.otc_prd_product|PROFILE_DECLARED|NO_STATEMENT；dm_hk_n.otc_prd_product|PLATFORM_TARGET|task:183294:slot:query:statement:0","dm_hk_n.otc_prd_product","未进入20个SQL材料组核读范围，不能判定具体使用模式或受影响输出","7b962874056bc5bef16e84df6a7db7779dfc8f109c05161782e8c70142f45771","E:\02_area\股衍数据-数据cookbook\sql-static-lineage-data\task-projections\tasks\183294\versions\78da182a37c93581657ac3a9700d9770052a5c8829ab155c5ded71bb49c43adf.evidence-v3.json"
"dataset:f322d64cc13f2c1fedf2c1d26bc3f5dbf17e636b8ef92b75b28867c45f417aed","hive","gfhive","pdata_n.t03_otc_deri_book_adtnl_info","每天一份快照，记录场外衍生品账簿的生效到期日、所属机构、交易与风控开关、底层标的映射等附加配置信息，用于账簿管理与业务控制。","184662","dm_mast_n.cust_uid_ast","dm_mast_n.cust_ecf_ast（ECIF级客户资产）；dm_mast_n.cust_acct_ast（账户级资产）；dm_mast_n.cust_uid_ast（UID级客户资产）","3","write-observation:184662:24；write-observation:184662:23；write-observation:184662:25","SQLG-508b5b1adf27d6ec","create:b7edf8a265ba7049e26a0789bf6ea2f6f7bc76858ffe13a4f8e34a784010916f","AVAILABLE","FIXED_READ_LOCATORS_PRESENT_IN_CURRENT_FACTS","LOCATOR_PRESENCE_ONLY; CROSS_VERSION_SEMANTICS_UNVERIFIED","已完成Facts细粒度提取与局部解释","P02_OTC_BOOK_ELIGIBILITY","dm_mast_n.cust_acct_ast；dm_mast_n.cust_ecf_ast；dm_mast_n.cust_uid_ast","dm_mast_n.cust_uid_ast|PROFILE_DECLARED|NO_STATEMENT；dm_mast_n.cust_uid_ast|SQL_PARSE|task:184662:slot:create:statement:0；dm_mast_n.cust_ecf_ast|SQL_PARSE|task:184662:slot:create:statement:1；temp_n.temp_cust_otc_ast_005|SQL_PARSE|task:184662:slot:create:statement:10；temp_n.temp_cust_otc_ast_006|SQL_PARSE|task:184662:slot:create:statement:11；temp_n.temp_cust_acct_ast_001|SQL_PARSE|task:184662:slot:create:statement:12；dm_mast_n.cust_acct_ast|SQL_PARSE|task:184662:slot:create:statement:2；temp_n.temp_cust_rcc_ast_001|SQL_PARSE|task:184662:slot:create:statement:3；temp_n.temp_cust_lss_ast_001|SQL_PARSE|task:184662:slot:create:statement:4；temp_n.temp_cust_lss_ast_002|SQL_PARSE|task:184662:slot:create:statement:5；temp_n.temp_cust_otc_ast_001|SQL_PARSE|task:184662:slot:create:statement:6；temp_n.temp_cust_otc_ast_002|SQL_PARSE|task:184662:slot:create:statement:7；temp_n.temp_cust_otc_ast_003|SQL_PARSE|task:184662:slot:create:statement:8；temp_n.temp_cust_otc_ast_004|SQL_PARSE|task:184662:slot:create:statement:9；dm_mast_n.cust_acct_ast|SQL_PARSE|task:184662:slot:query:statement:10；dm_mast_n.cust_ecf_ast|SQL_PARSE|task:184662:slot:query:statement:11；dm_mast_n.cust_uid_ast|SQL_PARSE|task:184662:slot:query:statement:12","dm_mast_n.cust_acct_ast；dm_mast_n.cust_ecf_ast；dm_mast_n.cust_uid_ast；temp_n.temp_cust_acct_ast_001；temp_n.temp_cust_lss_ast_001；temp_n.temp_cust_lss_ast_002；temp_n.temp_cust_otc_ast_001；temp_n.temp_cust_otc_ast_002；temp_n.temp_cust_otc_ast_003；temp_n.temp_cust_otc_ast_004；temp_n.temp_cust_otc_ast_005；temp_n.temp_cust_otc_ast_006；temp_n.temp_cust_rcc_ast_001","账户到ECIF、UID映射覆盖率；两个账簿筛选分支的实际排除量","9f7717091bfbe96537e1f0c860bc414ef0ff4a3395dc2aea0ef4aef449c3cb46","E:\02_area\股衍数据-数据cookbook\sql-static-lineage-data\task-projections\tasks\184662\versions\6f9062aa6568fac1653631f2cfbee481cdd3c7a587f7b814d41cfe97b4f56ceb.evidence-v3.json"
"dataset:f322d64cc13f2c1fedf2c1d26bc3f5dbf17e636b8ef92b75b28867c45f417aed","hive","gfhive","pdata_n.t03_otc_deri_book_adtnl_info","每天一份快照，记录场外衍生品账簿的生效到期日、所属机构、交易与风控开关、底层标的映射等附加配置信息，用于账簿管理与业务控制。","185234","PDATA_N.T98_OTC_SWAP_COMP_TRD_UNDRL_INFO_GRP02","pdata_n.t98_otc_swap_comp_trd_undrl_info（每天一份快照，场外互换合约对应交易标的的基础信息与行情信息表）","1","write-observation:185234:0","SQLG-d0e4625cc5ab7db5","query:069f581dd6eac4776806d8df985bc962798d82c617287d5d83b526ac17b0a1e9","AVAILABLE","FIXED_READ_LOCATORS_PRESENT_IN_CURRENT_FACTS","LOCATOR_PRESENCE_ONLY; CROSS_VERSION_SEMANTICS_UNVERIFIED","未进入Facts细粒度提取范围（达到20个不同SQL材料组上限）","","","pdata_n.t98_otc_swap_comp_trd_undrl_info|PROFILE_DECLARED|NO_STATEMENT；pdata_n.t98_otc_swap_comp_trd_undrl_info|SQL_PARSE|task:185234:slot:query:statement:0","pdata_n.t98_otc_swap_comp_trd_undrl_info","未进入20个SQL材料组核读范围，不能判定具体使用模式或受影响输出","709206526422289cc569e045b0d21bda98ce43977f2df8fb7bfa2908d65f5c10","E:\02_area\股衍数据-数据cookbook\sql-static-lineage-data\task-projections\tasks\185234\versions\f2567eae0380ae7d1e1f96a7e926cd4c827f34c03ded7ae1328f819612cdb52d.evidence-v3.json"
"dataset:f322d64cc13f2c1fedf2c1d26bc3f5dbf17e636b8ef92b75b28867c45f417aed","hive","gfhive","pdata_n.t03_otc_deri_book_adtnl_info","每天一份快照，记录场外衍生品账簿的生效到期日、所属机构、交易与风控开关、底层标的映射等附加配置信息，用于账簿管理与业务控制。","187506","dm_rsk_n.otc_deri_sett_abn_montr_indx_grp07","dm_rsk_n.otc_deri_sett_abn_montr_indx（场外衍生品结算异常监测指标）","1","write-observation:187506:platform-target:0","SQLG-ca5156327aadeef4","query:e3c4300a6a2d865d8c0cdc92c8ffb1a45e4ed03a747e402ae72808bc6ad618f2","AVAILABLE","FIXED_READ_LOCATORS_PRESENT_IN_CURRENT_FACTS","LOCATOR_PRESENCE_ONLY; CROSS_VERSION_SEMANTICS_UNVERIFIED","未进入Facts细粒度提取范围（达到20个不同SQL材料组上限）","","","dm_rsk_n.otc_deri_sett_abn_montr_indx|PROFILE_DECLARED|NO_STATEMENT；dm_rsk_n.otc_deri_sett_abn_montr_indx|PLATFORM_TARGET|task:187506:slot:query:statement:0","dm_rsk_n.otc_deri_sett_abn_montr_indx","未进入20个SQL材料组核读范围，不能判定具体使用模式或受影响输出","8f4a26f3d41f05a16d0965809334ce49f04c594e7b2c7c8e526c22f81693f9cf","E:\02_area\股衍数据-数据cookbook\sql-static-lineage-data\task-projections\tasks\187506\versions\7ddc7d2c9c0464ff984225fac6242aa392fc818bf52161f785e75ce0ba8d5f3b.evidence-v3.json"
"dataset:f322d64cc13f2c1fedf2c1d26bc3f5dbf17e636b8ef92b75b28867c45f417aed","hive","gfhive","pdata_n.t03_otc_deri_book_adtnl_info","每天一份快照，记录场外衍生品账簿的生效到期日、所属机构、交易与风控开关、底层标的映射等附加配置信息，用于账簿管理与业务控制。","187509","dm_rsk_n.otc_deri_sett_abn_montr_indx_grp08","dm_rsk_n.otc_deri_sett_abn_montr_indx（场外衍生品结算异常监测指标）","1","write-observation:187509:platform-target:0","SQLG-3b5e631211d10d5f","query:1ff1d0ba558f8cb5f76ef96f5f7e829145516c2311a0c7f9aa8c5be04b3d4a93","AVAILABLE","FIXED_READ_LOCATORS_PRESENT_IN_CURRENT_FACTS","LOCATOR_PRESENCE_ONLY; CROSS_VERSION_SEMANTICS_UNVERIFIED","未进入Facts细粒度提取范围（达到20个不同SQL材料组上限）","","","dm_rsk_n.otc_deri_sett_abn_montr_indx|PROFILE_DECLARED|NO_STATEMENT；dm_rsk_n.otc_deri_sett_abn_montr_indx|PLATFORM_TARGET|task:187509:slot:query:statement:0","dm_rsk_n.otc_deri_sett_abn_montr_indx","未进入20个SQL材料组核读范围，不能判定具体使用模式或受影响输出","d5b8c98d6cba33cbe365f299d60abba7bd5080ff6c88d46c17e5e0014c7a714d","E:\02_area\股衍数据-数据cookbook\sql-static-lineage-data\task-projections\tasks\187509\versions\bba540ac95067c7ded0c49360e67bf84afeeec7376afda4235b4f4737daabc62.evidence-v3.json"
"dataset:f322d64cc13f2c1fedf2c1d26bc3f5dbf17e636b8ef92b75b28867c45f417aed","hive","gfhive","pdata_n.t03_otc_deri_book_adtnl_info","每天一份快照，记录场外衍生品账簿的生效到期日、所属机构、交易与风控开关、底层标的映射等附加配置信息，用于账簿管理与业务控制。","197337","dm_hk_n.wt_otc_swap_comp_info_n_cross_dma_swap","dm_hk_n.wt_otc_swap_comp_info_n_cross_dma_swap（场外互换合约信息-北上极速）","1","write-observation:197337:platform-target:0","SQLG-35af70ec89967f1d","query:c4e581d43feee32c93645669afa10ff7fc3b28f9557a4043792373849d7bdecf","AVAILABLE","FIXED_READ_LOCATORS_PRESENT_IN_CURRENT_FACTS","LOCATOR_PRESENCE_ONLY; CROSS_VERSION_SEMANTICS_UNVERIFIED","未进入Facts细粒度提取范围（达到20个不同SQL材料组上限）","","","dm_hk_n.wt_otc_swap_comp_info_n_cross_dma_swap|PROFILE_DECLARED|NO_STATEMENT；dm_hk_n.wt_otc_swap_comp_info_n_cross_dma_swap|PLATFORM_TARGET|task:197337:slot:query:statement:0","dm_hk_n.wt_otc_swap_comp_info_n_cross_dma_swap","未进入20个SQL材料组核读范围，不能判定具体使用模式或受影响输出","ee7724501ad60bf36fd0672caa6ac94a2089d90fefa6e00d6dc55ff357e5fc4e","E:\02_area\股衍数据-数据cookbook\sql-static-lineage-data\task-projections\tasks\197337\versions\81d903d95f46054b130796e316c6ec71822d06cfe96a33bf180139db44be4458.evidence-v3.json"
"dataset:f322d64cc13f2c1fedf2c1d26bc3f5dbf17e636b8ef92b75b28867c45f417aed","hive","gfhive","pdata_n.t03_otc_deri_book_adtnl_info","每天一份快照，记录场外衍生品账簿的生效到期日、所属机构、交易与风控开关、底层标的映射等附加配置信息，用于账簿管理与业务控制。","197339","dm_hk_n.wt_otc_swap_comp_leg_info_n_cross_dma_swap","dm_hk_n.wt_otc_swap_comp_leg_info_n_cross_dma_swap（场外互换合约LEG信息-北上极速）","1","write-observation:197339:platform-target:0","SQLG-89fc22a06c2311f9","query:51ef89b0a248e34e9210c44f3cb9a624a5dfa671619ebdbe351714f0ee22abbf","AVAILABLE","FIXED_READ_LOCATORS_PRESENT_IN_CURRENT_FACTS","LOCATOR_PRESENCE_ONLY; CROSS_VERSION_SEMANTICS_UNVERIFIED","未进入Facts细粒度提取范围（达到20个不同SQL材料组上限）","","","dm_hk_n.wt_otc_swap_comp_leg_info_n_cross_dma_swap|PROFILE_DECLARED|NO_STATEMENT；dm_hk_n.wt_otc_swap_comp_leg_info_n_cross_dma_swap|PLATFORM_TARGET|task:197339:slot:query:statement:0","dm_hk_n.wt_otc_swap_comp_leg_info_n_cross_dma_swap","未进入20个SQL材料组核读范围，不能判定具体使用模式或受影响输出","796c9a51b1e69ad1672223132b90f565a4a28d5810964fb8131a6445b77f25e3","E:\02_area\股衍数据-数据cookbook\sql-static-lineage-data\task-projections\tasks\197339\versions\bab967ce5502578625b87a1511111cda4657c6630d83c807900e8aafbebeeedb.evidence-v3.json"
"dataset:f322d64cc13f2c1fedf2c1d26bc3f5dbf17e636b8ef92b75b28867c45f417aed","hive","gfhive","pdata_n.t03_otc_deri_book_adtnl_info","每天一份快照，记录场外衍生品账簿的生效到期日、所属机构、交易与风控开关、底层标的映射等附加配置信息，用于账簿管理与业务控制。","199736","dm_fin_n.civ_fin_option_premium_info","dm_fin_n.civ_fin_option_premium_info（估值系统期权费用信息）","1","write-observation:199736:platform-target:0","SQLG-877132bd49725872","query:1a26fb2102ffa2ce6ed470ca4b2112e3e3f173a1cc8f720126bfd4ed16a34bc5","AVAILABLE","FIXED_READ_LOCATORS_PRESENT_IN_CURRENT_FACTS","LOCATOR_PRESENCE_ONLY; CROSS_VERSION_SEMANTICS_UNVERIFIED","未进入Facts细粒度提取范围（达到20个不同SQL材料组上限）","","","dm_fin_n.civ_fin_option_premium_info|PROFILE_DECLARED|NO_STATEMENT；dm_fin_n.civ_fin_option_premium_info|PLATFORM_TARGET|task:199736:slot:query:statement:0","dm_fin_n.civ_fin_option_premium_info","未进入20个SQL材料组核读范围，不能判定具体使用模式或受影响输出","3a468b4b39fd89567a10d5bce081c314458a6cb48c94604fccfa8d29d757f0aa","E:\02_area\股衍数据-数据cookbook\sql-static-lineage-data\task-projections\tasks\199736\versions\3cbc3f32b2c7120ce89c3a1cd9dd9ce7ae50d11fd1d0aa9e30d7d2588ccd347a.evidence-v3.json"
"dataset:f322d64cc13f2c1fedf2c1d26bc3f5dbf17e636b8ef92b75b28867c45f417aed","hive","gfhive","pdata_n.t03_otc_deri_book_adtnl_info","每天一份快照，记录场外衍生品账簿的生效到期日、所属机构、交易与风控开关、底层标的映射等附加配置信息，用于账簿管理与业务控制。","200030","dm_otc_n.ADM_V_RISK_DAILY_BUNDLE_MARGIN","dm_otc_n.adm_v_risk_daily_bundle_margin（每日组合履保计算结果）","1","write-observation:200030:platform-target:0","SQLG-700ca08d9f0d0b85","query:0b5f60959ef74bf1a28a7c9fc438e563f44a75712336a9373a68a0959fc6c582","AVAILABLE","FIXED_READ_LOCATORS_PRESENT_IN_CURRENT_FACTS","CURRENT_SQL_EXACT_REUSE_WITH_200078; CROSS_VERSION_SEMANTICS_UNVERIFIED","复用局部解释（与200078目标引用SQL完全相同）","P01_DEPARTMENT_ENRICHMENT","dm_otc_n.adm_v_risk_daily_bundle_margin","dm_otc_n.adm_v_risk_daily_bundle_margin|PROFILE_DECLARED|NO_STATEMENT；dm_otc_n.adm_v_risk_daily_bundle_margin|PLATFORM_TARGET|task:200030:slot:query:statement:0","dm_otc_n.adm_v_risk_daily_bundle_margin","账簿ID在当日快照是否唯一；空部门是否被下游接受","6434ce0843ade3c4f1af746bade256189ce2696c33949a9ac455ad67e0993bcd","E:\02_area\股衍数据-数据cookbook\sql-static-lineage-data\task-projections\tasks\200030\versions\7f4d3ee24b7faef3c339f55c246a2ba777eb80c9ad344bd3f21d61a2aa84af52.evidence-v3.json"
"dataset:f322d64cc13f2c1fedf2c1d26bc3f5dbf17e636b8ef92b75b28867c45f417aed","hive","gfhive","pdata_n.t03_otc_deri_book_adtnl_info","每天一份快照，记录场外衍生品账簿的生效到期日、所属机构、交易与风控开关、底层标的映射等附加配置信息，用于账簿管理与业务控制。","200078","dm_rsk_n.ADM_V_RISK_DAILY_BUNDLE_MARGIN","dm_rsk_n.adm_v_risk_daily_bundle_margin（风险_每日组合履保计算结果）","1","write-observation:200078:platform-target:0","SQLG-700ca08d9f0d0b85","query:0b5f60959ef74bf1a28a7c9fc438e563f44a75712336a9373a68a0959fc6c582","AVAILABLE","FIXED_READ_LOCATORS_PRESENT_IN_CURRENT_FACTS","FIXED_SQL_AND_FACTS_HASH_MATCH","已完成Facts细粒度提取与局部解释","P01_DEPARTMENT_ENRICHMENT","dm_rsk_n.adm_v_risk_daily_bundle_margin","dm_rsk_n.adm_v_risk_daily_bundle_margin|PROFILE_DECLARED|NO_STATEMENT；dm_rsk_n.adm_v_risk_daily_bundle_margin|PLATFORM_TARGET|task:200078:slot:query:statement:0","dm_rsk_n.adm_v_risk_daily_bundle_margin","账簿ID在当日快照是否唯一；空部门是否被下游接受","71460fa1d55f37d0c47edd8e32d0b0ec61ab8508ddaea68109c487422beffee9","E:\02_area\股衍数据-数据cookbook\sql-static-lineage-data\task-projections\tasks\200078\versions\7893d5c46d422543e7756496757f7475fe447675ba7e161fd31f6871847ba79a.evidence-v3.json"
"dataset:f322d64cc13f2c1fedf2c1d26bc3f5dbf17e636b8ef92b75b28867c45f417aed","hive","gfhive","pdata_n.t03_otc_deri_book_adtnl_info","每天一份快照，记录场外衍生品账簿的生效到期日、所属机构、交易与风控开关、底层标的映射等附加配置信息，用于账簿管理与业务控制。","201568","dm_fii_n.adm_trd_opt_scal_sum_day_titans","dm_fii_n.adm_trd_opt_scal_sum_day_titans（OTC期权规模汇总数据-每日-源自titans）","1","write-observation:201568:platform-target:0","SQLG-019985e13b9c6242","query:6d698cef58fd1fe522d7d7dee31dd983ac9f2164aaa5ee97879370880f99852c","AVAILABLE","FIXED_READ_LOCATORS_PRESENT_IN_CURRENT_FACTS","LOCATOR_PRESENCE_ONLY; CROSS_VERSION_SEMANTICS_UNVERIFIED","未进入Facts细粒度提取范围（达到20个不同SQL材料组上限）","","","dm_fii_n.adm_trd_opt_scal_sum_day_titans|PROFILE_DECLARED|NO_STATEMENT；dm_fii_n.adm_trd_opt_scal_sum_day_titans|PLATFORM_TARGET|task:201568:slot:query:statement:0","dm_fii_n.adm_trd_opt_scal_sum_day_titans","未进入20个SQL材料组核读范围，不能判定具体使用模式或受影响输出","99d9f877b23c66f142731fc375962abff4e7c696f7ef6bd0b9f9cf73232f80db","E:\02_area\股衍数据-数据cookbook\sql-static-lineage-data\task-projections\tasks\201568\versions\2a89c344f60ccd4c8bc6223ce841fd5f9103887616a7b8d170e408e73603290a.evidence-v3.json"
"dataset:f322d64cc13f2c1fedf2c1d26bc3f5dbf17e636b8ef92b75b28867c45f417aed","hive","gfhive","pdata_n.t03_otc_deri_book_adtnl_info","每天一份快照，记录场外衍生品账簿的生效到期日、所属机构、交易与风控开关、底层标的映射等附加配置信息，用于账簿管理与业务控制。","205519","dm_hk_n.src_opt_vanilla_day","dm_hk_n.src_opt_vanilla_day（香草期权属性宽表）","1","write-observation:205519:platform-target:0","SQLG-9b88351902b08045","query:cc610cfaa412760caec0c0070390714689660c10bfcc57ddb781ac7decda25dc","AVAILABLE","FIXED_READ_LOCATORS_PRESENT_IN_CURRENT_FACTS","LOCATOR_PRESENCE_ONLY; CROSS_VERSION_SEMANTICS_UNVERIFIED","未进入Facts细粒度提取范围（达到20个不同SQL材料组上限）","","","dm_hk_n.src_opt_vanilla_day|PROFILE_DECLARED|NO_STATEMENT；dm_hk_n.src_opt_vanilla_day|PLATFORM_TARGET|task:205519:slot:query:statement:0","dm_hk_n.src_opt_vanilla_day","未进入20个SQL材料组核读范围，不能判定具体使用模式或受影响输出","8b0066f1b36e1415506068a26ac10fe9924af2530ade0654481fa7306f082872","E:\02_area\股衍数据-数据cookbook\sql-static-lineage-data\task-projections\tasks\205519\versions\2136bbaa4e64514415f95603d19d92e54b07f5303d62f121fac3aca46ace59d9.evidence-v3.json"
"dataset:f322d64cc13f2c1fedf2c1d26bc3f5dbf17e636b8ef92b75b28867c45f417aed","hive","gfhive","pdata_n.t03_otc_deri_book_adtnl_info","每天一份快照，记录场外衍生品账簿的生效到期日、所属机构、交易与风控开关、底层标的映射等附加配置信息，用于账簿管理与业务控制。","207514","dm_fii_n.otc_trs_para","dm_fii_n.otc_trs_para（OTC互换簿记）","1","write-observation:207514:platform-target:0","SQLG-1cf8ea011905dfb0","query:ac2d17a4f62765e559087d6b02856073851d06ea3d2e7f7149bd557960408967","AVAILABLE","FIXED_READ_LOCATORS_PRESENT_IN_CURRENT_FACTS","LOCATOR_PRESENCE_ONLY; CROSS_VERSION_SEMANTICS_UNVERIFIED","未进入Facts细粒度提取范围（达到20个不同SQL材料组上限）","","","dm_fii_n.otc_trs_para|PROFILE_DECLARED|NO_STATEMENT；dm_fii_n.otc_trs_para|PLATFORM_TARGET|task:207514:slot:query:statement:0","dm_fii_n.otc_trs_para","未进入20个SQL材料组核读范围，不能判定具体使用模式或受影响输出","ef152df1b388b943febc85224d575380b821246a489e53db5f1224997f3e9af1","E:\02_area\股衍数据-数据cookbook\sql-static-lineage-data\task-projections\tasks\207514\versions\29d7c9a9e8be11a5865ad98e42ec91c7e76470bb8088bf5951ab54685607098d.evidence-v3.json"
"dataset:f322d64cc13f2c1fedf2c1d26bc3f5dbf17e636b8ef92b75b28867c45f417aed","hive","gfhive","pdata_n.t03_otc_deri_book_adtnl_info","每天一份快照，记录场外衍生品账簿的生效到期日、所属机构、交易与风控开关、底层标的映射等附加配置信息，用于账簿管理与业务控制。","207902","dm_hk_n.trd_otc_contr_props_day","dm_hk_n.trd_otc_contr_props_day（titans合约属性_当日）","1","write-observation:207902:platform-target:0","SQLG-b3b3da1ff9db714a","query:dbf526f8b837a82b4b2fc41bd2b15967cfdd168b4862801f337b6d9d2baf7b36","AVAILABLE","FIXED_READ_LOCATORS_PRESENT_IN_CURRENT_FACTS","LOCATOR_PRESENCE_ONLY; CROSS_VERSION_SEMANTICS_UNVERIFIED","未进入Facts细粒度提取范围（达到20个不同SQL材料组上限）","","","dm_hk_n.trd_otc_contr_props_day|PROFILE_DECLARED|NO_STATEMENT；dm_hk_n.trd_otc_contr_props_day|PLATFORM_TARGET|task:207902:slot:query:statement:0","dm_hk_n.trd_otc_contr_props_day","未进入20个SQL材料组核读范围，不能判定具体使用模式或受影响输出","3cdb3a2bb7d18c6b989602c6d9cbd9e475639e0d2f181ef10d3b5c13b4f9b4ea","E:\02_area\股衍数据-数据cookbook\sql-static-lineage-data\task-projections\tasks\207902\versions\fbd5ad96546e8ae860eb70ae31a5aa92c6e861e737789fe8fc722db94ed5d30e.evidence-v3.json"
"dataset:f322d64cc13f2c1fedf2c1d26bc3f5dbf17e636b8ef92b75b28867c45f417aed","hive","gfhive","pdata_n.t03_otc_deri_book_adtnl_info","每天一份快照，记录场外衍生品账簿的生效到期日、所属机构、交易与风控开关、底层标的映射等附加配置信息，用于账簿管理与业务控制。","207904","dm_hk_n.trd_option_limit_audit_day","dm_hk_n.trd_option_limit_audit_day（titans期权限额审核_当日）","1","write-observation:207904:platform-target:0","SQLG-c6a1b5eef30a1c8b","query:d4bdd5ce285ea1eb575fbc0e8a4e6d3ddbb8f79be01650a4e440c38f7453ee22","AVAILABLE","FIXED_READ_LOCATORS_PRESENT_IN_CURRENT_FACTS","LOCATOR_PRESENCE_ONLY; CROSS_VERSION_SEMANTICS_UNVERIFIED","未进入Facts细粒度提取范围（达到20个不同SQL材料组上限）","","","dm_hk_n.trd_option_limit_audit_day|PROFILE_DECLARED|NO_STATEMENT；dm_hk_n.trd_option_limit_audit_day|PLATFORM_TARGET|task:207904:slot:query:statement:0","dm_hk_n.trd_option_limit_audit_day","未进入20个SQL材料组核读范围，不能判定具体使用模式或受影响输出","a5f130878b5ad12d204bfc39d749c324a58f04067b4087837e372ead453304d8","E:\02_area\股衍数据-数据cookbook\sql-static-lineage-data\task-projections\tasks\207904\versions\61664b3c944fc8a1923493179146ab2264857e41de994b4cd606f421cec5d3cb.evidence-v3.json"
"dataset:f322d64cc13f2c1fedf2c1d26bc3f5dbf17e636b8ef92b75b28867c45f417aed","hive","gfhive","pdata_n.t03_otc_deri_book_adtnl_info","每天一份快照，记录场外衍生品账簿的生效到期日、所属机构、交易与风控开关、底层标的映射等附加配置信息，用于账簿管理与业务控制。","207906","dm_hk_n.ref_op_cumulator_schedule_day","dm_hk_n.ref_op_cumulator_schedule_day（titans累积器计划_当日）","1","write-observation:207906:platform-target:0","SQLG-d490de77d09fff0f","query:497c31b37f4e8ed858f7031ec909d680c6cc5d3bbfcec8831e86e88f1bc1cdc2","AVAILABLE","FIXED_READ_LOCATORS_PRESENT_IN_CURRENT_FACTS","LOCATOR_PRESENCE_ONLY; CROSS_VERSION_SEMANTICS_UNVERIFIED","未进入Facts细粒度提取范围（达到20个不同SQL材料组上限）","","","dm_hk_n.ref_op_cumulator_schedule_day|PROFILE_DECLARED|NO_STATEMENT；dm_hk_n.ref_op_cumulator_schedule_day|PLATFORM_TARGET|task:207906:slot:query:statement:0","dm_hk_n.ref_op_cumulator_schedule_day","未进入20个SQL材料组核读范围，不能判定具体使用模式或受影响输出","07be1d3dc678080cc5877a2fb26490f48f915d941625fe497360ca9de9ce2b15","E:\02_area\股衍数据-数据cookbook\sql-static-lineage-data\task-projections\tasks\207906\versions\ce0b73b788d52d6e7e44d865bc8abd65f388b64b8d8490b698c33d07008dfab7.evidence-v3.json"
"dataset:f322d64cc13f2c1fedf2c1d26bc3f5dbf17e636b8ef92b75b28867c45f417aed","hive","gfhive","pdata_n.t03_otc_deri_book_adtnl_info","每天一份快照，记录场外衍生品账簿的生效到期日、所属机构、交易与风控开关、底层标的映射等附加配置信息，用于账簿管理与业务控制。","207917","dm_hk_n.trd_otc_contr_init_amt_day","dm_hk_n.trd_otc_contr_init_amt_day（titans场外合约初始金额_当日）","1","write-observation:207917:platform-target:0","SQLG-08e1a0eefd51662d","query:1e59eae464b3d1fe170f12faf8b947befaf7bc8ca3ec17d41a5a3944d2db89c7","AVAILABLE","FIXED_READ_LOCATORS_PRESENT_IN_CURRENT_FACTS","LOCATOR_PRESENCE_ONLY; CROSS_VERSION_SEMANTICS_UNVERIFIED","未进入Facts细粒度提取范围（达到20个不同SQL材料组上限）","","","dm_hk_n.trd_otc_contr_init_amt_day|PROFILE_DECLARED|NO_STATEMENT；dm_hk_n.trd_otc_contr_init_amt_day|PLATFORM_TARGET|task:207917:slot:query:statement:0","dm_hk_n.trd_otc_contr_init_amt_day","未进入20个SQL材料组核读范围，不能判定具体使用模式或受影响输出","120db4eb8d40fccf1595e1c791df2fb3e126a695a9389215771c8cc49d0571d8","E:\02_area\股衍数据-数据cookbook\sql-static-lineage-data\task-projections\tasks\207917\versions\3eb933d5964aabcfdb5048e193c22ae945a0a16d0de19a15f2a820403c7ff889.evidence-v3.json"
"dataset:f322d64cc13f2c1fedf2c1d26bc3f5dbf17e636b8ef92b75b28867c45f417aed","hive","gfhive","pdata_n.t03_otc_deri_book_adtnl_info","每天一份快照，记录场外衍生品账簿的生效到期日、所属机构、交易与风控开关、底层标的映射等附加配置信息，用于账簿管理与业务控制。","208265","dm_hk_n.trd_otc_contr_files_day","dm_hk_n.trd_otc_contr_files_day（titans场外合约文件_当日）","1","write-observation:208265:platform-target:0","SQLG-02e70afe346abe45","query:87861c8c688a8c473247f2847ac1541a8ba09a4455a91f7f76f47a4ed34ec735","AVAILABLE","FIXED_READ_LOCATORS_PRESENT_IN_CURRENT_FACTS","LOCATOR_PRESENCE_ONLY; CROSS_VERSION_SEMANTICS_UNVERIFIED","未进入Facts细粒度提取范围（达到20个不同SQL材料组上限）","","","dm_hk_n.trd_otc_contr_files_day|PROFILE_DECLARED|NO_STATEMENT；dm_hk_n.trd_otc_contr_files_day|PLATFORM_TARGET|task:208265:slot:query:statement:0","dm_hk_n.trd_otc_contr_files_day","未进入20个SQL材料组核读范围，不能判定具体使用模式或受影响输出","117fa987389814095f16627bed55abec0a318f86197d3fb6393774f591a5a946","E:\02_area\股衍数据-数据cookbook\sql-static-lineage-data\task-projections\tasks\208265\versions\17daaa79b2a6f657c40ccb289bcaa62fc18b8c9d04c72b43dfe5d5bb04153360.evidence-v3.json"
"dataset:f322d64cc13f2c1fedf2c1d26bc3f5dbf17e636b8ef92b75b28867c45f417aed","hive","gfhive","pdata_n.t03_otc_deri_book_adtnl_info","每天一份快照，记录场外衍生品账簿的生效到期日、所属机构、交易与风控开关、底层标的映射等附加配置信息，用于账簿管理与业务控制。","208266","dm_hk_n.ref_op_deal_lizard_obsdate_day","dm_hk_n.ref_op_deal_lizard_obsdate_day（titans蜥蜴式期权观察日期_当日）","1","write-observation:208266:platform-target:0","SQLG-71017d8a0e4f686d","query:1a4f2bbbffb0a6695a62b3225479a5d0feddaad70e5df150656b55cf4e4e4fd2","AVAILABLE","FIXED_READ_LOCATORS_PRESENT_IN_CURRENT_FACTS","LOCATOR_PRESENCE_ONLY; CROSS_VERSION_SEMANTICS_UNVERIFIED","未进入Facts细粒度提取范围（达到20个不同SQL材料组上限）","","","dm_hk_n.ref_op_deal_lizard_obsdate_day|PROFILE_DECLARED|NO_STATEMENT；dm_hk_n.ref_op_deal_lizard_obsdate_day|PLATFORM_TARGET|task:208266:slot:query:statement:0","dm_hk_n.ref_op_deal_lizard_obsdate_day","未进入20个SQL材料组核读范围，不能判定具体使用模式或受影响输出","5a88f05d2a925ab195ba268941c1290741ffce2e05a3ed110a00eed6c0a50cab","E:\02_area\股衍数据-数据cookbook\sql-static-lineage-data\task-projections\tasks\208266\versions\b135f5d147d5c3fa6086951805aa78933803da3a5b16b94f5504b179fabf2a8b.evidence-v3.json"
"dataset:f322d64cc13f2c1fedf2c1d26bc3f5dbf17e636b8ef92b75b28867c45f417aed","hive","gfhive","pdata_n.t03_otc_deri_book_adtnl_info","每天一份快照，记录场外衍生品账簿的生效到期日、所属机构、交易与风控开关、底层标的映射等附加配置信息，用于账簿管理与业务控制。","209119","dm_rsk_n.otc_opt_sub_trd_info","dm_rsk_n.otc_opt_sub_trd_info（场外期权子交易信息）","1","write-observation:209119:platform-target:0","SQLG-a63323d3fcf27b2b","query:d75b79ed0ff5af8bb782e721535c08039959d8e265b791c33864ffb008b0cf21","AVAILABLE","FIXED_READ_LOCATORS_PRESENT_IN_CURRENT_FACTS","LOCATOR_PRESENCE_ONLY; CROSS_VERSION_SEMANTICS_UNVERIFIED","已完成Facts细粒度提取与局部解释","P09_BOOK_REASSIGNMENT；P13_BOOK_OUTPUT_ENRICHMENT","dm_rsk_n.otc_opt_sub_trd_info","dm_rsk_n.otc_opt_sub_trd_info|PROFILE_DECLARED|NO_STATEMENT；dm_rsk_n.otc_opt_sub_trd_info|PLATFORM_TARGET|task:209119:slot:query:statement:0","dm_rsk_n.otc_opt_sub_trd_info","首个映射分支为何不限制src_tbl；三条映射规则是否互斥且目标唯一；原/目标账簿映射标的冲突时的业务口径","8aadebcf0c4a96c2019faad3bf56787f1e99ad5f0d5133cbc64b94f38e6cb897","E:\02_area\股衍数据-数据cookbook\sql-static-lineage-data\task-projections\tasks\209119\versions\33d8c405f7ff232cc98e4ffd4ce3d00efe9632d1cb2138132ec57a263ec8c6f6.evidence-v3.json"
"dataset:f322d64cc13f2c1fedf2c1d26bc3f5dbf17e636b8ef92b75b28867c45f417aed","hive","gfhive","pdata_n.t03_otc_deri_book_adtnl_info","每天一份快照，记录场外衍生品账簿的生效到期日、所属机构、交易与风控开关、底层标的映射等附加配置信息，用于账簿管理与业务控制。","209894","dm_fii_n.adm_trd_comp_scal_sum_day_titans","dm_fii_n.adm_trd_comp_scal_sum_day_titans（OTC合约期权、债券互换、北向期货规模汇总数据-每日-源自titans）","1","write-observation:209894:platform-target:0","SQLG-5a626cd582c795cc","query:a6d8bbad3ca397420400210f6a89a25c78b3d29ff28c4232f77570ed89aa4d44","AVAILABLE","FIXED_READ_LOCATORS_PRESENT_IN_CURRENT_FACTS","LOCATOR_PRESENCE_ONLY; CROSS_VERSION_SEMANTICS_UNVERIFIED","已完成Facts细粒度提取与局部解释","P03_FICC_BOOK_SCOPE","dm_fii_n.adm_trd_comp_scal_sum_day_titans","dm_fii_n.adm_trd_comp_scal_sum_day_titans|PROFILE_DECLARED|NO_STATEMENT；dm_fii_n.adm_trd_comp_scal_sum_day_titans|PLATFORM_TARGET|task:209894:slot:query:statement:0","dm_fii_n.adm_trd_comp_scal_sum_day_titans","四个分支的账簿匹配是否一对一；窗口之间是否有意重叠","890fde5312da6267c4d48487e5b71f4a17acb5c725b2fe1d6399c4b4aad3900f","E:\02_area\股衍数据-数据cookbook\sql-static-lineage-data\task-projections\tasks\209894\versions\260b9c9108833a0ac190258cff6986a8f31b5b444b8f856612898aa7126044a7.evidence-v3.json"
"dataset:f322d64cc13f2c1fedf2c1d26bc3f5dbf17e636b8ef92b75b28867c45f417aed","hive","gfhive","pdata_n.t03_otc_deri_book_adtnl_info","每天一份快照，记录场外衍生品账簿的生效到期日、所属机构、交易与风控开关、底层标的映射等附加配置信息，用于账簿管理与业务控制。","211492","PDATA_N.T98_OTC_DERI_BOOK_INFO","pdata_n.t98_otc_deri_book_info（T98_场外衍生品账簿信息）；pdata_n.t98_otc_deri_book_info（T98_场外衍生品账簿信息）","2","write-observation:211492:0；write-observation:211492:1","SQLG-b44d82ed18ec5fbb","query:ad9072301a97d1e8e9388d118c88f61bac25d06ded8c3d0b1a1ec9a4d5f5208a","AVAILABLE","FIXED_READ_LOCATORS_PRESENT_IN_CURRENT_FACTS","LOCATOR_PRESENCE_ONLY; CROSS_VERSION_SEMANTICS_UNVERIFIED","未进入Facts细粒度提取范围（达到20个不同SQL材料组上限）","","","pdata_n.t98_otc_deri_book_info|PROFILE_DECLARED|NO_STATEMENT；pdata_n.t98_otc_deri_book_info|SQL_PARSE|task:211492:slot:query:statement:0；pdata_n.t98_otc_deri_book_info|SQL_PARSE|task:211492:slot:query:statement:1","pdata_n.t98_otc_deri_book_info","未进入20个SQL材料组核读范围，不能判定具体使用模式或受影响输出","b96572f1e325222266dbf8a233b3aaf41e264440e7956dd529c44fbb026e5aaf","E:\02_area\股衍数据-数据cookbook\sql-static-lineage-data\task-projections\tasks\211492\versions\10394fcd30615d12967ba75bd3cc8a33445c3a6352b94a71e05db73caec2cc9a.evidence-v3.json"
"dataset:f322d64cc13f2c1fedf2c1d26bc3f5dbf17e636b8ef92b75b28867c45f417aed","hive","gfhive","pdata_n.t03_otc_deri_book_adtnl_info","每天一份快照，记录场外衍生品账簿的生效到期日、所属机构、交易与风控开关、底层标的映射等附加配置信息，用于账簿管理与业务控制。","211619","PDATA_N.T98_OTC_SWAP_COMP_TRD_UNDRL_INFO_GRP02","pdata_n.t98_otc_swap_comp_trd_undrl_info（每天一份快照，场外互换合约对应交易标的的基础信息与行情信息表）","1","write-observation:211619:0","SQLG-7d3e479e640e9946","query:86f948f790ac04bef77b6febc48a2b1a7b4ba80c743cbb331cce524de46e6f69","AVAILABLE","FIXED_READ_LOCATORS_PRESENT_IN_CURRENT_FACTS","LOCATOR_PRESENCE_ONLY; CROSS_VERSION_SEMANTICS_UNVERIFIED","未进入Facts细粒度提取范围（达到20个不同SQL材料组上限）","","","pdata_n.t98_otc_swap_comp_trd_undrl_info|PROFILE_DECLARED|NO_STATEMENT；pdata_n.t98_otc_swap_comp_trd_undrl_info|SQL_PARSE|task:211619:slot:query:statement:0","pdata_n.t98_otc_swap_comp_trd_undrl_info","未进入20个SQL材料组核读范围，不能判定具体使用模式或受影响输出","629808faae3bd9a782e8319592a7054bcb54c0290164e47eb545ce290dbbf2e8","E:\02_area\股衍数据-数据cookbook\sql-static-lineage-data\task-projections\tasks\211619\versions\42ce8d65eb8e712094c349841f339fec55f03c519b93b8603b2cdd3d1544629c.evidence-v3.json"
"dataset:f322d64cc13f2c1fedf2c1d26bc3f5dbf17e636b8ef92b75b28867c45f417aed","hive","gfhive","pdata_n.t03_otc_deri_book_adtnl_info","每天一份快照，记录场外衍生品账簿的生效到期日、所属机构、交易与风控开关、底层标的映射等附加配置信息，用于账簿管理与业务控制。","211730","PDATA_N.T98_SB_OTC_OPT_COMP_PRCG_INDX_TIT278","pdata_n.t98_sb_otc_opt_comp_prcg_indx（每天增量追加，自营场外期权合约按日计算的希腊字母（波动率风险）定价指标表）","1","write-observation:211730:0","SQLG-641c018ba6aef138","query:53df3dc917064e6a3c8797c95f96d4d25da8611f2f393a4d8b7ca02135cb6b04","AVAILABLE","FIXED_READ_LOCATORS_PRESENT_IN_CURRENT_FACTS","LOCATOR_PRESENCE_ONLY; CROSS_VERSION_SEMANTICS_UNVERIFIED","未进入Facts细粒度提取范围（达到20个不同SQL材料组上限）","","","pdata_n.t98_sb_otc_opt_comp_prcg_indx|PROFILE_DECLARED|NO_STATEMENT；pdata_n.t98_sb_otc_opt_comp_prcg_indx|SQL_PARSE|task:211730:slot:query:statement:0","pdata_n.t98_sb_otc_opt_comp_prcg_indx","未进入20个SQL材料组核读范围，不能判定具体使用模式或受影响输出","be3f3d0848e61943546a7ed5a3b0eb1df3b70ad4d0021e0a6a04772fe0970e0d","E:\02_area\股衍数据-数据cookbook\sql-static-lineage-data\task-projections\tasks\211730\versions\f080b7b61b4157c25ccc2f91b027244da30d367aac79519e0163a735ca12a5b1.evidence-v3.json"
"dataset:f322d64cc13f2c1fedf2c1d26bc3f5dbf17e636b8ef92b75b28867c45f417aed","hive","gfhive","pdata_n.t03_otc_deri_book_adtnl_info","每天一份快照，记录场外衍生品账簿的生效到期日、所属机构、交易与风控开关、底层标的映射等附加配置信息，用于账簿管理与业务控制。","212078","dm_fii_n.agt_comp_maty_hint_day","dm_fii_n.agt_comp_maty_hint_day（合约到期提醒数据_当日）","1","write-observation:212078:platform-target:0","SQLG-d9598a40ac1ad6c4","query:5952293191c6e299fdd46078f8f0a13daa57e51e67b4d449ada8d42a795f7bf0","AVAILABLE","FIXED_READ_LOCATORS_PRESENT_IN_CURRENT_FACTS","LOCATOR_PRESENCE_ONLY; CROSS_VERSION_SEMANTICS_UNVERIFIED","未进入Facts细粒度提取范围（达到20个不同SQL材料组上限）","","","dm_fii_n.agt_comp_maty_hint_day|PROFILE_DECLARED|NO_STATEMENT；dm_fii_n.agt_comp_maty_hint_day|PLATFORM_TARGET|task:212078:slot:query:statement:0","dm_fii_n.agt_comp_maty_hint_day","未进入20个SQL材料组核读范围，不能判定具体使用模式或受影响输出","2f7956c53dfee6ff1b3346a4b43e0ddd9a2f9fea729411668c4f8dbeac2d0992","E:\02_area\股衍数据-数据cookbook\sql-static-lineage-data\task-projections\tasks\212078\versions\b161ecfbfb0c64aaea8ac54ef3f5767e3d23f60fbf89265bad139f477695d448.evidence-v3.json"
"dataset:f322d64cc13f2c1fedf2c1d26bc3f5dbf17e636b8ef92b75b28867c45f417aed","hive","gfhive","pdata_n.t03_otc_deri_book_adtnl_info","每天一份快照，记录场外衍生品账簿的生效到期日、所属机构、交易与风控开关、底层标的映射等附加配置信息，用于账簿管理与业务控制。","215630","dm_hk_n.info_trd_fast_trs_event_day","dm_hk_n.info_trd_fast_trs_event_day（极速互换存续期事件）","1","write-observation:215630:platform-target:0","SQLG-5e55e7b65a0cd0ac","query:c52d7a5edf14e707f12bf49510b5202f76390debe56d38bf6c464c12f55ca7b3","AVAILABLE","FIXED_READ_LOCATORS_PRESENT_IN_CURRENT_FACTS","LOCATOR_PRESENCE_ONLY; CROSS_VERSION_SEMANTICS_UNVERIFIED","未进入Facts细粒度提取范围（达到20个不同SQL材料组上限）","","","dm_hk_n.info_trd_fast_trs_event_day|PROFILE_DECLARED|NO_STATEMENT；dm_hk_n.info_trd_fast_trs_event_day|PLATFORM_TARGET|task:215630:slot:query:statement:0","dm_hk_n.info_trd_fast_trs_event_day","未进入20个SQL材料组核读范围，不能判定具体使用模式或受影响输出","9fff5347d25d557c379eb2651fbf8ece1b96f9db09e9e2198e098499c0ec1435","E:\02_area\股衍数据-数据cookbook\sql-static-lineage-data\task-projections\tasks\215630\versions\43f19d16e9307b2444bca53eb49e6cb7aabc00f63fd003ea9531fe3aefc2f524.evidence-v3.json"
"dataset:f322d64cc13f2c1fedf2c1d26bc3f5dbf17e636b8ef92b75b28867c45f417aed","hive","gfhive","pdata_n.t03_otc_deri_book_adtnl_info","每天一份快照，记录场外衍生品账簿的生效到期日、所属机构、交易与风控开关、底层标的映射等附加配置信息，用于账簿管理与业务控制。","215700","dm_fms_n.adm_v_risk_daily_bundle_margin","dm_fms_n.adm_v_risk_daily_bundle_margin（每日组合履保计算结果）","1","write-observation:215700:platform-target:0","SQLG-fc4454683826eaa5","query:68d81b794bae1e7ae12e6e4185f421930a9ce4e77bed6967738eade0ffd772e4","AVAILABLE","FIXED_READ_LOCATORS_PRESENT_IN_CURRENT_FACTS","LOCATOR_PRESENCE_ONLY; CROSS_VERSION_SEMANTICS_UNVERIFIED","已完成Facts细粒度提取与局部解释","P01_DEPARTMENT_ENRICHMENT","dm_fms_n.adm_v_risk_daily_bundle_margin","dm_fms_n.adm_v_risk_daily_bundle_margin|PROFILE_DECLARED|NO_STATEMENT；dm_fms_n.adm_v_risk_daily_bundle_margin|PLATFORM_TARGET|task:215700:slot:query:statement:0","dm_fms_n.adm_v_risk_daily_bundle_margin","当日账簿ID是否唯一；NVL两侧部门不一致时采用账簿侧是否符合业务口径","63005557bee7d02a0ce0a6ab81f9a539d8cf934a62d0bdafd189337804ed69ad","E:\02_area\股衍数据-数据cookbook\sql-static-lineage-data\task-projections\tasks\215700\versions\de50c3f67a5af3a77f0358a54aa0f651ec0c15f417a3aec7052a86ec59ec4b9e.evidence-v3.json"
"dataset:f322d64cc13f2c1fedf2c1d26bc3f5dbf17e636b8ef92b75b28867c45f417aed","hive","gfhive","pdata_n.t03_otc_deri_book_adtnl_info","每天一份快照，记录场外衍生品账簿的生效到期日、所属机构、交易与风控开关、底层标的映射等附加配置信息，用于账簿管理与业务控制。","217967","dm_rsk_n.ref_book","dm_rsk_n.ref_book（账簿信息表）","1","write-observation:217967:platform-target:0","SQLG-762b12eafe2f356e","query:2d868a0076d26de3da5a3cd63a5d937646f202e7e86482137681f711ab2bfc14","AVAILABLE","FIXED_READ_LOCATORS_PRESENT_IN_CURRENT_FACTS","LOCATOR_PRESENCE_ONLY; CROSS_VERSION_SEMANTICS_UNVERIFIED","未进入Facts细粒度提取范围（达到20个不同SQL材料组上限）","","","dm_rsk_n.ref_book|PROFILE_DECLARED|NO_STATEMENT；dm_rsk_n.ref_book|PLATFORM_TARGET|task:217967:slot:query:statement:0","dm_rsk_n.ref_book","未进入20个SQL材料组核读范围，不能判定具体使用模式或受影响输出","ba734543ceea031d6a4bb6e502e74a74f2d236e6f491c98ed817a5edb3b0ac8c","E:\02_area\股衍数据-数据cookbook\sql-static-lineage-data\task-projections\tasks\217967\versions\6e9274342ba996321b2a071cd5262b548886d5d597ad64c5805781466534c9b6.evidence-v3.json"
"dataset:f322d64cc13f2c1fedf2c1d26bc3f5dbf17e636b8ef92b75b28867c45f417aed","hive","gfhive","pdata_n.t03_otc_deri_book_adtnl_info","每天一份快照，记录场外衍生品账簿的生效到期日、所属机构、交易与风控开关、底层标的映射等附加配置信息，用于账簿管理与业务控制。","219085","dm_cmpl_n.unit_cust_info(固收、托管)","dm_cmpl_n.unit_cust_info（2.1机构客户信息汇总（固收））","1","write-observation:219085:platform-target:0","SQLG-cc82961b51f0a150","query:b5f0704c73fb7a52e72d2a7380d1fd7702fb0d5aff98dfc700b8a90ed935ae47","AVAILABLE","FIXED_READ_LOCATORS_PRESENT_IN_CURRENT_FACTS","LOCATOR_PRESENCE_ONLY; CROSS_VERSION_SEMANTICS_UNVERIFIED","未进入Facts细粒度提取范围（达到20个不同SQL材料组上限）","","","dm_cmpl_n.unit_cust_info|PROFILE_DECLARED|NO_STATEMENT；dm_cmpl_n.unit_cust_info|PLATFORM_TARGET|task:219085:slot:query:statement:0","dm_cmpl_n.unit_cust_info","未进入20个SQL材料组核读范围，不能判定具体使用模式或受影响输出","bc71155897905273eb98b7ea2937acbfd4a5b28b8dc8b0425158ec230be1b142","E:\02_area\股衍数据-数据cookbook\sql-static-lineage-data\task-projections\tasks\219085\versions\2e9f4716a091c1a1ac1bff5e81aa491a9d826341366cf5d335131e318d2b3cd0.evidence-v3.json"
"dataset:f322d64cc13f2c1fedf2c1d26bc3f5dbf17e636b8ef92b75b28867c45f417aed","hive","gfhive","pdata_n.t03_otc_deri_book_adtnl_info","每天一份快照，记录场外衍生品账簿的生效到期日、所属机构、交易与风控开关、底层标的映射等附加配置信息，用于账簿管理与业务控制。","219089","dm_hk_n.info_pos_eod_calc_metrics","dm_hk_n.info_pos_eod_calc_metrics（OTCHK日终持仓-指标计算数据）","1","write-observation:219089:platform-target:0","SQLG-807e272896b4f401","query:093a54f844bfc1d7c43db51c814b7dfb2b55d92db73d15d6c7277fa5379f4170","AVAILABLE","FIXED_READ_LOCATORS_PRESENT_IN_CURRENT_FACTS","LOCATOR_PRESENCE_ONLY; CROSS_VERSION_SEMANTICS_UNVERIFIED","未进入Facts细粒度提取范围（达到20个不同SQL材料组上限）","","","dm_hk_n.info_pos_eod_calc_metrics|PROFILE_DECLARED|NO_STATEMENT；dm_hk_n.info_pos_eod_calc_metrics|PLATFORM_TARGET|task:219089:slot:query:statement:0","dm_hk_n.info_pos_eod_calc_metrics","未进入20个SQL材料组核读范围，不能判定具体使用模式或受影响输出","9c885b62b7d63a0f71f6027298f975d63955a07d3013ce9821cd7b136e647ff5","E:\02_area\股衍数据-数据cookbook\sql-static-lineage-data\task-projections\tasks\219089\versions\0f3caede3b9ec15c4de23e35c95918785254ae53fe7fb9edbff37c1f4ac951f6.evidence-v3.json"
"dataset:f322d64cc13f2c1fedf2c1d26bc3f5dbf17e636b8ef92b75b28867c45f417aed","hive","gfhive","pdata_n.t03_otc_deri_book_adtnl_info","每天一份快照，记录场外衍生品账簿的生效到期日、所属机构、交易与风控开关、底层标的映射等附加配置信息，用于账簿管理与业务控制。","219264","dm_hk_n.info_trd_deal_day","dm_hk_n.info_trd_deal_day（OTCHK交易-场内交易成交数据）","1","write-observation:219264:platform-target:0","SQLG-90020934992e7777","query:81d9b3884295f5c4e936e6a4be1922f0ad9d26df2dc55b6c45b4b6002ad16110","AVAILABLE","FIXED_READ_LOCATORS_PRESENT_IN_CURRENT_FACTS","LOCATOR_PRESENCE_ONLY; CROSS_VERSION_SEMANTICS_UNVERIFIED","未进入Facts细粒度提取范围（达到20个不同SQL材料组上限）","","","dm_hk_n.info_trd_deal_day|PROFILE_DECLARED|NO_STATEMENT；dm_hk_n.info_trd_deal_day|PLATFORM_TARGET|task:219264:slot:query:statement:0","dm_hk_n.info_trd_deal_day","未进入20个SQL材料组核读范围，不能判定具体使用模式或受影响输出","18a3779e32534499a54d17c49d85b0fa172d5ef38741a22429666500d2c80887","E:\02_area\股衍数据-数据cookbook\sql-static-lineage-data\task-projections\tasks\219264\versions\f776a78e677e641860dbc958fbd11c46f3b80dceadfd694c08c576a8f6503b25.evidence-v3.json"
"dataset:f322d64cc13f2c1fedf2c1d26bc3f5dbf17e636b8ef92b75b28867c45f417aed","hive","gfhive","pdata_n.t03_otc_deri_book_adtnl_info","每天一份快照，记录场外衍生品账簿的生效到期日、所属机构、交易与风控开关、底层标的映射等附加配置信息，用于账簿管理与业务控制。","219390","dm_hk_n.ref_otc_trd_option_deal_strike_hk","dm_hk_n.ref_option_deal_strike_hk（场外交易期权合约结构票息表_香港）","1","write-observation:219390:platform-target:0","SQLG-ba4b7e5ff99405d1","query:388124de0434b01f94eb80d28ef2eaa2d6f875b3540afc24c98c34e446beada2","AVAILABLE","FIXED_READ_LOCATORS_PRESENT_IN_CURRENT_FACTS","LOCATOR_PRESENCE_ONLY; CROSS_VERSION_SEMANTICS_UNVERIFIED","未进入Facts细粒度提取范围（达到20个不同SQL材料组上限）","","","dm_hk_n.ref_option_deal_strike_hk|PROFILE_DECLARED|NO_STATEMENT；dm_hk_n.ref_option_deal_strike_hk|PLATFORM_TARGET|task:219390:slot:query:statement:0","dm_hk_n.ref_option_deal_strike_hk","未进入20个SQL材料组核读范围，不能判定具体使用模式或受影响输出","db157e5ef70cc50ead66ae609c04164b4667d0812c8ced7a72cf1dd47df91190","E:\02_area\股衍数据-数据cookbook\sql-static-lineage-data\task-projections\tasks\219390\versions\a03a3c3d849fe316c33ea8c1c4bfdda2a34e460551fd6e4815aed2675901d5fa.evidence-v3.json"
"dataset:f322d64cc13f2c1fedf2c1d26bc3f5dbf17e636b8ef92b75b28867c45f417aed","hive","gfhive","pdata_n.t03_otc_deri_book_adtnl_info","每天一份快照，记录场外衍生品账簿的生效到期日、所属机构、交易与风控开关、底层标的映射等附加配置信息，用于账簿管理与业务控制。","219391","dm_hk_n.ref_otc_trd_option_deal_structure","dm_hk_n.ref_otc_trd_option_deal_structure（场外交易期权交易结构表_香港）","1","write-observation:219391:platform-target:0","SQLG-79553755518988c9","query:ed2ef268857d63d33f66d468c42781f56b2fa9d68beaa0f3669dda63505cf52c","AVAILABLE","FIXED_READ_LOCATORS_PRESENT_IN_CURRENT_FACTS","LOCATOR_PRESENCE_ONLY; CROSS_VERSION_SEMANTICS_UNVERIFIED","未进入Facts细粒度提取范围（达到20个不同SQL材料组上限）","","","dm_hk_n.ref_otc_trd_option_deal_structure|PROFILE_DECLARED|NO_STATEMENT；dm_hk_n.ref_otc_trd_option_deal_structure|PLATFORM_TARGET|task:219391:slot:query:statement:0","dm_hk_n.ref_otc_trd_option_deal_structure","未进入20个SQL材料组核读范围，不能判定具体使用模式或受影响输出","3b0e505c269d578f4b596cad57ae65b75db9257b550685a3ff9d5ac0e0150551","E:\02_area\股衍数据-数据cookbook\sql-static-lineage-data\task-projections\tasks\219391\versions\0e00e58858058edd1b11ba401745153224049a35cb3b71c95233f2dca916e433.evidence-v3.json"
"dataset:f322d64cc13f2c1fedf2c1d26bc3f5dbf17e636b8ef92b75b28867c45f417aed","hive","gfhive","pdata_n.t03_otc_deri_book_adtnl_info","每天一份快照，记录场外衍生品账簿的生效到期日、所属机构、交易与风控开关、底层标的映射等附加配置信息，用于账簿管理与业务控制。","219735","dm_rsk_n.fx_enay_pal_expo_stmt","dm_rsk_n.fx_enay_pal_expo_stmt（外汇日终盈亏敞口报表）","1","write-observation:219735:platform-target:0","SQLG-8567431dd2233e23","query:5ba08bb059722b46b522ed90d9f2d5b2742add34635223e3da720aa44b8c65c0","AVAILABLE","FIXED_READ_LOCATORS_PRESENT_IN_CURRENT_FACTS","LOCATOR_PRESENCE_ONLY; CROSS_VERSION_SEMANTICS_UNVERIFIED","未进入Facts细粒度提取范围（达到20个不同SQL材料组上限）","","","dm_rsk_n.fx_enay_pal_expo_stmt|PROFILE_DECLARED|NO_STATEMENT；dm_rsk_n.fx_enay_pal_expo_stmt|PLATFORM_TARGET|task:219735:slot:query:statement:0","dm_rsk_n.fx_enay_pal_expo_stmt","未进入20个SQL材料组核读范围，不能判定具体使用模式或受影响输出","97fa1980cf6f01fc65b461baacf42bb7d44c463bb2dcd6e4589b4c83e8ed4328","E:\02_area\股衍数据-数据cookbook\sql-static-lineage-data\task-projections\tasks\219735\versions\de24149e575511a51bc61ee13688fb759b73fccc94b559603e5171c1c8effeb5.evidence-v3.json"
"dataset:f322d64cc13f2c1fedf2c1d26bc3f5dbf17e636b8ef92b75b28867c45f417aed","hive","gfhive","pdata_n.t03_otc_deri_book_adtnl_info","每天一份快照，记录场外衍生品账簿的生效到期日、所属机构、交易与风控开关、底层标的映射等附加配置信息，用于账簿管理与业务控制。","221300","dm_cisp_n.det_idx_use_situ_stati","dm_cisp_n.det_idx_use_situ_stati（指数使用情况统计）","1","write-observation:221300:platform-target:0","SQLG-985ff8b80a4f094f","query:969c65821661c468507b5cacf8a1191b730cf4219b325518144d4675bc8de60d","AVAILABLE","FIXED_READ_LOCATORS_PRESENT_IN_CURRENT_FACTS","LOCATOR_PRESENCE_ONLY; CROSS_VERSION_SEMANTICS_UNVERIFIED","已完成Facts细粒度提取与局部解释","P03_FICC_BOOK_SCOPE","dm_cisp_n.det_idx_use_situ_stati","dm_cisp_n.det_idx_use_situ_stati|PROFILE_DECLARED|NO_STATEMENT；dm_cisp_n.det_idx_use_situ_stati|PLATFORM_TARGET|task:221300:slot:query:statement:0","dm_cisp_n.det_idx_use_situ_stati","同一合约是否会因多条账簿快照记录重复进入统计","ff91cd52d7e86aab9f565a8821387a50dfe2a9cec705fd0e9a8fdf3a6ec39657","E:\02_area\股衍数据-数据cookbook\sql-static-lineage-data\task-projections\tasks\221300\versions\3c794bd24a4af33e71e2248b856d82caf5ac50d2d5c9ded7c4a5fa28b165b497.evidence-v3.json"
"dataset:f322d64cc13f2c1fedf2c1d26bc3f5dbf17e636b8ef92b75b28867c45f417aed","hive","gfhive","pdata_n.t03_otc_deri_book_adtnl_info","每天一份快照，记录场外衍生品账簿的生效到期日、所属机构、交易与风控开关、底层标的映射等附加配置信息，用于账簿管理与业务控制。","221895","dm_hk_n.evt_trd_transfer","dm_hk_n.evt_trd_transfer（OTC收付款记录表_香港）","1","write-observation:221895:platform-target:0","SQLG-d161ecbbe371a819","query:7931f3e4e6d99557d10bd730f6b30c927fab1abdb945135ced81cbe8973312d8","AVAILABLE","FIXED_READ_LOCATORS_PRESENT_IN_CURRENT_FACTS","LOCATOR_PRESENCE_ONLY; CROSS_VERSION_SEMANTICS_UNVERIFIED","未进入Facts细粒度提取范围（达到20个不同SQL材料组上限）","","","dm_hk_n.evt_trd_transfer|PROFILE_DECLARED|NO_STATEMENT；dm_hk_n.evt_trd_transfer|PLATFORM_TARGET|task:221895:slot:query:statement:0","dm_hk_n.evt_trd_transfer","未进入20个SQL材料组核读范围，不能判定具体使用模式或受影响输出","bd87859d01fc5b712755add1db2cce8824f3ffbb3b6f81b13cf69db931066c83","E:\02_area\股衍数据-数据cookbook\sql-static-lineage-data\task-projections\tasks\221895\versions\cc9090232c09e8fee77c9b706cc878c438f0f9bb533ae6987215c968c8d7d781.evidence-v3.json"
"dataset:f322d64cc13f2c1fedf2c1d26bc3f5dbf17e636b8ef92b75b28867c45f417aed","hive","gfhive","pdata_n.t03_otc_deri_book_adtnl_info","每天一份快照，记录场外衍生品账簿的生效到期日、所属机构、交易与风控开关、底层标的映射等附加配置信息，用于账簿管理与业务控制。","221899","dm_hk_n.det_trd_trs_event_struc_info","dm_hk_n.det_trd_trs_event_struc_info（OTC交易-TRS存续期事件结构化腿明细_香港）","1","write-observation:221899:platform-target:0","SQLG-811f99634b75be8a","query:89c5e36a56fb317f19c146f35eb073669cbfd10634f4ec3aacd4e493c76ff76a","AVAILABLE","FIXED_READ_LOCATORS_PRESENT_IN_CURRENT_FACTS","LOCATOR_PRESENCE_ONLY; CROSS_VERSION_SEMANTICS_UNVERIFIED","未进入Facts细粒度提取范围（达到20个不同SQL材料组上限）","","","dm_hk_n.det_trd_trs_event_struc_info|PROFILE_DECLARED|NO_STATEMENT；dm_hk_n.det_trd_trs_event_struc_info|PLATFORM_TARGET|task:221899:slot:query:statement:0","dm_hk_n.det_trd_trs_event_struc_info","未进入20个SQL材料组核读范围，不能判定具体使用模式或受影响输出","e5cdeca5990af27ee50733a6c529e07709f2af42e734413053c9fc8dd5bbf914","E:\02_area\股衍数据-数据cookbook\sql-static-lineage-data\task-projections\tasks\221899\versions\04b075c23df992108a39b4d854f0b3245a9050eb7d69c7b07f16944b2cdc787f.evidence-v3.json"
"dataset:f322d64cc13f2c1fedf2c1d26bc3f5dbf17e636b8ef92b75b28867c45f417aed","hive","gfhive","pdata_n.t03_otc_deri_book_adtnl_info","每天一份快照，记录场外衍生品账簿的生效到期日、所属机构、交易与风控开关、底层标的映射等附加配置信息，用于账簿管理与业务控制。","221901","dm_hk_n.info_ref_otc_option_deal","dm_hk_n.info_ref_otc_option_deal（OTC交易-期权交易合同要素_香港）","1","write-observation:221901:platform-target:0","SQLG-3b3e76cb82a1136e","query:9a41e5f0524dd2e9e89348f76274ed623fc7f6d66a2c91e59ad43f964c9b886b","AVAILABLE","FIXED_READ_LOCATORS_PRESENT_IN_CURRENT_FACTS","LOCATOR_PRESENCE_ONLY; CROSS_VERSION_SEMANTICS_UNVERIFIED","未进入Facts细粒度提取范围（达到20个不同SQL材料组上限）","","","dm_hk_n.info_ref_otc_option_deal|PROFILE_DECLARED|NO_STATEMENT；dm_hk_n.info_ref_otc_option_deal|PLATFORM_TARGET|task:221901:slot:query:statement:0","dm_hk_n.info_ref_otc_option_deal","未进入20个SQL材料组核读范围，不能判定具体使用模式或受影响输出","99c61e215c2c084f2e5b135d5460c10ba1f641bf5a8099c9e27834b4152915c4","E:\02_area\股衍数据-数据cookbook\sql-static-lineage-data\task-projections\tasks\221901\versions\3a8358c942cd9f458272311785b62d687d111edd92d143501b126a1515bc1c4b.evidence-v3.json"
"dataset:f322d64cc13f2c1fedf2c1d26bc3f5dbf17e636b8ef92b75b28867c45f417aed","hive","gfhive","pdata_n.t03_otc_deri_book_adtnl_info","每天一份快照，记录场外衍生品账簿的生效到期日、所属机构、交易与风控开关、底层标的映射等附加配置信息，用于账簿管理与业务控制。","225368","dm_hk_n.info_otc_swap_comp_valu_info_n_cross_dma_swap","dm_hk_n.info_otc_swap_comp_valu_info_n_cross_dma_swap（场外互换合约估值信息数据-北上极速）","1","write-observation:225368:platform-target:0","SQLG-579f46dcc88e137b","query:ca4e0d1b485fad8af1a299401702d0fcdd98563725e3b89b7a60da1614172a70","AVAILABLE","FIXED_READ_LOCATORS_PRESENT_IN_CURRENT_FACTS","LOCATOR_PRESENCE_ONLY; CROSS_VERSION_SEMANTICS_UNVERIFIED","未进入Facts细粒度提取范围（达到20个不同SQL材料组上限）","","","dm_hk_n.info_otc_swap_comp_valu_info_n_cross_dma_swap|PROFILE_DECLARED|NO_STATEMENT；dm_hk_n.info_otc_swap_comp_valu_info_n_cross_dma_swap|PLATFORM_TARGET|task:225368:slot:query:statement:0","dm_hk_n.info_otc_swap_comp_valu_info_n_cross_dma_swap","未进入20个SQL材料组核读范围，不能判定具体使用模式或受影响输出","710e5ac5b86e4f964a23d6e1f19b52cd1c3aa360b300a9548912518ecc5ef96c","E:\02_area\股衍数据-数据cookbook\sql-static-lineage-data\task-projections\tasks\225368\versions\e843f55c784798933bf5fc8ed585a2ec8d41f2b065a8b55ba487137ee4e01ac6.evidence-v3.json"
"dataset:f322d64cc13f2c1fedf2c1d26bc3f5dbf17e636b8ef92b75b28867c45f417aed","hive","gfhive","pdata_n.t03_otc_deri_book_adtnl_info","每天一份快照，记录场外衍生品账簿的生效到期日、所属机构、交易与风控开关、底层标的映射等附加配置信息，用于账簿管理与业务控制。","228089","dm_hk_n.info_ref_fx_forward_structure","dm_hk_n.info_ref_fx_forward_structure（外汇远期参考维度表）","1","write-observation:228089:platform-target:0","SQLG-d1ee8608258920aa","query:5b1e0192fa57686437aa25489ff35001b977d7c13f33c4848f307aaab2a7244b","AVAILABLE","FIXED_READ_LOCATORS_PRESENT_IN_CURRENT_FACTS","LOCATOR_PRESENCE_ONLY; CROSS_VERSION_SEMANTICS_UNVERIFIED","未进入Facts细粒度提取范围（达到20个不同SQL材料组上限）","","","dm_hk_n.info_ref_fx_forward_structure|PROFILE_DECLARED|NO_STATEMENT；dm_hk_n.info_ref_fx_forward_structure|PLATFORM_TARGET|task:228089:slot:query:statement:0","dm_hk_n.info_ref_fx_forward_structure","未进入20个SQL材料组核读范围，不能判定具体使用模式或受影响输出","72321800c6a838db9f65c1ede264a0f61fc6e3c91e58764c8dc3b182b269f832","E:\02_area\股衍数据-数据cookbook\sql-static-lineage-data\task-projections\tasks\228089\versions\0a480ffef4131c387b3e86d2625115c35345f7579ce8a17cf8a08c4f328e273c.evidence-v3.json"
"dataset:f322d64cc13f2c1fedf2c1d26bc3f5dbf17e636b8ef92b75b28867c45f417aed","hive","gfhive","pdata_n.t03_otc_deri_book_adtnl_info","每天一份快照，记录场外衍生品账簿的生效到期日、所属机构、交易与风控开关、底层标的映射等附加配置信息，用于账簿管理与业务控制。","228094","dm_hk_n.info_ref_fx_forward","dm_hk_n.info_ref_fx_forward（外汇远期基础表）","1","write-observation:228094:platform-target:0","SQLG-8a0603206da61ce2","query:628db01ab79a98f61c3eb565b205745a3650a295a5ef2ccdd1c8c5f902ded8c2","AVAILABLE","FIXED_READ_LOCATORS_PRESENT_IN_CURRENT_FACTS","LOCATOR_PRESENCE_ONLY; CROSS_VERSION_SEMANTICS_UNVERIFIED","未进入Facts细粒度提取范围（达到20个不同SQL材料组上限）","","","dm_hk_n.info_ref_fx_forward|PROFILE_DECLARED|NO_STATEMENT；dm_hk_n.info_ref_fx_forward|PLATFORM_TARGET|task:228094:slot:query:statement:0","dm_hk_n.info_ref_fx_forward","未进入20个SQL材料组核读范围，不能判定具体使用模式或受影响输出","17a218186b74131955b9b044366b1d558bfd07d0f71db200fa854f559c6fd196","E:\02_area\股衍数据-数据cookbook\sql-static-lineage-data\task-projections\tasks\228094\versions\cebb49796cc9bbc03917904935dc7fdcc8358d41809d8ae5cbee923b18915a30.evidence-v3.json"
"dataset:f322d64cc13f2c1fedf2c1d26bc3f5dbf17e636b8ef92b75b28867c45f417aed","hive","gfhive","pdata_n.t03_otc_deri_book_adtnl_info","每天一份快照，记录场外衍生品账簿的生效到期日、所属机构、交易与风控开关、底层标的映射等附加配置信息，用于账簿管理与业务控制。","228414","dm_hk_n.info_ref_option_attribute","dm_hk_n.info_ref_option_attribute（证券 - 期权其他属性）","1","write-observation:228414:platform-target:0","SQLG-8d4b241955a157e2","query:c2554e89f80a53a99d3529d0bcba098aaa6464519ea009903c2f4371e4eaa3de","AVAILABLE","FIXED_READ_LOCATORS_PRESENT_IN_CURRENT_FACTS","LOCATOR_PRESENCE_ONLY; CROSS_VERSION_SEMANTICS_UNVERIFIED","未进入Facts细粒度提取范围（达到20个不同SQL材料组上限）","","","dm_hk_n.info_ref_option_attribute|PROFILE_DECLARED|NO_STATEMENT；dm_hk_n.info_ref_option_attribute|PLATFORM_TARGET|task:228414:slot:query:statement:0","dm_hk_n.info_ref_option_attribute","未进入20个SQL材料组核读范围，不能判定具体使用模式或受影响输出","4f2be01e2fdb77da751e1a5ca156275ddbf5186ce0c2a72ebaae5d486d5ce23b","E:\02_area\股衍数据-数据cookbook\sql-static-lineage-data\task-projections\tasks\228414\versions\2a39ddb759d8d11f904171706d95ba69a8913876147ebc127945f40d4c6080aa.evidence-v3.json"
"dataset:f322d64cc13f2c1fedf2c1d26bc3f5dbf17e636b8ef92b75b28867c45f417aed","hive","gfhive","pdata_n.t03_otc_deri_book_adtnl_info","每天一份快照，记录场外衍生品账簿的生效到期日、所属机构、交易与风控开关、底层标的映射等附加配置信息，用于账簿管理与业务控制。","228443","dm_hk_n.info_ref_option_autocall","dm_hk_n.info_ref_option_autocall（证券 - 期权 - 自动赎回期权属性）","1","write-observation:228443:platform-target:0","SQLG-92bac445267268ca","query:98db9132be7f6a9980029e71a65509a98f7b7d5695fb6edcf8a4cf6e0ec2339e","AVAILABLE","FIXED_READ_LOCATORS_PRESENT_IN_CURRENT_FACTS","LOCATOR_PRESENCE_ONLY; CROSS_VERSION_SEMANTICS_UNVERIFIED","未进入Facts细粒度提取范围（达到20个不同SQL材料组上限）","","","dm_hk_n.info_ref_option_autocall|PROFILE_DECLARED|NO_STATEMENT；dm_hk_n.info_ref_option_autocall|PLATFORM_TARGET|task:228443:slot:query:statement:0","dm_hk_n.info_ref_option_autocall","未进入20个SQL材料组核读范围，不能判定具体使用模式或受影响输出","19706473130d7ec6f1ad430770526b889c7e5b51b554ed7c671c63409b71d072","E:\02_area\股衍数据-数据cookbook\sql-static-lineage-data\task-projections\tasks\228443\versions\0d89e8f53f741795882de0d2518becb4e831c9ce95570312ad45ac3d3678c4a2.evidence-v3.json"
"dataset:f322d64cc13f2c1fedf2c1d26bc3f5dbf17e636b8ef92b75b28867c45f417aed","hive","gfhive","pdata_n.t03_otc_deri_book_adtnl_info","每天一份快照，记录场外衍生品账簿的生效到期日、所属机构、交易与风控开关、底层标的映射等附加配置信息，用于账簿管理与业务控制。","228462","dm_hk_n.info_ref_option_autocall_cp","dm_hk_n.info_ref_option_autocall_cp（AUTOCALL 息票障碍信息）","1","write-observation:228462:platform-target:0","SQLG-62363e7b69a08dc7","query:04a40f58231964e8f94e0883de1a13712a019400b518bf2ab9dc8d6bbb7c3a43","AVAILABLE","FIXED_READ_LOCATORS_PRESENT_IN_CURRENT_FACTS","LOCATOR_PRESENCE_ONLY; CROSS_VERSION_SEMANTICS_UNVERIFIED","未进入Facts细粒度提取范围（达到20个不同SQL材料组上限）","","","dm_hk_n.info_ref_option_autocall_cp|PROFILE_DECLARED|NO_STATEMENT；dm_hk_n.info_ref_option_autocall_cp|PLATFORM_TARGET|task:228462:slot:query:statement:0","dm_hk_n.info_ref_option_autocall_cp","未进入20个SQL材料组核读范围，不能判定具体使用模式或受影响输出","9b7e65a7c8256dafec05665320705e1a74934f6fbf31fe593d18f5c051234e87","E:\02_area\股衍数据-数据cookbook\sql-static-lineage-data\task-projections\tasks\228462\versions\a447c23cb208b69bd7975297598289aedf21876bda9d7a5d6eb3564d05d486f6.evidence-v3.json"
"dataset:f322d64cc13f2c1fedf2c1d26bc3f5dbf17e636b8ef92b75b28867c45f417aed","hive","gfhive","pdata_n.t03_otc_deri_book_adtnl_info","每天一份快照，记录场外衍生品账簿的生效到期日、所属机构、交易与风控开关、底层标的映射等附加配置信息，用于账簿管理与业务控制。","228609","dm_hk_n.info_ref_option_autocall_ki","dm_hk_n.info_ref_option_autocall_ki（AUTOCALL 风险障碍信息）","1","write-observation:228609:platform-target:0","SQLG-7e59e318c2b0ae51","query:efd9c05a444ebf91e33acd2971afc72353b161fcf6b3ca480b598b7845388598","AVAILABLE","FIXED_READ_LOCATORS_PRESENT_IN_CURRENT_FACTS","LOCATOR_PRESENCE_ONLY; CROSS_VERSION_SEMANTICS_UNVERIFIED","未进入Facts细粒度提取范围（达到20个不同SQL材料组上限）","","","dm_hk_n.info_ref_option_autocall_ki|PROFILE_DECLARED|NO_STATEMENT；dm_hk_n.info_ref_option_autocall_ki|PLATFORM_TARGET|task:228609:slot:query:statement:0","dm_hk_n.info_ref_option_autocall_ki","未进入20个SQL材料组核读范围，不能判定具体使用模式或受影响输出","b6609be964db2aa51b9fe81a5ac4ddeb279318d6a3041003f7a03094d7465196","E:\02_area\股衍数据-数据cookbook\sql-static-lineage-data\task-projections\tasks\228609\versions\4284934bcaf341c13a38d01ca916e62737038e4d93821b4eacccafa04fb4b00a.evidence-v3.json"
"dataset:f322d64cc13f2c1fedf2c1d26bc3f5dbf17e636b8ef92b75b28867c45f417aed","hive","gfhive","pdata_n.t03_otc_deri_book_adtnl_info","每天一份快照，记录场外衍生品账簿的生效到期日、所属机构、交易与风控开关、底层标的映射等附加配置信息，用于账簿管理与业务控制。","228634","dm_hk_n.info_ref_option_autocall_ko","dm_hk_n.info_ref_option_autocall_ko（AUTOCALL 赎回障碍信息）","1","write-observation:228634:platform-target:0","SQLG-3337588e8493b61d","query:a827a1225e18b4de60a03473532948177a0adc4af8615d1dcd65816a99919b36","AVAILABLE","FIXED_READ_LOCATORS_PRESENT_IN_CURRENT_FACTS","LOCATOR_PRESENCE_ONLY; CROSS_VERSION_SEMANTICS_UNVERIFIED","未进入Facts细粒度提取范围（达到20个不同SQL材料组上限）","","","dm_hk_n.info_ref_option_autocall_ko|PROFILE_DECLARED|NO_STATEMENT；dm_hk_n.info_ref_option_autocall_ko|PLATFORM_TARGET|task:228634:slot:query:statement:0","dm_hk_n.info_ref_option_autocall_ko","未进入20个SQL材料组核读范围，不能判定具体使用模式或受影响输出","0528a0b2666bf6017774931efe1e6d47abd2c49664df05702ea0199cc5f21640","E:\02_area\股衍数据-数据cookbook\sql-static-lineage-data\task-projections\tasks\228634\versions\5c4d491317ab69317fd5cd742829dbbf1e4086571ea9166eda13b60f44b24b24.evidence-v3.json"
"dataset:f322d64cc13f2c1fedf2c1d26bc3f5dbf17e636b8ef92b75b28867c45f417aed","hive","gfhive","pdata_n.t03_otc_deri_book_adtnl_info","每天一份快照，记录场外衍生品账簿的生效到期日、所属机构、交易与风控开关、底层标的映射等附加配置信息，用于账簿管理与业务控制。","228641","dm_hk_n.info_ref_option_barrier_line","dm_hk_n.info_ref_option_barrier_line（子交易障碍线信息）","1","write-observation:228641:platform-target:0","SQLG-4772ab6a276cb53a","query:522e9a81afa699890636de4f1bd80797ad18cf3299279d1af56911c7580d1460","AVAILABLE","FIXED_READ_LOCATORS_PRESENT_IN_CURRENT_FACTS","LOCATOR_PRESENCE_ONLY; CROSS_VERSION_SEMANTICS_UNVERIFIED","未进入Facts细粒度提取范围（达到20个不同SQL材料组上限）","","","dm_hk_n.info_ref_option_barrier_line|PROFILE_DECLARED|NO_STATEMENT；dm_hk_n.info_ref_option_barrier_line|PLATFORM_TARGET|task:228641:slot:query:statement:0","dm_hk_n.info_ref_option_barrier_line","未进入20个SQL材料组核读范围，不能判定具体使用模式或受影响输出","42937b383b6b41bf8c9ecc448037de7cf3d0e371b59d249145227a404c93f5df","E:\02_area\股衍数据-数据cookbook\sql-static-lineage-data\task-projections\tasks\228641\versions\b06531b4d8ec5acbd949d8b5c466324d06ebb34457dee9a8e9dd772897380762.evidence-v3.json"
"dataset:f322d64cc13f2c1fedf2c1d26bc3f5dbf17e636b8ef92b75b28867c45f417aed","hive","gfhive","pdata_n.t03_otc_deri_book_adtnl_info","每天一份快照，记录场外衍生品账簿的生效到期日、所属机构、交易与风控开关、底层标的映射等附加配置信息，用于账簿管理与业务控制。","228643","dm_hk_n.info_ref_option_dailyrangeaccrual","dm_hk_n.info_ref_option_dailyrangeaccrual（证券 - 期权 - 区间累积权属性）","1","write-observation:228643:platform-target:0","SQLG-5c6d9b9e9101a041","query:86365e39d6d16ac3f3c18392535aa949cc05b670e7aa692848aee163f9a2a7ef","AVAILABLE","FIXED_READ_LOCATORS_PRESENT_IN_CURRENT_FACTS","LOCATOR_PRESENCE_ONLY; CROSS_VERSION_SEMANTICS_UNVERIFIED","未进入Facts细粒度提取范围（达到20个不同SQL材料组上限）","","","dm_hk_n.info_ref_option_dailyrangeaccrual|PROFILE_DECLARED|NO_STATEMENT；dm_hk_n.info_ref_option_dailyrangeaccrual|PLATFORM_TARGET|task:228643:slot:query:statement:0","dm_hk_n.info_ref_option_dailyrangeaccrual","未进入20个SQL材料组核读范围，不能判定具体使用模式或受影响输出","5b3ec775926ae7ea19fbe3635f3c295715f05541881d37ca2cbcfdc9ec21950a","E:\02_area\股衍数据-数据cookbook\sql-static-lineage-data\task-projections\tasks\228643\versions\efae9aaab3ff47d8a266bcc34a67b190e125ed7cc0a915bdea0c5be42782b575.evidence-v3.json"
"dataset:f322d64cc13f2c1fedf2c1d26bc3f5dbf17e636b8ef92b75b28867c45f417aed","hive","gfhive","pdata_n.t03_otc_deri_book_adtnl_info","每天一份快照，记录场外衍生品账簿的生效到期日、所属机构、交易与风控开关、底层标的映射等附加配置信息，用于账簿管理与业务控制。","228647","dm_hk_n.info_ref_option_dra_obs","dm_hk_n.info_ref_option_dra_obs（DRA 观察日信息）","1","write-observation:228647:platform-target:0","SQLG-a0a47786bc9d492b","query:929263cbc0deaa95326881b65f5fcdecb91f4d79b82a1bfbe3e9cbb547f9bf5d","AVAILABLE","FIXED_READ_LOCATORS_PRESENT_IN_CURRENT_FACTS","LOCATOR_PRESENCE_ONLY; CROSS_VERSION_SEMANTICS_UNVERIFIED","未进入Facts细粒度提取范围（达到20个不同SQL材料组上限）","","","dm_hk_n.info_ref_option_dra_obs|PROFILE_DECLARED|NO_STATEMENT；dm_hk_n.info_ref_option_dra_obs|PLATFORM_TARGET|task:228647:slot:query:statement:0","dm_hk_n.info_ref_option_dra_obs","未进入20个SQL材料组核读范围，不能判定具体使用模式或受影响输出","b1064d45212d795e1c7fcf0e9790879f3222df18093013e2adfd72f4bd3554d0","E:\02_area\股衍数据-数据cookbook\sql-static-lineage-data\task-projections\tasks\228647\versions\8e2658768a060f0e38c4ec98c304b3d7bbe78367f8a498c0ac1df687fe15a09d.evidence-v3.json"
"dataset:f322d64cc13f2c1fedf2c1d26bc3f5dbf17e636b8ef92b75b28867c45f417aed","hive","gfhive","pdata_n.t03_otc_deri_book_adtnl_info","每天一份快照，记录场外衍生品账簿的生效到期日、所属机构、交易与风控开关、底层标的映射等附加配置信息，用于账簿管理与业务控制。","228650","dm_hk_n.info_ref_option_general_info","dm_hk_n.info_ref_option_general_info（证券 - 期权合约通用信息）","1","write-observation:228650:platform-target:0","SQLG-a9216d0df0e2efa2","query:e625a66df22f0245ac53bf5e9245ec1ba70b254b145c12f07db9e58ded9c6d6b","AVAILABLE","FIXED_READ_LOCATORS_PRESENT_IN_CURRENT_FACTS","LOCATOR_PRESENCE_ONLY; CROSS_VERSION_SEMANTICS_UNVERIFIED","未进入Facts细粒度提取范围（达到20个不同SQL材料组上限）","","","dm_hk_n.info_ref_option_general_info|PROFILE_DECLARED|NO_STATEMENT；dm_hk_n.info_ref_option_general_info|PLATFORM_TARGET|task:228650:slot:query:statement:0","dm_hk_n.info_ref_option_general_info","未进入20个SQL材料组核读范围，不能判定具体使用模式或受影响输出","a6f803d61c78d57a2883a50268715e25a7bdcb60e0d0704277b90bebabbc98f8","E:\02_area\股衍数据-数据cookbook\sql-static-lineage-data\task-projections\tasks\228650\versions\6fffe2c1dd1ab1ac967c50c6045a0d0f9da90fe21bdecf8f88de827aedd79f66.evidence-v3.json"
"dataset:f322d64cc13f2c1fedf2c1d26bc3f5dbf17e636b8ef92b75b28867c45f417aed","hive","gfhive","pdata_n.t03_otc_deri_book_adtnl_info","每天一份快照，记录场外衍生品账簿的生效到期日、所属机构、交易与风控开关、底层标的映射等附加配置信息，用于账簿管理与业务控制。","228652","dm_hk_n.info_ref_option_lizard_obs_date","dm_hk_n.info_ref_option_lizard_obs_date（Lizard 观察日信息）","1","write-observation:228652:platform-target:0","SQLG-d1928e042f669ae9","query:ed5ea22133ee79871e57c05179e96be704dd89d461ef6363e035f1eedc51e3f1","AVAILABLE","FIXED_READ_LOCATORS_PRESENT_IN_CURRENT_FACTS","LOCATOR_PRESENCE_ONLY; CROSS_VERSION_SEMANTICS_UNVERIFIED","未进入Facts细粒度提取范围（达到20个不同SQL材料组上限）","","","dm_hk_n.info_ref_option_lizard_obs_date|PROFILE_DECLARED|NO_STATEMENT；dm_hk_n.info_ref_option_lizard_obs_date|PLATFORM_TARGET|task:228652:slot:query:statement:0","dm_hk_n.info_ref_option_lizard_obs_date","未进入20个SQL材料组核读范围，不能判定具体使用模式或受影响输出","7799fb40b0875fb2e213cd427b5cdd6896cfc0f2e092699d42aaf26d08dbbcc8","E:\02_area\股衍数据-数据cookbook\sql-static-lineage-data\task-projections\tasks\228652\versions\18a06e410a2084e45de6c8bed2fba75743c77846daa640f8669a1c7f3d3856d8.evidence-v3.json"
"dataset:f322d64cc13f2c1fedf2c1d26bc3f5dbf17e636b8ef92b75b28867c45f417aed","hive","gfhive","pdata_n.t03_otc_deri_book_adtnl_info","每天一份快照，记录场外衍生品账簿的生效到期日、所属机构、交易与风控开关、底层标的映射等附加配置信息，用于账簿管理与业务控制。","228821","dm_hk_n.info_ref_option_barrieroption","dm_hk_n.info_ref_option_barrieroption（证券 - 期权 - 障碍期权属性）","1","write-observation:228821:platform-target:0","SQLG-42caa5346bff8cf4","query:e2c80c860617590e2e546f953dc27f932dde139612c7796f7910c0a2713cd14b","AVAILABLE","FIXED_READ_LOCATORS_PRESENT_IN_CURRENT_FACTS","LOCATOR_PRESENCE_ONLY; CROSS_VERSION_SEMANTICS_UNVERIFIED","未进入Facts细粒度提取范围（达到20个不同SQL材料组上限）","","","dm_hk_n.info_ref_option_barrieroption|PROFILE_DECLARED|NO_STATEMENT；dm_hk_n.info_ref_option_barrieroption|PLATFORM_TARGET|task:228821:slot:query:statement:0","dm_hk_n.info_ref_option_barrieroption","未进入20个SQL材料组核读范围，不能判定具体使用模式或受影响输出","304a142418d6e52da127929c8126bc23a9c7bf3ef0d747a91086278006490f1e","E:\02_area\股衍数据-数据cookbook\sql-static-lineage-data\task-projections\tasks\228821\versions\c1844c79067eb65175dc3cfb06b440f290f70349040c3e201ae967524a0691ff.evidence-v3.json"
"dataset:f322d64cc13f2c1fedf2c1d26bc3f5dbf17e636b8ef92b75b28867c45f417aed","hive","gfhive","pdata_n.t03_otc_deri_book_adtnl_info","每天一份快照，记录场外衍生品账簿的生效到期日、所属机构、交易与风控开关、底层标的映射等附加配置信息，用于账簿管理与业务控制。","228823","dm_hk_n.info_ref_option_cumulator","dm_hk_n.info_ref_option_cumulator（Accumulator 子交易）","1","write-observation:228823:platform-target:0","SQLG-909ab466d66cc5fd","query:765d41c8b7a92bd639010745406386f71fc92cadde8583db7d96db4bc53795a0","AVAILABLE","FIXED_READ_LOCATORS_PRESENT_IN_CURRENT_FACTS","LOCATOR_PRESENCE_ONLY; CROSS_VERSION_SEMANTICS_UNVERIFIED","未进入Facts细粒度提取范围（达到20个不同SQL材料组上限）","","","dm_hk_n.info_ref_option_cumulator|PROFILE_DECLARED|NO_STATEMENT；dm_hk_n.info_ref_option_cumulator|PLATFORM_TARGET|task:228823:slot:query:statement:0","dm_hk_n.info_ref_option_cumulator","未进入20个SQL材料组核读范围，不能判定具体使用模式或受影响输出","70d1d49a9775ac68d2ae3edf563837d4cda915484386adec7aa9bbf901984872","E:\02_area\股衍数据-数据cookbook\sql-static-lineage-data\task-projections\tasks\228823\versions\9040173e82a9c93cd35e1cf18e9d6da5adc8df7b9d916d27e7cdd239dc1def1d.evidence-v3.json"
"dataset:f322d64cc13f2c1fedf2c1d26bc3f5dbf17e636b8ef92b75b28867c45f417aed","hive","gfhive","pdata_n.t03_otc_deri_book_adtnl_info","每天一份快照，记录场外衍生品账簿的生效到期日、所属机构、交易与风控开关、底层标的映射等附加配置信息，用于账簿管理与业务控制。","228825","dm_hk_n.info_ref_option_digitaloption","dm_hk_n.info_ref_option_digitaloption（证券 - 期权 - 二值期权属性）","1","write-observation:228825:platform-target:0","SQLG-7c6100a8d873ae28","query:53104f5d25c0dbec96d10c227298970806fa4e99af299c3160f97156037cdb28","AVAILABLE","FIXED_READ_LOCATORS_PRESENT_IN_CURRENT_FACTS","LOCATOR_PRESENCE_ONLY; CROSS_VERSION_SEMANTICS_UNVERIFIED","未进入Facts细粒度提取范围（达到20个不同SQL材料组上限）","","","dm_hk_n.info_ref_option_digitaloption|PROFILE_DECLARED|NO_STATEMENT；dm_hk_n.info_ref_option_digitaloption|PLATFORM_TARGET|task:228825:slot:query:statement:0","dm_hk_n.info_ref_option_digitaloption","未进入20个SQL材料组核读范围，不能判定具体使用模式或受影响输出","514610e3ef44bace01c3a78ed08e9abd4303d3f385ab4efdc4476fece744f2f9","E:\02_area\股衍数据-数据cookbook\sql-static-lineage-data\task-projections\tasks\228825\versions\9531ca158b5b103976cbddf2c37e6394f9805b3b3ea9d1c9765798122009582d.evidence-v3.json"
"dataset:f322d64cc13f2c1fedf2c1d26bc3f5dbf17e636b8ef92b75b28867c45f417aed","hive","gfhive","pdata_n.t03_otc_deri_book_adtnl_info","每天一份快照，记录场外衍生品账簿的生效到期日、所属机构、交易与风控开关、底层标的映射等附加配置信息，用于账簿管理与业务控制。","228826","dm_hk_n.info_ref_option_history_info","dm_hk_n.info_ref_option_history_info（场外期权子交易历史变动信息）","1","write-observation:228826:platform-target:0","SQLG-7a35ea56f1947875","query:78eb1022b1373fdf38e2022f6f2fd0cc8dc185db1f984a4cb078c9133794d161","AVAILABLE","FIXED_READ_LOCATORS_PRESENT_IN_CURRENT_FACTS","LOCATOR_PRESENCE_ONLY; CROSS_VERSION_SEMANTICS_UNVERIFIED","未进入Facts细粒度提取范围（达到20个不同SQL材料组上限）","","","dm_hk_n.info_ref_option_history_info|PROFILE_DECLARED|NO_STATEMENT；dm_hk_n.info_ref_option_history_info|PLATFORM_TARGET|task:228826:slot:query:statement:0","dm_hk_n.info_ref_option_history_info","未进入20个SQL材料组核读范围，不能判定具体使用模式或受影响输出","cd7b28b6f151a3c2f913180a75f7e693045b754815888d5c9311a55fd16a6027","E:\02_area\股衍数据-数据cookbook\sql-static-lineage-data\task-projections\tasks\228826\versions\5254c37d871f3d70a2b6be644dffe06474da3629ac108d167a6f91e6afd71c03.evidence-v3.json"
"dataset:f322d64cc13f2c1fedf2c1d26bc3f5dbf17e636b8ef92b75b28867c45f417aed","hive","gfhive","pdata_n.t03_otc_deri_book_adtnl_info","每天一份快照，记录场外衍生品账簿的生效到期日、所属机构、交易与风控开关、底层标的映射等附加配置信息，用于账簿管理与业务控制。","228828","dm_hk_n.info_ref_option_quote_reset_rate","dm_hk_n.info_ref_option_quote_reset_rate（期权 RESET 调整比例）","1","write-observation:228828:platform-target:0","SQLG-20a2dce7e08a1368","query:a478bc0e3d719e663f48840ea9399514156d23e903d1e17a15b3a85568d366d3","AVAILABLE","FIXED_READ_LOCATORS_PRESENT_IN_CURRENT_FACTS","LOCATOR_PRESENCE_ONLY; CROSS_VERSION_SEMANTICS_UNVERIFIED","未进入Facts细粒度提取范围（达到20个不同SQL材料组上限）","","","dm_hk_n.info_ref_option_quote_reset_rate|PROFILE_DECLARED|NO_STATEMENT；dm_hk_n.info_ref_option_quote_reset_rate|PLATFORM_TARGET|task:228828:slot:query:statement:0","dm_hk_n.info_ref_option_quote_reset_rate","未进入20个SQL材料组核读范围，不能判定具体使用模式或受影响输出","d89cc18d06d395d83aebc51dc77289e6af79d6870365c01d32d2ba6153106609","E:\02_area\股衍数据-数据cookbook\sql-static-lineage-data\task-projections\tasks\228828\versions\78ab102bad1190276c1680086db1eac223c937941314c2150c0f5ac04d65c545.evidence-v3.json"
"dataset:f322d64cc13f2c1fedf2c1d26bc3f5dbf17e636b8ef92b75b28867c45f417aed","hive","gfhive","pdata_n.t03_otc_deri_book_adtnl_info","每天一份快照，记录场外衍生品账簿的生效到期日、所属机构、交易与风控开关、底层标的映射等附加配置信息，用于账簿管理与业务控制。","230182","dm_hk_n.info_trd_rebate_interest_param","dm_hk_n.info_trd_rebate_interest_param（计提返息参数）","1","write-observation:230182:platform-target:0","SQLG-e9ef1961d4bdf8f7","query:2648d251bdf1677439293a8df7a60760a2046f01dc572686d54aa3d520dc5c64","AVAILABLE","FIXED_READ_LOCATORS_PRESENT_IN_CURRENT_FACTS","LOCATOR_PRESENCE_ONLY; CROSS_VERSION_SEMANTICS_UNVERIFIED","未进入Facts细粒度提取范围（达到20个不同SQL材料组上限）","","","dm_hk_n.info_trd_rebate_interest_param|PROFILE_DECLARED|NO_STATEMENT；dm_hk_n.info_trd_rebate_interest_param|PLATFORM_TARGET|task:230182:slot:query:statement:0","dm_hk_n.info_trd_rebate_interest_param","未进入20个SQL材料组核读范围，不能判定具体使用模式或受影响输出","5b69c308cd2a57c897dac8dc97e036ab46409e785043e2bac024a2707a9224f3","E:\02_area\股衍数据-数据cookbook\sql-static-lineage-data\task-projections\tasks\230182\versions\03ee718cd8d1ccb6faac71fd0625a1aef5b0d733315ddf63e042218623fdcb59.evidence-v3.json"
"dataset:f322d64cc13f2c1fedf2c1d26bc3f5dbf17e636b8ef92b75b28867c45f417aed","hive","gfhive","pdata_n.t03_otc_deri_book_adtnl_info","每天一份快照，记录场外衍生品账簿的生效到期日、所属机构、交易与风控开关、底层标的映射等附加配置信息，用于账簿管理与业务控制。","230202","DM_OTC_N.OTC_REV_DAILY_RPT_grp01","dm_otc_n.otc_rev_daily_rpt（场外衍生品合约创收日报）","1","write-observation:230202:platform-target:0","SQLG-8dfb3db1b49cf905","query:fa1695538980201e7f95e5904b39db2115c50872b8aec38a23e0aa239daacb2e","AVAILABLE","FIXED_READ_LOCATORS_PRESENT_IN_CURRENT_FACTS","FIXED_SQL_AND_FACTS_HASH_MATCH","已完成Facts细粒度提取与局部解释","P11_DYNAMIC_HEDGE_YIELD","dm_otc_n.otc_rev_daily_rpt","dm_otc_n.otc_rev_daily_rpt|PROFILE_DECLARED|NO_STATEMENT；dm_otc_n.otc_rev_daily_rpt|PLATFORM_TARGET|task:230202:slot:query:statement:0","dm_otc_n.otc_rev_daily_rpt","动态对冲账簿快照唯一性；Map_Undrl_Cd空串/空值分布及回退命中率；聚合前后行数与收益守恒","9677f40654415d13613fd87ef2b2734a271237a521588c5e6bb22de62083f8f5","E:\02_area\股衍数据-数据cookbook\sql-static-lineage-data\task-projections\tasks\230202\versions\21d01566737d7fb6155e730685971553a689fd81ff39be5dd028b59674b971ca.evidence-v3.json"
"dataset:f322d64cc13f2c1fedf2c1d26bc3f5dbf17e636b8ef92b75b28867c45f417aed","hive","gfhive","pdata_n.t03_otc_deri_book_adtnl_info","每天一份快照，记录场外衍生品账簿的生效到期日、所属机构、交易与风控开关、底层标的映射等附加配置信息，用于账簿管理与业务控制。","231741","dm_fii_n.dtl_opt_enay_hld_pos_day","dm_fii_n.dtl_opt_enay_hld_pos_day（期权日终持仓）","1","write-observation:231741:platform-target:0","SQLG-5490253361169736","query:31a9b1c7736a9cf3d77b7cc4ef78b6fcc8436fc1ca9960b773d1aa34fbb7a5e1","AVAILABLE","FIXED_READ_LOCATORS_PRESENT_IN_CURRENT_FACTS","LOCATOR_PRESENCE_ONLY; CROSS_VERSION_SEMANTICS_UNVERIFIED","未进入Facts细粒度提取范围（达到20个不同SQL材料组上限）","","","dm_fii_n.dtl_opt_enay_hld_pos_day|PROFILE_DECLARED|NO_STATEMENT；dm_fii_n.dtl_opt_enay_hld_pos_day|PLATFORM_TARGET|task:231741:slot:query:statement:0","dm_fii_n.dtl_opt_enay_hld_pos_day","未进入20个SQL材料组核读范围，不能判定具体使用模式或受影响输出","267d2292ff77a86e5a7228a2069a3e95b12ced78e994e88970d20c8bc669a0d4","E:\02_area\股衍数据-数据cookbook\sql-static-lineage-data\task-projections\tasks\231741\versions\cdeb6526bd97dc1cd2bda5e79b26467a30ac566868aac4d43bdc4bbb3050a38c.evidence-v3.json"
"dataset:f322d64cc13f2c1fedf2c1d26bc3f5dbf17e636b8ef92b75b28867c45f417aed","hive","gfhive","pdata_n.t03_otc_deri_book_adtnl_info","每天一份快照，记录场外衍生品账簿的生效到期日、所属机构、交易与风控开关、底层标的映射等附加配置信息，用于账簿管理与业务控制。","232822","dm_fii_n.dtl_otc_swap_comp_info_day","dm_fii_n.dtl_otc_swap_comp_info_day（场外互换-互换合约信息）","1","write-observation:232822:platform-target:0","SQLG-4c8098f61fa190d7","query:b66dbb35999e493ac16aac75b13f3fcea15eaa8998012a6b8e6b35671f40ac01","AVAILABLE","FIXED_READ_LOCATORS_PRESENT_IN_CURRENT_FACTS","LOCATOR_PRESENCE_ONLY; CROSS_VERSION_SEMANTICS_UNVERIFIED","未进入Facts细粒度提取范围（达到20个不同SQL材料组上限）","","","dm_fii_n.dtl_otc_swap_comp_info_day|PROFILE_DECLARED|NO_STATEMENT；dm_fii_n.dtl_otc_swap_comp_info_day|PLATFORM_TARGET|task:232822:slot:query:statement:0","dm_fii_n.dtl_otc_swap_comp_info_day","未进入20个SQL材料组核读范围，不能判定具体使用模式或受影响输出","5949748fccea0a17899e73a4fba4e0b720ecef6355256d8a5a65ac4c4eaaa5c5","E:\02_area\股衍数据-数据cookbook\sql-static-lineage-data\task-projections\tasks\232822\versions\5183decb5c46d9c4e094cbd95cfee40179ed7cc2976f8182cce57cd57c66fbb5.evidence-v3.json"
"dataset:f322d64cc13f2c1fedf2c1d26bc3f5dbf17e636b8ef92b75b28867c45f417aed","hive","gfhive","pdata_n.t03_otc_deri_book_adtnl_info","每天一份快照，记录场外衍生品账簿的生效到期日、所属机构、交易与风控开关、底层标的映射等附加配置信息，用于账簿管理与业务控制。","232836","dm_fii_n.chrem_sub_corp_fix_icm_busi_month","dm_fii_n.chrem_sub_corp_fix_icm_busi_month（理财子固收委业务数据）","1","write-observation:232836:platform-target:0","SQLG-43867fbcdba6e16f","query:50799cf9c65c5fc4d19ff841f86ad3864e0f746e36ae3c6036cea90ed8748c96","AVAILABLE","FIXED_READ_LOCATORS_PRESENT_IN_CURRENT_FACTS","LOCATOR_PRESENCE_ONLY; CROSS_VERSION_SEMANTICS_UNVERIFIED","未进入Facts细粒度提取范围（达到20个不同SQL材料组上限）","","","dm_fii_n.chrem_sub_corp_fix_icm_busi_month|PROFILE_DECLARED|NO_STATEMENT；dm_fii_n.chrem_sub_corp_fix_icm_busi_month|PLATFORM_TARGET|task:232836:slot:query:statement:0","dm_fii_n.chrem_sub_corp_fix_icm_busi_month","未进入20个SQL材料组核读范围，不能判定具体使用模式或受影响输出","8d05d72e36ac203c12e3ce92078c7cfe32586aa59a324ee454c392b300d19aed","E:\02_area\股衍数据-数据cookbook\sql-static-lineage-data\task-projections\tasks\232836\versions\7851f7142f6ed9e71e02b93b26893de237b775f248a01619256df39bcf0eb86d.evidence-v3.json"
"dataset:f322d64cc13f2c1fedf2c1d26bc3f5dbf17e636b8ef92b75b28867c45f417aed","hive","gfhive","pdata_n.t03_otc_deri_book_adtnl_info","每天一份快照，记录场外衍生品账簿的生效到期日、所属机构、交易与风控开关、底层标的映射等附加配置信息，用于账簿管理与业务控制。","233302","dm_fii_n.wide_idx_otc_swap_pos_pnl","dm_fii_n.wide_idx_otc_swap_pos_pnl（场外互换合约持仓盈亏）","1","write-observation:233302:platform-target:0","SQLG-a2cb530b9660a49a","query:21c978058db46a382f58603c6b4f6d1972d2cba96e20bd0d33f3b21174de506f","AVAILABLE","FIXED_READ_LOCATORS_PRESENT_IN_CURRENT_FACTS","LOCATOR_PRESENCE_ONLY; CROSS_VERSION_SEMANTICS_UNVERIFIED","未进入Facts细粒度提取范围（达到20个不同SQL材料组上限）","","","dm_fii_n.wide_idx_otc_swap_pos_pnl|PROFILE_DECLARED|NO_STATEMENT；dm_fii_n.wide_idx_otc_swap_pos_pnl|PLATFORM_TARGET|task:233302:slot:query:statement:0","dm_fii_n.wide_idx_otc_swap_pos_pnl","未进入20个SQL材料组核读范围，不能判定具体使用模式或受影响输出","8968b5d520be9bd1aad3f08fcb7c3c7f388e3792447b6bb3324c6ce37aef5d20","E:\02_area\股衍数据-数据cookbook\sql-static-lineage-data\task-projections\tasks\233302\versions\c9006fa11df80c579810e65b591d104d304d0571c58de5379bd6c1e02177bdb2.evidence-v3.json"
"dataset:f322d64cc13f2c1fedf2c1d26bc3f5dbf17e636b8ef92b75b28867c45f417aed","hive","gfhive","pdata_n.t03_otc_deri_book_adtnl_info","每天一份快照，记录场外衍生品账簿的生效到期日、所属机构、交易与风控开关、底层标的映射等附加配置信息，用于账簿管理与业务控制。","234175","dm_hk_n.info_ref_option_general_info_test","dm_hk_test.info_ref_option_general_info_test（证券 - 期权合约通用信息）","1","write-observation:234175:platform-target:0","SQLG-149ffcc30813881a","query:536fa18754166c1521dd599f5af960ca6376a6740cc0963968f4390ac21dc9cc","AVAILABLE","FIXED_READ_LOCATORS_PRESENT_IN_CURRENT_FACTS","LOCATOR_PRESENCE_ONLY; CROSS_VERSION_SEMANTICS_UNVERIFIED","已完成Facts细粒度提取与局部解释","P08_HK_CONTRACT_SCOPE","dm_hk_test.info_ref_option_general_info_test","dm_hk_test.info_ref_option_general_info_test|PROFILE_DECLARED|NO_STATEMENT；dm_hk_test.info_ref_option_general_info_test|PLATFORM_TARGET|task:234175:slot:query:statement:0","dm_hk_test.info_ref_option_general_info_test","测试目标与生产版本逻辑是否一致","beae9abdee5bc8f6b299fd1cdc6c53c633d4e3c9cd82bfe8e77a55e3f408bd16","E:\02_area\股衍数据-数据cookbook\sql-static-lineage-data\task-projections\tasks\234175\versions\74f43e1325f35952937a9ee67bc381238b8e7ec3dc993e8cb782feeace853bdd.evidence-v3.json"
"dataset:f322d64cc13f2c1fedf2c1d26bc3f5dbf17e636b8ef92b75b28867c45f417aed","hive","gfhive","pdata_n.t03_otc_deri_book_adtnl_info","每天一份快照，记录场外衍生品账簿的生效到期日、所属机构、交易与风控开关、底层标的映射等附加配置信息，用于账簿管理与业务控制。","234182","dm_hk_n.pos_fast_trs_leg_his_pos","dm_hk_n.pos_fast_trs_leg_his_pos（场外互换合约持仓信息-北上极速）","1","write-observation:234182:platform-target:0","SQLG-c0dc9d179493c598","query:84b7bb5919873b46eb9b9dfa9523d7358ee90f8e7c278986932c5dd281fac9bc","AVAILABLE","FIXED_READ_LOCATORS_PRESENT_IN_CURRENT_FACTS","LOCATOR_PRESENCE_ONLY; CROSS_VERSION_SEMANTICS_UNVERIFIED","未进入Facts细粒度提取范围（达到20个不同SQL材料组上限）","","","dm_hk_n.pos_fast_trs_leg_his_pos|PROFILE_DECLARED|NO_STATEMENT；dm_hk_n.pos_fast_trs_leg_his_pos|PLATFORM_TARGET|task:234182:slot:query:statement:0","dm_hk_n.pos_fast_trs_leg_his_pos","未进入20个SQL材料组核读范围，不能判定具体使用模式或受影响输出","a6fb5165caf5a80e2dae3f415f4d0463205b3f525f4a1de38f175723ead483a9","E:\02_area\股衍数据-数据cookbook\sql-static-lineage-data\task-projections\tasks\234182\versions\ddbd51a1e5a54909a878fe04830cfe6bbf4e9e6e349614bd3aadc4f5484b1caa.evidence-v3.json"
"dataset:f322d64cc13f2c1fedf2c1d26bc3f5dbf17e636b8ef92b75b28867c45f417aed","hive","gfhive","pdata_n.t03_otc_deri_book_adtnl_info","每天一份快照，记录场外衍生品账簿的生效到期日、所属机构、交易与风控开关、底层标的映射等附加配置信息，用于账簿管理与业务控制。","234256","dm_fii_n.dtl_otc_swap_ast_leg_info_day","dm_fii_test.dtl_otc_swap_ast_leg_info_day（场外互换-互换资产腿信息）","1","write-observation:234256:platform-target:0","SQLG-5b5888a51f47f4f7","query:8bf6d821b4e7196f4f21aa13474bcfa44c52ee18f7cb982228351ec6e7c61007","AVAILABLE","FIXED_READ_LOCATORS_PRESENT_IN_CURRENT_FACTS","LOCATOR_PRESENCE_ONLY; CROSS_VERSION_SEMANTICS_UNVERIFIED","已完成Facts细粒度提取与局部解释","P04_DUAL_BOOK_ROLE","dm_fii_test.dtl_otc_swap_ast_leg_info_day","dm_fii_test.dtl_otc_swap_ast_leg_info_day|PROFILE_DECLARED|NO_STATEMENT；dm_fii_test.dtl_otc_swap_ast_leg_info_day|PLATFORM_TARGET|task:234256:slot:query:statement:0","dm_fii_test.dtl_otc_swap_ast_leg_info_day","rb与bb的快照/有效期口径不同是否为有意设计；两个别名匹配基数是否一致","67e0dbee844788cff3ec1b550faef4ca35813588c480ee4c963b108a68fff705","E:\02_area\股衍数据-数据cookbook\sql-static-lineage-data\task-projections\tasks\234256\versions\2d18a50dd3f4994c1eda9c54c29035c488f5ed2eaf0548963c3e3b868b07edba.evidence-v3.json"
"dataset:f322d64cc13f2c1fedf2c1d26bc3f5dbf17e636b8ef92b75b28867c45f417aed","hive","gfhive","pdata_n.t03_otc_deri_book_adtnl_info","每天一份快照，记录场外衍生品账簿的生效到期日、所属机构、交易与风控开关、底层标的映射等附加配置信息，用于账簿管理与业务控制。","237599","dm_hk_n.trd_transfer_new_h13","dm_hk_n.trd_transfer_new（交易-收付款记录表）","1","write-observation:237599:platform-target:0","SQLG-0e7e732fbe43983b","query:ce8d2fe9501fa362fcfbfcf5d3340b4edd408c35683a00cdf6c5ea1b9c0ae6d6","AVAILABLE","FIXED_READ_LOCATORS_PRESENT_IN_CURRENT_FACTS","LOCATOR_PRESENCE_ONLY; CROSS_VERSION_SEMANTICS_UNVERIFIED","未进入Facts细粒度提取范围（达到20个不同SQL材料组上限）","","","dm_hk_n.trd_transfer_new|PROFILE_DECLARED|NO_STATEMENT；dm_hk_n.trd_transfer_new|PLATFORM_TARGET|task:237599:slot:query:statement:0","dm_hk_n.trd_transfer_new","未进入20个SQL材料组核读范围，不能判定具体使用模式或受影响输出","6da4493f5a12f3d767aa0ab75386e68c82b6a2aeb37fe92a65cd42215ef297ae","E:\02_area\股衍数据-数据cookbook\sql-static-lineage-data\task-projections\tasks\237599\versions\42e7abd3b594a0f5ff763d5db021cd30d197ec6816dd4edca5bdc09c6887d6bc.evidence-v3.json"
"dataset:f322d64cc13f2c1fedf2c1d26bc3f5dbf17e636b8ef92b75b28867c45f417aed","hive","gfhive","pdata_n.t03_otc_deri_book_adtnl_info","每天一份快照，记录场外衍生品账簿的生效到期日、所属机构、交易与风控开关、底层标的映射等附加配置信息，用于账簿管理与业务控制。","237639","dm_hk_n.pos_trs_leg_valuation_h13","dm_hk_n.pos_trs_leg_valuation_new（持仓-账户TRS LEG每日估值）","1","write-observation:237639:platform-target:0","SQLG-d43069a9a26bf545","query:c11a6d6cba19a8890dca52013eb20e5ee2470bd5096fda11b81ee9499e299aee","AVAILABLE","FIXED_READ_LOCATORS_PRESENT_IN_CURRENT_FACTS","LOCATOR_PRESENCE_ONLY; CROSS_VERSION_SEMANTICS_UNVERIFIED","未进入Facts细粒度提取范围（达到20个不同SQL材料组上限）","","","dm_hk_n.pos_trs_leg_valuation_new|PROFILE_DECLARED|NO_STATEMENT；dm_hk_n.pos_trs_leg_valuation_new|PLATFORM_TARGET|task:237639:slot:query:statement:0","dm_hk_n.pos_trs_leg_valuation_new","未进入20个SQL材料组核读范围，不能判定具体使用模式或受影响输出","9053cd83c9698fad2a49793d68a1505c55cadee03ed1ba0e447a535d0e3de40c","E:\02_area\股衍数据-数据cookbook\sql-static-lineage-data\task-projections\tasks\237639\versions\347011514015ae638eaabe2a408ceb53afaccf67d1239d67789e4a7846a6974a.evidence-v3.json"
"dataset:f322d64cc13f2c1fedf2c1d26bc3f5dbf17e636b8ef92b75b28867c45f417aed","hive","gfhive","pdata_n.t03_otc_deri_book_adtnl_info","每天一份快照，记录场外衍生品账簿的生效到期日、所属机构、交易与风控开关、底层标的映射等附加配置信息，用于账簿管理与业务控制。","237888","dm_fii_n.sale_trd_otc_co_day","dm_fii_n.sale_trd_otc_co_day（销交场外协同数据）","1","write-observation:237888:platform-target:0","SQLG-0ba30e989b9feb85","query:2d0f53ffa231fc6930621ffd5281ce9670d051e150e43fd9e3242689214abfbc","AVAILABLE","FIXED_READ_LOCATORS_PRESENT_IN_CURRENT_FACTS","LOCATOR_PRESENCE_ONLY; CROSS_VERSION_SEMANTICS_UNVERIFIED","未进入Facts细粒度提取范围（达到20个不同SQL材料组上限）","","","dm_fii_n.sale_trd_otc_co_day|PROFILE_DECLARED|NO_STATEMENT；dm_fii_n.sale_trd_otc_co_day|PLATFORM_TARGET|task:237888:slot:query:statement:0","dm_fii_n.sale_trd_otc_co_day","未进入20个SQL材料组核读范围，不能判定具体使用模式或受影响输出","7aaca4992f3c047ef18340a9c0e12af53500ccf399c4917a17e842ddc80d6bf4","E:\02_area\股衍数据-数据cookbook\sql-static-lineage-data\task-projections\tasks\237888\versions\17d1702eefeff84d3acf9dda09c02641b733586ba0e4fcc3c623c0b566ed1829.evidence-v3.json"
"dataset:f322d64cc13f2c1fedf2c1d26bc3f5dbf17e636b8ef92b75b28867c45f417aed","hive","gfhive","pdata_n.t03_otc_deri_book_adtnl_info","每天一份快照，记录场外衍生品账簿的生效到期日、所属机构、交易与风控开关、底层标的映射等附加配置信息，用于账簿管理与业务控制。","239260","dm_hk_test.pos_trs_leg_his_pos_test","dm_hk_test.pos_trs_leg_his_pos_test（持仓表测试）","1","write-observation:239260:platform-target:0","SQLG-e0da7db6d42ce491","query:1c413fceff35f111f2bdb1c83179ffa9f825d104b8a142d8498be64cff629339","AVAILABLE","FIXED_READ_LOCATORS_PRESENT_IN_CURRENT_FACTS","LOCATOR_PRESENCE_ONLY; CROSS_VERSION_SEMANTICS_UNVERIFIED","未进入Facts细粒度提取范围（达到20个不同SQL材料组上限）","","","dm_hk_test.pos_trs_leg_his_pos_test|PROFILE_DECLARED|NO_STATEMENT；dm_hk_test.pos_trs_leg_his_pos_test|PLATFORM_TARGET|task:239260:slot:query:statement:0","dm_hk_test.pos_trs_leg_his_pos_test","未进入20个SQL材料组核读范围，不能判定具体使用模式或受影响输出","1772de59294f194ef5cfb464b4b8c6c8116ba2dc6c22fa2e9a11a9364e73a69d","E:\02_area\股衍数据-数据cookbook\sql-static-lineage-data\task-projections\tasks\239260\versions\eb5c9f2e386f7b476ad83de6909ba4174b38f45c03aee4429f7d5555ddd88e03.evidence-v3.json"
"dataset:f322d64cc13f2c1fedf2c1d26bc3f5dbf17e636b8ef92b75b28867c45f417aed","hive","gfhive","pdata_n.t03_otc_deri_book_adtnl_info","每天一份快照，记录场外衍生品账簿的生效到期日、所属机构、交易与风控开关、底层标的映射等附加配置信息，用于账簿管理与业务控制。","239262","dm_hk_test.pos_trs_leg_current_pos_test","dm_hk_test.pos_trs_leg_current_pos_test（持仓表current测试）","1","write-observation:239262:platform-target:0","SQLG-c5fd2da3adc8f87d","query:1310dadcb31c902ef14af916b16e5728c9c3c625717412b99e7eea4c53f0e11b","AVAILABLE","FIXED_READ_LOCATORS_PRESENT_IN_CURRENT_FACTS","LOCATOR_PRESENCE_ONLY; CROSS_VERSION_SEMANTICS_UNVERIFIED","未进入Facts细粒度提取范围（达到20个不同SQL材料组上限）","","","dm_hk_test.pos_trs_leg_current_pos_test|PROFILE_DECLARED|NO_STATEMENT；dm_hk_test.pos_trs_leg_current_pos_test|PLATFORM_TARGET|task:239262:slot:query:statement:0","dm_hk_test.pos_trs_leg_current_pos_test","未进入20个SQL材料组核读范围，不能判定具体使用模式或受影响输出","d9fffb95c7e414424b9a5a271cbb8ad670af772408123cca7674db4d25143b0f","E:\02_area\股衍数据-数据cookbook\sql-static-lineage-data\task-projections\tasks\239262\versions\7cbff0590bb0a8a0dbd54cfe68688956d7ce74a9fcb37a4b8a81f59b86ce39c2.evidence-v3.json"
"dataset:f322d64cc13f2c1fedf2c1d26bc3f5dbf17e636b8ef92b75b28867c45f417aed","hive","gfhive","pdata_n.t03_otc_deri_book_adtnl_info","每天一份快照，记录场外衍生品账簿的生效到期日、所属机构、交易与风控开关、底层标的映射等附加配置信息，用于账簿管理与业务控制。","241773","dm_index_n.grp_tag_OTC_DERI_CONTR_cros_contr_type_tagdim102814","dm_index_n.grp_tag_otc_deri_contr_cros_contr_type（组合标签_场外衍生品交叉合约类型）","1","write-observation:241773:platform-target:0","SQLG-2e0820c5e607e6ac","query:03d796640218d3ee81f576a6437609540379430d5ff8408f944261b0fa8241bb","AVAILABLE","FIXED_READ_LOCATORS_PRESENT_IN_CURRENT_FACTS","LOCATOR_PRESENCE_ONLY; CROSS_VERSION_SEMANTICS_UNVERIFIED","已完成Facts细粒度提取与局部解释","P05_DEPARTMENT_CLASSIFICATION","dm_index_n.grp_tag_otc_deri_contr_cros_contr_type","dm_index_n.grp_tag_otc_deri_contr_cros_contr_type|PROFILE_DECLARED|NO_STATEMENT；dm_index_n.grp_tag_otc_deri_contr_cros_contr_type|PLATFORM_TARGET|task:241773:slot:query:statement:0","dm_index_n.grp_tag_otc_deri_contr_cros_contr_type","左连接缺失账簿时标签落入哪个兜底分支；内连接互换分支的账簿覆盖率","2daf9c35773ffd66edac929c0ffa20bd1f36bfa2ed1bcef20f704023b35a45ec","E:\02_area\股衍数据-数据cookbook\sql-static-lineage-data\task-projections\tasks\241773\versions\6cdfe81a5d97dc1c2d9bdd737adbc9b3ac4af30be8bbcc2f00fb643cedd90035.evidence-v3.json"
"dataset:f322d64cc13f2c1fedf2c1d26bc3f5dbf17e636b8ef92b75b28867c45f417aed","hive","gfhive","pdata_n.t03_otc_deri_book_adtnl_info","每天一份快照，记录场外衍生品账簿的生效到期日、所属机构、交易与风控开关、底层标的映射等附加配置信息，用于账簿管理与业务控制。","242611","dm_hk_n.info_trd_fee","dm_hk_n.info_trd_fee（OTCHK-交易-费用定义）","1","write-observation:242611:platform-target:0","SQLG-07d800567784e0b2","query:3293474aa4c1df949e1a6c05500804c2de6c4970f3cda6394ab5ff99a597053e","AVAILABLE","FIXED_READ_LOCATORS_PRESENT_IN_CURRENT_FACTS","LOCATOR_PRESENCE_ONLY; CROSS_VERSION_SEMANTICS_UNVERIFIED","未进入Facts细粒度提取范围（达到20个不同SQL材料组上限）","","","dm_hk_n.info_trd_fee|PROFILE_DECLARED|NO_STATEMENT；dm_hk_n.info_trd_fee|PLATFORM_TARGET|task:242611:slot:query:statement:0","dm_hk_n.info_trd_fee","未进入20个SQL材料组核读范围，不能判定具体使用模式或受影响输出","89f9b17129381afc9a34891c6817db05960c6af2592ca0961e0a2956622da65c","E:\02_area\股衍数据-数据cookbook\sql-static-lineage-data\task-projections\tasks\242611\versions\dc3492037a5385aa4f77681c3b9abe47ece354f41df21fa759c15cc89b45e0d5.evidence-v3.json"
"dataset:f322d64cc13f2c1fedf2c1d26bc3f5dbf17e636b8ef92b75b28867c45f417aed","hive","gfhive","pdata_n.t03_otc_deri_book_adtnl_info","每天一份快照，记录场外衍生品账簿的生效到期日、所属机构、交易与风控开关、底层标的映射等附加配置信息，用于账簿管理与业务控制。","243021","dm_hk_n.liq_clearing_trans","dm_hk_n.liq_clearing_trans（场内清算标准流水表）","1","write-observation:243021:platform-target:0","SQLG-811756485a33c0ff","query:aca3543c49b8b502d1ebbfafa8cf6ca6b81cd55ef4ec53bea8e5518b9ba72a9b","AVAILABLE","FIXED_READ_LOCATORS_PRESENT_IN_CURRENT_FACTS","LOCATOR_PRESENCE_ONLY; CROSS_VERSION_SEMANTICS_UNVERIFIED","未进入Facts细粒度提取范围（达到20个不同SQL材料组上限）","","","dm_hk_n.liq_clearing_trans|PROFILE_DECLARED|NO_STATEMENT；dm_hk_n.liq_clearing_trans|PLATFORM_TARGET|task:243021:slot:query:statement:0","dm_hk_n.liq_clearing_trans","未进入20个SQL材料组核读范围，不能判定具体使用模式或受影响输出","6880d2e5455a53374a72a06d960eada007aec73c72998ce1b8b77d9b24d76948","E:\02_area\股衍数据-数据cookbook\sql-static-lineage-data\task-projections\tasks\243021\versions\7ee232cbb8f3b7b30d05c7bd32473b060a057f004db6a572b94f6423a861ad53.evidence-v3.json"
"dataset:f322d64cc13f2c1fedf2c1d26bc3f5dbf17e636b8ef92b75b28867c45f417aed","hive","gfhive","pdata_n.t03_otc_deri_book_adtnl_info","每天一份快照，记录场外衍生品账簿的生效到期日、所属机构、交易与风控开关、底层标的映射等附加配置信息，用于账簿管理与业务控制。","243650","dm_index_n.grp_tag_OTC_DERI_CONTR_rev_contr_scop_tagdim102837","dm_index_n.grp_tag_otc_deri_contr_rev_contr_scop（组合标签_场外衍生品创收合约范围）","1","write-observation:243650:platform-target:0","SQLG-e76e3e4b85b49903","query:c883af52627899b51f460657328e5b2d4c3094b95993f88aa787c1b5a38dcdec","AVAILABLE","FIXED_READ_LOCATORS_PRESENT_IN_CURRENT_FACTS","LOCATOR_PRESENCE_ONLY; CROSS_VERSION_SEMANTICS_UNVERIFIED","已完成Facts细粒度提取与局部解释","P12_REVENUE_CONTRACT_SCOPE","dm_index_n.grp_tag_otc_deri_contr_rev_contr_scop","dm_index_n.grp_tag_otc_deri_contr_rev_contr_scop|PROFILE_DECLARED|NO_STATEMENT；dm_index_n.grp_tag_otc_deri_contr_rev_contr_scop|PLATFORM_TARGET|task:243650:slot:query:statement:0","dm_index_n.grp_tag_otc_deri_contr_rev_contr_scop","常速互换分支在最终标签结果中的占比；账簿快照多匹配是否造成重复标签","17c2803ef9c4c090399e7840d443cf9110f15e7565ae9f39167c94fa75c6d0c0","E:\02_area\股衍数据-数据cookbook\sql-static-lineage-data\task-projections\tasks\243650\versions\90e8d95308870fb7cda47e27cbdf2b736d3aac58c24bada48bf3f724bce246c0.evidence-v3.json"
"dataset:f322d64cc13f2c1fedf2c1d26bc3f5dbf17e636b8ef92b75b28867c45f417aed","hive","gfhive","pdata_n.t03_otc_deri_book_adtnl_info","每天一份快照，记录场外衍生品账簿的生效到期日、所属机构、交易与风控开关、底层标的映射等附加配置信息，用于账簿管理与业务控制。","243793","dm_hk_n.d_pos_eod_calc_metrics_p_h1300","dm_hk_n.d_pos_eod_calc_metrics_p（日终持仓-指标计算结果表）","1","write-observation:243793:platform-target:0","SQLG-b6fa1a9c6a47f128","query:1647bed51907c22c2e5d68e8b776f41f331c43c2afdbb72847d6d3ce3da5c861","AVAILABLE","FIXED_READ_LOCATORS_PRESENT_IN_CURRENT_FACTS","LOCATOR_PRESENCE_ONLY; CROSS_VERSION_SEMANTICS_UNVERIFIED","未进入Facts细粒度提取范围（达到20个不同SQL材料组上限）","","","dm_hk_n.d_pos_eod_calc_metrics_p|PROFILE_DECLARED|NO_STATEMENT；dm_hk_n.d_pos_eod_calc_metrics_p|PLATFORM_TARGET|task:243793:slot:query:statement:0","dm_hk_n.d_pos_eod_calc_metrics_p","未进入20个SQL材料组核读范围，不能判定具体使用模式或受影响输出","7c4608155692a6745b58ed6188fbfd97a1cdf52b585ec281523b9cc7a5e2a295","E:\02_area\股衍数据-数据cookbook\sql-static-lineage-data\task-projections\tasks\243793\versions\4260b9b3df8679b930e26f6efbd51c07f8976dedeaf8f1049999bf7f818239d3.evidence-v3.json"
"dataset:f322d64cc13f2c1fedf2c1d26bc3f5dbf17e636b8ef92b75b28867c45f417aed","hive","gfhive","pdata_n.t03_otc_deri_book_adtnl_info","每天一份快照，记录场外衍生品账簿的生效到期日、所属机构、交易与风控开关、底层标的映射等附加配置信息，用于账簿管理与业务控制。","243918","dm_fii_n.det_titans_book_acct_lvl_info","dm_fii_n.det_titans_book_acct_lvl_info（账簿账户层级信息表_titans）","1","write-observation:243918:platform-target:0","SQLG-9b2998ed918f3346","query:83c1d93f6452e342384815f931bf40c3ecb3ec7f615bcde8a24a76e0c1c8eddd","AVAILABLE","FIXED_READ_LOCATORS_PRESENT_IN_CURRENT_FACTS","LOCATOR_PRESENCE_ONLY; CROSS_VERSION_SEMANTICS_UNVERIFIED","已完成Facts细粒度提取与局部解释","P07_BOOK_DIMENSION_PROJECTION；P03_FICC_BOOK_SCOPE","dm_fii_n.det_titans_book_acct_lvl_info","dm_fii_n.det_titans_book_acct_lvl_info|PROFILE_DECLARED|NO_STATEMENT；dm_fii_n.det_titans_book_acct_lvl_info|PLATFORM_TARGET|task:243918:slot:query:statement:0","dm_fii_n.det_titans_book_acct_lvl_info","账簿、名称、持有人、代码表各自唯一性；Map_Undrl_Cd的治理含义和稳定性","5ecba7d70926c41fda863b70d738bad15f22012b41cec6eeee152f39e30c0471","E:\02_area\股衍数据-数据cookbook\sql-static-lineage-data\task-projections\tasks\243918\versions\e144bc95d836d75aa469e2e2bca35d9dbf91b7f5be30aa0bcf199af109ce67dd.evidence-v3.json"
"dataset:f322d64cc13f2c1fedf2c1d26bc3f5dbf17e636b8ef92b75b28867c45f417aed","hive","gfhive","pdata_n.t03_otc_deri_book_adtnl_info","每天一份快照，记录场外衍生品账簿的生效到期日、所属机构、交易与风控开关、底层标的映射等附加配置信息，用于账簿管理与业务控制。","244970","dm_rsk_n.otc_opt_sub_trd_info_h15","dm_rsk_n.otc_opt_sub_trd_info（场外期权子交易信息）","1","write-observation:244970:platform-target:0","SQLG-8ff1c2afc814993d","query:3bd1ed299853b75d66a470d168562c2dd422608945a4e3eda63cde380fea7a7d","AVAILABLE","FIXED_READ_LOCATORS_PRESENT_IN_CURRENT_FACTS","LOCATOR_PRESENCE_ONLY; CROSS_VERSION_SEMANTICS_UNVERIFIED","未进入Facts细粒度提取范围（达到20个不同SQL材料组上限）","","","dm_rsk_n.otc_opt_sub_trd_info|PROFILE_DECLARED|NO_STATEMENT；dm_rsk_n.otc_opt_sub_trd_info|PLATFORM_TARGET|task:244970:slot:query:statement:0","dm_rsk_n.otc_opt_sub_trd_info","未进入20个SQL材料组核读范围，不能判定具体使用模式或受影响输出","36d7cabf05682f589e1ecf810c2267c36fc5f7a9879721fcb0f2256eb5be9675","E:\02_area\股衍数据-数据cookbook\sql-static-lineage-data\task-projections\tasks\244970\versions\74db1bd739000eb2ed296e014797e34ed202cafc4ece1b962a0236ba292fba1d.evidence-v3.json"
"dataset:f322d64cc13f2c1fedf2c1d26bc3f5dbf17e636b8ef92b75b28867c45f417aed","hive","gfhive","pdata_n.t03_otc_deri_book_adtnl_info","每天一份快照，记录场外衍生品账簿的生效到期日、所属机构、交易与风控开关、底层标的映射等附加配置信息，用于账簿管理与业务控制。","245094","dm_hk_n.d_pos_bucket_vega_metrics_p_h1300","dm_hk_n.d_pos_bucket_vega_metrics_p（OTCHK期权合约维度日终bucket定价指标表）","1","write-observation:245094:platform-target:0","SQLG-6fe9b25deeb89d81","query:352bb19660d84d81b1ef2edec7a6b70a8cd8483013d4248bf477750d142839ab","AVAILABLE","FIXED_READ_LOCATORS_PRESENT_IN_CURRENT_FACTS","LOCATOR_PRESENCE_ONLY; CROSS_VERSION_SEMANTICS_UNVERIFIED","未进入Facts细粒度提取范围（达到20个不同SQL材料组上限）","","","dm_hk_n.d_pos_bucket_vega_metrics_p|PROFILE_DECLARED|NO_STATEMENT；dm_hk_n.d_pos_bucket_vega_metrics_p|PLATFORM_TARGET|task:245094:slot:query:statement:0","dm_hk_n.d_pos_bucket_vega_metrics_p","未进入20个SQL材料组核读范围，不能判定具体使用模式或受影响输出","d372309bf20532ffaeb943c1a85c400c435d67773bf1b77d108efe730a237d99","E:\02_area\股衍数据-数据cookbook\sql-static-lineage-data\task-projections\tasks\245094\versions\4ed386a7b1edf82c4e25291ce5d93a6645471ef9a4f30dc05667027d26888962.evidence-v3.json"
"dataset:f322d64cc13f2c1fedf2c1d26bc3f5dbf17e636b8ef92b75b28867c45f417aed","hive","gfhive","pdata_n.t03_otc_deri_book_adtnl_info","每天一份快照，记录场外衍生品账簿的生效到期日、所属机构、交易与风控开关、底层标的映射等附加配置信息，用于账簿管理与业务控制。","245219","dm_hk_n.trd_fee_info_d_h13","dm_hk_n.trd_fee_info_d（OTCHK-交易-费用定义）","1","write-observation:245219:platform-target:0","SQLG-98c93762197f74d4","query:80b4470a101662b9d1a39aa66afb61410dacfe3bc8cd4a5df054faef9113ea0c","AVAILABLE","FIXED_READ_LOCATORS_PRESENT_IN_CURRENT_FACTS","LOCATOR_PRESENCE_ONLY; CROSS_VERSION_SEMANTICS_UNVERIFIED","未进入Facts细粒度提取范围（达到20个不同SQL材料组上限）","","","dm_hk_n.trd_fee_info_d|PROFILE_DECLARED|NO_STATEMENT；dm_hk_n.trd_fee_info_d|PLATFORM_TARGET|task:245219:slot:query:statement:0","dm_hk_n.trd_fee_info_d","未进入20个SQL材料组核读范围，不能判定具体使用模式或受影响输出","81882ac0aa4c089039f7593bc0d576f3e77c6958afbfbffbbd4ad9524af6137d","E:\02_area\股衍数据-数据cookbook\sql-static-lineage-data\task-projections\tasks\245219\versions\5d85bd5faf1de4e857198768d2f3751702230d7a6e1af10351e695bf66a19ff7.evidence-v3.json"
"dataset:f322d64cc13f2c1fedf2c1d26bc3f5dbf17e636b8ef92b75b28867c45f417aed","hive","gfhive","pdata_n.t03_otc_deri_book_adtnl_info","每天一份快照，记录场外衍生品账簿的生效到期日、所属机构、交易与风控开关、底层标的映射等附加配置信息，用于账簿管理与业务控制。","245232","dm_hk_n.d_pos_fast_trs_leg_his_pos_p_h1300","dm_hk_n.d_pos_fast_trs_leg_his_pos_p（快速互换合约腿历史持仓信息）","1","write-observation:245232:platform-target:0","SQLG-e87c5eb9266d8c0f","query:c94ecdb29bef165bc17b2b77e0d68728e40a82bf89648d0cec6860f2bdb594e5","AVAILABLE","FIXED_READ_LOCATORS_PRESENT_IN_CURRENT_FACTS","LOCATOR_PRESENCE_ONLY; CROSS_VERSION_SEMANTICS_UNVERIFIED","未进入Facts细粒度提取范围（达到20个不同SQL材料组上限）","","","dm_hk_n.d_pos_fast_trs_leg_his_pos_p|PROFILE_DECLARED|NO_STATEMENT；dm_hk_n.d_pos_fast_trs_leg_his_pos_p|PLATFORM_TARGET|task:245232:slot:query:statement:0","dm_hk_n.d_pos_fast_trs_leg_his_pos_p","未进入20个SQL材料组核读范围，不能判定具体使用模式或受影响输出","8de0f6564138119451a459b029a9b3da84a41104f31dee521ac9d8f35ddc7577","E:\02_area\股衍数据-数据cookbook\sql-static-lineage-data\task-projections\tasks\245232\versions\b4fc43361cd41dc69863db4dbaa3e7a9d81f644bc96311dd22f4ce6ca7384d69.evidence-v3.json"
"dataset:f322d64cc13f2c1fedf2c1d26bc3f5dbf17e636b8ef92b75b28867c45f417aed","hive","gfhive","pdata_n.t03_otc_deri_book_adtnl_info","每天一份快照，记录场外衍生品账簿的生效到期日、所属机构、交易与风控开关、底层标的映射等附加配置信息，用于账簿管理与业务控制。","245295","dm_hk_n.d_pos_fast_trs_leg_valuation_p_h1300","dm_hk_n.d_pos_fast_trs_leg_valuation_p（急速互换腿估值表）","1","write-observation:245295:platform-target:0","SQLG-d1d2dad6ead05b58","query:bcdae6d706290263e16090736b4a7fa533b3da42363488b04aab82992095041b","AVAILABLE","FIXED_READ_LOCATORS_PRESENT_IN_CURRENT_FACTS","LOCATOR_PRESENCE_ONLY; CROSS_VERSION_SEMANTICS_UNVERIFIED","未进入Facts细粒度提取范围（达到20个不同SQL材料组上限）","","","dm_hk_n.d_pos_fast_trs_leg_valuation_p|PROFILE_DECLARED|NO_STATEMENT；dm_hk_n.d_pos_fast_trs_leg_valuation_p|PLATFORM_TARGET|task:245295:slot:query:statement:0","dm_hk_n.d_pos_fast_trs_leg_valuation_p","未进入20个SQL材料组核读范围，不能判定具体使用模式或受影响输出","4b9e46513a5ed70ebb0575ab07a45a476080287776e09d4f42357656f546e0ac","E:\02_area\股衍数据-数据cookbook\sql-static-lineage-data\task-projections\tasks\245295\versions\ce1ff3e1a47c26f02b3db6b2dabcc60e49bc0613485d58fa12246320e019ef82.evidence-v3.json"
"dataset:f322d64cc13f2c1fedf2c1d26bc3f5dbf17e636b8ef92b75b28867c45f417aed","hive","gfhive","pdata_n.t03_otc_deri_book_adtnl_info","每天一份快照，记录场外衍生品账簿的生效到期日、所属机构、交易与风控开关、底层标的映射等附加配置信息，用于账簿管理与业务控制。","245412","dm_hk_n.ref_option_deal_strike_hk_p","dm_hk_n.ref_option_deal_strike_hk_p（场外交易期权合约结构票息表_香港）","1","write-observation:245412:platform-target:0","SQLG-a67a352e0443161d","query:55aaae3b4f085d0f55c15ded8feceb56f2008873c7f683c425bee1bccfd31304","AVAILABLE","FIXED_READ_LOCATORS_PRESENT_IN_CURRENT_FACTS","LOCATOR_PRESENCE_ONLY; CROSS_VERSION_SEMANTICS_UNVERIFIED","未进入Facts细粒度提取范围（达到20个不同SQL材料组上限）","","","dm_hk_n.ref_option_deal_strike_hk_p|PROFILE_DECLARED|NO_STATEMENT；dm_hk_n.ref_option_deal_strike_hk_p|PLATFORM_TARGET|task:245412:slot:query:statement:0","dm_hk_n.ref_option_deal_strike_hk_p","未进入20个SQL材料组核读范围，不能判定具体使用模式或受影响输出","87dd48d67d496dd547180f2ac5cb6fd6277d92a7f0466622fc4da33f4bc26a7a","E:\02_area\股衍数据-数据cookbook\sql-static-lineage-data\task-projections\tasks\245412\versions\a4d6e42139c019e4ccbcf4f46e24fc252980ed634406b71fbab1e00b649d2131.evidence-v3.json"
"dataset:f322d64cc13f2c1fedf2c1d26bc3f5dbf17e636b8ef92b75b28867c45f417aed","hive","gfhive","pdata_n.t03_otc_deri_book_adtnl_info","每天一份快照，记录场外衍生品账簿的生效到期日、所属机构、交易与风控开关、底层标的映射等附加配置信息，用于账簿管理与业务控制。","245627","dm_hk_n.ref_option_autocall_cp_h13","dm_hk_n.ref_option_autocall_cp（AUTOCALL息票障碍信息表）","1","write-observation:245627:platform-target:0","SQLG-67b7cb04492c18bf","query:67ee660be3352c471dce086abc4f98095a65e6bd923cf203a24a3fbfc6f98911","AVAILABLE","FIXED_READ_LOCATORS_PRESENT_IN_CURRENT_FACTS","LOCATOR_PRESENCE_ONLY; CROSS_VERSION_SEMANTICS_UNVERIFIED","未进入Facts细粒度提取范围（达到20个不同SQL材料组上限）","","","dm_hk_n.ref_option_autocall_cp|PROFILE_DECLARED|NO_STATEMENT；dm_hk_n.ref_option_autocall_cp|PLATFORM_TARGET|task:245627:slot:query:statement:0","dm_hk_n.ref_option_autocall_cp","未进入20个SQL材料组核读范围，不能判定具体使用模式或受影响输出","4bf1de49b1c000cc620063e877acdb9583168a3711ddb4785122f386fabfa46c","E:\02_area\股衍数据-数据cookbook\sql-static-lineage-data\task-projections\tasks\245627\versions\d00cfaa5a320eb7ef08af59fb12a4a78588f580fdafa076a453114e7f6fcc9df.evidence-v3.json"
"dataset:f322d64cc13f2c1fedf2c1d26bc3f5dbf17e636b8ef92b75b28867c45f417aed","hive","gfhive","pdata_n.t03_otc_deri_book_adtnl_info","每天一份快照，记录场外衍生品账簿的生效到期日、所属机构、交易与风控开关、底层标的映射等附加配置信息，用于账簿管理与业务控制。","245643","dm_hk_n.ref_option_autocall_ki_h13","dm_hk_n.ref_option_autocall_ki（AUTOCALL风险障碍信息表）","1","write-observation:245643:platform-target:0","SQLG-9128cc46ce608c54","query:cfd639a00fa5254a9aa258ab4374419cc7f24b79e900df7c637e97d428cfb26f","AVAILABLE","FIXED_READ_LOCATORS_PRESENT_IN_CURRENT_FACTS","LOCATOR_PRESENCE_ONLY; CROSS_VERSION_SEMANTICS_UNVERIFIED","未进入Facts细粒度提取范围（达到20个不同SQL材料组上限）","","","dm_hk_n.ref_option_autocall_ki|PROFILE_DECLARED|NO_STATEMENT；dm_hk_n.ref_option_autocall_ki|PLATFORM_TARGET|task:245643:slot:query:statement:0","dm_hk_n.ref_option_autocall_ki","未进入20个SQL材料组核读范围，不能判定具体使用模式或受影响输出","565a09a2fe0784bb7eb857c44d99c9f7339797c152860c672fddebc027ac19f0","E:\02_area\股衍数据-数据cookbook\sql-static-lineage-data\task-projections\tasks\245643\versions\eeaeddde9d1525c6cc33ce2ed3ac2cc6ed852249d0a127438953ecf09347bb70.evidence-v3.json"
"dataset:f322d64cc13f2c1fedf2c1d26bc3f5dbf17e636b8ef92b75b28867c45f417aed","hive","gfhive","pdata_n.t03_otc_deri_book_adtnl_info","每天一份快照，记录场外衍生品账簿的生效到期日、所属机构、交易与风控开关、底层标的映射等附加配置信息，用于账簿管理与业务控制。","245661","dm_hk_n.d_ref_op_deal_autocall_kidate_p_h1300","dm_hk_n.d_ref_op_deal_autocall_kidate_p（场外交易-期权敲出观察日及票息信息）","1","write-observation:245661:platform-target:0","SQLG-79b928d14ed143ee","query:fcff2336de1e8a488d513cf0513d19219fee35090d4a5ce4890885ef9a9102fd","AVAILABLE","FIXED_READ_LOCATORS_PRESENT_IN_CURRENT_FACTS","LOCATOR_PRESENCE_ONLY; CROSS_VERSION_SEMANTICS_UNVERIFIED","未进入Facts细粒度提取范围（达到20个不同SQL材料组上限）","","","dm_hk_n.d_ref_op_deal_autocall_kidate_p|PROFILE_DECLARED|NO_STATEMENT；dm_hk_n.d_ref_op_deal_autocall_kidate_p|PLATFORM_TARGET|task:245661:slot:query:statement:0","dm_hk_n.d_ref_op_deal_autocall_kidate_p","未进入20个SQL材料组核读范围，不能判定具体使用模式或受影响输出","396cec7bc6e0808c09a772e06c5ce2e11db3f4586552458d5fb89a6b5ecb5d4a","E:\02_area\股衍数据-数据cookbook\sql-static-lineage-data\task-projections\tasks\245661\versions\65bfb521438a68b7e284608300c8d7cfb70d11a9b17d3d0ef9ee86f3c50f7c82.evidence-v3.json"
"dataset:f322d64cc13f2c1fedf2c1d26bc3f5dbf17e636b8ef92b75b28867c45f417aed","hive","gfhive","pdata_n.t03_otc_deri_book_adtnl_info","每天一份快照，记录场外衍生品账簿的生效到期日、所属机构、交易与风控开关、底层标的映射等附加配置信息，用于账簿管理与业务控制。","245672","dm_hk_n.ref_option_autocall_ko_h13","dm_hk_n.ref_option_autocall_ko（AUTOCALL赎回障碍信息表）","1","write-observation:245672:platform-target:0","SQLG-f99e56ac9a62fb79","query:dce6e824fbb204f77dce7d11ef4392aa567ffd3bef0bd785157150bba73254a8","AVAILABLE","FIXED_READ_LOCATORS_PRESENT_IN_CURRENT_FACTS","LOCATOR_PRESENCE_ONLY; CROSS_VERSION_SEMANTICS_UNVERIFIED","未进入Facts细粒度提取范围（达到20个不同SQL材料组上限）","","","dm_hk_n.ref_option_autocall_ko|PROFILE_DECLARED|NO_STATEMENT；dm_hk_n.ref_option_autocall_ko|PLATFORM_TARGET|task:245672:slot:query:statement:0","dm_hk_n.ref_option_autocall_ko","未进入20个SQL材料组核读范围，不能判定具体使用模式或受影响输出","56e3e2d7dc5831f2b09f430aaa4ae15e441df18113390e67bb4735888fa946e9","E:\02_area\股衍数据-数据cookbook\sql-static-lineage-data\task-projections\tasks\245672\versions\828c7ff66b687439f16cb85140a74dd803460265cb76dc9bbb6dc66f9f73bacd.evidence-v3.json"
"dataset:f322d64cc13f2c1fedf2c1d26bc3f5dbf17e636b8ef92b75b28867c45f417aed","hive","gfhive","pdata_n.t03_otc_deri_book_adtnl_info","每天一份快照，记录场外衍生品账簿的生效到期日、所属机构、交易与风控开关、底层标的映射等附加配置信息，用于账簿管理与业务控制。","245676","dm_hk_n.d_ref_op_deal_autocall_kodate_p_h1300","dm_hk_n.d_ref_op_deal_autocall_kodate_p（场外交易-期权敲出观察日及票息信息）","1","write-observation:245676:platform-target:0","SQLG-772f4405f0a6c837","query:91f9a47d0c67eb279ed0f637b7fd6488b7876cdfac2a4eaa26f4245e03e3640c","AVAILABLE","FIXED_READ_LOCATORS_PRESENT_IN_CURRENT_FACTS","LOCATOR_PRESENCE_ONLY; CROSS_VERSION_SEMANTICS_UNVERIFIED","未进入Facts细粒度提取范围（达到20个不同SQL材料组上限）","","","dm_hk_n.d_ref_op_deal_autocall_kodate_p|PROFILE_DECLARED|NO_STATEMENT；dm_hk_n.d_ref_op_deal_autocall_kodate_p|PLATFORM_TARGET|task:245676:slot:query:statement:0","dm_hk_n.d_ref_op_deal_autocall_kodate_p","未进入20个SQL材料组核读范围，不能判定具体使用模式或受影响输出","634a4deae8b67c35f29ba2cc77c6e87c9e31e0ee853ceae18ce570e99f3c3c48","E:\02_area\股衍数据-数据cookbook\sql-static-lineage-data\task-projections\tasks\245676\versions\23d42100e124aeeb03fbc3f3746d9cf78abcf7cd03608657e61a55e7f82d12cf.evidence-v3.json"
"dataset:f322d64cc13f2c1fedf2c1d26bc3f5dbf17e636b8ef92b75b28867c45f417aed","hive","gfhive","pdata_n.t03_otc_deri_book_adtnl_info","每天一份快照，记录场外衍生品账簿的生效到期日、所属机构、交易与风控开关、底层标的映射等附加配置信息，用于账簿管理与业务控制。","245679","dm_hk_n.ref_option_barrieroption_h13","dm_hk_n.ref_option_barrieroption（证券-期权-障碍期权属性表）","1","write-observation:245679:platform-target:0","SQLG-b265ec3fcc7c45a9","query:875dd98b00ffebff4c04b15d1049f57eedf2836ad292e8def567c81d516b39ad","AVAILABLE","FIXED_READ_LOCATORS_PRESENT_IN_CURRENT_FACTS","LOCATOR_PRESENCE_ONLY; CROSS_VERSION_SEMANTICS_UNVERIFIED","未进入Facts细粒度提取范围（达到20个不同SQL材料组上限）","","","dm_hk_n.ref_option_barrieroption|PROFILE_DECLARED|NO_STATEMENT；dm_hk_n.ref_option_barrieroption|PLATFORM_TARGET|task:245679:slot:query:statement:0","dm_hk_n.ref_option_barrieroption","未进入20个SQL材料组核读范围，不能判定具体使用模式或受影响输出","35561a0ef8175c498723b2980b7ad6b4717b4e86b1740d6efd6cbd116e7563e6","E:\02_area\股衍数据-数据cookbook\sql-static-lineage-data\task-projections\tasks\245679\versions\c6f938e571b18b85b91217717f40aeb40704ff74daeb0a8a7a910ec14a972f3c.evidence-v3.json"
"dataset:f322d64cc13f2c1fedf2c1d26bc3f5dbf17e636b8ef92b75b28867c45f417aed","hive","gfhive","pdata_n.t03_otc_deri_book_adtnl_info","每天一份快照，记录场外衍生品账簿的生效到期日、所属机构、交易与风控开关、底层标的映射等附加配置信息，用于账簿管理与业务控制。","245683","dm_hk_n.ref_option_cumulator_h13","dm_hk_n.ref_option_cumulator（Accumulator子交易表）","1","write-observation:245683:platform-target:0","SQLG-92c649bbbcff46cc","query:883cae680b3866188ea7303a20fb3b7adf1df3f10095d39971a440d129aaf6a2","AVAILABLE","FIXED_READ_LOCATORS_PRESENT_IN_CURRENT_FACTS","LOCATOR_PRESENCE_ONLY; CROSS_VERSION_SEMANTICS_UNVERIFIED","未进入Facts细粒度提取范围（达到20个不同SQL材料组上限）","","","dm_hk_n.ref_option_cumulator|PROFILE_DECLARED|NO_STATEMENT；dm_hk_n.ref_option_cumulator|PLATFORM_TARGET|task:245683:slot:query:statement:0","dm_hk_n.ref_option_cumulator","未进入20个SQL材料组核读范围，不能判定具体使用模式或受影响输出","fea33721d9c40c6d01d3194d7c824290415709a9f676660e28f503f569454008","E:\02_area\股衍数据-数据cookbook\sql-static-lineage-data\task-projections\tasks\245683\versions\7d22c3fc84885b38a138f5c6a1a8ce3f899e7cb69e294b884cb0f9bff5d8f9b0.evidence-v3.json"
"dataset:f322d64cc13f2c1fedf2c1d26bc3f5dbf17e636b8ef92b75b28867c45f417aed","hive","gfhive","pdata_n.t03_otc_deri_book_adtnl_info","每天一份快照，记录场外衍生品账簿的生效到期日、所属机构、交易与风控开关、底层标的映射等附加配置信息，用于账簿管理与业务控制。","245688","dm_hk_n.ref_option_digitaloption_h13","dm_hk_n.ref_option_digitaloption（证券-期权-二值期权属性）","1","write-observation:245688:platform-target:0","SQLG-c7c34fe902e26bf6","query:d2336f6d8240056fb5d26a41143148a39811e354e69caf09cf55e65e5f7b853d","AVAILABLE","FIXED_READ_LOCATORS_PRESENT_IN_CURRENT_FACTS","LOCATOR_PRESENCE_ONLY; CROSS_VERSION_SEMANTICS_UNVERIFIED","未进入Facts细粒度提取范围（达到20个不同SQL材料组上限）","","","dm_hk_n.ref_option_digitaloption|PROFILE_DECLARED|NO_STATEMENT；dm_hk_n.ref_option_digitaloption|PLATFORM_TARGET|task:245688:slot:query:statement:0","dm_hk_n.ref_option_digitaloption","未进入20个SQL材料组核读范围，不能判定具体使用模式或受影响输出","a08853b4733ae8f05104c3cf98e29f93c4048d3647a43ffe512bdf598f878dbc","E:\02_area\股衍数据-数据cookbook\sql-static-lineage-data\task-projections\tasks\245688\versions\ec5f763cf75a3a58e76e65da82819d1fdda717e83657cccfd1c91c8ffaf30b60.evidence-v3.json"
"dataset:f322d64cc13f2c1fedf2c1d26bc3f5dbf17e636b8ef92b75b28867c45f417aed","hive","gfhive","pdata_n.t03_otc_deri_book_adtnl_info","每天一份快照，记录场外衍生品账簿的生效到期日、所属机构、交易与风控开关、底层标的映射等附加配置信息，用于账簿管理与业务控制。","245693","dm_hk_n.ref_option_lizard_obs_date_h13","dm_hk_n.ref_option_lizard_obs_date（LIZARD观察日信息表）","1","write-observation:245693:platform-target:0","SQLG-dc94e6a52ece9ca5","query:d38750c646731cad93065998e0c766c7829a507135d3c47c48ee18149a04c3bf","AVAILABLE","FIXED_READ_LOCATORS_PRESENT_IN_CURRENT_FACTS","LOCATOR_PRESENCE_ONLY; CROSS_VERSION_SEMANTICS_UNVERIFIED","未进入Facts细粒度提取范围（达到20个不同SQL材料组上限）","","","dm_hk_n.ref_option_lizard_obs_date|PROFILE_DECLARED|NO_STATEMENT；dm_hk_n.ref_option_lizard_obs_date|PLATFORM_TARGET|task:245693:slot:query:statement:0","dm_hk_n.ref_option_lizard_obs_date","未进入20个SQL材料组核读范围，不能判定具体使用模式或受影响输出","f940f501831d975f6b84636065f16b1c49a2fcb2147ff2b0a6bca8aa08b6be32","E:\02_area\股衍数据-数据cookbook\sql-static-lineage-data\task-projections\tasks\245693\versions\9fb2b7119c2ff9eeeb24bfe4a563f0e46185be6bbb72bcd4aa0ec4ad7b1c10fe.evidence-v3.json"
"dataset:f322d64cc13f2c1fedf2c1d26bc3f5dbf17e636b8ef92b75b28867c45f417aed","hive","gfhive","pdata_n.t03_otc_deri_book_adtnl_info","每天一份快照，记录场外衍生品账簿的生效到期日、所属机构、交易与风控开关、底层标的映射等附加配置信息，用于账簿管理与业务控制。","245702","dm_hk_n.ref_option_vanillaoption_h13","dm_hk_n.ref_option_vanillaoption（证券-期权-香草期权属性）","1","write-observation:245702:platform-target:0","SQLG-1e361eae712dad3b","query:bc03fe66313b4127f55312cf1d30c36e9dd7559d32ef7c5bdcbf7a2d77ecc548","AVAILABLE","FIXED_READ_LOCATORS_PRESENT_IN_CURRENT_FACTS","LOCATOR_PRESENCE_ONLY; CROSS_VERSION_SEMANTICS_UNVERIFIED","未进入Facts细粒度提取范围（达到20个不同SQL材料组上限）","","","dm_hk_n.ref_option_vanillaoption|PROFILE_DECLARED|NO_STATEMENT；dm_hk_n.ref_option_vanillaoption|PLATFORM_TARGET|task:245702:slot:query:statement:0","dm_hk_n.ref_option_vanillaoption","未进入20个SQL材料组核读范围，不能判定具体使用模式或受影响输出","1bf8a9f0c90efc4a115bd03dacb6828cdc19f73bf879d7344bfea46d36454de5","E:\02_area\股衍数据-数据cookbook\sql-static-lineage-data\task-projections\tasks\245702\versions\adc4ac665bc96bb0abd5f464fcfbbbfcd7cd3c794d95238b29524fa943942435.evidence-v3.json"
"dataset:f322d64cc13f2c1fedf2c1d26bc3f5dbf17e636b8ef92b75b28867c45f417aed","hive","gfhive","pdata_n.t03_otc_deri_book_adtnl_info","每天一份快照，记录场外衍生品账簿的生效到期日、所属机构、交易与风控开关、底层标的映射等附加配置信息，用于账簿管理与业务控制。","245817","dm_hk_n.f_ref_op_deal_lizard_obsdate_p_h1300","dm_hk_n.f_ref_op_deal_lizard_obsdate_p（蜥蜴式期权观察日期表）","1","write-observation:245817:platform-target:0","SQLG-181b9f28ae953811","query:d6a1a3b4f6b9966627a20a61dffd3a99b9c820e6c85cc84115de2c16ebaa0792","AVAILABLE","FIXED_READ_LOCATORS_PRESENT_IN_CURRENT_FACTS","LOCATOR_PRESENCE_ONLY; CROSS_VERSION_SEMANTICS_UNVERIFIED","未进入Facts细粒度提取范围（达到20个不同SQL材料组上限）","","","dm_hk_n.f_ref_op_deal_lizard_obsdate_p|PROFILE_DECLARED|NO_STATEMENT；dm_hk_n.f_ref_op_deal_lizard_obsdate_p|PLATFORM_TARGET|task:245817:slot:query:statement:0","dm_hk_n.f_ref_op_deal_lizard_obsdate_p","未进入20个SQL材料组核读范围，不能判定具体使用模式或受影响输出","5b95a3e7a85f3161c8873f93b807c7511b65e51dcece8c94e2bee3e80eb3c278","E:\02_area\股衍数据-数据cookbook\sql-static-lineage-data\task-projections\tasks\245817\versions\a3c7919337048560670ab4ef3342fb3b540f99e091da6068beb4001b5f3db9f5.evidence-v3.json"
"dataset:f322d64cc13f2c1fedf2c1d26bc3f5dbf17e636b8ef92b75b28867c45f417aed","hive","gfhive","pdata_n.t03_otc_deri_book_adtnl_info","每天一份快照，记录场外衍生品账簿的生效到期日、所属机构、交易与风控开关、底层标的映射等附加配置信息，用于账簿管理与业务控制。","245828","dm_hk_n.d_ref_option_deal_barrier_p_h1300","dm_hk_n.d_ref_option_deal_barrier_p（场外交易-期权合约结构-障碍价格）","1","write-observation:245828:platform-target:0","SQLG-1b5d1021e8a62234","query:75d5b0eb4924b06f0ebdc4aa323499dfca8741bacb4fdb84f686407b09e94011","AVAILABLE","FIXED_READ_LOCATORS_PRESENT_IN_CURRENT_FACTS","LOCATOR_PRESENCE_ONLY; CROSS_VERSION_SEMANTICS_UNVERIFIED","未进入Facts细粒度提取范围（达到20个不同SQL材料组上限）","","","dm_hk_n.d_ref_option_deal_barrier_p|PROFILE_DECLARED|NO_STATEMENT；dm_hk_n.d_ref_option_deal_barrier_p|PLATFORM_TARGET|task:245828:slot:query:statement:0","dm_hk_n.d_ref_option_deal_barrier_p","未进入20个SQL材料组核读范围，不能判定具体使用模式或受影响输出","19f7cfc2b99e1804b2cd398e3a43dac1aa897e8926f6e7c114bd67e92fc75779","E:\02_area\股衍数据-数据cookbook\sql-static-lineage-data\task-projections\tasks\245828\versions\19fca1b2959eb419edac73636e57132d4ee5c9a52adbbbbfb76f0ce87a650c02.evidence-v3.json"
"dataset:f322d64cc13f2c1fedf2c1d26bc3f5dbf17e636b8ef92b75b28867c45f417aed","hive","gfhive","pdata_n.t03_otc_deri_book_adtnl_info","每天一份快照，记录场外衍生品账簿的生效到期日、所属机构、交易与风控开关、底层标的映射等附加配置信息，用于账簿管理与业务控制。","245845","dm_hk_n.d_ref_option_deal_cr_p_h1300","dm_hk_n.d_ref_option_deal_cr_p（场外交易-期权合约结构-票息表）","1","write-observation:245845:platform-target:0","SQLG-643fb91516bd0487","query:31de57849c143ee8760f055ab700d5f59aeec4cdca17fdeef747b04408f9a067","AVAILABLE","FIXED_READ_LOCATORS_PRESENT_IN_CURRENT_FACTS","LOCATOR_PRESENCE_ONLY; CROSS_VERSION_SEMANTICS_UNVERIFIED","未进入Facts细粒度提取范围（达到20个不同SQL材料组上限）","","","dm_hk_n.d_ref_option_deal_cr_p|PROFILE_DECLARED|NO_STATEMENT；dm_hk_n.d_ref_option_deal_cr_p|PLATFORM_TARGET|task:245845:slot:query:statement:0","dm_hk_n.d_ref_option_deal_cr_p","未进入20个SQL材料组核读范围，不能判定具体使用模式或受影响输出","b6092fed487aa47cb3b0ef5b0a42a9e65f9716a4985eb6b2895af0fa5ffa0f6b","E:\02_area\股衍数据-数据cookbook\sql-static-lineage-data\task-projections\tasks\245845\versions\7ad292c4115e2dc7f16ea95503a8dfe24ac2ca67a14c60ce0e72e379c98df2a6.evidence-v3.json"
"dataset:f322d64cc13f2c1fedf2c1d26bc3f5dbf17e636b8ef92b75b28867c45f417aed","hive","gfhive","pdata_n.t03_otc_deri_book_adtnl_info","每天一份快照，记录场外衍生品账簿的生效到期日、所属机构、交易与风控开关、底层标的映射等附加配置信息，用于账簿管理与业务控制。","245883","dm_hk_n.ref_ins_option_info_d_h13","dm_hk_n.ref_ins_option_info_d（证券-期权合约信息表）","1","write-observation:245883:platform-target:0","SQLG-7c59a01708c165c6","query:bb800acf79144c02c0beec479f590625ec662fa08a313f9d697b23dbe9252fef","AVAILABLE","FIXED_READ_LOCATORS_PRESENT_IN_CURRENT_FACTS","LOCATOR_PRESENCE_ONLY; CROSS_VERSION_SEMANTICS_UNVERIFIED","未进入Facts细粒度提取范围（达到20个不同SQL材料组上限）","","","dm_hk_n.ref_ins_option_info_d|PROFILE_DECLARED|NO_STATEMENT；dm_hk_n.ref_ins_option_info_d|PLATFORM_TARGET|task:245883:slot:query:statement:0","dm_hk_n.ref_ins_option_info_d","未进入20个SQL材料组核读范围，不能判定具体使用模式或受影响输出","5869a5249b61f0bb6d049cf70470c4eb8b7bfbb31ea0da6fff5983c7f251f064","E:\02_area\股衍数据-数据cookbook\sql-static-lineage-data\task-projections\tasks\245883\versions\799fc9854a45798f52625fad28720d4c6cecc0e44238a29a37f5fc6be9e468ec.evidence-v3.json"
"dataset:f322d64cc13f2c1fedf2c1d26bc3f5dbf17e636b8ef92b75b28867c45f417aed","hive","gfhive","pdata_n.t03_otc_deri_book_adtnl_info","每天一份快照，记录场外衍生品账簿的生效到期日、所属机构、交易与风控开关、底层标的映射等附加配置信息，用于账簿管理与业务控制。","245885","dm_hk_n.d_ref_option_deal_pr_p_h1300","dm_hk_n.d_ref_option_deal_pr_p（场外交易-期权合约结构-参与率表）","1","write-observation:245885:platform-target:0","SQLG-688705b601918eb7","query:2d0ca868e3bd97de47b9eceb54ab50d0705eaaf9d92bdd7ec255679ef45bda8e","AVAILABLE","FIXED_READ_LOCATORS_PRESENT_IN_CURRENT_FACTS","LOCATOR_PRESENCE_ONLY; CROSS_VERSION_SEMANTICS_UNVERIFIED","未进入Facts细粒度提取范围（达到20个不同SQL材料组上限）","","","dm_hk_n.d_ref_option_deal_pr_p|PROFILE_DECLARED|NO_STATEMENT；dm_hk_n.d_ref_option_deal_pr_p|PLATFORM_TARGET|task:245885:slot:query:statement:0","dm_hk_n.d_ref_option_deal_pr_p","未进入20个SQL材料组核读范围，不能判定具体使用模式或受影响输出","cdcc59f904a9ad920f0d2025ab9400c24702a5f77ca2755eb402816317889d2c","E:\02_area\股衍数据-数据cookbook\sql-static-lineage-data\task-projections\tasks\245885\versions\58bf769f958517968750d0258b137469f89a2609b1732e28871a53eb8b44e40e.evidence-v3.json"
"dataset:f322d64cc13f2c1fedf2c1d26bc3f5dbf17e636b8ef92b75b28867c45f417aed","hive","gfhive","pdata_n.t03_otc_deri_book_adtnl_info","每天一份快照，记录场外衍生品账簿的生效到期日、所属机构、交易与风控开关、底层标的映射等附加配置信息，用于账簿管理与业务控制。","245941","dm_hk_n.info_trd_deal_h13","dm_hk_n.info_trd_deal（OTCHK交易-场内交易成交表）","1","write-observation:245941:platform-target:0","SQLG-f79ab7df5c0dccb2","query:1eb7755323edc4e8f2c4b893d83ea24951397697e912f7fbe0de0d4ec428b461","AVAILABLE","FIXED_READ_LOCATORS_PRESENT_IN_CURRENT_FACTS","LOCATOR_PRESENCE_ONLY; CROSS_VERSION_SEMANTICS_UNVERIFIED","未进入Facts细粒度提取范围（达到20个不同SQL材料组上限）","","","dm_hk_n.info_trd_deal|PROFILE_DECLARED|NO_STATEMENT；dm_hk_n.info_trd_deal|PLATFORM_TARGET|task:245941:slot:query:statement:0","dm_hk_n.info_trd_deal","未进入20个SQL材料组核读范围，不能判定具体使用模式或受影响输出","a8d21cf5765c11277ca2ae0a4ac86232a90e1465044f9c8068f197709b170a05","E:\02_area\股衍数据-数据cookbook\sql-static-lineage-data\task-projections\tasks\245941\versions\4405cbfe47f51e62a50158098a62e437d018bca556383c35cdb85d8edcbd673c.evidence-v3.json"
